TimeStamp;P_HOME;temperature;day_of_week_1;day_of_week_2;day_of_week_3;day_of_week_4;day_of_week_5;day_of_week_6;day_of_week_1;day_of_week_2;day_of_week_3;day_of_week_4;day_of_week_5;day_of_week_6
2025-05-20 16:00:00;-367.0149425287358;14.7;True;False;False;False;False;False;True;False;False;False;False;False
2025-05-20 17:00:00;-966.7039272030644;14.7;True;False;False;False;False;False;True;False;False;False;False;False
2025-05-20 18:00:00;-764.3204365079363;14.1;True;False;False;False;False;False;True;False;False;False;False;False
2025-05-20 19:00:00;-1020.156718664477;12.6;True;False;False;False;False;False;True;False;False;False;False;False
2025-05-20 20:00:00;-634.361270338857;10.6;True;False;False;False;False;False;True;False;False;False;False;False
2025-05-20 21:00:00;-648.3446360153256;9.9;True;False;False;False;False;False;True;False;False;False;False;False
2025-05-20 22:00:00;-355.33980569239185;9.6;True;False;False;False;False;False;True;False;False;False;False;False
2025-05-20 23:00:00;-718.8469348659004;8.9;True;False;False;False;False;False;True;False;False;False;False;False
2025-05-21 00:00:00;-2357.400670498085;8.3;False;True;False;False;False;False;False;True;False;False;False;False
2025-05-21 01:00:00;-3862.6447318007654;8.1;False;True;False;False;False;False;False;True;False;False;False;False
2025-05-21 02:00:00;-1706.0707854406126;8.6;False;True;False;False;False;False;False;True;False;False;False;False
2025-05-21 03:00:00;-1172.3008620689661;9.1;False;True;False;False;False;False;False;True;False;False;False;False
2025-05-21 04:00:00;-1420.2603858784885;8.0;False;True;False;False;False;False;False;True;False;False;False;False
2025-05-21 05:00:00;-1166.6474137931034;9.0;False;True;False;False;False;False;False;True;False;False;False;False
2025-05-21 06:00:00;-1236.5376436781614;10.3;False;True;False;False;False;False;False;True;False;False;False;False
2025-05-21 07:00:00;-539.4060892172963;11.8;False;True;False;False;False;False;False;True;False;False;False;False
2025-05-21 08:00:00;-383.60826491516144;12.9;False;True;False;False;False;False;False;True;False;False;False;False
2025-05-21 09:00:00;-980.2746168582377;14.4;False;True;False;False;False;False;False;True;False;False;False;False
2025-05-21 10:00:00;-1069.4636015325668;15.1;False;True;False;False;False;False;False;True;False;False;False;False
2025-05-21 11:00:00;-4173.332950191572;15.9;False;True;False;False;False;False;False;True;False;False;False;False
2025-05-21 12:00:00;-2873.4921045429655;16.6;False;True;False;False;False;False;False;True;False;False;False;False
2025-05-21 13:00:00;-671.9136015325668;16.4;False;True;False;False;False;False;False;True;False;False;False;False
2025-05-21 14:00:00;-1814.9618979200895;12.7;False;True;False;False;False;False;False;True;False;False;False;False
2025-05-21 15:00:00;-2627.6015462506834;14.4;False;True;False;False;False;False;False;True;False;False;False;False
2025-05-21 16:00:00;-3727.964367816092;14.8;False;True;False;False;False;False;False;True;False;False;False;False
2025-05-21 17:00:00;-2194.708812260538;14.8;False;True;False;False;False;False;False;True;False;False;False;False
2025-05-21 18:00:00;-884.4094827586206;14.1;False;True;False;False;False;False;False;True;False;False;False;False
2025-05-21 19:00:00;-516.9321492965004;12.8;False;True;False;False;False;False;False;True;False;False;False;False
2025-05-21 20:00:00;-464.28360338388234;11.0;False;True;False;False;False;False;False;True;False;False;False;False
2025-05-21 21:00:00;-411.63505747126425;10.1;False;True;False;False;False;False;False;True;False;False;False;False
2025-05-21 22:00:00;-1907.71150793651;10.1;False;True;False;False;False;False;False;True;False;False;False;False
2025-05-21 23:00:00;-1750.0580218025927;10.0;False;True;False;False;False;False;False;True;False;False;False;False
2025-05-22 00:00:00;-1592.4045356686752;9.9;False;False;True;False;False;False;False;False;True;False;False;False
2025-05-22 01:00:00;-1434.7510495347578;10.4;False;False;True;False;False;False;False;False;True;False;False;False
2025-05-22 02:00:00;-1277.0975634008405;8.2;False;False;True;False;False;False;False;False;True;False;False;False
2025-05-22 03:00:00;-1119.4440772669232;8.6;False;False;True;False;False;False;False;False;True;False;False;False
2025-05-22 04:00:00;-961.7905911330057;9.4;False;False;True;False;False;False;False;False;True;False;False;False
2025-05-22 05:00:00;-804.1371049990883;8.9;False;False;True;False;False;False;False;False;True;False;False;False
2025-05-22 06:00:00;-646.4836188651709;8.4;False;False;True;False;False;False;False;False;True;False;False;False
2025-05-22 07:00:00;-488.83013273125357;8.0;False;False;True;False;False;False;False;False;True;False;False;False
2025-05-22 08:00:00;-331.17664659733623;8.6;False;False;True;False;False;False;False;False;True;False;False;False
2025-05-22 09:00:00;-812.5127394636016;9.6;False;False;True;False;False;False;False;False;True;False;False;False
2025-05-22 10:00:00;-282.13931623931626;10.6;False;False;True;False;False;False;False;False;True;False;False;False
2025-05-22 11:00:00;-1076.460318828681;10.4;False;False;True;False;False;False;False;False;True;False;False;False
2025-05-22 12:00:00;-908.0305015227428;10.4;False;False;True;False;False;False;False;False;True;False;False;False
2025-05-22 13:00:00;-623.3009578544057;9.1;False;False;True;False;False;False;False;False;True;False;False;False
2025-05-22 14:00:00;-618.5439916405438;8.8;False;False;True;False;False;False;False;False;True;False;False;False
2025-05-22 15:00:00;-741.4538975966564;7.8;False;False;True;False;False;False;False;False;True;False;False;False
2025-05-22 16:00:00;-773.8248693834906;7.4;False;False;True;False;False;False;False;False;True;False;False;False
2025-05-22 17:00:00;-515.9874346917453;7.4;False;False;True;False;False;False;False;False;True;False;False;False
2025-05-22 18:00:00;-258.15;7.4;False;False;True;False;False;False;False;False;True;False;False;False
2025-05-22 19:00:00;-321.7479090909091;7.1;False;False;True;False;False;False;False;False;True;False;False;False
2025-05-22 20:00:00;-573.0904166666667;5.6;False;False;True;False;False;False;False;False;True;False;False;False
2025-05-22 21:00:00;-1145.3464166666665;4.8;False;False;True;False;False;False;False;False;True;False;False;False
2025-05-22 22:00:00;-874.0501666666668;4.5;False;False;True;False;False;False;False;False;True;False;False;False
2025-05-22 23:00:00;-3862.63025;3.8;False;False;True;False;False;False;False;False;True;False;False;False
2025-05-23 00:00:00;-1896.2204166666668;3.0;False;False;False;True;False;False;False;False;False;True;False;False
2025-05-23 01:00:00;-1845.1633333333332;2.4;False;False;False;True;False;False;False;False;False;True;False;False
2025-05-23 02:00:00;-1752.4670833333332;1.2;False;False;False;True;False;False;False;False;False;True;False;False
2025-05-23 03:00:00;-1856.15975;1.0;False;False;False;True;False;False;False;False;False;True;False;False
2025-05-23 04:00:00;-1509.17775;0.6;False;False;False;True;False;False;False;False;False;True;False;False
2025-05-23 05:00:00;-2180.6686363636363;1.3;False;False;False;True;False;False;False;False;False;True;False;False
2025-05-23 06:00:00;-1055.7485;3.2;False;False;False;True;False;False;False;False;False;True;False;False
2025-05-23 07:00:00;-350.47525;4.8;False;False;False;True;False;False;False;False;False;True;False;False
2025-05-23 08:00:00;-362.442;6.2;False;False;False;True;False;False;False;False;False;True;False;False
2025-05-23 09:00:00;-1255.1318333333334;7.4;False;False;False;True;False;False;False;False;False;True;False;False
2025-05-23 10:00:00;-2863.89525;7.8;False;False;False;True;False;False;False;False;False;True;False;False
2025-05-23 11:00:00;-3392.1554166666665;8.5;False;False;False;True;False;False;False;False;False;True;False;False
2025-05-23 12:00:00;-3195.7269166666665;8.8;False;False;False;True;False;False;False;False;False;True;False;False
2025-05-23 13:00:00;-883.2000833333333;8.8;False;False;False;True;False;False;False;False;False;True;False;False
2025-05-23 14:00:00;-637.5872499999999;9.6;False;False;False;True;False;False;False;False;False;True;False;False
2025-05-23 15:00:00;-4659.623916666666;9.6;False;False;False;True;False;False;False;False;False;True;False;False
2025-05-23 16:00:00;-1364.6239166666667;9.5;False;False;False;True;False;False;False;False;False;True;False;False
2025-05-23 17:00:00;-322.09999999999997;9.4;False;False;False;True;False;False;False;False;False;True;False;False
2025-05-23 18:00:00;-313.0;7.9;False;False;False;True;False;False;False;False;False;True;False;False
2025-05-23 19:00:00;-313.0;6.4;False;False;False;True;False;False;False;False;False;True;False;False
2025-05-23 20:00:00;-313.0;4.3;False;False;False;True;False;False;False;False;False;True;False;False
2025-05-23 21:00:00;-420.5258333333333;3.6;False;False;False;True;False;False;False;False;False;True;False;False
2025-05-23 22:00:00;-793.4195;3.8;False;False;False;True;False;False;False;False;False;True;False;False
2025-05-23 23:00:00;-3240.71225;3.7;False;False;False;True;False;False;False;False;False;True;False;False
2025-05-24 00:00:00;-1009.5813333333332;3.2;False;False;False;False;True;False;False;False;False;False;True;False
2025-05-24 01:00:00;-617.66725;2.8;False;False;False;False;True;False;False;False;False;False;True;False
2025-05-24 02:00:00;-2970.9346666666665;2.8;False;False;False;False;True;False;False;False;False;False;True;False
2025-05-24 03:00:00;-2060.2183333333332;2.2;False;False;False;False;True;False;False;False;False;False;True;False
2025-05-24 04:00:00;-1507.8885;2.0;False;False;False;False;True;False;False;False;False;False;True;False
2025-05-24 05:00:00;-3197.05175;3.0;False;False;False;False;True;False;False;False;False;False;True;False
2025-05-24 06:00:00;-3199.0;5.1;False;False;False;False;True;False;False;False;False;False;True;False
2025-05-24 07:00:00;-3199.0;6.1;False;False;False;False;True;False;False;False;False;False;True;False
2025-05-24 08:00:00;-3199.0;7.1;False;False;False;False;True;False;False;False;False;False;True;False
2025-05-24 09:00:00;-975.2229166666666;8.1;False;False;False;False;True;False;False;False;False;False;True;False
2025-05-24 10:00:00;-537.5913333333334;8.6;False;False;False;False;True;False;False;False;False;False;True;False
2025-05-24 11:00:00;-689.78125;9.3;False;False;False;False;True;False;False;False;False;False;True;False
2025-05-24 12:00:00;-417.60324999999995;9.7;False;False;False;False;True;False;False;False;False;False;True;False
2025-05-24 13:00:00;-482.75558333333333;9.9;False;False;False;False;True;False;False;False;False;False;True;False
2025-05-24 14:00:00;-483.0;9.9;False;False;False;False;True;False;False;False;False;False;True;False
2025-05-24 15:00:00;-483.0;9.9;False;False;False;False;True;False;False;False;False;False;True;False
2025-05-24 16:00:00;-483.0;10.4;False;False;False;False;True;False;False;False;False;False;True;False
2025-05-24 17:00:00;-1635.348857142857;10.4;False;False;False;False;True;False;False;False;False;False;True;False
2025-05-24 18:00:00;-1208.0151785714284;9.9;False;False;False;False;True;False;False;False;False;False;True;False
2025-05-24 19:00:00;-780.6814999999999;9.2;False;False;False;False;True;False;False;False;False;False;True;False
2025-05-24 20:00:00;-361.13725;6.2;False;False;False;False;True;False;False;False;False;False;True;False
2025-05-24 21:00:00;-239.25558333333333;4.9;False;False;False;False;True;False;False;False;False;False;True;False
2025-05-24 22:00:00;-237.0;4.6;False;False;False;False;True;False;False;False;False;False;True;False
2025-05-24 23:00:00;-237.0;4.2;False;False;False;False;True;False;False;False;False;False;True;False
2025-05-25 00:00:00;-551.5286666666667;4.9;False;False;False;False;False;True;False;False;False;False;False;True
2025-05-25 01:00:00;-3665.2979166666664;4.8;False;False;False;False;False;True;False;False;False;False;False;True
2025-05-25 02:00:00;-2348.260333333333;4.2;False;False;False;False;False;True;False;False;False;False;False;True
2025-05-25 03:00:00;-1882.5217499999999;4.0;False;False;False;False;False;True;False;False;False;False;False;True
2025-05-25 04:00:00;-1271.4295833333333;4.3;False;False;False;False;False;True;False;False;False;False;False;True
2025-05-25 05:00:00;-3067.616666666667;5.0;False;False;False;False;False;True;False;False;False;False;False;True
2025-05-25 06:00:00;-3191.0;6.8;False;False;False;False;False;True;False;False;False;False;False;True
2025-05-25 07:00:00;-3191.0;8.4;False;False;False;False;False;True;False;False;False;False;False;True
2025-05-25 08:00:00;-3191.0;9.7;False;False;False;False;False;True;False;False;False;False;False;True
2025-05-25 09:00:00;-759.5645833333333;10.9;False;False;False;False;False;True;False;False;False;False;False;True
2025-05-25 10:00:00;-4583.656083333333;11.6;False;False;False;False;False;True;False;False;False;False;False;True
2025-05-25 11:00:00;-4138.665083333333;12.7;False;False;False;False;False;True;False;False;False;False;False;True
2025-05-25 12:00:00;-3003.777666666667;11.8;False;False;False;False;False;True;False;False;False;False;False;True
2025-05-25 13:00:00;-2453.195416666667;11.2;False;False;False;False;False;True;False;False;False;False;False;True
2025-05-25 14:00:00;-2438.0;11.9;False;False;False;False;False;True;False;False;False;False;False;True
2025-05-25 15:00:00;-2438.0;10.9;False;False;False;False;False;True;False;False;False;False;False;True
2025-05-25 16:00:00;-2438.0;11.4;False;False;False;False;False;True;False;False;False;False;False;True
2025-05-25 17:00:00;-524.11575;10.9;False;False;False;False;False;True;False;False;False;False;False;True
2025-05-25 18:00:00;-638.272;10.4;False;False;False;False;False;True;False;False;False;False;False;True
2025-05-25 19:00:00;-979.7398333333334;9.6;False;False;False;False;False;True;False;False;False;False;False;True
2025-05-25 20:00:00;-461.8098333333333;9.1;False;False;False;False;False;True;False;False;False;False;False;True
2025-05-25 21:00:00;-328.4334166666667;8.8;False;False;False;False;False;True;False;False;False;False;False;True
2025-05-25 22:00:00;-320.86483333333337;8.6;False;False;False;False;False;True;False;False;False;False;False;True
2025-05-25 23:00:00;-268.9839166666667;8.6;False;False;False;False;False;True;False;False;False;False;False;True
2025-05-26 00:00:00;-3187.787166666667;8.4;False;False;False;False;False;False;False;False;False;False;False;False
2025-05-26 01:00:00;-3313.990416666667;8.4;False;False;False;False;False;False;False;False;False;False;False;False
2025-05-26 02:00:00;-1206.6508333333334;8.9;False;False;False;False;False;False;False;False;False;False;False;False
2025-05-26 03:00:00;-1321.9385;8.9;False;False;False;False;False;False;False;False;False;False;False;False
2025-05-26 04:00:00;-1110.8285833333332;9.1;False;False;False;False;False;False;False;False;False;False;False;False
2025-05-26 05:00:00;-772.3281666666667;9.8;False;False;False;False;False;False;False;False;False;False;False;False
2025-05-26 06:00:00;-1374.4995833333332;10.1;False;False;False;False;False;False;False;False;False;False;False;False
2025-05-26 07:00:00;-470.56391666666667;10.4;False;False;False;False;False;False;False;False;False;False;False;False
2025-05-26 08:00:00;-427.8205;10.4;False;False;False;False;False;False;False;False;False;False;False;False
2025-05-26 09:00:00;-1650.309;11.1;False;False;False;False;False;False;False;False;False;False;False;False
2025-05-26 10:00:00;-952.7865833333334;11.9;False;False;False;False;False;False;False;False;False;False;False;False
2025-05-26 11:00:00;-610.9720000000001;11.9;False;False;False;False;False;False;False;False;False;False;False;False
2025-05-26 12:00:00;-1191.095;10.8;False;False;False;False;False;False;False;False;False;False;False;False
2025-05-26 13:00:00;-529.8351666666666;11.8;False;False;False;False;False;False;False;False;False;False;False;False
2025-05-26 14:00:00;-456.0733333333333;13.6;False;False;False;False;False;False;False;False;False;False;False;False
2025-05-26 15:00:00;-535.0356666666667;13.5;False;False;False;False;False;False;False;False;False;False;False;False
2025-05-26 16:00:00;-3106.6787499999996;14.3;False;False;False;False;False;False;False;False;False;False;False;False
2025-05-26 17:00:00;-1971.8944166666668;14.3;False;False;False;False;False;False;False;False;False;False;False;False
2025-05-26 18:00:00;-1327.8019166666666;13.5;False;False;False;False;False;False;False;False;False;False;False;False
2025-05-26 19:00:00;-949.5084166666667;11.9;False;False;False;False;False;False;False;False;False;False;False;False
2025-05-26 20:00:00;-781.6135833333333;10.1;False;False;False;False;False;False;False;False;False;False;False;False
2025-05-26 21:00:00;-462.70975;8.9;False;False;False;False;False;False;False;False;False;False;False;False
2025-05-26 22:00:00;-459.0;8.0;False;False;False;False;False;False;False;False;False;False;False;False
2025-05-26 23:00:00;-459.0;8.1;False;False;False;False;False;False;False;False;False;False;False;False
2025-05-27 00:00:00;-2046.8062499999999;9.0;True;False;False;False;False;False;True;False;False;False;False;False
2025-05-27 01:00:00;-1288.3318333333334;8.9;True;False;False;False;False;False;True;False;False;False;False;False
2025-05-27 02:00:00;-1305.2426666666668;8.6;True;False;False;False;False;False;True;False;False;False;False;False
2025-05-27 03:00:00;-1332.56275;8.6;True;False;False;False;False;False;True;False;False;False;False;False
2025-05-27 04:00:00;-1336.9675;8.8;True;False;False;False;False;False;True;False;False;False;False;False
2025-05-27 05:00:00;-1451.3457500000002;8.9;True;False;False;False;False;False;True;False;False;False;False;False
2025-05-27 06:00:00;-1446.1312500000001;10.4;True;False;False;False;False;False;True;False;False;False;False;False
2025-05-27 07:00:00;-371.60774999999995;12.0;True;False;False;False;False;False;True;False;False;False;False;False
2025-05-27 08:00:00;-330.41433333333333;12.7;True;False;False;False;False;False;True;False;False;False;False;False
2025-05-27 09:00:00;-502.0146666666667;13.4;True;False;False;False;False;False;True;False;False;False;False;False
2025-05-27 10:00:00;-544.8384166666666;13.9;True;False;False;False;False;False;True;False;False;False;False;False
2025-05-27 11:00:00;-515.88875;14.9;True;False;False;False;False;False;True;False;False;False;False;False
2025-05-27 12:00:00;-441.93291666666664;15.3;True;False;False;False;False;False;True;False;False;False;False;False
2025-05-27 13:00:00;-418.6308333333333;15.6;True;False;False;False;False;False;True;False;False;False;False;False
2025-05-27 14:00:00;-386.0001666666667;16.2;True;False;False;False;False;False;True;False;False;False;False;False
2025-05-27 15:00:00;-393.44800000000004;15.4;True;False;False;False;False;False;True;False;False;False;False;False
2025-05-27 16:00:00;-1536.0081666666667;14.9;True;False;False;False;False;False;True;False;False;False;False;False
2025-05-27 17:00:00;-1521.8218333333334;14.6;True;False;False;False;False;False;True;False;False;False;False;False
2025-05-27 18:00:00;-1528.0;14.2;True;False;False;False;False;False;True;False;False;False;False;False
2025-05-27 19:00:00;-1528.0;12.9;True;False;False;False;False;False;True;False;False;False;False;False
2025-05-27 20:00:00;-1528.0;10.6;True;False;False;False;False;False;True;False;False;False;False;False
2025-05-27 21:00:00;-715.4180833333334;10.4;True;False;False;False;False;False;True;False;False;False;False;False
2025-05-27 22:00:00;-856.7608333333333;9.8;True;False;False;False;False;False;True;False;False;False;False;False
2025-05-27 23:00:00;-348.7646666666667;9.6;True;False;False;False;False;False;True;False;False;False;False;False
2025-05-28 00:00:00;-2291.29325;9.0;False;True;False;False;False;False;False;True;False;False;False;False
2025-05-28 01:00:00;-2993.0189166666664;8.6;False;True;False;False;False;False;False;True;False;False;False;False
2025-05-28 02:00:00;-1134.4445833333332;9.2;False;True;False;False;False;False;False;True;False;False;False;False
2025-05-28 03:00:00;-1218.5754166666668;8.8;False;True;False;False;False;False;False;True;False;False;False;False
2025-05-28 04:00:00;-1236.2176666666667;8.8;False;True;False;False;False;False;False;True;False;False;False;False
2025-05-28 05:00:00;-1200.7257499999998;9.2;False;True;False;False;False;False;False;True;False;False;False;False
2025-05-28 06:00:00;-340.62975;10.0;False;True;False;False;False;False;False;True;False;False;False;False
2025-05-28 07:00:00;-1517.9474166666666;10.4;False;True;False;False;False;False;False;True;False;False;False;False
2025-05-28 08:00:00;-400.64491666666663;11.2;False;True;False;False;False;False;False;True;False;False;False;False
2025-05-28 09:00:00;-2073.74225;10.7;False;True;False;False;False;False;False;True;False;False;False;False
2025-05-28 10:00:00;-1644.4813333333332;10.2;False;True;False;False;False;False;False;True;False;False;False;False
2025-05-28 11:00:00;-1569.3183333333334;10.4;False;True;False;False;False;False;False;True;False;False;False;False
2025-05-28 12:00:00;-2502.536583333333;11.1;False;True;False;False;False;False;False;True;False;False;False;False
2025-05-28 13:00:00;-402.28175000000005;11.9;False;True;False;False;False;False;False;True;False;False;False;False
2025-05-28 14:00:00;-899.8300833333333;13.2;False;True;False;False;False;False;False;True;False;False;False;False
2025-05-28 15:00:00;-521.5945833333334;14.2;False;True;False;False;False;False;False;True;False;False;False;False
2025-05-28 16:00:00;-1348.0276666666666;11.6;False;True;False;False;False;False;False;True;False;False;False;False
2025-05-28 17:00:00;-1847.9885000000002;11.4;False;True;False;False;False;False;False;True;False;False;False;False
2025-05-28 18:00:00;-1960.0;11.0;False;True;False;False;False;False;False;True;False;False;False;False
2025-05-28 19:00:00;-1960.0;10.7;False;True;False;False;False;False;False;True;False;False;False;False
2025-05-28 20:00:00;-1960.0;9.6;False;True;False;False;False;False;False;True;False;False;False;False
2025-05-28 21:00:00;-1720.287833333333;9.4;False;True;False;False;False;False;False;True;False;False;False;False
2025-05-28 22:00:00;-1063.6135;9.0;False;True;False;False;False;False;False;True;False;False;False;False
2025-05-28 23:00:00;-643.2831666666667;9.1;False;True;False;False;False;False;False;True;False;False;False;False
2025-05-29 00:00:00;-778.1721666666667;9.0;False;False;True;False;False;False;False;False;True;False;False;False
2025-05-29 01:00:00;-737.6889166666666;8.9;False;False;True;False;False;False;False;False;True;False;False;False
2025-05-29 02:00:00;-748.0;8.7;False;False;True;False;False;False;False;False;True;False;False;False
2025-05-29 03:00:00;-748.0;8.4;False;False;True;False;False;False;False;False;True;False;False;False
2025-05-29 04:00:00;-748.0;8.4;False;False;True;False;False;False;False;False;True;False;False;False
2025-05-29 05:00:00;-1399.68175;7.9;False;False;True;False;False;False;False;False;True;False;False;False
2025-05-29 06:00:00;-1482.3511666666666;7.7;False;False;True;False;False;False;False;False;True;False;False;False
2025-05-29 07:00:00;-1123.2204166666668;7.3;False;False;True;False;False;False;False;False;True;False;False;False
2025-05-29 08:00:00;-842.2558333333333;7.7;False;False;True;False;False;False;False;False;True;False;False;False
2025-05-29 09:00:00;-276.05833333333334;8.4;False;False;True;False;False;False;False;False;True;False;False;False
2025-05-29 10:00:00;-264.0;9.1;False;False;True;False;False;False;False;False;True;False;False;False
2025-05-29 11:00:00;-264.0;9.4;False;False;True;False;False;False;False;False;True;False;False;False
2025-05-29 12:00:00;-264.0;11.0;False;False;True;False;False;False;False;False;True;False;False;False
2025-05-29 13:00:00;-732.692;11.8;False;False;True;False;False;False;False;False;True;False;False;False
2025-05-29 14:00:00;-527.0228333333333;11.7;False;False;True;False;False;False;False;False;True;False;False;False
2025-05-29 15:00:00;-489.52983333333333;12.4;False;False;True;False;False;False;False;False;True;False;False;False
2025-05-29 16:00:00;-398.3325;11.9;False;False;True;False;False;False;False;False;True;False;False;False
2025-05-29 17:00:00;-641.959;11.6;False;False;True;False;False;False;False;False;True;False;False;False
2025-05-29 18:00:00;-901.5459166666666;11.2;False;False;True;False;False;False;False;False;True;False;False;False
2025-05-29 19:00:00;-843.69175;10.4;False;False;True;False;False;False;False;False;True;False;False;False
2025-05-29 20:00:00;-775.8859166666666;9.1;False;False;True;False;False;False;False;False;True;False;False;False
2025-05-29 21:00:00;-336.97125;9.0;False;False;True;False;False;False;False;False;True;False;False;False
2025-05-29 22:00:00;-334.0;9.4;False;False;True;False;False;False;False;False;True;False;False;False
2025-05-29 23:00:00;-334.0;9.5;False;False;True;False;False;False;False;False;True;False;False;False
2025-05-30 00:00:00;-1091.6025833333333;9.4;False;False;False;True;False;False;False;False;False;True;False;False
2025-05-30 01:00:00;-1470.20875;9.1;False;False;False;True;False;False;False;False;False;True;False;False
2025-05-30 02:00:00;-1735.12625;9.1;False;False;False;True;False;False;False;False;False;True;False;False
2025-05-30 03:00:00;-1324.883;8.9;False;False;False;True;False;False;False;False;False;True;False;False
2025-05-30 04:00:00;-1322.8693333333333;8.9;False;False;False;True;False;False;False;False;False;True;False;False
2025-05-30 05:00:00;-562.931;8.6;False;False;False;True;False;False;False;False;False;True;False;False
2025-05-30 06:00:00;-560.0;8.9;False;False;False;True;False;False;False;False;False;True;False;False
2025-05-30 07:00:00;-560.0;9.1;False;False;False;True;False;False;False;False;False;True;False;False
2025-05-30 08:00:00;-560.0;9.7;False;False;False;True;False;False;False;False;False;True;False;False
2025-05-30 09:00:00;-1093.6099166666665;11.7;False;False;False;True;False;False;False;False;False;True;False;False
2025-05-30 10:00:00;-663.8033333333333;13.4;False;False;False;True;False;False;False;False;False;True;False;False
2025-05-30 11:00:00;-918.6390833333334;14.1;False;False;False;True;False;False;False;False;False;True;False;False
2025-05-30 12:00:00;-698.1759166666667;15.9;False;False;False;True;False;False;False;False;False;True;False;False
2025-05-30 13:00:00;-311.57475;16.8;False;False;False;True;False;False;False;False;False;True;False;False
2025-05-30 14:00:00;-358.42083333333335;17.8;False;False;False;True;False;False;False;False;False;True;False;False
2025-05-30 15:00:00;-472.8833333333334;18.2;False;False;False;True;False;False;False;False;False;True;False;False
2025-05-30 16:00:00;-379.57116666666667;18.3;False;False;False;True;False;False;False;False;False;True;False;False
2025-05-30 17:00:00;-1794.8384999999998;18.0;False;False;False;True;False;False;False;False;False;True;False;False
2025-05-30 18:00:00;-1215.2727499999999;17.5;False;False;False;True;False;False;False;False;False;True;False;False
2025-05-30 19:00:00;-506.44041666666664;15.9;False;False;False;True;False;False;False;False;False;True;False;False
2025-05-30 20:00:00;-785.23375;14.1;False;False;False;True;False;False;False;False;False;True;False;False
2025-05-30 21:00:00;-787.75425;13.9;False;False;False;True;False;False;False;False;False;True;False;False
2025-05-30 22:00:00;-318.1359166666667;13.4;False;False;False;True;False;False;False;False;False;True;False;False
2025-05-30 23:00:00;-297.757;12.9;False;False;False;True;False;False;False;False;False;True;False;False
2025-05-31 00:00:00;-2125.64575;12.9;False;False;False;False;True;False;False;False;False;False;True;False
2025-05-31 01:00:00;-936.4051666666668;13.2;False;False;False;False;True;False;False;False;False;False;True;False
2025-05-31 02:00:00;-738.0;13.6;False;False;False;False;True;False;False;False;False;False;True;False
2025-05-31 03:00:00;-738.0;13.9;False;False;False;False;True;False;False;False;False;False;True;False
2025-05-31 04:00:00;-738.0;13.1;False;False;False;False;True;False;False;False;False;False;True;False
2025-05-31 05:00:00;-1005.5102499999999;13.4;False;False;False;False;True;False;False;False;False;False;True;False
2025-05-31 06:00:00;-1293.8884166666667;15.3;False;False;False;False;True;False;False;False;False;False;True;False
2025-05-31 07:00:00;-748.1259166666667;16.8;False;False;False;False;True;False;False;False;False;False;True;False
2025-05-31 08:00:00;-487.81941666666665;17.5;False;False;False;False;True;False;False;False;False;False;True;False
2025-05-31 09:00:00;-310.07183333333336;18.6;False;False;False;False;True;False;False;False;False;False;True;False
2025-05-31 10:00:00;-308.0;19.6;False;False;False;False;True;False;False;False;False;False;True;False
2025-05-31 11:00:00;-308.0;20.4;False;False;False;False;True;False;False;False;False;False;True;False
2025-05-31 12:00:00;-308.0;21.0;False;False;False;False;True;False;False;False;False;False;True;False
2025-05-31 13:00:00;-583.5654166666667;21.5;False;False;False;False;True;False;False;False;False;False;True;False
2025-05-31 14:00:00;-613.801;20.7;False;False;False;False;True;False;False;False;False;False;True;False
2025-05-31 15:00:00;-790.2594166666667;21.4;False;False;False;False;True;False;False;False;False;False;True;False
2025-05-31 16:00:00;-845.3270833333332;21.0;False;False;False;False;True;False;False;False;False;False;True;False
2025-05-31 17:00:00;-2880.0514166666667;19.9;False;False;False;False;True;False;False;False;False;False;True;False
2025-05-31 18:00:00;-2384.105666666667;19.1;False;False;False;False;True;False;False;False;False;False;True;False
2025-05-31 19:00:00;-1343.855;17.6;False;False;False;False;True;False;False;False;False;False;True;False
2025-05-31 20:00:00;-473.04733333333337;15.7;False;False;False;False;True;False;False;False;False;False;True;False
2025-05-31 21:00:00;-378.3620833333334;15.6;False;False;False;False;True;False;False;False;False;False;True;False
2025-05-31 22:00:00;-473.1400833333334;15.8;False;False;False;False;True;False;False;False;False;False;True;False
2025-05-31 23:00:00;-594.3294999999999;14.9;False;False;False;False;True;False;False;False;False;False;True;False
2025-06-01 00:00:00;-1007.2344166666667;14.1;False;False;False;False;False;True;False;False;False;False;False;True
2025-06-01 01:00:00;-678.9655;13.6;False;False;False;False;False;True;False;False;False;False;False;True
2025-06-01 02:00:00;-678.0;14.6;False;False;False;False;False;True;False;False;False;False;False;True
2025-06-01 03:00:00;-678.0;13.3;False;False;False;False;False;True;False;False;False;False;False;True
2025-06-01 04:00:00;-678.0;13.1;False;False;False;False;False;True;False;False;False;False;False;True
2025-06-01 05:00:00;-1794.7064166666667;13.8;False;False;False;False;False;True;False;False;False;False;False;True
2025-06-01 06:00:00;-1888.7041666666667;15.4;False;False;False;False;False;True;False;False;False;False;False;True
2025-06-01 07:00:00;-777.8445;17.6;False;False;False;False;False;True;False;False;False;False;False;True
2025-06-01 08:00:00;-353.4950833333333;16.0;False;False;False;False;False;True;False;False;False;False;False;True
2025-06-01 09:00:00;-192.46666666666667;16.5;False;False;False;False;False;True;False;False;False;False;False;True
2025-06-01 10:00:00;-397.09408333333334;18.9;False;False;False;False;False;True;False;False;False;False;False;True
2025-06-01 11:00:00;-1384.53925;19.7;False;False;False;False;False;True;False;False;False;False;False;True
2025-06-01 12:00:00;-594.3462999999999;20.2;False;False;False;False;False;True;False;False;False;False;False;True
2025-06-01 13:00:00;-556.5671666666666;20.1;False;False;False;False;False;True;False;False;False;False;False;True
2025-06-01 14:00:00;-552.4480833333333;18.5;False;False;False;False;False;True;False;False;False;False;False;True
2025-06-01 15:00:00;-413.80766666666665;19.9;False;False;False;False;False;True;False;False;False;False;False;True
2025-06-01 16:00:00;-354.66333333333336;20.0;False;False;False;False;False;True;False;False;False;False;False;True
2025-06-01 17:00:00;-310.89241666666663;19.6;False;False;False;False;False;True;False;False;False;False;False;True
2025-06-01 18:00:00;-309.7513333333333;17.9;False;False;False;False;False;True;False;False;False;False;False;True
2025-06-01 19:00:00;-569.90725;14.9;False;False;False;False;False;True;False;False;False;False;False;True
2025-06-01 20:00:00;-1042.8629166666667;14.2;False;False;False;False;False;True;False;False;False;False;False;True
2025-06-01 21:00:00;-1054.3639166666667;13.9;False;False;False;False;False;True;False;False;False;False;False;True
2025-06-01 22:00:00;-570.8708333333333;13.9;False;False;False;False;False;True;False;False;False;False;False;True
2025-06-01 23:00:00;-566.8806666666667;13.3;False;False;False;False;False;True;False;False;False;False;False;True
2025-06-02 00:00:00;-567.4103333333334;12.9;False;False;False;False;False;False;False;False;False;False;False;False
2025-06-02 01:00:00;-3056.4595833333333;13.8;False;False;False;False;False;False;False;False;False;False;False;False
2025-06-02 02:00:00;-3181.9854166666664;12.2;False;False;False;False;False;False;False;False;False;False;False;False
2025-06-02 03:00:00;-657.0885833333333;12.1;False;False;False;False;False;False;False;False;False;False;False;False
2025-06-02 04:00:00;-740.1469166666666;12.2;False;False;False;False;False;False;False;False;False;False;False;False
2025-06-02 05:00:00;-809.4846666666667;13.6;False;False;False;False;False;False;False;False;False;False;False;False
2025-06-02 06:00:00;-462.455;14.4;False;False;False;False;False;False;False;False;False;False;False;False
2025-06-02 07:00:00;-276.5878333333333;14.8;False;False;False;False;False;False;False;False;False;False;False;False
2025-06-02 08:00:00;-492.969;14.5;False;False;False;False;False;False;False;False;False;False;False;False
2025-06-02 09:00:00;-430.42883333333333;13.9;False;False;False;False;False;False;False;False;False;False;False;False
2025-06-02 10:00:00;-476.8729166666667;15.7;False;False;False;False;False;False;False;False;False;False;False;False
2025-06-02 11:00:00;-383.85024999999996;15.4;False;False;False;False;False;False;False;False;False;False;False;False
2025-06-02 12:00:00;-753.28875;16.1;False;False;False;False;False;False;False;False;False;False;False;False
2025-06-02 13:00:00;-500.0991666666667;17.0;False;False;False;False;False;False;False;False;False;False;False;False
2025-06-02 14:00:00;-395.2115833333333;16.6;False;False;False;False;False;False;False;False;False;False;False;False
2025-06-02 15:00:00;-437.64900000000006;16.1;False;False;False;False;False;False;False;False;False;False;False;False
2025-06-02 16:00:00;-816.9270833333334;16.1;False;False;False;False;False;False;False;False;False;False;False;False
2025-06-02 17:00:00;-1900.015;15.9;False;False;False;False;False;False;False;False;False;False;False;False
2025-06-02 18:00:00;-1379.8936666666666;15.9;False;False;False;False;False;False;False;False;False;False;False;False
2025-06-02 19:00:00;-595.2233333333334;14.8;False;False;False;False;False;False;False;False;False;False;False;False
2025-06-02 20:00:00;-484.6238181818182;13.6;False;False;False;False;False;False;False;False;False;False;False;False
2025-06-02 21:00:00;-526.9632499999999;13.4;False;False;False;False;False;False;False;False;False;False;False;False
2025-06-02 22:00:00;-719.7666666666668;13.6;False;False;False;False;False;False;False;False;False;False;False;False
2025-06-02 23:00:00;-880.3929166666667;13.2;False;False;False;False;False;False;False;False;False;False;False;False
2025-06-03 00:00:00;-3547.6506666666664;12.3;True;False;False;False;False;False;True;False;False;False;False;False
2025-06-03 01:00:00;-598.7910833333334;11.9;True;False;False;False;False;False;True;False;False;False;False;False
2025-06-03 02:00:00;-1011.5065833333333;11.3;True;False;False;False;False;False;True;False;False;False;False;False
2025-06-03 03:00:00;-800.0638333333333;11.4;True;False;False;False;False;False;True;False;False;False;False;False
2025-06-03 04:00:00;-1261.2525;11.4;True;False;False;False;False;False;True;False;False;False;False;False
2025-06-03 05:00:00;-421.4024166666666;12.6;True;False;False;False;False;False;True;False;False;False;False;False
2025-06-03 06:00:00;-284.10266666666666;13.5;True;False;False;False;False;False;True;False;False;False;False;False
2025-06-03 07:00:00;-577.1376666666666;13.8;True;False;False;False;False;False;True;False;False;False;False;False
2025-06-03 08:00:00;-438.74275000000006;14.4;True;False;False;False;False;False;True;False;False;False;False;False
2025-06-03 09:00:00;-1188.6250833333334;15.2;True;False;False;False;False;False;True;False;False;False;False;False
2025-06-03 10:00:00;-803.5165833333334;16.8;True;False;False;False;False;False;True;False;False;False;False;False
2025-06-03 11:00:00;-450.86550000000005;17.5;True;False;False;False;False;False;True;False;False;False;False;False
2025-06-03 12:00:00;-498.87075000000004;18.4;True;False;False;False;False;False;True;False;False;False;False;False
2025-06-03 13:00:00;-627.2559166666666;18.6;True;False;False;False;False;False;True;False;False;False;False;False
2025-06-03 14:00:00;-593.27475;18.5;True;False;False;False;False;False;True;False;False;False;False;False
2025-06-03 15:00:00;-3299.153;19.1;True;False;False;False;False;False;True;False;False;False;False;False
2025-06-03 16:00:00;-2795.95025;18.1;True;False;False;False;False;False;True;False;False;False;False;False
2025-06-03 17:00:00;-2429.3285833333334;17.9;True;False;False;False;False;False;True;False;False;False;False;False
2025-06-03 18:00:00;-1460.1370833333333;17.1;True;False;False;False;False;False;True;False;False;False;False;False
2025-06-03 19:00:00;-633.032;15.9;True;False;False;False;False;False;True;False;False;False;False;False
2025-06-03 20:00:00;-455.9750833333333;14.6;True;False;False;False;False;False;True;False;False;False;False;False
2025-06-03 21:00:00;-657.1713333333333;14.2;True;False;False;False;False;False;True;False;False;False;False;False
2025-06-03 22:00:00;-529.607;13.9;True;False;False;False;False;False;True;False;False;False;False;False
2025-06-03 23:00:00;-498.9269166666667;13.5;True;False;False;False;False;False;True;False;False;False;False;False
2025-06-04 00:00:00;-1217.0904166666667;13.1;False;True;False;False;False;False;False;True;False;False;False;False
2025-06-04 01:00:00;-1034.7478333333333;13.1;False;True;False;False;False;False;False;True;False;False;False;False
2025-06-04 02:00:00;-919.3504166666667;13.0;False;True;False;False;False;False;False;True;False;False;False;False
2025-06-04 03:00:00;-532.2348333333333;12.6;False;True;False;False;False;False;False;True;False;False;False;False
2025-06-04 04:00:00;-969.2508333333334;12.6;False;True;False;False;False;False;False;True;False;False;False;False
2025-06-04 05:00:00;-463.6453333333333;13.0;False;True;False;False;False;False;False;True;False;False;False;False
2025-06-04 06:00:00;-1036.3224166666666;14.8;False;True;False;False;False;False;False;True;False;False;False;False
2025-06-04 07:00:00;-2105.9275833333336;15.7;False;True;False;False;False;False;False;True;False;False;False;False
2025-06-04 08:00:00;-954.9041666666667;16.9;False;True;False;False;False;False;False;True;False;False;False;False
2025-06-04 09:00:00;-624.58825;18.0;False;True;False;False;False;False;False;True;False;False;False;False
2025-06-04 10:00:00;-789.9363333333334;19.1;False;True;False;False;False;False;False;True;False;False;False;False
2025-06-04 11:00:00;-3160.012166666667;20.1;False;True;False;False;False;False;False;True;False;False;False;False
2025-06-04 12:00:00;-1171.8163333333334;20.8;False;True;False;False;False;False;False;True;False;False;False;False
2025-06-04 13:00:00;-964.1670833333334;21.6;False;True;False;False;False;False;False;True;False;False;False;False
2025-06-04 14:00:00;-717.9258333333333;19.6;False;True;False;False;False;False;False;True;False;False;False;False
2025-06-04 15:00:00;-3022.166333333333;18.4;False;True;False;False;False;False;False;True;False;False;False;False
2025-06-04 16:00:00;-2667.50325;19.5;False;True;False;False;False;False;False;True;False;False;False;False
2025-06-04 17:00:00;-540.4776666666667;18.2;False;True;False;False;False;False;False;True;False;False;False;False
2025-06-04 18:00:00;-481.39175;18.7;False;True;False;False;False;False;False;True;False;False;False;False
2025-06-04 19:00:00;-527.4646666666666;17.0;False;True;False;False;False;False;False;True;False;False;False;False
2025-06-04 20:00:00;-458.5155833333333;14.5;False;True;False;False;False;False;False;True;False;False;False;False
2025-06-04 21:00:00;-425.153;15.1;False;True;False;False;False;False;False;True;False;False;False;False
2025-06-04 22:00:00;-307.33099999999996;15.2;False;True;False;False;False;False;False;True;False;False;False;False
2025-06-04 23:00:00;-2178.4225833333335;14.1;False;True;False;False;False;False;False;True;False;False;False;False
2025-06-05 00:00:00;-3622.718833333334;13.6;False;False;True;False;False;False;False;False;True;False;False;False
2025-06-05 01:00:00;-2043.0138333333334;13.6;False;False;True;False;False;False;False;False;True;False;False;False
2025-06-05 02:00:00;-1473.1855833333332;13.4;False;False;True;False;False;False;False;False;True;False;False;False
2025-06-05 03:00:00;-1162.54475;13.7;False;False;True;False;False;False;False;False;True;False;False;False
2025-06-05 04:00:00;-538.7748333333333;11.9;False;False;True;False;False;False;False;False;True;False;False;False
2025-06-05 05:00:00;-430.2024166666667;12.8;False;False;True;False;False;False;False;False;True;False;False;False
2025-06-05 06:00:00;-436.7944166666667;13.4;False;False;True;False;False;False;False;False;True;False;False;False
2025-06-05 07:00:00;-641.3126666666666;13.6;False;False;True;False;False;False;False;False;True;False;False;False
2025-06-05 08:00:00;-336.5772;14.5;False;False;True;False;False;False;False;False;True;False;False;False
2025-06-05 09:00:00;-2239.095083333333;15.4;False;False;True;False;False;False;False;False;True;False;False;False
2025-06-05 10:00:00;-1397.9573333333335;16.2;False;False;True;False;False;False;False;False;True;False;False;False
2025-06-05 11:00:00;-576.9806666666667;17.0;False;False;True;False;False;False;False;False;True;False;False;False
2025-06-05 12:00:00;-694.6959166666667;17.9;False;False;True;False;False;False;False;False;True;False;False;False
2025-06-05 13:00:00;-545.9395833333333;17.6;False;False;True;False;False;False;False;False;True;False;False;False
2025-06-05 14:00:00;-460.23875;15.4;False;False;True;False;False;False;False;False;True;False;False;False
2025-06-05 15:00:00;-869.9551666666666;15.1;False;False;True;False;False;False;False;False;True;False;False;False
2025-06-05 16:00:00;-367.10816666666665;14.7;False;False;True;False;False;False;False;False;True;False;False;False
2025-06-05 17:00:00;-622.7167499999999;15.6;False;False;True;False;False;False;False;False;True;False;False;False
2025-06-05 18:00:00;-1405.6931666666667;15.2;False;False;True;False;False;False;False;False;True;False;False;False
2025-06-05 19:00:00;-1004.6313333333333;14.2;False;False;True;False;False;False;False;False;True;False;False;False
2025-06-05 20:00:00;-524.0818333333333;13.4;False;False;True;False;False;False;False;False;True;False;False;False
2025-06-05 21:00:00;-376.3605;13.0;False;False;True;False;False;False;False;False;True;False;False;False
2025-06-05 22:00:00;-387.7318333333333;13.1;False;False;True;False;False;False;False;False;True;False;False;False
2025-06-05 23:00:00;-2617.3279166666666;12.8;False;False;True;False;False;False;False;False;True;False;False;False
2025-06-06 00:00:00;-1786.2486666666666;12.1;False;False;False;True;False;False;False;False;False;True;False;False
2025-06-06 01:00:00;-964.8791666666666;11.7;False;False;False;True;False;False;False;False;False;True;False;False
2025-06-06 02:00:00;-651.7966666666667;10.9;False;False;False;True;False;False;False;False;False;True;False;False
2025-06-06 03:00:00;-514.5286666666667;10.9;False;False;False;True;False;False;False;False;False;True;False;False
2025-06-06 04:00:00;-1465.6360000000002;10.9;False;False;False;True;False;False;False;False;False;True;False;False
2025-06-06 05:00:00;-433.0874166666667;11.6;False;False;False;True;False;False;False;False;False;True;False;False
2025-06-06 06:00:00;-308.7343333333333;12.1;False;False;False;True;False;False;False;False;False;True;False;False
2025-06-06 07:00:00;-353.6658333333333;13.1;False;False;False;True;False;False;False;False;False;True;False;False
2025-06-06 08:00:00;-1199.918;14.4;False;False;False;True;False;False;False;False;False;True;False;False
2025-06-06 09:00:00;-281.77683333333334;15.7;False;False;False;True;False;False;False;False;False;True;False;False
2025-06-06 10:00:00;-494.91875;17.4;False;False;False;True;False;False;False;False;False;True;False;False
2025-06-06 11:00:00;-2672.1638333333335;18.6;False;False;False;True;False;False;False;False;False;True;False;False
2025-06-06 12:00:00;-599.1821666666666;17.7;False;False;False;True;False;False;False;False;False;True;False;False
2025-06-06 13:00:00;-403.82025;17.5;False;False;False;True;False;False;False;False;False;True;False;False
2025-06-06 14:00:00;-2826.1183333333333;18.8;False;False;False;True;False;False;False;False;False;True;False;False
2025-06-06 15:00:00;-2071.6758333333332;17.4;False;False;False;True;False;False;False;False;False;True;False;False
2025-06-06 16:00:00;-585.0790833333334;18.5;False;False;False;True;False;False;False;False;False;True;False;False
2025-06-06 17:00:00;-548.4187499999999;18.0;False;False;False;True;False;False;False;False;False;True;False;False
2025-06-06 18:00:00;-737.4785833333334;16.8;False;False;False;True;False;False;False;False;False;True;False;False
2025-06-06 19:00:00;-906.0439166666666;16.4;False;False;False;True;False;False;False;False;False;True;False;False
2025-06-06 20:00:00;-571.4456666666666;15.2;False;False;False;True;False;False;False;False;False;True;False;False
2025-06-06 21:00:00;-384.7105833333333;14.9;False;False;False;True;False;False;False;False;False;True;False;False
2025-06-06 22:00:00;-1067.2704166666667;14.4;False;False;False;True;False;False;False;False;False;True;False;False
2025-06-06 23:00:00;-808.6513333333334;13.5;False;False;False;True;False;False;False;False;False;True;False;False
2025-06-07 00:00:00;-897.5760833333334;13.2;False;False;False;False;True;False;False;False;False;False;True;False
2025-06-07 01:00:00;-643.7665000000001;12.9;False;False;False;False;True;False;False;False;False;False;True;False
2025-06-07 02:00:00;-3652.6323333333335;11.6;False;False;False;False;True;False;False;False;False;False;True;False
2025-06-07 03:00:00;-1785.60375;11.6;False;False;False;False;True;False;False;False;False;False;True;False
2025-06-07 04:00:00;-487.35716666666667;11.4;False;False;False;False;True;False;False;False;False;False;True;False
2025-06-07 05:00:00;-1188.4016666666666;11.9;False;False;False;False;True;False;False;False;False;False;True;False
2025-06-07 06:00:00;-558.57875;12.6;False;False;False;False;True;False;False;False;False;False;True;False
2025-06-07 07:00:00;-550.1255;13.4;False;False;False;False;True;False;False;False;False;False;True;False
2025-06-07 08:00:00;-492.63758333333334;14.8;False;False;False;False;True;False;False;False;False;False;True;False
2025-06-07 09:00:00;-1062.3722500000001;15.4;False;False;False;False;True;False;False;False;False;False;True;False
2025-06-07 10:00:00;-584.6384166666667;15.9;False;False;False;False;True;False;False;False;False;False;True;False
2025-06-07 11:00:00;-1601.7922499999997;14.6;False;False;False;False;True;False;False;False;False;False;True;False
2025-06-07 12:00:00;-3609.8555;14.6;False;False;False;False;True;False;False;False;False;False;True;False
2025-06-07 13:00:00;-2893.3079999999995;14.3;False;False;False;False;True;False;False;False;False;False;True;False
2025-06-07 14:00:00;-5509.023250000001;13.7;False;False;False;False;True;False;False;False;False;False;True;False
2025-06-07 15:00:00;-959.567;13.9;False;False;False;False;True;False;False;False;False;False;True;False
2025-06-07 16:00:00;-242.25583333333336;14.4;False;False;False;False;True;False;False;False;False;False;True;False
2025-06-07 17:00:00;-257.39816666666667;14.8;False;False;False;False;True;False;False;False;False;False;True;False
2025-06-07 18:00:00;-266.70375;14.4;False;False;False;False;True;False;False;False;False;False;True;False
2025-06-07 19:00:00;-380.39816666666667;13.6;False;False;False;False;True;False;False;False;False;False;True;False
2025-06-07 20:00:00;-439.53658333333334;13.4;False;False;False;False;True;False;False;False;False;False;True;False
2025-06-07 21:00:00;-303.89525000000003;12.6;False;False;False;False;True;False;False;False;False;False;True;False
2025-06-07 22:00:00;-678.2960833333333;11.4;False;False;False;False;True;False;False;False;False;False;True;False
2025-06-07 23:00:00;-832.2826666666666;11.4;False;False;False;False;True;False;False;False;False;False;True;False
2025-06-08 00:00:00;-883.1980833333333;10.9;False;False;False;False;False;True;False;False;False;False;False;True
2025-06-08 01:00:00;-3606.4;10.3;False;False;False;False;False;True;False;False;False;False;False;True
2025-06-08 02:00:00;-2110.239916666667;10.1;False;False;False;False;False;True;False;False;False;False;False;True
2025-06-08 03:00:00;-544.0715833333334;10.1;False;False;False;False;False;True;False;False;False;False;False;True
2025-06-08 04:00:00;-1090.5649166666667;10.2;False;False;False;False;False;True;False;False;False;False;False;True
2025-06-08 05:00:00;-650.8194166666667;10.4;False;False;False;False;False;True;False;False;False;False;False;True
2025-06-08 06:00:00;-1364.9753333333333;10.6;False;False;False;False;False;True;False;False;False;False;False;True
2025-06-08 07:00:00;-242.63066666666668;11.2;False;False;False;False;False;True;False;False;False;False;False;True
2025-06-08 08:00:00;-233.52541666666664;12.3;False;False;False;False;False;True;False;False;False;False;False;True
2025-06-08 09:00:00;-419.1284166666667;13.5;False;False;False;False;False;True;False;False;False;False;False;True
2025-06-08 10:00:00;-1416.2964166666668;14.4;False;False;False;False;False;True;False;False;False;False;False;True
2025-06-08 11:00:00;-1049.4834166666667;13.1;False;False;False;False;False;True;False;False;False;False;False;True
2025-06-08 12:00:00;-1876.4941666666666;12.4;False;False;False;False;False;True;False;False;False;False;False;True
2025-06-08 13:00:00;-1989.6240833333334;14.1;False;False;False;False;False;True;False;False;False;False;False;True
2025-06-08 14:00:00;-3057.1505;12.7;False;False;False;False;False;True;False;False;False;False;False;True
2025-06-08 15:00:00;-265.27025;11.6;False;False;False;False;False;True;False;False;False;False;False;True
2025-06-08 16:00:00;-261.542;12.0;False;False;False;False;False;True;False;False;False;False;False;True
2025-06-08 17:00:00;-235.51266666666666;10.1;False;False;False;False;False;True;False;False;False;False;False;True
2025-06-08 18:00:00;-756.5180833333334;10.9;False;False;False;False;False;True;False;False;False;False;False;True
2025-06-08 19:00:00;-274.936;10.1;False;False;False;False;False;True;False;False;False;False;False;True
2025-06-08 20:00:00;-716.0927499999999;8.9;False;False;False;False;False;True;False;False;False;False;False;True
2025-06-08 21:00:00;-374.0183333333334;8.4;False;False;False;False;False;True;False;False;False;False;False;True
2025-06-08 22:00:00;-713.516;7.9;False;False;False;False;False;True;False;False;False;False;False;True
2025-06-08 23:00:00;-3410.58775;7.7;False;False;False;False;False;True;False;False;False;False;False;True
2025-06-09 00:00:00;-1052.1194166666667;7.2;False;False;False;False;False;False;False;False;False;False;False;False
2025-06-09 01:00:00;-1297.9959166666665;6.6;False;False;False;False;False;False;False;False;False;False;False;False
2025-06-09 02:00:00;-1276.9409166666667;6.1;False;False;False;False;False;False;False;False;False;False;False;False
2025-06-09 03:00:00;-1227.9276666666667;6.0;False;False;False;False;False;False;False;False;False;False;False;False
2025-06-09 04:00:00;-1157.0821666666666;6.1;False;False;False;False;False;False;False;False;False;False;False;False
2025-06-09 05:00:00;-1391.8645;6.3;False;False;False;False;False;False;False;False;False;False;False;False
2025-06-09 06:00:00;-1504.3435;6.4;False;False;False;False;False;False;False;False;False;False;False;False
2025-06-09 07:00:00;-1575.5920833333332;6.6;False;False;False;False;False;False;False;False;False;False;False;False
2025-06-09 08:00:00;-1246.2140833333333;7.0;False;False;False;False;False;False;False;False;False;False;False;False
2025-06-09 09:00:00;-1223.49375;8.4;False;False;False;False;False;False;False;False;False;False;False;False
2025-06-09 10:00:00;-323.62291666666664;9.6;False;False;False;False;False;False;False;False;False;False;False;False
2025-06-09 11:00:00;-409.54808333333335;11.6;False;False;False;False;False;False;False;False;False;False;False;False
2025-06-09 12:00:00;-352.12916666666666;11.6;False;False;False;False;False;False;False;False;False;False;False;False
2025-06-09 13:00:00;-366.6769166666667;12.1;False;False;False;False;False;False;False;False;False;False;False;False
2025-06-09 14:00:00;-365.4860833333333;11.9;False;False;False;False;False;False;False;False;False;False;False;False
2025-06-09 15:00:00;-528.9525833333333;12.6;False;False;False;False;False;False;False;False;False;False;False;False
2025-06-09 16:00:00;-887.57325;12.0;False;False;False;False;False;False;False;False;False;False;False;False
2025-06-09 17:00:00;-503.9647777777778;12.1;False;False;False;False;False;False;False;False;False;False;False;False
2025-06-09 18:00:00;-509.89211111111115;11.6;False;False;False;False;False;False;False;False;False;False;False;False
2025-06-09 19:00:00;-679.4385000000001;10.8;False;False;False;False;False;False;False;False;False;False;False;False
2025-06-09 20:00:00;-604.8518333333333;8.6;False;False;False;False;False;False;False;False;False;False;False;False
2025-06-09 21:00:00;-519.0869166666666;8.5;False;False;False;False;False;False;False;False;False;False;False;False
2025-06-09 22:00:00;-402.0551666666667;9.1;False;False;False;False;False;False;False;False;False;False;False;False
2025-06-09 23:00:00;-527.6096666666666;9.2;False;False;False;False;False;False;False;False;False;False;False;False
2025-06-10 00:00:00;-3319.9831666666664;7.8;True;False;False;False;False;False;True;False;False;False;False;False
2025-06-10 01:00:00;-3152.4642499999995;7.6;True;False;False;False;False;False;True;False;False;False;False;False
2025-06-10 02:00:00;-1367.5330833333335;7.2;True;False;False;False;False;False;True;False;False;False;False;False
2025-06-10 03:00:00;-1263.4765;7.1;True;False;False;False;False;False;True;False;False;False;False;False
2025-06-10 04:00:00;-1685.9563333333333;7.0;True;False;False;False;False;False;True;False;False;False;False;False
2025-06-10 05:00:00;-1778.45175;7.6;True;False;False;False;False;False;True;False;False;False;False;False
2025-06-10 06:00:00;-321.02066666666667;9.4;True;False;False;False;False;False;True;False;False;False;False;False
2025-06-10 07:00:00;-946.5355000000001;10.9;True;False;False;False;False;False;True;False;False;False;False;False
2025-06-10 08:00:00;-415.67833333333334;11.8;True;False;False;False;False;False;True;False;False;False;False;False
2025-06-10 09:00:00;-464.16325;12.7;True;False;False;False;False;False;True;False;False;False;False;False
2025-06-10 10:00:00;-1242.7282500000001;13.9;True;False;False;False;False;False;True;False;False;False;False;False
2025-06-10 11:00:00;-949.9926666666667;14.6;True;False;False;False;False;False;True;False;False;False;False;False
2025-06-10 12:00:00;-613.2139166666667;15.7;True;False;False;False;False;False;True;False;False;False;False;False
2025-06-10 13:00:00;-539.1361666666667;15.6;True;False;False;False;False;False;True;False;False;False;False;False
2025-06-10 14:00:00;-522.7034166666666;14.9;True;False;False;False;False;False;True;False;False;False;False;False
2025-06-10 15:00:00;-454.8245;15.4;True;False;False;False;False;False;True;False;False;False;False;False
2025-06-10 16:00:00;-1125.412;16.4;True;False;False;False;False;False;True;False;False;False;False;False
2025-06-10 17:00:00;-714.4544999999999;16.5;True;False;False;False;False;False;True;False;False;False;False;False
2025-06-10 18:00:00;-464.7753333333333;14.8;True;False;False;False;False;False;True;False;False;False;False;False
2025-06-10 19:00:00;-1020.5980833333333;13.9;True;False;False;False;False;False;True;False;False;False;False;False
2025-06-10 20:00:00;-488.86308333333335;12.4;True;False;False;False;False;False;True;False;False;False;False;False
2025-06-10 21:00:00;-547.9063333333334;11.4;True;False;False;False;False;False;True;False;False;False;False;False
2025-06-10 22:00:00;-851.1905;10.4;True;False;False;False;False;False;True;False;False;False;False;False
2025-06-10 23:00:00;-3365.7305;10.3;True;False;False;False;False;False;True;False;False;False;False;False
2025-06-11 00:00:00;-3363.581583333333;10.3;False;True;False;False;False;False;False;True;False;False;False;False
2025-06-11 01:00:00;-2322.208;10.0;False;True;False;False;False;False;False;True;False;False;False;False
2025-06-11 02:00:00;-2597.886;9.6;False;True;False;False;False;False;False;True;False;False;False;False
2025-06-11 03:00:00;-1818.3576666666668;8.9;False;True;False;False;False;False;False;True;False;False;False;False
2025-06-11 04:00:00;-2091.137416666667;8.6;False;True;False;False;False;False;False;True;False;False;False;False
2025-06-11 05:00:00;-1480.9238333333333;8.4;False;True;False;False;False;False;False;True;False;False;False;False
2025-06-11 06:00:00;-1103.6711666666667;8.1;False;True;False;False;False;False;False;True;False;False;False;False
2025-06-11 07:00:00;-487.7935;8.4;False;True;False;False;False;False;False;True;False;False;False;False
2025-06-11 08:00:00;-327.6140833333333;8.8;False;True;False;False;False;False;False;True;False;False;False;False
2025-06-11 09:00:00;-897.9304999999999;10.1;False;True;False;False;False;False;False;True;False;False;False;False
2025-06-11 10:00:00;-1231.5820833333332;10.7;False;True;False;False;False;False;False;True;False;False;False;False
2025-06-11 11:00:00;-952.3486666666666;11.6;False;True;False;False;False;False;False;True;False;False;False;False
2025-06-11 12:00:00;-911.1675833333334;12.0;False;True;False;False;False;False;False;True;False;False;False;False
2025-06-11 13:00:00;-715.8919166666666;12.1;False;True;False;False;False;False;False;True;False;False;False;False
2025-06-11 14:00:00;-711.99725;11.8;False;True;False;False;False;False;False;True;False;False;False;False
2025-06-11 15:00:00;-1021.9251666666668;12.0;False;True;False;False;False;False;False;True;False;False;False;False
2025-06-11 16:00:00;-1579.167333333333;12.3;False;True;False;False;False;False;False;True;False;False;False;False
2025-06-11 17:00:00;-1036.7440833333333;12.5;False;True;False;False;False;False;False;True;False;False;False;False
2025-06-11 18:00:00;-1507.3103333333336;12.4;False;True;False;False;False;False;False;True;False;False;False;False
2025-06-11 19:00:00;-1075.2931666666666;11.4;False;True;False;False;False;False;False;True;False;False;False;False
2025-06-11 20:00:00;-851.8670000000001;9.4;False;True;False;False;False;False;False;True;False;False;False;False
2025-06-11 21:00:00;-1084.6864166666667;8.7;False;True;False;False;False;False;False;True;False;False;False;False
2025-06-11 22:00:00;-1183.1080833333333;7.8;False;True;False;False;False;False;False;True;False;False;False;False
2025-06-11 23:00:00;-3765.4030000000002;7.5;False;True;False;False;False;False;False;True;False;False;False;False
2025-06-12 00:00:00;-2281.8735;7.2;False;False;True;False;False;False;False;False;True;False;False;False
2025-06-12 01:00:00;-2105.322333333333;7.2;False;False;True;False;False;False;False;False;True;False;False;False
2025-06-12 02:00:00;-1308.12525;7.4;False;False;True;False;False;False;False;False;True;False;False;False
2025-06-12 03:00:00;-1355.4951666666666;7.0;False;False;True;False;False;False;False;False;True;False;False;False
2025-06-12 04:00:00;-1896.6287499999999;6.8;False;False;True;False;False;False;False;False;True;False;False;False
2025-06-12 05:00:00;-1219.1425;8.8;False;False;True;False;False;False;False;False;True;False;False;False
2025-06-12 06:00:00;-925.2645000000001;11.4;False;False;True;False;False;False;False;False;True;False;False;False
2025-06-12 07:00:00;-365.50758333333334;12.9;False;False;True;False;False;False;False;False;True;False;False;False
2025-06-12 08:00:00;-356.17883333333333;14.1;False;False;True;False;False;False;False;False;True;False;False;False
2025-06-12 09:00:00;-771.2225;15.1;False;False;True;False;False;False;False;False;True;False;False;False
2025-06-12 10:00:00;-1071.9831666666666;16.0;False;False;True;False;False;False;False;False;True;False;False;False
2025-06-12 11:00:00;-588.6775;16.9;False;False;True;False;False;False;False;False;True;False;False;False
2025-06-12 12:00:00;-832.6646666666667;17.8;False;False;True;False;False;False;False;False;True;False;False;False
2025-06-12 13:00:00;-978.8376666666667;18.0;False;False;True;False;False;False;False;False;True;False;False;False
2025-06-12 14:00:00;-1205.0574166666668;17.8;False;False;True;False;False;False;False;False;True;False;False;False
2025-06-12 15:00:00;-1126.4575;18.0;False;False;True;False;False;False;False;False;True;False;False;False
2025-06-12 16:00:00;-1197.15525;17.5;False;False;True;False;False;False;False;False;True;False;False;False
2025-06-12 17:00:00;-2683.5394166666665;17.0;False;False;True;False;False;False;False;False;True;False;False;False
2025-06-12 18:00:00;-1025.9686666666666;16.0;False;False;True;False;False;False;False;False;True;False;False;False
2025-06-12 19:00:00;-630.95125;14.4;False;False;True;False;False;False;False;False;True;False;False;False
2025-06-12 20:00:00;-848.4446666666666;12.1;False;False;True;False;False;False;False;False;True;False;False;False
2025-06-12 21:00:00;-783.9192499999999;10.9;False;False;True;False;False;False;False;False;True;False;False;False
2025-06-12 22:00:00;-506.786;10.5;False;False;True;False;False;False;False;False;True;False;False;False
2025-06-12 23:00:00;-706.248;9.9;False;False;True;False;False;False;False;False;True;False;False;False
2025-06-13 00:00:00;-2071.56275;9.9;False;False;False;True;False;False;False;False;False;True;False;False
2025-06-13 01:00:00;-2508.376583333333;9.6;False;False;False;True;False;False;False;False;False;True;False;False
2025-06-13 02:00:00;-1614.70625;9.6;False;False;False;True;False;False;False;False;False;True;False;False
2025-06-13 03:00:00;-1391.5145;8.8;False;False;False;True;False;False;False;False;False;True;False;False
2025-06-13 04:00:00;-1759.5109166666668;7.7;False;False;False;True;False;False;False;False;False;True;False;False
2025-06-13 05:00:00;-1707.8799166666668;8.8;False;False;False;True;False;False;False;False;False;True;False;False
2025-06-13 06:00:00;-982.1806666666666;12.2;False;False;False;True;False;False;False;False;False;True;False;False
2025-06-13 07:00:00;-348.52908333333335;15.0;False;False;False;True;False;False;False;False;False;True;False;False
2025-06-13 08:00:00;-364.92058333333335;15.9;False;False;False;True;False;False;False;False;False;True;False;False
2025-06-13 09:00:00;-767.782;16.8;False;False;False;True;False;False;False;False;False;True;False;False
2025-06-13 10:00:00;-822.7053333333333;17.7;False;False;False;True;False;False;False;False;False;True;False;False
2025-06-13 11:00:00;-438.5995833333333;18.5;False;False;False;True;False;False;False;False;False;True;False;False
2025-06-13 12:00:00;-534.119;19.2;False;False;False;True;False;False;False;False;False;True;False;False
2025-06-13 13:00:00;-547.103;19.8;False;False;False;True;False;False;False;False;False;True;False;False
2025-06-13 14:00:00;-479.94233333333335;19.8;False;False;False;True;False;False;False;False;False;True;False;False
2025-06-13 15:00:00;-581.1023333333334;19.9;False;False;False;True;False;False;False;False;False;True;False;False
2025-06-13 16:00:00;-599.5861666666666;19.8;False;False;False;True;False;False;False;False;False;True;False;False
2025-06-13 17:00:00;-2512.3454166666666;19.0;False;False;False;True;False;False;False;False;False;True;False;False
2025-06-13 18:00:00;-915.5050833333333;17.8;False;False;False;True;False;False;False;False;False;True;False;False
2025-06-13 19:00:00;-625.5811666666667;16.1;False;False;False;True;False;False;False;False;False;True;False;False
2025-06-13 20:00:00;-917.41775;13.1;False;False;False;True;False;False;False;False;False;True;False;False
2025-06-13 21:00:00;-1454.2738333333334;11.5;False;False;False;True;False;False;False;False;False;True;False;False
2025-06-13 22:00:00;-402.1305;10.4;False;False;False;True;False;False;False;False;False;True;False;False
2025-06-13 23:00:00;-3594.94;9.7;False;False;False;True;False;False;False;False;False;True;False;False
2025-06-14 00:00:00;-3657.918333333333;9.2;False;False;False;False;True;False;False;False;False;False;True;False
2025-06-14 01:00:00;-2328.09825;9.1;False;False;False;False;True;False;False;False;False;False;True;False
2025-06-14 02:00:00;-1905.5739166666665;9.6;False;False;False;False;True;False;False;False;False;False;True;False
2025-06-14 03:00:00;-1792.1436666666666;9.4;False;False;False;False;True;False;False;False;False;False;True;False
2025-06-14 04:00:00;-1730.2396666666666;9.4;False;False;False;False;True;False;False;False;False;False;True;False
2025-06-14 05:00:00;-1077.52875;10.9;False;False;False;False;True;False;False;False;False;False;True;False
2025-06-14 06:00:00;-284.01075;13.1;False;False;False;False;True;False;False;False;False;False;True;False
2025-06-14 07:00:00;-258.5903333333333;15.4;False;False;False;False;True;False;False;False;False;False;True;False
2025-06-14 08:00:00;-323.49241666666666;16.8;False;False;False;False;True;False;False;False;False;False;True;False
2025-06-14 09:00:00;-267.3494166666667;18.1;False;False;False;False;True;False;False;False;False;False;True;False
2025-06-14 10:00:00;-297.24058333333335;19.3;False;False;False;False;True;False;False;False;False;False;True;False
2025-06-14 11:00:00;-375.3441666666667;20.6;False;False;False;False;True;False;False;False;False;False;True;False
2025-06-14 12:00:00;-318.84;21.5;False;False;False;False;True;False;False;False;False;False;True;False
2025-06-14 13:00:00;-294.0536666666667;21.9;False;False;False;False;True;False;False;False;False;False;True;False
2025-06-14 14:00:00;-255.66316666666668;22.0;False;False;False;False;True;False;False;False;False;False;True;False
2025-06-14 15:00:00;-240.67549999999997;21.7;False;False;False;False;True;False;False;False;False;False;True;False
2025-06-14 16:00:00;-250.35283333333334;21.5;False;False;False;False;True;False;False;False;False;False;True;False
2025-06-14 17:00:00;-296.99825;20.9;False;False;False;False;True;False;False;False;False;False;True;False
2025-06-14 18:00:00;-1378.2045833333334;19.9;False;False;False;False;True;False;False;False;False;False;True;False
2025-06-14 19:00:00;-441.1020833333334;18.1;False;False;False;False;True;False;False;False;False;False;True;False
2025-06-14 20:00:00;-249.93383333333335;16.1;False;False;False;False;True;False;False;False;False;False;True;False
2025-06-14 21:00:00;-316.3175;15.2;False;False;False;False;True;False;False;False;False;False;True;False
2025-06-14 22:00:00;-561.59725;14.6;False;False;False;False;True;False;False;False;False;False;True;False
2025-06-14 23:00:00;-885.3933333333333;14.2;False;False;False;False;True;False;False;False;False;False;True;False
2025-06-15 00:00:00;-1950.1503636363634;14.4;False;False;False;False;False;True;False;False;False;False;False;True
2025-06-15 01:00:00;-3681.5658333333336;14.2;False;False;False;False;False;True;False;False;False;False;False;True
2025-06-15 02:00:00;-544.9874166666667;13.9;False;False;False;False;False;True;False;False;False;False;False;True
2025-06-15 03:00:00;-501.51641666666666;14.1;False;False;False;False;False;True;False;False;False;False;False;True
2025-06-15 04:00:00;-1117.2385000000002;13.8;False;False;False;False;False;True;False;False;False;False;False;True
2025-06-15 05:00:00;-336.838;14.4;False;False;False;False;False;True;False;False;False;False;False;True
2025-06-15 06:00:00;-326.22166666666664;15.9;False;False;False;False;False;True;False;False;False;False;False;True
2025-06-15 07:00:00;-373.21658333333335;17.5;False;False;False;False;False;True;False;False;False;False;False;True
2025-06-15 08:00:00;-311.46791666666667;18.6;False;False;False;False;False;True;False;False;False;False;False;True
2025-06-15 09:00:00;-304.3500833333333;20.4;False;False;False;False;False;True;False;False;False;False;False;True
2025-06-15 10:00:00;-333.90125;21.8;False;False;False;False;False;True;False;False;False;False;False;True
2025-06-15 11:00:00;-332.71616666666665;22.8;False;False;False;False;False;True;False;False;False;False;False;True
2025-06-15 12:00:00;-500.13550000000004;23.7;False;False;False;False;False;True;False;False;False;False;False;True
2025-06-15 13:00:00;-379.82825;24.5;False;False;False;False;False;True;False;False;False;False;False;True
2025-06-15 14:00:00;-303.93725;24.5;False;False;False;False;False;True;False;False;False;False;False;True
2025-06-15 15:00:00;-277.73016666666666;24.4;False;False;False;False;False;True;False;False;False;False;False;True
2025-06-15 16:00:00;-399.71125;23.8;False;False;False;False;False;True;False;False;False;False;False;True
2025-06-15 17:00:00;-2483.213416666667;23.4;False;False;False;False;False;True;False;False;False;False;False;True
2025-06-15 18:00:00;-992.1160833333333;22.4;False;False;False;False;False;True;False;False;False;False;False;True
2025-06-15 19:00:00;-572.6895000000001;19.8;False;False;False;False;False;True;False;False;False;False;False;True
2025-06-15 20:00:00;-433.96925000000005;18.2;False;False;False;False;False;True;False;False;False;False;False;True
2025-06-15 21:00:00;-492.24050000000005;17.1;False;False;False;False;False;True;False;False;False;False;False;True
2025-06-15 22:00:00;-318.1504166666667;16.7;False;False;False;False;False;True;False;False;False;False;False;True
2025-06-15 23:00:00;-408.27866666666665;16.8;False;False;False;False;False;True;False;False;False;False;False;True
2025-06-16 00:00:00;-774.64225;16.8;False;False;False;False;False;False;False;False;False;False;False;False
2025-06-16 01:00:00;-879.1955000000002;16.1;False;False;False;False;False;False;False;False;False;False;False;False
2025-06-16 02:00:00;-2938.4775833333333;15.4;False;False;False;False;False;False;False;False;False;False;False;False
2025-06-16 03:00:00;-1651.6355;14.4;False;False;False;False;False;False;False;False;False;False;False;False
2025-06-16 04:00:00;-1641.1883333333333;13.1;False;False;False;False;False;False;False;False;False;False;False;False
2025-06-16 05:00:00;-497.8471666666667;12.4;False;False;False;False;False;False;False;False;False;False;False;False
2025-06-16 06:00:00;-1262.3726666666666;12.1;False;False;False;False;False;False;False;False;False;False;False;False
2025-06-16 07:00:00;-645.3135;12.0;False;False;False;False;False;False;False;False;False;False;False;False
2025-06-16 08:00:00;-1113.98375;11.9;False;False;False;False;False;False;False;False;False;False;False;False
2025-06-16 09:00:00;-667.5758333333333;11.8;False;False;False;False;False;False;False;False;False;False;False;False
2025-06-16 10:00:00;-1664.99925;11.7;False;False;False;False;False;False;False;False;False;False;False;False
2025-06-16 11:00:00;-591.907;11.5;False;False;False;False;False;False;False;False;False;False;False;False
2025-06-16 12:00:00;-857.6421666666665;12.1;False;False;False;False;False;False;False;False;False;False;False;False
2025-06-16 13:00:00;-2273.8855;13.4;False;False;False;False;False;False;False;False;False;False;False;False
2025-06-16 14:00:00;-2593.8415833333333;13.4;False;False;False;False;False;False;False;False;False;False;False;False
2025-06-16 15:00:00;-370.8899166666667;13.2;False;False;False;False;False;False;False;False;False;False;False;False
2025-06-16 16:00:00;-405.44;13.9;False;False;False;False;False;False;False;False;False;False;False;False
2025-06-16 17:00:00;-484.2015;13.6;False;False;False;False;False;False;False;False;False;False;False;False
2025-06-16 18:00:00;-463.12850000000003;13.6;False;False;False;False;False;False;False;False;False;False;False;False
2025-06-16 19:00:00;-1193.18575;13.4;False;False;False;False;False;False;False;False;False;False;False;False
2025-06-16 20:00:00;-792.95525;12.7;False;False;False;False;False;False;False;False;False;False;False;False
2025-06-16 21:00:00;-683.32775;12.1;False;False;False;False;False;False;False;False;False;False;False;False
2025-06-16 22:00:00;-819.8025;11.9;False;False;False;False;False;False;False;False;False;False;False;False
2025-06-16 23:00:00;-612.7785;11.4;False;False;False;False;False;False;False;False;False;False;False;False
2025-06-17 00:00:00;-3262.462;11.1;True;False;False;False;False;False;True;False;False;False;False;False
2025-06-17 01:00:00;-1043.568;10.9;True;False;False;False;False;False;True;False;False;False;False;False
2025-06-17 02:00:00;-1348.05775;10.6;True;False;False;False;False;False;True;False;False;False;False;False
2025-06-17 03:00:00;-1179.591;10.1;True;False;False;False;False;False;True;False;False;False;False;False
2025-06-17 04:00:00;-492.78425;10.0;True;False;False;False;False;False;True;False;False;False;False;False
2025-06-17 05:00:00;-1070.10175;10.9;True;False;False;False;False;False;True;False;False;False;False;False
2025-06-17 06:00:00;-1480.31825;12.3;True;False;False;False;False;False;True;False;False;False;False;False
2025-06-17 07:00:00;-611.2565;13.4;True;False;False;False;False;False;True;False;False;False;False;False
2025-06-17 08:00:00;-369.38750000000005;14.6;True;False;False;False;False;False;True;False;False;False;False;False
2025-06-17 09:00:00;-341.2375;15.6;True;False;False;False;False;False;True;False;False;False;False;False
2025-06-17 10:00:00;-345.605;16.5;True;False;False;False;False;False;True;False;False;False;False;False
2025-06-17 11:00:00;-383.64824999999996;17.6;True;False;False;False;False;False;True;False;False;False;False;False
2025-06-17 12:00:00;-574.5935;18.0;True;False;False;False;False;False;True;False;False;False;False;False
2025-06-17 13:00:00;-479.866;18.0;True;False;False;False;False;False;True;False;False;False;False;False
2025-06-17 14:00:00;-418.73924999999997;18.5;True;False;False;False;False;False;True;False;False;False;False;False
2025-06-17 15:00:00;-354.41025;18.4;True;False;False;False;False;False;True;False;False;False;False;False
2025-06-17 16:00:00;-3198.1405;18.3;True;False;False;False;False;False;True;False;False;False;False;False
2025-06-17 17:00:00;-3338.49375;18.5;True;False;False;False;False;False;True;False;False;False;False;False
2025-06-17 18:00:00;-1282.90675;17.6;True;False;False;False;False;False;True;False;False;False;False;False
2025-06-17 19:00:00;-596.7055;16.4;True;False;False;False;False;False;True;False;False;False;False;False
2025-06-17 20:00:00;-474.4895;14.4;True;False;False;False;False;False;True;False;False;False;False;False
2025-06-17 21:00:00;-822.0595;13.3;True;False;False;False;False;False;True;False;False;False;False;False
2025-06-17 22:00:00;-798.4975;13.2;True;False;False;False;False;False;True;False;False;False;False;False
2025-06-17 23:00:00;-713.614;13.4;True;False;False;False;False;False;True;False;False;False;False;False
2025-06-18 00:00:00;-1805.6145000000001;13.4;False;True;False;False;False;False;False;True;False;False;False;False
2025-06-18 01:00:00;-3462.5925;13.6;False;True;False;False;False;False;False;True;False;False;False;False
2025-06-18 02:00:00;-2106.672;13.8;False;True;False;False;False;False;False;True;False;False;False;False
2025-06-18 03:00:00;-1896.443;13.8;False;True;False;False;False;False;False;True;False;False;False;False
2025-06-18 04:00:00;-1679.1467499999999;12.1;False;True;False;False;False;False;False;True;False;False;False;False
2025-06-18 05:00:00;-1654.0695;13.2;False;True;False;False;False;False;False;True;False;False;False;False
2025-06-18 06:00:00;-540.713;14.9;False;True;False;False;False;False;False;True;False;False;False;False
2025-06-18 07:00:00;-434.3615;16.7;False;True;False;False;False;False;False;True;False;False;False;False
2025-06-18 08:00:00;-357.239;18.1;False;True;False;False;False;False;False;True;False;False;False;False
2025-06-18 09:00:00;-359.82550000000003;19.2;False;True;False;False;False;False;False;True;False;False;False;False
2025-06-18 10:00:00;-2324.88875;20.0;False;True;False;False;False;False;False;True;False;False;False;False
2025-06-18 11:00:00;-1649.6485;21.0;False;True;False;False;False;False;False;True;False;False;False;False
2025-06-18 12:00:00;-620.48025;21.0;False;True;False;False;False;False;False;True;False;False;False;False
2025-06-18 13:00:00;-502.45025;21.2;False;True;False;False;False;False;False;True;False;False;False;False
2025-06-18 14:00:00;-396.2035;21.0;False;True;False;False;False;False;False;True;False;False;False;False
2025-06-18 15:00:00;-3391.9092499999997;21.1;False;True;False;False;False;False;False;True;False;False;False;False
2025-06-18 16:00:00;-2723.10275;21.1;False;True;False;False;False;False;False;True;False;False;False;False
2025-06-18 17:00:00;-2614.06975;20.4;False;True;False;False;False;False;False;True;False;False;False;False
2025-06-18 18:00:00;-906.62575;19.6;False;True;False;False;False;False;False;True;False;False;False;False
2025-06-18 19:00:00;-1379.30775;18.5;False;True;False;False;False;False;False;True;False;False;False;False
2025-06-18 20:00:00;-584.033;16.8;False;True;False;False;False;False;False;True;False;False;False;False
2025-06-18 21:00:00;-348.94775;16.6;False;True;False;False;False;False;False;True;False;False;False;False
2025-06-18 22:00:00;-319.842;16.2;False;True;False;False;False;False;False;True;False;False;False;False
2025-06-18 23:00:00;-360.47325;14.9;False;True;False;False;False;False;False;True;False;False;False;False
2025-06-19 00:00:00;-2525.228;13.6;False;False;True;False;False;False;False;False;True;False;False;False
2025-06-19 01:00:00;-2471.8855;13.1;False;False;True;False;False;False;False;False;True;False;False;False
2025-06-19 02:00:00;-1758.76775;13.9;False;False;True;False;False;False;False;False;True;False;False;False
2025-06-19 03:00:00;-1726.075;15.2;False;False;True;False;False;False;False;False;True;False;False;False
2025-06-19 04:00:00;-1651.6185;14.9;False;False;True;False;False;False;False;False;True;False;False;False
2025-06-19 05:00:00;-604.928;14.6;False;False;True;False;False;False;False;False;True;False;False;False
2025-06-19 06:00:00;-349.71125;14.9;False;False;True;False;False;False;False;False;True;False;False;False
2025-06-19 07:00:00;-446.48699999999997;15.2;False;False;True;False;False;False;False;False;True;False;False;False
2025-06-19 08:00:00;-347.592;15.4;False;False;True;False;False;False;False;False;True;False;False;False
2025-06-19 09:00:00;-379.50374999999997;15.0;False;False;True;False;False;False;False;False;True;False;False;False
2025-06-19 10:00:00;-885.0967499999999;15.4;False;False;True;False;False;False;False;False;True;False;False;False
2025-06-19 11:00:00;-453.92949999999996;16.9;False;False;True;False;False;False;False;False;True;False;False;False
2025-06-19 12:00:00;-634.76275;17.0;False;False;True;False;False;False;False;False;True;False;False;False
2025-06-19 13:00:00;-581.95975;17.0;False;False;True;False;False;False;False;False;True;False;False;False
2025-06-19 14:00:00;-755.85125;16.8;False;False;True;False;False;False;False;False;True;False;False;False
2025-06-19 15:00:00;-967.9395;16.9;False;False;True;False;False;False;False;False;True;False;False;False
2025-06-19 16:00:00;-1164.5855000000001;16.8;False;False;True;False;False;False;False;False;True;False;False;False
2025-06-19 17:00:00;-2995.03925;16.2;False;False;True;False;False;False;False;False;True;False;False;False
2025-06-19 18:00:00;-1928.6825;15.2;False;False;True;False;False;False;False;False;True;False;False;False
2025-06-19 19:00:00;-668.43775;14.5;False;False;True;False;False;False;False;False;True;False;False;False
2025-06-19 20:00:00;-812.67475;13.2;False;False;True;False;False;False;False;False;True;False;False;False
2025-06-19 21:00:00;-1071.02325;12.4;False;False;True;False;False;False;False;False;True;False;False;False
2025-06-19 22:00:00;-715.491;11.8;False;False;True;False;False;False;False;False;True;False;False;False
2025-06-19 23:00:00;-265.1255;10.9;False;False;True;False;False;False;False;False;True;False;False;False
2025-06-20 00:00:00;-1543.94925;10.2;False;False;False;True;False;False;False;False;False;True;False;False
2025-06-20 01:00:00;-1342.554;9.9;False;False;False;True;False;False;False;False;False;True;False;False
2025-06-20 02:00:00;-1218.2694999999999;9.4;False;False;False;True;False;False;False;False;False;True;False;False
2025-06-20 03:00:00;-1114.27775;8.7;False;False;False;True;False;False;False;False;False;True;False;False
2025-06-20 04:00:00;-1034.19775;8.4;False;False;False;True;False;False;False;False;False;True;False;False
2025-06-20 05:00:00;-800.70425;9.2;False;False;False;True;False;False;False;False;False;True;False;False
2025-06-20 06:00:00;-637.2760000000001;10.6;False;False;False;True;False;False;False;False;False;True;False;False
2025-06-20 07:00:00;-460.473;11.6;False;False;False;True;False;False;False;False;False;True;False;False
2025-06-20 08:00:00;-332.68275;12.4;False;False;False;True;False;False;False;False;False;True;False;False
2025-06-20 09:00:00;-447.9475;13.1;False;False;False;True;False;False;False;False;False;True;False;False
2025-06-20 10:00:00;-604.84125;14.1;False;False;False;True;False;False;False;False;False;True;False;False
2025-06-20 11:00:00;-545.624;14.8;False;False;False;True;False;False;False;False;False;True;False;False
2025-06-20 12:00:00;-482.42225;15.6;False;False;False;True;False;False;False;False;False;True;False;False
2025-06-20 13:00:00;-838.8499999999999;16.2;False;False;False;True;False;False;False;False;False;True;False;False
2025-06-20 14:00:00;-1330.0655;16.6;False;False;False;True;False;False;False;False;False;True;False;False
2025-06-20 15:00:00;-1025.5895;17.0;False;False;False;True;False;False;False;False;False;True;False;False
2025-06-20 16:00:00;-1678.66625;16.9;False;False;False;True;False;False;False;False;False;True;False;False
2025-06-20 17:00:00;-2072.40075;16.5;False;False;False;True;False;False;False;False;False;True;False;False
2025-06-20 18:00:00;-1785.9565;15.0;False;False;False;True;False;False;False;False;False;True;False;False
2025-06-20 19:00:00;-615.766;14.0;False;False;False;True;False;False;False;False;False;True;False;False
2025-06-20 20:00:00;-597.2384999999999;12.3;False;False;False;True;False;False;False;False;False;True;False;False
2025-06-20 21:00:00;-472.92449999999997;11.4;False;False;False;True;False;False;False;False;False;True;False;False
2025-06-20 22:00:00;-1185.29325;11.5;False;False;False;True;False;False;False;False;False;True;False;False
2025-06-20 23:00:00;-766.33475;11.1;False;False;False;True;False;False;False;False;False;True;False;False
2025-06-21 00:00:00;-2638.78775;9.9;False;False;False;False;True;False;False;False;False;False;True;False
2025-06-21 01:00:00;-3723.21375;8.6;False;False;False;False;True;False;False;False;False;False;True;False
2025-06-21 02:00:00;-933.823;8.7;False;False;False;False;True;False;False;False;False;False;True;False
2025-06-21 03:00:00;-878.15075;9.5;False;False;False;False;True;False;False;False;False;False;True;False
2025-06-21 04:00:00;-1032.914;9.6;False;False;False;False;True;False;False;False;False;False;True;False
2025-06-21 05:00:00;-1022.12925;10.7;False;False;False;False;True;False;False;False;False;False;True;False
2025-06-21 06:00:00;-1101.74975;12.4;False;False;False;False;True;False;False;False;False;False;True;False
2025-06-21 07:00:00;-257.48425;13.6;False;False;False;False;True;False;False;False;False;False;True;False
2025-06-21 08:00:00;-233.0075;14.7;False;False;False;False;True;False;False;False;False;False;True;False
2025-06-21 09:00:00;-317.18674999999996;15.6;False;False;False;False;True;False;False;False;False;False;True;False
2025-06-21 10:00:00;-939.22325;16.5;False;False;False;False;True;False;False;False;False;False;True;False
2025-06-21 11:00:00;-556.1632500000001;17.5;False;False;False;False;True;False;False;False;False;False;True;False
2025-06-21 12:00:00;-657.1445;18.4;False;False;False;False;True;False;False;False;False;False;True;False
2025-06-21 13:00:00;-925.7339999999999;19.1;False;False;False;False;True;False;False;False;False;False;True;False
2025-06-21 14:00:00;-951.08775;19.2;False;False;False;False;True;False;False;False;False;False;True;False
2025-06-21 15:00:00;-1117.938;19.2;False;False;False;False;True;False;False;False;False;False;True;False
2025-06-21 16:00:00;-691.202;19.5;False;False;False;False;True;False;False;False;False;False;True;False
2025-06-21 17:00:00;-2245.41825;19.1;False;False;False;False;True;False;False;False;False;False;True;False
2025-06-21 18:00:00;-1498.452;18.4;False;False;False;False;True;False;False;False;False;False;True;False
2025-06-21 19:00:00;-622.8675000000001;16.6;False;False;False;False;True;False;False;False;False;False;True;False
2025-06-21 20:00:00;-685.3125;14.9;False;False;False;False;True;False;False;False;False;False;True;False
2025-06-21 21:00:00;-640.759;14.3;False;False;False;False;True;False;False;False;False;False;True;False
2025-06-21 22:00:00;-448.19075;14.9;False;False;False;False;True;False;False;False;False;False;True;False
2025-06-21 23:00:00;-2089.43725;14.8;False;False;False;False;True;False;False;False;False;False;True;False
2025-06-22 00:00:00;-2458.41525;14.1;False;False;False;False;False;True;False;False;False;False;False;True
2025-06-22 01:00:00;-2593.4612500000003;13.9;False;False;False;False;False;True;False;False;False;False;False;True
2025-06-22 02:00:00;-1976.1770000000001;14.4;False;False;False;False;False;True;False;False;False;False;False;True
2025-06-22 03:00:00;-1701.81575;13.5;False;False;False;False;False;True;False;False;False;False;False;True
2025-06-22 04:00:00;-650.15175;12.4;False;False;False;False;False;True;False;False;False;False;False;True
2025-06-22 05:00:00;-1152.58875;13.1;False;False;False;False;False;True;False;False;False;False;False;True
2025-06-22 06:00:00;-275.83125;14.9;False;False;False;False;False;True;False;False;False;False;False;True
2025-06-22 07:00:00;-265.7145;17.2;False;False;False;False;False;True;False;False;False;False;False;True
2025-06-22 08:00:00;-305.7965;18.8;False;False;False;False;False;True;False;False;False;False;False;True
2025-06-22 09:00:00;-463.59250000000003;20.0;False;False;False;False;False;True;False;False;False;False;False;True
2025-06-22 10:00:00;-3512.2799999999997;20.9;False;False;False;False;False;True;False;False;False;False;False;True
2025-06-22 11:00:00;-4861.77975;21.5;False;False;False;False;False;True;False;False;False;False;False;True
2025-06-22 12:00:00;-4920.0605;22.0;False;False;False;False;False;True;False;False;False;False;False;True
2025-06-22 13:00:00;-1831.173;22.5;False;False;False;False;False;True;False;False;False;False;False;True
2025-06-22 14:00:00;-328.08375;22.9;False;False;False;False;False;True;False;False;False;False;False;True
2025-06-22 15:00:00;-382.12675;23.0;False;False;False;False;False;True;False;False;False;False;False;True
2025-06-22 16:00:00;-773.54375;22.9;False;False;False;False;False;True;False;False;False;False;False;True
2025-06-22 17:00:00;-831.68525;22.2;False;False;False;False;False;True;False;False;False;False;False;True
2025-06-22 18:00:00;-1245.8385;21.2;False;False;False;False;False;True;False;False;False;False;False;True
2025-06-22 19:00:00;-498.76425;19.5;False;False;False;False;False;True;False;False;False;False;False;True
2025-06-22 20:00:00;-539.33725;18.4;False;False;False;False;False;True;False;False;False;False;False;True
2025-06-22 21:00:00;-327.5575;18.5;False;False;False;False;False;True;False;False;False;False;False;True
2025-06-22 22:00:00;-611.067;18.1;False;False;False;False;False;True;False;False;False;False;False;True
2025-06-22 23:00:00;-1827.70075;17.2;False;False;False;False;False;True;False;False;False;False;False;True
2025-06-23 00:00:00;-2013.68875;16.2;False;False;False;False;False;False;False;False;False;False;False;False
2025-06-23 01:00:00;-1497.943;15.8;False;False;False;False;False;False;False;False;False;False;False;False
2025-06-23 02:00:00;-575.852;15.4;False;False;False;False;False;False;False;False;False;False;False;False
2025-06-23 03:00:00;-1312.85725;14.8;False;False;False;False;False;False;False;False;False;False;False;False
2025-06-23 04:00:00;-538.2737500000001;14.4;False;False;False;False;False;False;False;False;False;False;False;False
2025-06-23 05:00:00;-448.661;15.4;False;False;False;False;False;False;False;False;False;False;False;False
2025-06-23 06:00:00;-294.379;16.8;False;False;False;False;False;False;False;False;False;False;False;False
2025-06-23 07:00:00;-355.2415;17.4;False;False;False;False;False;False;False;False;False;False;False;False
2025-06-23 08:00:00;-302.967;19.5;False;False;False;False;False;False;False;False;False;False;False;False
2025-06-23 09:00:00;-1520.88775;20.0;False;False;False;False;False;False;False;False;False;False;False;False
2025-06-23 10:00:00;-939.94175;21.6;False;False;False;False;False;False;False;False;False;False;False;False
2025-06-23 11:00:00;-668.6492499999999;22.6;False;False;False;False;False;False;False;False;False;False;False;False
2025-06-23 12:00:00;-694.17975;23.8;False;False;False;False;False;False;False;False;False;False;False;False
2025-06-23 13:00:00;-2766.465;23.8;False;False;False;False;False;False;False;False;False;False;False;False
2025-06-23 14:00:00;-3044.80325;21.8;False;False;False;False;False;False;False;False;False;False;False;False
2025-06-23 15:00:00;-1491.671;23.5;False;False;False;False;False;False;False;False;False;False;False;False
2025-06-23 16:00:00;-820.82425;21.2;False;False;False;False;False;False;False;False;False;False;False;False
2025-06-23 17:00:00;-1263.7855;18.0;False;False;False;False;False;False;False;False;False;False;False;False
2025-06-23 18:00:00;-1262.0795;17.8;False;False;False;False;False;False;False;False;False;False;False;False
2025-06-23 19:00:00;-889.01075;16.0;False;False;False;False;False;False;False;False;False;False;False;False
2025-06-23 20:00:00;-1140.925;15.1;False;False;False;False;False;False;False;False;False;False;False;False
2025-06-23 21:00:00;-1858.5527499999998;14.4;False;False;False;False;False;False;False;False;False;False;False;False
2025-06-23 22:00:00;-3007.9835;13.4;False;False;False;False;False;False;False;False;False;False;False;False
2025-06-23 23:00:00;-771.0395;12.6;False;False;False;False;False;False;False;False;False;False;False;False
2025-06-24 00:00:00;-1514.0295;12.4;True;False;False;False;False;False;True;False;False;False;False;False
2025-06-24 01:00:00;-632.63625;12.4;True;False;False;False;False;False;True;False;False;False;False;False
2025-06-24 02:00:00;-1254.25;10.1;True;False;False;False;False;False;True;False;False;False;False;False
2025-06-24 03:00:00;-1214.5342500000002;10.1;True;False;False;False;False;False;True;False;False;False;False;False
2025-06-24 04:00:00;-532.96875;9.6;True;False;False;False;False;False;True;False;False;False;False;False
2025-06-24 05:00:00;-1011.5577499999999;10.2;True;False;False;False;False;False;True;False;False;False;False;False
2025-06-24 06:00:00;-293.06075;11.8;True;False;False;False;False;False;True;False;False;False;False;False
2025-06-24 07:00:00;-299.74875;12.6;True;False;False;False;False;False;True;False;False;False;False;False
2025-06-24 08:00:00;-603.7887499999999;13.6;True;False;False;False;False;False;True;False;False;False;False;False
2025-06-24 09:00:00;-1155.5439999999999;14.6;True;False;False;False;False;False;True;False;False;False;False;False
2025-06-24 10:00:00;-1134.258;15.4;True;False;False;False;False;False;True;False;False;False;False;False
2025-06-24 11:00:00;-3438.6065;16.0;True;False;False;False;False;False;True;False;False;False;False;False
2025-06-24 12:00:00;-3738.99425;17.2;True;False;False;False;False;False;True;False;False;False;False;False
2025-06-24 13:00:00;-3914.1345;18.1;True;False;False;False;False;False;True;False;False;False;False;False
2025-06-24 14:00:00;-3975.258;18.6;True;False;False;False;False;False;True;False;False;False;False;False
2025-06-24 15:00:00;-2589.5170000000003;18.5;True;False;False;False;False;False;True;False;False;False;False;False
2025-06-24 16:00:00;-1859.36875;19.1;True;False;False;False;False;False;True;False;False;False;False;False
2025-06-24 17:00:00;-1936.1519999999998;17.8;True;False;False;False;False;False;True;False;False;False;False;False
2025-06-24 18:00:00;-684.6125;18.0;True;False;False;False;False;False;True;False;False;False;False;False
2025-06-24 19:00:00;-521.409;15.9;True;False;False;False;False;False;True;False;False;False;False;False
2025-06-24 20:00:00;-506.7584090909091;15.7;True;False;False;False;False;False;True;False;False;False;False;False
2025-06-24 21:00:00;-492.1078181818182;14.6;True;False;False;False;False;False;True;False;False;False;False;False
2025-06-24 22:00:00;-477.45722727272727;14.2;True;False;False;False;False;False;True;False;False;False;False;False
2025-06-24 23:00:00;-462.80663636363636;15.3;True;False;False;False;False;False;True;False;False;False;False;False
2025-06-25 00:00:00;-448.15604545454545;15.9;False;True;False;False;False;False;False;True;False;False;False;False
2025-06-25 01:00:00;-433.50545454545454;15.9;False;True;False;False;False;False;False;True;False;False;False;False
2025-06-25 02:00:00;-418.85486363636363;14.4;False;True;False;False;False;False;False;True;False;False;False;False
2025-06-25 03:00:00;-404.2042727272727;13.8;False;True;False;False;False;False;False;True;False;False;False;False
2025-06-25 04:00:00;-389.5536818181818;12.9;False;True;False;False;False;False;False;True;False;False;False;False
2025-06-25 05:00:00;-374.9030909090909;13.5;False;True;False;False;False;False;False;True;False;False;False;False
2025-06-25 06:00:00;-360.2525;15.3;False;True;False;False;False;False;False;True;False;False;False;False
2025-06-25 07:00:00;-319.7095;15.9;False;True;False;False;False;False;False;True;False;False;False;False
2025-06-25 08:00:00;-290.26975;17.1;False;True;False;False;False;False;False;True;False;False;False;False
2025-06-25 09:00:00;-1068.961;18.4;False;True;False;False;False;False;False;True;False;False;False;False
2025-06-25 10:00:00;-670.1202499999999;19.7;False;True;False;False;False;False;False;True;False;False;False;False
2025-06-25 11:00:00;-505.50525;21.0;False;True;False;False;False;False;False;True;False;False;False;False
2025-06-25 12:00:00;-3033.1055;21.7;False;True;False;False;False;False;False;True;False;False;False;False
2025-06-25 13:00:00;-3620.9755;22.3;False;True;False;False;False;False;False;True;False;False;False;False
2025-06-25 14:00:00;-2890.866;22.8;False;True;False;False;False;False;False;True;False;False;False;False
2025-06-25 15:00:00;-4127.29225;22.8;False;True;False;False;False;False;False;True;False;False;False;False
2025-06-25 16:00:00;-3657.0595;22.6;False;True;False;False;False;False;False;True;False;False;False;False
2025-06-25 17:00:00;-2120.4785;22.0;False;True;False;False;False;False;False;True;False;False;False;False
2025-06-25 18:00:00;-1691.8645000000001;21.0;False;True;False;False;False;False;False;True;False;False;False;False
2025-06-25 19:00:00;-467.80199999999996;19.7;False;True;False;False;False;False;False;True;False;False;False;False
2025-06-25 20:00:00;-381.56525;18.1;False;True;False;False;False;False;False;True;False;False;False;False
2025-06-25 21:00:00;-406.549;17.4;False;True;False;False;False;False;False;True;False;False;False;False
2025-06-25 22:00:00;-356.79724999999996;17.2;False;True;False;False;False;False;False;True;False;False;False;False
2025-06-25 23:00:00;-317.57725;15.8;False;True;False;False;False;False;False;True;False;False;False;False
2025-06-26 00:00:00;-470.23375;14.9;False;False;True;False;False;False;False;False;True;False;False;False
2025-06-26 01:00:00;-462.76375;14.6;False;False;True;False;False;False;False;False;True;False;False;False
2025-06-26 02:00:00;-767.51525;14.6;False;False;True;False;False;False;False;False;True;False;False;False
2025-06-26 03:00:00;-2311.3295;14.1;False;False;True;False;False;False;False;False;True;False;False;False
2025-06-26 04:00:00;-2293.7155000000002;13.9;False;False;True;False;False;False;False;False;True;False;False;False
2025-06-26 05:00:00;-548.167;14.5;False;False;True;False;False;False;False;False;True;False;False;False
2025-06-26 06:00:00;-329.14025;17.5;False;False;True;False;False;False;False;False;True;False;False;False
2025-06-26 07:00:00;-344.3295;19.9;False;False;True;False;False;False;False;False;True;False;False;False
2025-06-26 08:00:00;-319.78425;20.9;False;False;True;False;False;False;False;False;True;False;False;False
2025-06-26 09:00:00;-321.77025;21.8;False;False;True;False;False;False;False;False;True;False;False;False
2025-06-26 10:00:00;-3562.516;22.7;False;False;True;False;False;False;False;False;True;False;False;False
2025-06-26 11:00:00;-3959.32975;24.0;False;False;True;False;False;False;False;False;True;False;False;False
2025-06-26 12:00:00;-3117.7525;24.5;False;False;True;False;False;False;False;False;True;False;False;False
2025-06-26 13:00:00;-2930.72925;25.4;False;False;True;False;False;False;False;False;True;False;False;False
2025-06-26 14:00:00;-3892.2045;25.8;False;False;True;False;False;False;False;False;True;False;False;False
2025-06-26 15:00:00;-3124.40925;24.1;False;False;True;False;False;False;False;False;True;False;False;False
2025-06-26 16:00:00;-3229.234;23.4;False;False;True;False;False;False;False;False;True;False;False;False
2025-06-26 17:00:00;-1869.15;22.9;False;False;True;False;False;False;False;False;True;False;False;False
2025-06-26 18:00:00;-1149.76325;21.9;False;False;True;False;False;False;False;False;True;False;False;False
2025-06-26 19:00:00;-425.5455;20.6;False;False;True;False;False;False;False;False;True;False;False;False
2025-06-26 20:00:00;-1224.3585;19.2;False;False;True;False;False;False;False;False;True;False;False;False
2025-06-26 21:00:00;-475.83675000000005;18.2;False;False;True;False;False;False;False;False;True;False;False;False
2025-06-26 22:00:00;-915.56625;17.3;False;False;True;False;False;False;False;False;True;False;False;False
2025-06-26 23:00:00;-2521.65225;16.6;False;False;True;False;False;False;False;False;True;False;False;False
2025-06-27 00:00:00;-2274.87;16.4;False;False;False;True;False;False;False;False;False;True;False;False
2025-06-27 01:00:00;-1916.12975;15.6;False;False;False;True;False;False;False;False;False;True;False;False
2025-06-27 02:00:00;-861.9565;14.6;False;False;False;True;False;False;False;False;False;True;False;False
2025-06-27 03:00:00;-504.70525;14.3;False;False;False;True;False;False;False;False;False;True;False;False
2025-06-27 04:00:00;-427.03375;13.9;False;False;False;True;False;False;False;False;False;True;False;False
2025-06-27 05:00:00;-386.19624999999996;14.2;False;False;False;True;False;False;False;False;False;True;False;False
2025-06-27 06:00:00;-338.42025;15.2;False;False;False;True;False;False;False;False;False;True;False;False
2025-06-27 07:00:00;-370.985;15.7;False;False;False;True;False;False;False;False;False;True;False;False
2025-06-27 08:00:00;-343.41625;17.0;False;False;False;True;False;False;False;False;False;True;False;False
2025-06-27 09:00:00;-1084.8410000000001;18.0;False;False;False;True;False;False;False;False;False;True;False;False
2025-06-27 10:00:00;-608.25575;18.0;False;False;False;True;False;False;False;False;False;True;False;False
2025-06-27 11:00:00;-405.804;19.1;False;False;False;True;False;False;False;False;False;True;False;False
2025-06-27 12:00:00;-604.4895;19.0;False;False;False;True;False;False;False;False;False;True;False;False
2025-06-27 13:00:00;-393.74649999999997;19.0;False;False;False;True;False;False;False;False;False;True;False;False
2025-06-27 14:00:00;-390.8185;16.9;False;False;False;True;False;False;False;False;False;True;False;False
2025-06-27 15:00:00;-501.5585;15.7;False;False;False;True;False;False;False;False;False;True;False;False
2025-06-27 16:00:00;-1109.4365;15.2;False;False;False;True;False;False;False;False;False;True;False;False
2025-06-27 17:00:00;-1105.7629907407409;15.0;False;False;False;True;False;False;False;False;False;True;False;False
2025-06-27 18:00:00;-1102.0894814814815;14.6;False;False;False;True;False;False;False;False;False;True;False;False
2025-06-27 19:00:00;-1098.4159722222223;14.1;False;False;False;True;False;False;False;False;False;True;False;False
2025-06-27 20:00:00;-1094.742462962963;13.6;False;False;False;True;False;False;False;False;False;True;False;False
2025-06-27 21:00:00;-1091.0689537037038;13.6;False;False;False;True;False;False;False;False;False;True;False;False
2025-06-27 22:00:00;-1087.3954444444444;13.6;False;False;False;True;False;False;False;False;False;True;False;False
2025-06-27 23:00:00;-1083.7219351851852;13.4;False;False;False;True;False;False;False;False;False;True;False;False
2025-06-28 00:00:00;-1080.048425925926;13.2;False;False;False;False;True;False;False;False;False;False;True;False
2025-06-28 01:00:00;-1076.3749166666666;13.0;False;False;False;False;True;False;False;False;False;False;True;False
2025-06-28 02:00:00;-1072.7014074074075;12.3;False;False;False;False;True;False;False;False;False;False;True;False
2025-06-28 03:00:00;-1069.027898148148;11.4;False;False;False;False;True;False;False;False;False;False;True;False
2025-06-28 04:00:00;-1065.354388888889;10.7;False;False;False;False;True;False;False;False;False;False;True;False
2025-06-28 05:00:00;-1061.6808796296295;11.4;False;False;False;False;True;False;False;False;False;False;True;False
2025-06-28 06:00:00;-1058.0073703703704;12.5;False;False;False;False;True;False;False;False;False;False;True;False
2025-06-28 07:00:00;-1054.3338611111112;13.9;False;False;False;False;True;False;False;False;False;False;True;False
2025-06-28 08:00:00;-1050.6603518518518;15.6;False;False;False;False;True;False;False;False;False;False;True;False
2025-06-28 09:00:00;-1046.9868425925927;16.1;False;False;False;False;True;False;False;False;False;False;True;False
2025-06-28 10:00:00;-1043.3133333333333;18.5;False;False;False;False;True;False;False;False;False;False;True;False
2025-06-28 11:00:00;-1039.639824074074;19.6;False;False;False;False;True;False;False;False;False;False;True;False
2025-06-28 12:00:00;-1035.9663148148147;20.0;False;False;False;False;True;False;False;False;False;False;True;False
2025-06-28 13:00:00;-1032.2928055555556;20.1;False;False;False;False;True;False;False;False;False;False;True;False
2025-06-28 14:00:00;-1028.6192962962964;21.0;False;False;False;False;True;False;False;False;False;False;True;False
2025-06-28 15:00:00;-1024.945787037037;22.0;False;False;False;False;True;False;False;False;False;False;True;False
2025-06-28 16:00:00;-1021.2722777777778;22.1;False;False;False;False;True;False;False;False;False;False;True;False
2025-06-28 17:00:00;-1017.5987685185186;21.4;False;False;False;False;True;False;False;False;False;False;True;False
2025-06-28 18:00:00;-1013.9252592592593;21.1;False;False;False;False;True;False;False;False;False;False;True;False
2025-06-28 19:00:00;-1010.25175;20.3;False;False;False;False;True;False;False;False;False;False;True;False
2025-06-28 20:00:00;-1006.5782407407407;18.4;False;False;False;False;True;False;False;False;False;False;True;False
2025-06-28 21:00:00;-1002.9047314814815;18.4;False;False;False;False;True;False;False;False;False;False;True;False
2025-06-28 22:00:00;-999.2312222222222;18.8;False;False;False;False;True;False;False;False;False;False;True;False
2025-06-28 23:00:00;-995.557712962963;18.4;False;False;False;False;True;False;False;False;False;False;True;False
2025-06-29 00:00:00;-991.8842037037037;17.0;False;False;False;False;False;True;False;False;False;False;False;True
2025-06-29 01:00:00;-988.2106944444445;17.0;False;False;False;False;False;True;False;False;False;False;False;True
2025-06-29 02:00:00;-984.5371851851852;17.4;False;False;False;False;False;True;False;False;False;False;False;True
2025-06-29 03:00:00;-980.8636759259259;16.6;False;False;False;False;False;True;False;False;False;False;False;True
2025-06-29 04:00:00;-977.1901666666666;16.5;False;False;False;False;False;True;False;False;False;False;False;True
2025-06-29 05:00:00;-973.5166574074074;16.6;False;False;False;False;False;True;False;False;False;False;False;True
2025-06-29 06:00:00;-969.8431481481482;17.4;False;False;False;False;False;True;False;False;False;False;False;True
2025-06-29 07:00:00;-966.1696388888889;17.4;False;False;False;False;False;True;False;False;False;False;False;True
2025-06-29 08:00:00;-962.4961296296296;18.2;False;False;False;False;False;True;False;False;False;False;False;True
2025-06-29 09:00:00;-958.8226203703704;19.5;False;False;False;False;False;True;False;False;False;False;False;True
2025-06-29 10:00:00;-955.1491111111111;20.8;False;False;False;False;False;True;False;False;False;False;False;True
2025-06-29 11:00:00;-951.4756018518519;21.5;False;False;False;False;False;True;False;False;False;False;False;True
2025-06-29 12:00:00;-947.8020925925925;22.4;False;False;False;False;False;True;False;False;False;False;False;True
2025-06-29 13:00:00;-944.1285833333334;22.9;False;False;False;False;False;True;False;False;False;False;False;True
2025-06-29 14:00:00;-940.4550740740741;23.0;False;False;False;False;False;True;False;False;False;False;False;True
2025-06-29 15:00:00;-936.7815648148148;22.9;False;False;False;False;False;True;False;False;False;False;False;True
2025-06-29 16:00:00;-933.1080555555556;22.2;False;False;False;False;False;True;False;False;False;False;False;True
2025-06-29 17:00:00;-929.4345462962963;22.2;False;False;False;False;False;True;False;False;False;False;False;True
2025-06-29 18:00:00;-925.7610370370371;21.8;False;False;False;False;False;True;False;False;False;False;False;True
2025-06-29 19:00:00;-922.0875277777777;21.0;False;False;False;False;False;True;False;False;False;False;False;True
2025-06-29 20:00:00;-918.4140185185186;20.0;False;False;False;False;False;True;False;False;False;False;False;True
2025-06-29 21:00:00;-914.7405092592593;19.3;False;False;False;False;False;True;False;False;False;False;False;True
2025-06-29 22:00:00;-911.067;18.4;False;False;False;False;False;True;False;False;False;False;False;True
2025-06-29 23:00:00;-800.94625;17.6;False;False;False;False;False;True;False;False;False;False;False;True
2025-06-30 00:00:00;-1583.36725;16.9;False;False;False;False;False;False;False;False;False;False;False;False
2025-06-30 01:00:00;-1958.6475;15.8;False;False;False;False;False;False;False;False;False;False;False;False
2025-06-30 02:00:00;-1802.78825;14.8;False;False;False;False;False;False;False;False;False;False;False;False
2025-06-30 03:00:00;-474.897;13.6;False;False;False;False;False;False;False;False;False;False;False;False
2025-06-30 04:00:00;-486.2485;12.4;False;False;False;False;False;False;False;False;False;False;False;False
2025-06-30 05:00:00;-1369.261;12.2;False;False;False;False;False;False;False;False;False;False;False;False
2025-06-30 06:00:00;-302.1315;13.2;False;False;False;False;False;False;False;False;False;False;False;False
2025-06-30 07:00:00;-342.10825;14.3;False;False;False;False;False;False;False;False;False;False;False;False
2025-06-30 08:00:00;-315.41625;15.4;False;False;False;False;False;False;False;False;False;False;False;False
2025-06-30 09:00:00;-410.371;16.4;False;False;False;False;False;False;False;False;False;False;False;False
2025-06-30 10:00:00;-3521.36575;17.5;False;False;False;False;False;False;False;False;False;False;False;False
2025-06-30 11:00:00;-4717.055;18.4;False;False;False;False;False;False;False;False;False;False;False;False
2025-06-30 12:00:00;-4744.13375;19.1;False;False;False;False;False;False;False;False;False;False;False;False
2025-06-30 13:00:00;-1698.61275;19.6;False;False;False;False;False;False;False;False;False;False;False;False
2025-06-30 14:00:00;-3461.5475;19.9;False;False;False;False;False;False;False;False;False;False;False;False
2025-06-30 15:00:00;-4618.21575;20.1;False;False;False;False;False;False;False;False;False;False;False;False
2025-06-30 16:00:00;-4200.2265;20.2;False;False;False;False;False;False;False;False;False;False;False;False
2025-06-30 17:00:00;-3502.68125;19.9;False;False;False;False;False;False;False;False;False;False;False;False
2025-06-30 18:00:00;-1882.366;19.3;False;False;False;False;False;False;False;False;False;False;False;False
2025-06-30 19:00:00;-971.3977500000001;18.0;False;False;False;False;False;False;False;False;False;False;False;False
2025-06-30 20:00:00;-563.7715000000001;16.0;False;False;False;False;False;False;False;False;False;False;False;False
2025-06-30 21:00:00;-639.3465;14.9;False;False;False;False;False;False;False;False;False;False;False;False
2025-06-30 22:00:00;-472.52625;14.1;False;False;False;False;False;False;False;False;False;False;False;False
2025-06-30 23:00:00;-659.44625;13.5;False;False;False;False;False;False;False;False;False;False;False;False
2025-07-01 00:00:00;-2083.58125;12.8;True;False;False;False;False;False;True;False;False;False;False;False
2025-07-01 01:00:00;-3071.84325;12.6;True;False;False;False;False;False;True;False;False;False;False;False
2025-07-01 02:00:00;-2309.79125;11.4;True;False;False;False;False;False;True;False;False;False;False;False
2025-07-01 03:00:00;-1687.986;11.3;True;False;False;False;False;False;True;False;False;False;False;False
2025-07-01 04:00:00;-1652.2565;11.6;True;False;False;False;False;False;True;False;False;False;False;False
2025-07-01 05:00:00;-1186.495;14.7;True;False;False;False;False;False;True;False;False;False;False;False
2025-07-01 06:00:00;-448.63975;17.4;True;False;False;False;False;False;True;False;False;False;False;False
2025-07-01 07:00:00;-342.1005;17.4;True;False;False;False;False;False;True;False;False;False;False;False
2025-07-01 08:00:00;-277.00225;18.0;True;False;False;False;False;False;True;False;False;False;False;False
2025-07-01 09:00:00;-305.22625;19.1;True;False;False;False;False;False;True;False;False;False;False;False
2025-07-01 10:00:00;-4296.09675;20.4;True;False;False;False;False;False;True;False;False;False;False;False
2025-07-01 11:00:00;-4253.343;21.5;True;False;False;False;False;False;True;False;False;False;False;False
2025-07-01 12:00:00;-4757.7935;22.5;True;False;False;False;False;False;True;False;False;False;False;False
2025-07-01 13:00:00;-4600.32725;23.2;True;False;False;False;False;False;True;False;False;False;False;False
2025-07-01 14:00:00;-4510.43175;23.8;True;False;False;False;False;False;True;False;False;False;False;False
2025-07-01 15:00:00;-4255.4532500000005;24.2;True;False;False;False;False;False;True;False;False;False;False;False
2025-07-01 16:00:00;-4297.47075;24.5;True;False;False;False;False;False;True;False;False;False;False;False
2025-07-01 17:00:00;-2768.6055;24.4;True;False;False;False;False;False;True;False;False;False;False;False
2025-07-01 18:00:00;-1266.27775;23.9;True;False;False;False;False;False;True;False;False;False;False;False
2025-07-01 19:00:00;-527.1442499999999;21.0;True;False;False;False;False;False;True;False;False;False;False;False
2025-07-01 20:00:00;-1054.4897500000002;18.4;True;False;False;False;False;False;True;False;False;False;False;False
2025-07-01 21:00:00;-853.1855;16.2;True;False;False;False;False;False;True;False;False;False;False;False
2025-07-01 22:00:00;-437.49675;15.7;True;False;False;False;False;False;True;False;False;False;False;False
2025-07-01 23:00:00;-542.41125;16.0;True;False;False;False;False;False;True;False;False;False;False;False
2025-07-02 00:00:00;-2739.98675;15.9;False;True;False;False;False;False;False;True;False;False;False;False
2025-07-02 01:00:00;-2687.07975;15.9;False;True;False;False;False;False;False;True;False;False;False;False
2025-07-02 02:00:00;-2454.65625;14.8;False;True;False;False;False;False;False;True;False;False;False;False
2025-07-02 03:00:00;-2236.89925;15.5;False;True;False;False;False;False;False;True;False;False;False;False
2025-07-02 04:00:00;-1759.762;15.6;False;True;False;False;False;False;False;True;False;False;False;False
2025-07-02 05:00:00;-799.2909999999999;16.7;False;True;False;False;False;False;False;True;False;False;False;False
2025-07-02 06:00:00;-381.50424999999996;18.3;False;True;False;False;False;False;False;True;False;False;False;False
2025-07-02 07:00:00;-281.352;20.4;False;True;False;False;False;False;False;True;False;False;False;False
2025-07-02 08:00:00;-332.7065;21.7;False;True;False;False;False;False;False;True;False;False;False;False
2025-07-02 09:00:00;-270.698;22.8;False;True;False;False;False;False;False;True;False;False;False;False
2025-07-02 10:00:00;-4249.4625;23.8;False;True;False;False;False;False;False;True;False;False;False;False
2025-07-02 11:00:00;-4397.96575;24.7;False;True;False;False;False;False;False;True;False;False;False;False
2025-07-02 12:00:00;-4754.628;25.5;False;True;False;False;False;False;False;True;False;False;False;False
2025-07-02 13:00:00;-4729.775;26.3;False;True;False;False;False;False;False;True;False;False;False;False
2025-07-02 14:00:00;-4729.82875;27.0;False;True;False;False;False;False;False;True;False;False;False;False
2025-07-02 15:00:00;-4726.9185;27.2;False;True;False;False;False;False;False;True;False;False;False;False
2025-07-02 16:00:00;-4582.5565;27.0;False;True;False;False;False;False;False;True;False;False;False;False
2025-07-02 17:00:00;-2575.6025;26.5;False;True;False;False;False;False;False;True;False;False;False;False
2025-07-02 18:00:00;-915.2615;25.2;False;True;False;False;False;False;False;True;False;False;False;False
2025-07-02 19:00:00;-493.67724999999996;23.2;False;True;False;False;False;False;False;True;False;False;False;False
2025-07-02 20:00:00;-393.65;21.1;False;True;False;False;False;False;False;True;False;False;False;False
2025-07-02 21:00:00;-712.18825;20.6;False;True;False;False;False;False;False;True;False;False;False;False
2025-07-02 22:00:00;-368.512;20.0;False;True;False;False;False;False;False;True;False;False;False;False
2025-07-02 23:00:00;-1613.9825;19.0;False;True;False;False;False;False;False;True;False;False;False;False
2025-07-03 00:00:00;-2581.5;18.9;False;False;True;False;False;False;False;False;True;False;False;False
2025-07-03 01:00:00;-1709.48875;18.8;False;False;True;False;False;False;False;False;True;False;False;False
2025-07-03 02:00:00;-1084.41825;18.5;False;False;True;False;False;False;False;False;True;False;False;False
2025-07-03 03:00:00;-457.6805;18.1;False;False;True;False;False;False;False;False;True;False;False;False
2025-07-03 04:00:00;-503.77725;17.9;False;False;True;False;False;False;False;False;True;False;False;False
2025-07-03 05:00:00;-462.35675000000003;18.1;False;False;True;False;False;False;False;False;True;False;False;False
2025-07-03 06:00:00;-330.56100000000004;20.0;False;False;True;False;False;False;False;False;True;False;False;False
2025-07-03 07:00:00;-382.80125;22.3;False;False;True;False;False;False;False;False;True;False;False;False
2025-07-03 08:00:00;-444.54775;22.2;False;False;True;False;False;False;False;False;True;False;False;False
2025-07-03 09:00:00;-1260.72225;22.1;False;False;True;False;False;False;False;False;True;False;False;False
2025-07-03 10:00:00;-567.52275;22.0;False;False;True;False;False;False;False;False;True;False;False;False
2025-07-03 11:00:00;-2814.93525;22.4;False;False;True;False;False;False;False;False;True;False;False;False
2025-07-03 12:00:00;-3359.6405;23.2;False;False;True;False;False;False;False;False;True;False;False;False
2025-07-03 13:00:00;-1653.7002499999999;23.2;False;False;True;False;False;False;False;False;True;False;False;False
2025-07-03 14:00:00;-740.7202500000001;20.8;False;False;True;False;False;False;False;False;True;False;False;False
2025-07-03 15:00:00;-977.99225;20.5;False;False;True;False;False;False;False;False;True;False;False;False
2025-07-03 16:00:00;-1232.454;18.6;False;False;True;False;False;False;False;False;True;False;False;False
2025-07-03 17:00:00;-714.787;17.5;False;False;True;False;False;False;False;False;True;False;False;False
2025-07-03 18:00:00;-852.58325;17.4;False;False;True;False;False;False;False;False;True;False;False;False
2025-07-03 19:00:00;-725.8965000000001;16.5;False;False;True;False;False;False;False;False;True;False;False;False
2025-07-03 20:00:00;-493.0665;15.4;False;False;True;False;False;False;False;False;True;False;False;False
2025-07-03 21:00:00;425.17375;14.8;False;False;True;False;False;False;False;False;True;False;False;False
2025-07-03 22:00:00;355.09075;14.8;False;False;True;False;False;False;False;False;True;False;False;False
2025-07-03 23:00:00;-337.4815;14.6;False;False;True;False;False;False;False;False;True;False;False;False
2025-07-04 00:00:00;-427.22724999999997;13.9;False;False;False;True;False;False;False;False;False;True;False;False
2025-07-04 01:00:00;-2634.84725;13.2;False;False;False;True;False;False;False;False;False;True;False;False
2025-07-04 02:00:00;-2800.4877500000002;11.8;False;False;False;True;False;False;False;False;False;True;False;False
2025-07-04 03:00:00;-2136.66925;11.2;False;False;False;True;False;False;False;False;False;True;False;False
2025-07-04 04:00:00;-623.14375;10.9;False;False;False;True;False;False;False;False;False;True;False;False
2025-07-04 05:00:00;-539.62325;11.5;False;False;False;True;False;False;False;False;False;True;False;False
2025-07-04 06:00:00;-265.73625;13.7;False;False;False;True;False;False;False;False;False;True;False;False
2025-07-04 07:00:00;-327.364;15.4;False;False;False;True;False;False;False;False;False;True;False;False
2025-07-04 08:00:00;-291.42025;16.4;False;False;False;True;False;False;False;False;False;True;False;False
2025-07-04 09:00:00;-1009.807;17.0;False;False;False;True;False;False;False;False;False;True;False;False
2025-07-04 10:00:00;-1025.45475;17.2;False;False;False;True;False;False;False;False;False;True;False;False
2025-07-04 11:00:00;-4053.0744999999997;17.5;False;False;False;True;False;False;False;False;False;True;False;False
2025-07-04 12:00:00;-3859.2257999999997;17.6;False;False;False;True;False;False;False;False;False;True;False;False
2025-07-04 13:00:00;-3665.3770999999997;17.9;False;False;False;True;False;False;False;False;False;True;False;False
2025-07-04 14:00:00;-3471.5284;17.5;False;False;False;True;False;False;False;False;False;True;False;False
2025-07-04 15:00:00;-3277.6797;17.6;False;False;False;True;False;False;False;False;False;True;False;False
2025-07-04 16:00:00;-3083.831;17.5;False;False;False;True;False;False;False;False;False;True;False;False
2025-07-04 17:00:00;-2311.33375;17.1;False;False;False;True;False;False;False;False;False;True;False;False
2025-07-04 18:00:00;-1346.4555;16.5;False;False;False;True;False;False;False;False;False;True;False;False
2025-07-04 19:00:00;-862.84375;15.7;False;False;False;True;False;False;False;False;False;True;False;False
2025-07-04 20:00:00;-1229.779;14.4;False;False;False;True;False;False;False;False;False;True;False;False
2025-07-04 21:00:00;-403.46875;12.8;False;False;False;True;False;False;False;False;False;True;False;False
2025-07-04 22:00:00;-295.105;12.8;False;False;False;True;False;False;False;False;False;True;False;False
2025-07-04 23:00:00;-309.13675;12.1;False;False;False;True;False;False;False;False;False;True;False;False
2025-07-05 00:00:00;-1870.607;12.1;False;False;False;False;True;False;False;False;False;False;True;False
2025-07-05 01:00:00;-3129.8424999999997;11.9;False;False;False;False;True;False;False;False;False;False;True;False
2025-07-05 02:00:00;-2093.1975;10.6;False;False;False;False;True;False;False;False;False;False;True;False
2025-07-05 03:00:00;-1684.11625;11.6;False;False;False;False;True;False;False;False;False;False;True;False
2025-07-05 04:00:00;-1755.0439999999999;12.1;False;False;False;False;True;False;False;False;False;False;True;False
2025-07-05 05:00:00;-476.68875;12.5;False;False;False;False;True;False;False;False;False;False;True;False
2025-07-05 06:00:00;-462.99175;13.4;False;False;False;False;True;False;False;False;False;False;True;False
2025-07-05 07:00:00;-965.5699999999999;15.4;False;False;False;False;True;False;False;False;False;False;True;False
2025-07-05 08:00:00;-298.28725;16.6;False;False;False;False;True;False;False;False;False;False;True;False
2025-07-05 09:00:00;-300.4525;17.8;False;False;False;False;True;False;False;False;False;False;True;False
2025-07-05 10:00:00;-359.34375;18.9;False;False;False;False;True;False;False;False;False;False;True;False
2025-07-05 11:00:00;-543.58375;19.9;False;False;False;False;True;False;False;False;False;False;True;False
2025-07-05 12:00:00;-987.594;20.9;False;False;False;False;True;False;False;False;False;False;True;False
2025-07-05 13:00:00;-667.61425;21.4;False;False;False;False;True;False;False;False;False;False;True;False
2025-07-05 14:00:00;-422.27750000000003;21.9;False;False;False;False;True;False;False;False;False;False;True;False
2025-07-05 15:00:00;-482.372;21.5;False;False;False;False;True;False;False;False;False;False;True;False
2025-07-05 16:00:00;-3594.53675;22.1;False;False;False;False;True;False;False;False;False;False;True;False
2025-07-05 17:00:00;-1943.5059999999999;22.6;False;False;False;False;True;False;False;False;False;False;True;False
2025-07-05 18:00:00;-1613.417;21.8;False;False;False;False;True;False;False;False;False;False;True;False
2025-07-05 19:00:00;-609.0925;20.4;False;False;False;False;True;False;False;False;False;False;True;False
2025-07-05 20:00:00;134.49025;17.9;False;False;False;False;True;False;False;False;False;False;True;False
2025-07-05 21:00:00;542.74275;16.4;False;False;False;False;True;False;False;False;False;False;True;False
2025-07-05 22:00:00;506.658;15.4;False;False;False;False;True;False;False;False;False;False;True;False
2025-07-05 23:00:00;-210.82825;15.4;False;False;False;False;True;False;False;False;False;False;True;False
2025-07-06 00:00:00;-338.744;14.9;False;False;False;False;False;True;False;False;False;False;False;True
2025-07-06 01:00:00;-2129.6;14.9;False;False;False;False;False;True;False;False;False;False;False;True
2025-07-06 02:00:00;-838.0255;13.6;False;False;False;False;False;True;False;False;False;False;False;True
2025-07-06 03:00:00;-426.65975000000003;13.8;False;False;False;False;False;True;False;False;False;False;False;True
2025-07-06 04:00:00;-385.81950000000006;13.4;False;False;False;False;False;True;False;False;False;False;False;True
2025-07-06 05:00:00;-51.54025;13.9;False;False;False;False;False;True;False;False;False;False;False;True
2025-07-06 06:00:00;30.37025;15.8;False;False;False;False;False;True;False;False;False;False;False;True
2025-07-06 07:00:00;-293.337;19.3;False;False;False;False;False;True;False;False;False;False;False;True
2025-07-06 08:00:00;-1165.72875;20.4;False;False;False;False;False;True;False;False;False;False;False;True
2025-07-06 09:00:00;-1176.9605000000001;21.1;False;False;False;False;False;True;False;False;False;False;False;True
2025-07-06 10:00:00;-644.3975;22.0;False;False;False;False;False;True;False;False;False;False;False;True
2025-07-06 11:00:00;-57.405;22.6;False;False;False;False;False;True;False;False;False;False;False;True
2025-07-06 12:00:00;-138.15775;23.1;False;False;False;False;False;True;False;False;False;False;False;True
2025-07-06 13:00:00;-22.6535;23.5;False;False;False;False;False;True;False;False;False;False;False;True
2025-07-06 14:00:00;21.41075;23.7;False;False;False;False;False;True;False;False;False;False;False;True
2025-07-06 15:00:00;-1869.0237499999998;24.0;False;False;False;False;False;True;False;False;False;False;False;True
2025-07-06 16:00:00;-2688.8227500000003;24.2;False;False;False;False;False;True;False;False;False;False;False;True
2025-07-06 17:00:00;-1262.7375;23.1;False;False;False;False;False;True;False;False;False;False;False;True
2025-07-06 18:00:00;-217.737;21.3;False;False;False;False;False;True;False;False;False;False;False;True
2025-07-06 19:00:00;-106.65100000000001;20.5;False;False;False;False;False;True;False;False;False;False;False;True
2025-07-06 20:00:00;-241.67125;19.2;False;False;False;False;False;True;False;False;False;False;False;True
2025-07-06 21:00:00;-320.995;17.2;False;False;False;False;False;True;False;False;False;False;False;True
2025-07-06 22:00:00;-386.6825;16.9;False;False;False;False;False;True;False;False;False;False;False;True
2025-07-06 23:00:00;-267.77375;15.9;False;False;False;False;False;True;False;False;False;False;False;True
2025-07-07 00:00:00;-214.1345;15.4;False;False;False;False;False;False;False;False;False;False;False;False
2025-07-07 01:00:00;-110.48575;15.2;False;False;False;False;False;False;False;False;False;False;False;False
2025-07-07 02:00:00;-90.8445;14.9;False;False;False;False;False;False;False;False;False;False;False;False
2025-07-07 03:00:00;-88.268;14.2;False;False;False;False;False;False;False;False;False;False;False;False
2025-07-07 04:00:00;-1370.0007500000002;13.3;False;False;False;False;False;False;False;False;False;False;False;False
2025-07-07 05:00:00;-1348.113;13.4;False;False;False;False;False;False;False;False;False;False;False;False
2025-07-07 06:00:00;-639.6975;13.4;False;False;False;False;False;False;False;False;False;False;False;False
2025-07-07 07:00:00;-457.048;14.1;False;False;False;False;False;False;False;False;False;False;False;False
2025-07-07 08:00:00;-275.38475;14.3;False;False;False;False;False;False;False;False;False;False;False;False
2025-07-07 09:00:00;-541.9795;15.1;False;False;False;False;False;False;False;False;False;False;False;False
2025-07-07 10:00:00;-492.5645;15.1;False;False;False;False;False;False;False;False;False;False;False;False
2025-07-07 11:00:00;-412.50575000000003;15.9;False;False;False;False;False;False;False;False;False;False;False;False
2025-07-07 12:00:00;-280.92025;16.4;False;False;False;False;False;False;False;False;False;False;False;False
2025-07-07 13:00:00;-1078.8055;17.3;False;False;False;False;False;False;False;False;False;False;False;False
2025-07-07 14:00:00;-1474.0535;14.6;False;False;False;False;False;False;False;False;False;False;False;False
2025-07-07 15:00:00;-549.2615000000001;15.9;False;False;False;False;False;False;False;False;False;False;False;False
2025-07-07 16:00:00;-1496.47625;16.8;False;False;False;False;False;False;False;False;False;False;False;False
2025-07-07 17:00:00;-902.9254999999999;16.8;False;False;False;False;False;False;False;False;False;False;False;False
2025-07-07 18:00:00;-1140.0005;17.0;False;False;False;False;False;False;False;False;False;False;False;False
2025-07-07 19:00:00;-618.80125;16.0;False;False;False;False;False;False;False;False;False;False;False;False
2025-07-07 20:00:00;-2697.56925;14.8;False;False;False;False;False;False;False;False;False;False;False;False
2025-07-07 21:00:00;-4558.16375;14.3;False;False;False;False;False;False;False;False;False;False;False;False
2025-07-07 22:00:00;-979.285;13.6;False;False;False;False;False;False;False;False;False;False;False;False
2025-07-07 23:00:00;-2738.944;13.1;False;False;False;False;False;False;False;False;False;False;False;False
2025-07-08 00:00:00;-839.35875;12.8;True;False;False;False;False;False;True;False;False;False;False;False
2025-07-08 01:00:00;-1450.96775;12.9;True;False;False;False;False;False;True;False;False;False;False;False
2025-07-08 02:00:00;-987.16425;11.8;True;False;False;False;False;False;True;False;False;False;False;False
2025-07-08 03:00:00;-657.2607499999999;11.5;True;False;False;False;False;False;True;False;False;False;False;False
2025-07-08 04:00:00;-631.116;11.4;True;False;False;False;False;False;True;False;False;False;False;False
2025-07-08 05:00:00;-1517.4585;11.6;True;False;False;False;False;False;True;False;False;False;False;False
2025-07-08 06:00:00;-676.71425;11.8;True;False;False;False;False;False;True;False;False;False;False;False
2025-07-08 07:00:00;-844.56;11.7;True;False;False;False;False;False;True;False;False;False;False;False
2025-07-08 08:00:00;-1182.13625;11.0;True;False;False;False;False;False;True;False;False;False;False;False
2025-07-08 09:00:00;-1090.67075;10.7;True;False;False;False;False;False;True;False;False;False;False;False
2025-07-08 10:00:00;-1114.674;10.6;True;False;False;False;False;False;True;False;False;False;False;False
2025-07-08 11:00:00;-957.35625;10.7;True;False;False;False;False;False;True;False;False;False;False;False
2025-07-08 12:00:00;-1564.8400000000001;10.9;True;False;False;False;False;False;True;False;False;False;False;False
2025-07-08 13:00:00;-1652.92525;11.1;True;False;False;False;False;False;True;False;False;False;False;False
2025-07-08 14:00:00;-2731.70025;11.0;True;False;False;False;False;False;True;False;False;False;False;False
2025-07-08 15:00:00;-2501.9535;11.2;True;False;False;False;False;False;True;False;False;False;False;False
2025-07-08 16:00:00;-2105.59075;11.5;True;False;False;False;False;False;True;False;False;False;False;False
2025-07-08 17:00:00;-2015.67275;11.8;True;False;False;False;False;False;True;False;False;False;False;False
2025-07-08 18:00:00;-1906.86075;11.6;True;False;False;False;False;False;True;False;False;False;False;False
2025-07-08 19:00:00;-909.9955;11.7;True;False;False;False;False;False;True;False;False;False;False;False
2025-07-08 20:00:00;-725.9335;11.8;True;False;False;False;False;False;True;False;False;False;False;False
2025-07-08 21:00:00;-1778.2395000000001;11.8;True;False;False;False;False;False;True;False;False;False;False;False
2025-07-08 22:00:00;-715.4765;11.6;True;False;False;False;False;False;True;False;False;False;False;False
2025-07-08 23:00:00;-2093.9605;11.4;True;False;False;False;False;False;True;False;False;False;False;False
2025-07-09 00:00:00;-1621.52875;10.9;False;True;False;False;False;False;False;True;False;False;False;False
2025-07-09 01:00:00;-635.95625;10.1;False;True;False;False;False;False;False;True;False;False;False;False
2025-07-09 02:00:00;-1322.61675;9.9;False;True;False;False;False;False;False;True;False;False;False;False
2025-07-09 03:00:00;-882.589;9.4;False;True;False;False;False;False;False;True;False;False;False;False
2025-07-09 04:00:00;-886.4087499999999;8.9;False;True;False;False;False;False;False;True;False;False;False;False
2025-07-09 05:00:00;-1114.23025;8.9;False;True;False;False;False;False;False;True;False;False;False;False
2025-07-09 06:00:00;-439.6065;9.9;False;True;False;False;False;False;False;True;False;False;False;False
2025-07-09 07:00:00;-1230.0975;10.1;False;True;False;False;False;False;False;True;False;False;False;False
2025-07-09 08:00:00;-1399.586;11.4;False;True;False;False;False;False;False;True;False;False;False;False
2025-07-09 09:00:00;-1539.6035;12.1;False;True;False;False;False;False;False;True;False;False;False;False
2025-07-09 10:00:00;-971.3005;12.2;False;True;False;False;False;False;False;True;False;False;False;False
2025-07-09 11:00:00;-443.8825;13.1;False;True;False;False;False;False;False;True;False;False;False;False
2025-07-09 12:00:00;-399.52175;12.1;False;True;False;False;False;False;False;True;False;False;False;False
2025-07-09 13:00:00;-1444.5097500000002;14.2;False;True;False;False;False;False;False;True;False;False;False;False
2025-07-09 14:00:00;-1201.865;14.9;False;True;False;False;False;False;False;True;False;False;False;False
2025-07-09 15:00:00;-810.23925;14.6;False;True;False;False;False;False;False;True;False;False;False;False
2025-07-09 16:00:00;2060.1502499999997;14.3;False;True;False;False;False;False;False;True;False;False;False;False
2025-07-09 17:00:00;2210.11125;13.2;False;True;False;False;False;False;False;True;False;False;False;False
2025-07-09 18:00:00;1406.98625;12.6;False;True;False;False;False;False;False;True;False;False;False;False
2025-07-09 19:00:00;2509.5425;12.6;False;True;False;False;False;False;False;True;False;False;False;False
2025-07-09 20:00:00;1355.9765;12.1;False;True;False;False;False;False;False;True;False;False;False;False
2025-07-09 21:00:00;1044.04375;11.9;False;True;False;False;False;False;False;True;False;False;False;False
2025-07-09 22:00:00;153.5435;11.5;False;True;False;False;False;False;False;True;False;False;False;False
2025-07-09 23:00:00;642.59475;11.2;False;True;False;False;False;False;False;True;False;False;False;False
2025-07-10 00:00:00;861.1825;10.6;False;False;True;False;False;False;False;False;True;False;False;False
2025-07-10 01:00:00;559.381;10.5;False;False;True;False;False;False;False;False;True;False;False;False
2025-07-10 02:00:00;306.38425;9.9;False;False;True;False;False;False;False;False;True;False;False;False
2025-07-10 03:00:00;604.11425;9.7;False;False;True;False;False;False;False;False;True;False;False;False
2025-07-10 04:00:00;290.7665;10.1;False;False;True;False;False;False;False;False;True;False;False;False
2025-07-10 05:00:00;815.5442499999999;10.1;False;False;True;False;False;False;False;False;True;False;False;False
2025-07-10 06:00:00;413.42949999999996;10.1;False;False;True;False;False;False;False;False;True;False;False;False
2025-07-10 07:00:00;607.828;10.1;False;False;True;False;False;False;False;False;True;False;False;False
2025-07-10 08:00:00;932.83425;11.4;False;False;True;False;False;False;False;False;True;False;False;False
2025-07-10 09:00:00;705.84425;11.9;False;False;True;False;False;False;False;False;True;False;False;False
2025-07-10 10:00:00;407.0555;12.4;False;False;True;False;False;False;False;False;True;False;False;False
2025-07-10 11:00:00;1375.4969999999998;12.9;False;False;True;False;False;False;False;False;True;False;False;False
2025-07-10 12:00:00;3339.7067500000003;14.6;False;False;True;False;False;False;False;False;True;False;False;False
2025-07-10 13:00:00;2713.51425;15.3;False;False;True;False;False;False;False;False;True;False;False;False
2025-07-10 14:00:00;3144.85875;14.9;False;False;True;False;False;False;False;False;True;False;False;False
2025-07-10 15:00:00;2762.1825;15.1;False;False;True;False;False;False;False;False;True;False;False;False
2025-07-10 16:00:00;3058.05125;15.9;False;False;True;False;False;False;False;False;True;False;False;False
2025-07-10 17:00:00;2709.7217499999997;12.9;False;False;True;False;False;False;False;False;True;False;False;False
2025-07-10 18:00:00;1592.6057500000002;12.4;False;False;True;False;False;False;False;False;True;False;False;False
2025-07-10 19:00:00;793.4845;12.1;False;False;True;False;False;False;False;False;True;False;False;False
2025-07-10 20:00:00;797.84725;11.1;False;False;True;False;False;False;False;False;True;False;False;False
2025-07-10 21:00:00;711.1332500000001;10.9;False;False;True;False;False;False;False;False;True;False;False;False
2025-07-10 22:00:00;329.80075;10.9;False;False;True;False;False;False;False;False;True;False;False;False
2025-07-10 23:00:00;1935.67475;10.8;False;False;True;False;False;False;False;False;True;False;False;False
2025-07-11 00:00:00;601.2165;10.6;False;False;False;True;False;False;False;False;False;True;False;False
2025-07-11 01:00:00;1284.68325;10.6;False;False;False;True;False;False;False;False;False;True;False;False
2025-07-11 02:00:00;1334.5749999999998;10.1;False;False;False;True;False;False;False;False;False;True;False;False
2025-07-11 03:00:00;1193.8085;9.6;False;False;False;True;False;False;False;False;False;True;False;False
2025-07-11 04:00:00;606.25;9.1;False;False;False;True;False;False;False;False;False;True;False;False
2025-07-11 05:00:00;1106.467;9.6;False;False;False;True;False;False;False;False;False;True;False;False
2025-07-11 06:00:00;945.85825;11.1;False;False;False;True;False;False;False;False;False;True;False;False
2025-07-11 07:00:00;668.85;12.1;False;False;False;True;False;False;False;False;False;True;False;False
2025-07-11 08:00:00;417.825;13.4;False;False;False;True;False;False;False;False;False;True;False;False
2025-07-11 09:00:00;558.45925;14.7;False;False;False;True;False;False;False;False;False;True;False;False
2025-07-11 10:00:00;1544.3094999999998;15.6;False;False;False;True;False;False;False;False;False;True;False;False
2025-07-11 11:00:00;3526.22525;16.6;False;False;False;True;False;False;False;False;False;True;False;False
2025-07-11 12:00:00;4022.2;17.2;False;False;False;True;False;False;False;False;False;True;False;False
2025-07-11 13:00:00;3967.8165;17.5;False;False;False;True;False;False;False;False;False;True;False;False
2025-07-11 14:00:00;3878.5915;16.1;False;False;False;True;False;False;False;False;False;True;False;False
2025-07-11 15:00:00;2060.03325;14.8;False;False;False;True;False;False;False;False;False;True;False;False
2025-07-11 16:00:00;698.19175;14.4;False;False;False;True;False;False;False;False;False;True;False;False
2025-07-11 17:00:00;895.9695;13.2;False;False;False;True;False;False;False;False;False;True;False;False
2025-07-11 18:00:00;911.45075;12.6;False;False;False;True;False;False;False;False;False;True;False;False
2025-07-11 19:00:00;636.9915;12.0;False;False;False;True;False;False;False;False;False;True;False;False
2025-07-11 20:00:00;630.5805;11.6;False;False;False;True;False;False;False;False;False;True;False;False
2025-07-11 21:00:00;819.1247500000001;11.2;False;False;False;True;False;False;False;False;False;True;False;False
2025-07-11 22:00:00;1150.5572499999998;10.8;False;False;False;True;False;False;False;False;False;True;False;False
2025-07-11 23:00:00;1121.15825;10.8;False;False;False;True;False;False;False;False;False;True;False;False
2025-07-12 00:00:00;507.2405;10.8;False;False;False;False;True;False;False;False;False;False;True;False
2025-07-12 01:00:00;504.51225;10.4;False;False;False;False;True;False;False;False;False;False;True;False
2025-07-12 02:00:00;693.7405;10.8;False;False;False;False;True;False;False;False;False;False;True;False
2025-07-12 03:00:00;1751.35825;10.6;False;False;False;False;True;False;False;False;False;False;True;False
2025-07-12 04:00:00;3033.08325;10.4;False;False;False;False;True;False;False;False;False;False;True;False
2025-07-12 05:00:00;1003.30825;10.3;False;False;False;False;True;False;False;False;False;False;True;False
2025-07-12 06:00:00;917.3035;10.4;False;False;False;False;True;False;False;False;False;False;True;False
2025-07-12 07:00:00;1039.46675;10.9;False;False;False;False;True;False;False;False;False;False;True;False
2025-07-12 08:00:00;1208.0803333333333;11.1;False;False;False;False;True;False;False;False;False;False;True;False
2025-07-12 09:00:00;269.87425;11.4;False;False;False;False;True;False;False;False;False;False;True;False
2025-07-12 10:00:00;1183.5915;11.8;False;False;False;False;True;False;False;False;False;False;True;False
2025-07-12 11:00:00;1844.06725;11.9;False;False;False;False;True;False;False;False;False;False;True;False
2025-07-12 12:00:00;1445.3967499999999;12.1;False;False;False;False;True;False;False;False;False;False;True;False
2025-07-12 13:00:00;1322.20475;12.7;False;False;False;False;True;False;False;False;False;False;True;False
2025-07-12 14:00:00;1820.375;12.2;False;False;False;False;True;False;False;False;False;False;True;False
2025-07-12 15:00:00;2199.8585000000003;12.1;False;False;False;False;True;False;False;False;False;False;True;False
2025-07-12 16:00:00;296.54975;12.1;False;False;False;False;True;False;False;False;False;False;True;False
2025-07-12 17:00:00;1188.08325;11.9;False;False;False;False;True;False;False;False;False;False;True;False
2025-07-12 18:00:00;1222.73325;11.8;False;False;False;False;True;False;False;False;False;False;True;False
2025-07-12 19:00:00;2899.0325;11.6;False;False;False;False;True;False;False;False;False;False;True;False
2025-07-12 20:00:00;929.36325;11.2;False;False;False;False;True;False;False;False;False;False;True;False
2025-07-12 21:00:00;1687.75075;11.2;False;False;False;False;True;False;False;False;False;False;True;False
2025-07-12 22:00:00;1579.4215;11.1;False;False;False;False;True;False;False;False;False;False;True;False
2025-07-12 23:00:00;1875.4295000000002;11.0;False;False;False;False;True;False;False;False;False;False;True;False
2025-07-13 00:00:00;1523.73325;11.2;False;False;False;False;False;True;False;False;False;False;False;True
2025-07-13 01:00:00;1427.0085;11.1;False;False;False;False;False;True;False;False;False;False;False;True
2025-07-13 02:00:00;1286.4834999999998;11.2;False;False;False;False;False;True;False;False;False;False;False;True
2025-07-13 03:00:00;1302.45;11.2;False;False;False;False;False;True;False;False;False;False;False;True
2025-07-13 04:00:00;1374.75825;11.4;False;False;False;False;False;True;False;False;False;False;False;True
2025-07-13 05:00:00;1308.60825;11.3;False;False;False;False;False;True;False;False;False;False;False;True
2025-07-13 06:00:00;1863.4585000000002;11.9;False;False;False;False;False;True;False;False;False;False;False;True
2025-07-13 07:00:00;1545.0832500000001;12.9;False;False;False;False;False;True;False;False;False;False;False;True
2025-07-13 08:00:00;1266.4085;13.7;False;False;False;False;False;True;False;False;False;False;False;True
2025-07-13 09:00:00;1562.1667499999999;14.1;False;False;False;False;False;True;False;False;False;False;False;True
2025-07-13 10:00:00;1254.09475;14.6;False;False;False;False;False;True;False;False;False;False;False;True
2025-07-13 11:00:00;1447.60725;15.3;False;False;False;False;False;True;False;False;False;False;False;True
2025-07-13 12:00:00;2353.98925;17.2;False;False;False;False;False;True;False;False;False;False;False;True
2025-07-13 13:00:00;472.8595;18.0;False;False;False;False;False;True;False;False;False;False;False;True
2025-07-13 14:00:00;1366.7485000000001;18.0;False;False;False;False;False;True;False;False;False;False;False;True
2025-07-13 15:00:00;556.75;18.5;False;False;False;False;False;True;False;False;False;False;False;True
2025-07-13 16:00:00;264.38;18.6;False;False;False;False;False;True;False;False;False;False;False;True
2025-07-13 17:00:00;1445.1012500000002;15.4;False;False;False;False;False;True;False;False;False;False;False;True
2025-07-13 18:00:00;481.20475;14.7;False;False;False;False;False;True;False;False;False;False;False;True
2025-07-13 19:00:00;701.31975;14.9;False;False;False;False;False;True;False;False;False;False;False;True
2025-07-13 20:00:00;466.723;14.1;False;False;False;False;False;True;False;False;False;False;False;True
2025-07-13 21:00:00;327.31725;13.8;False;False;False;False;False;True;False;False;False;False;False;True
2025-07-13 22:00:00;314.73325;14.0;False;False;False;False;False;True;False;False;False;False;False;True
2025-07-13 23:00:00;1667.4495;13.6;False;False;False;False;False;True;False;False;False;False;False;True
2025-07-14 00:00:00;1145.27925;13.2;False;False;False;False;False;False;False;False;False;False;False;False
2025-07-14 01:00:00;1203.5115;12.9;False;False;False;False;False;False;False;False;False;False;False;False
2025-07-14 02:00:00;581.30825;13.6;False;False;False;False;False;False;False;False;False;False;False;False
2025-07-14 03:00:00;505.842;11.9;False;False;False;False;False;False;False;False;False;False;False;False
2025-07-14 04:00:00;562.25825;11.9;False;False;False;False;False;False;False;False;False;False;False;False
2025-07-14 05:00:00;1217.825;14.1;False;False;False;False;False;False;False;False;False;False;False;False
2025-07-14 06:00:00;318.98325;15.3;False;False;False;False;False;False;False;False;False;False;False;False
2025-07-14 07:00:00;1019.13675;16.2;False;False;False;False;False;False;False;False;False;False;False;False
2025-07-14 08:00:00;532.3835;17.4;False;False;False;False;False;False;False;False;False;False;False;False
2025-07-14 09:00:00;316.7025;18.9;False;False;False;False;False;False;False;False;False;False;False;False
2025-07-14 10:00:00;1344.637;19.9;False;False;False;False;False;False;False;False;False;False;False;False
2025-07-14 11:00:00;2998.0730000000003;20.6;False;False;False;False;False;False;False;False;False;False;False;False
2025-07-14 12:00:00;2526.9344285714287;21.0;False;False;False;False;False;False;False;False;False;False;False;False
2025-07-14 13:00:00;2055.795857142857;21.1;False;False;False;False;False;False;False;False;False;False;False;False
2025-07-14 14:00:00;1584.657285714286;22.0;False;False;False;False;False;False;False;False;False;False;False;False
2025-07-14 15:00:00;1113.5187142857144;21.9;False;False;False;False;False;False;False;False;False;False;False;False
2025-07-14 16:00:00;642.3801428571428;21.4;False;False;False;False;False;False;False;False;False;False;False;False
2025-07-14 17:00:00;171.24157142857166;21.2;False;False;False;False;False;False;False;False;False;False;False;False
2025-07-14 18:00:00;-299.897;20.0;False;False;False;False;False;False;False;False;False;False;False;False
2025-07-14 19:00:00;-462.98924999999997;18.5;False;False;False;False;False;False;False;False;False;False;False;False
2025-07-14 20:00:00;-572.12525;16.9;False;False;False;False;False;False;False;False;False;False;False;False
2025-07-14 21:00:00;-344.837;16.7;False;False;False;False;False;False;False;False;False;False;False;False
2025-07-14 22:00:00;-355.0085;16.4;False;False;False;False;False;False;False;False;False;False;False;False
2025-07-14 23:00:00;-408.58625;15.1;False;False;False;False;False;False;False;False;False;False;False;False
2025-07-15 00:00:00;-1994.2315;15.2;True;False;False;False;False;False;True;False;False;False;False;False
2025-07-15 01:00:00;-3123.86375;14.8;True;False;False;False;False;False;True;False;False;False;False;False
2025-07-15 02:00:00;-2545.529;14.4;True;False;False;False;False;False;True;False;False;False;False;False
2025-07-15 03:00:00;-654.4265;14.1;True;False;False;False;False;False;True;False;False;False;False;False
2025-07-15 04:00:00;-985.547;13.8;True;False;False;False;False;False;True;False;False;False;False;False
2025-07-15 05:00:00;-524.3655;14.7;True;False;False;False;False;False;True;False;False;False;False;False
2025-07-15 06:00:00;-366.33299999999997;16.1;True;False;False;False;False;False;True;False;False;False;False;False
2025-07-15 07:00:00;-295.9705;17.0;True;False;False;False;False;False;True;False;False;False;False;False
2025-07-15 08:00:00;-363.12625;18.0;True;False;False;False;False;False;True;False;False;False;False;False
2025-07-15 09:00:00;-289.95575;18.6;True;False;False;False;False;False;True;False;False;False;False;False
2025-07-15 10:00:00;-321.545;19.1;True;False;False;False;False;False;True;False;False;False;False;False
2025-07-15 11:00:00;-311.3755;19.9;True;False;False;False;False;False;True;False;False;False;False;False
2025-07-15 12:00:00;-301.206;19.3;True;False;False;False;False;False;True;False;False;False;False;False
2025-07-15 13:00:00;-291.03650000000005;17.1;True;False;False;False;False;False;True;False;False;False;False;False
2025-07-15 14:00:00;-280.867;20.7;True;False;False;False;False;False;True;False;False;False;False;False
2025-07-15 15:00:00;-270.6975;16.8;True;False;False;False;False;False;True;False;False;False;False;False
2025-07-15 16:00:00;-260.528;15.9;True;False;False;False;False;False;True;False;False;False;False;False
2025-07-15 17:00:00;-250.35850000000002;15.6;True;False;False;False;False;False;True;False;False;False;False;False
2025-07-15 18:00:00;-240.18900000000002;14.9;True;False;False;False;False;False;True;False;False;False;False;False
2025-07-15 19:00:00;-230.01950000000002;14.4;True;False;False;False;False;False;True;False;False;False;False;False
2025-07-15 20:00:00;-219.85000000000002;13.6;True;False;False;False;False;False;True;False;False;False;False;False
2025-07-15 21:00:00;-209.68050000000002;13.2;True;False;False;False;False;False;True;False;False;False;False;False
2025-07-15 22:00:00;-199.51100000000002;12.4;True;False;False;False;False;False;True;False;False;False;False;False
2025-07-15 23:00:00;-189.34150000000002;12.1;True;False;False;False;False;False;True;False;False;False;False;False
2025-07-16 00:00:00;-179.17200000000003;11.7;False;True;False;False;False;False;False;True;False;False;False;False
2025-07-16 01:00:00;-169.00250000000003;11.4;False;True;False;False;False;False;False;True;False;False;False;False
2025-07-16 02:00:00;-158.83300000000003;11.1;False;True;False;False;False;False;False;True;False;False;False;False
2025-07-16 03:00:00;-148.66350000000003;10.6;False;True;False;False;False;False;False;True;False;False;False;False
2025-07-16 04:00:00;-138.49400000000003;10.1;False;True;False;False;False;False;False;True;False;False;False;False
2025-07-16 05:00:00;-128.32450000000003;10.6;False;True;False;False;False;False;False;True;False;False;False;False
2025-07-16 06:00:00;-118.15500000000003;11.9;False;True;False;False;False;False;False;True;False;False;False;False
2025-07-16 07:00:00;-107.98550000000003;13.1;False;True;False;False;False;False;False;True;False;False;False;False
2025-07-16 08:00:00;-97.81600000000003;13.9;False;True;False;False;False;False;False;True;False;False;False;False
2025-07-16 09:00:00;-87.64650000000003;14.6;False;True;False;False;False;False;False;True;False;False;False;False
2025-07-16 10:00:00;-77.47700000000003;16.2;False;True;False;False;False;False;False;True;False;False;False;False
2025-07-16 11:00:00;-67.30750000000003;16.8;False;True;False;False;False;False;False;True;False;False;False;False
2025-07-16 12:00:00;-57.138000000000034;17.4;False;True;False;False;False;False;False;True;False;False;False;False
2025-07-16 13:00:00;-46.968500000000006;14.2;False;True;False;False;False;False;False;True;False;False;False;False
2025-07-16 14:00:00;-36.799000000000035;13.9;False;True;False;False;False;False;False;True;False;False;False;False
2025-07-16 15:00:00;-26.629500000000064;13.9;False;True;False;False;False;False;False;True;False;False;False;False
2025-07-16 16:00:00;-16.460000000000036;14.0;False;True;False;False;False;False;False;True;False;False;False;False
2025-07-16 17:00:00;-6.290500000000009;14.8;False;True;False;False;False;False;False;True;False;False;False;False
2025-07-16 18:00:00;3.8789999999999623;13.1;False;True;False;False;False;False;False;True;False;False;False;False
2025-07-16 19:00:00;14.048499999999933;12.2;False;True;False;False;False;False;False;True;False;False;False;False
2025-07-16 20:00:00;24.21799999999996;10.7;False;True;False;False;False;False;False;True;False;False;False;False
2025-07-16 21:00:00;34.38749999999999;10.8;False;True;False;False;False;False;False;True;False;False;False;False
2025-07-16 22:00:00;44.55699999999996;10.6;False;True;False;False;False;False;False;True;False;False;False;False
2025-07-16 23:00:00;54.72649999999993;9.9;False;True;False;False;False;False;False;True;False;False;False;False
2025-07-17 00:00:00;64.89599999999996;10.2;False;False;True;False;False;False;False;False;True;False;False;False
2025-07-17 01:00:00;75.06549999999999;9.9;False;False;True;False;False;False;False;False;True;False;False;False
2025-07-17 02:00:00;85.23499999999996;8.8;False;False;True;False;False;False;False;False;True;False;False;False
2025-07-17 03:00:00;95.40449999999993;9.1;False;False;True;False;False;False;False;False;True;False;False;False
2025-07-17 04:00:00;105.57399999999996;9.1;False;False;True;False;False;False;False;False;True;False;False;False
2025-07-17 05:00:00;115.74349999999998;9.4;False;False;True;False;False;False;False;False;True;False;False;False
2025-07-17 06:00:00;125.91299999999995;10.6;False;False;True;False;False;False;False;False;True;False;False;False
2025-07-17 07:00:00;136.08249999999992;11.4;False;False;True;False;False;False;False;False;True;False;False;False
2025-07-17 08:00:00;146.25199999999995;12.1;False;False;True;False;False;False;False;False;True;False;False;False
2025-07-17 09:00:00;156.42149999999998;12.8;False;False;True;False;False;False;False;False;True;False;False;False
2025-07-17 10:00:00;166.59099999999995;12.9;False;False;True;False;False;False;False;False;True;False;False;False
2025-07-17 11:00:00;176.76049999999992;14.9;False;False;True;False;False;False;False;False;True;False;False;False
2025-07-17 12:00:00;186.92999999999995;15.6;False;False;True;False;False;False;False;False;True;False;False;False
2025-07-17 13:00:00;197.09949999999998;16.5;False;False;True;False;False;False;False;False;True;False;False;False
2025-07-17 14:00:00;207.26899999999995;15.4;False;False;True;False;False;False;False;False;True;False;False;False
2025-07-17 15:00:00;217.43849999999992;14.9;False;False;True;False;False;False;False;False;True;False;False;False
2025-07-17 16:00:00;227.608;14.7;False;False;True;False;False;False;False;False;True;False;False;False
2025-07-17 17:00:00;237.77749999999997;13.7;False;False;True;False;False;False;False;False;True;False;False;False
2025-07-17 18:00:00;247.94699999999995;13.1;False;False;True;False;False;False;False;False;True;False;False;False
2025-07-17 19:00:00;258.1164999999999;12.6;False;False;True;False;False;False;False;False;True;False;False;False
2025-07-17 20:00:00;268.2859999999999;11.9;False;False;True;False;False;False;False;False;True;False;False;False
2025-07-17 21:00:00;278.4555;11.9;False;False;True;False;False;False;False;False;True;False;False;False
2025-07-17 22:00:00;288.62499999999994;11.6;False;False;True;False;False;False;False;False;True;False;False;False
2025-07-17 23:00:00;298.7944999999999;11.7;False;False;True;False;False;False;False;False;True;False;False;False
2025-07-18 00:00:00;308.964;11.9;False;False;False;True;False;False;False;False;False;True;False;False
2025-07-18 01:00:00;319.13349999999997;12.1;False;False;False;True;False;False;False;False;False;True;False;False
2025-07-18 02:00:00;329.30299999999994;11.8;False;False;False;True;False;False;False;False;False;True;False;False
2025-07-18 03:00:00;339.4724999999999;12.0;False;False;False;True;False;False;False;False;False;True;False;False
2025-07-18 04:00:00;349.6419999999999;12.3;False;False;False;True;False;False;False;False;False;True;False;False
2025-07-18 05:00:00;359.81149999999997;12.6;False;False;False;True;False;False;False;False;False;True;False;False
2025-07-18 06:00:00;369.98099999999994;13.0;False;False;False;True;False;False;False;False;False;True;False;False
2025-07-18 07:00:00;380.1504999999999;13.4;False;False;False;True;False;False;False;False;False;True;False;False
2025-07-18 08:00:00;390.32;13.8;False;False;False;True;False;False;False;False;False;True;False;False
2025-07-18 09:00:00;400.48949999999996;14.9;False;False;False;True;False;False;False;False;False;True;False;False
2025-07-18 10:00:00;410.65899999999993;14.8;False;False;False;True;False;False;False;False;False;True;False;False
2025-07-18 11:00:00;420.8284999999999;15.8;False;False;False;True;False;False;False;False;False;True;False;False
2025-07-18 12:00:00;430.9979999999999;17.1;False;False;False;True;False;False;False;False;False;True;False;False
2025-07-18 13:00:00;441.16749999999996;17.0;False;False;False;True;False;False;False;False;False;True;False;False
2025-07-18 14:00:00;451.33699999999993;17.8;False;False;False;True;False;False;False;False;False;True;False;False
2025-07-18 15:00:00;461.5064999999999;17.9;False;False;False;True;False;False;False;False;False;True;False;False
2025-07-18 16:00:00;471.676;17.8;False;False;False;True;False;False;False;False;False;True;False;False
2025-07-18 17:00:00;481.84549999999996;17.5;False;False;False;True;False;False;False;False;False;True;False;False
2025-07-18 18:00:00;492.01499999999993;17.1;False;False;False;True;False;False;False;False;False;True;False;False
2025-07-18 19:00:00;502.1844999999999;16.1;False;False;False;True;False;False;False;False;False;True;False;False
2025-07-18 20:00:00;512.3539999999998;14.2;False;False;False;True;False;False;False;False;False;True;False;False
2025-07-18 21:00:00;522.5235;13.4;False;False;False;True;False;False;False;False;False;True;False;False
2025-07-18 22:00:00;532.693;12.7;False;False;False;True;False;False;False;False;False;True;False;False
2025-07-18 23:00:00;542.8625;12.4;False;False;False;True;False;False;False;False;False;True;False;False
2025-07-19 00:00:00;553.0319999999999;11.9;False;False;False;False;True;False;False;False;False;False;True;False
2025-07-19 01:00:00;563.2014999999999;11.5;False;False;False;False;True;False;False;False;False;False;True;False
2025-07-19 02:00:00;573.3709999999999;11.6;False;False;False;False;True;False;False;False;False;False;True;False
2025-07-19 03:00:00;583.5404999999998;12.0;False;False;False;False;True;False;False;False;False;False;True;False
2025-07-19 04:00:00;593.7099999999998;12.1;False;False;False;False;True;False;False;False;False;False;True;False
2025-07-19 05:00:00;603.8795;12.5;False;False;False;False;True;False;False;False;False;False;True;False
2025-07-19 06:00:00;614.049;14.9;False;False;False;False;True;False;False;False;False;False;True;False
2025-07-19 07:00:00;624.2185;16.2;False;False;False;False;True;False;False;False;False;False;True;False
2025-07-19 08:00:00;634.3879999999999;17.3;False;False;False;False;True;False;False;False;False;False;True;False
2025-07-19 09:00:00;644.5574999999999;18.0;False;False;False;False;True;False;False;False;False;False;True;False
2025-07-19 10:00:00;654.7269999999999;18.6;False;False;False;False;True;False;False;False;False;False;True;False
2025-07-19 11:00:00;497.437;19.6;False;False;False;False;True;False;False;False;False;False;True;False
2025-07-19 12:00:00;416.50800000000004;20.3;False;False;False;False;True;False;False;False;False;False;True;False
2025-07-19 13:00:00;522.96075;20.2;False;False;False;False;True;False;False;False;False;False;True;False
2025-07-19 14:00:00;441.1405;21.0;False;False;False;False;True;False;False;False;False;False;True;False
2025-07-19 15:00:00;1184.7205;21.1;False;False;False;False;True;False;False;False;False;False;True;False
2025-07-19 16:00:00;1327.1287499999999;21.0;False;False;False;False;True;False;False;False;False;False;True;False
2025-07-19 17:00:00;613.73925;21.0;False;False;False;False;True;False;False;False;False;False;True;False
2025-07-19 18:00:00;662.9592499999999;20.0;False;False;False;False;True;False;False;False;False;False;True;False
2025-07-19 19:00:00;980.41075;18.3;False;False;False;False;True;False;False;False;False;False;True;False
2025-07-19 20:00:00;4048.437;15.6;False;False;False;False;True;False;False;False;False;False;True;False
2025-07-19 21:00:00;2618.56675;14.2;False;False;False;False;True;False;False;False;False;False;True;False
2025-07-19 22:00:00;1999.0885;13.8;False;False;False;False;True;False;False;False;False;False;True;False
2025-07-19 23:00:00;557.316;13.6;False;False;False;False;True;False;False;False;False;False;True;False
2025-07-20 00:00:00;1155.68575;13.2;False;False;False;False;False;True;False;False;False;False;False;True
2025-07-20 01:00:00;870.92475;13.2;False;False;False;False;False;True;False;False;False;False;False;True
2025-07-20 02:00:00;1211.85975;13.4;False;False;False;False;False;True;False;False;False;False;False;True
2025-07-20 03:00:00;1099.589;13.1;False;False;False;False;False;True;False;False;False;False;False;True
2025-07-20 04:00:00;1011.66825;12.9;False;False;False;False;False;True;False;False;False;False;False;True
2025-07-20 05:00:00;401.19475;14.0;False;False;False;False;False;True;False;False;False;False;False;True
2025-07-20 06:00:00;1108.56175;17.1;False;False;False;False;False;True;False;False;False;False;False;True
2025-07-20 07:00:00;510.14625000000007;19.1;False;False;False;False;False;True;False;False;False;False;False;True
2025-07-20 08:00:00;348.01550000000003;20.7;False;False;False;False;False;True;False;False;False;False;False;True
2025-07-20 09:00:00;349.9250000000002;22.0;False;False;False;False;False;True;False;False;False;False;False;True
2025-07-20 10:00:00;894.7115000000002;22.9;False;False;False;False;False;True;False;False;False;False;False;True
2025-07-20 11:00:00;462.35233333333326;23.0;False;False;False;False;False;True;False;False;False;False;False;True
2025-07-20 12:00:00;1341.7;23.5;False;False;False;False;False;True;False;False;False;False;False;True
2025-07-20 13:00:00;2228.1233333333334;23.9;False;False;False;False;False;True;False;False;False;False;False;True
2025-07-20 14:00:00;412.584;24.4;False;False;False;False;False;True;False;False;False;False;False;True
2025-07-20 15:00:00;338.7935;24.5;False;False;False;False;False;True;False;False;False;False;False;True
2025-07-20 16:00:00;353.05550000000005;24.5;False;False;False;False;False;True;False;False;False;False;False;True
2025-07-20 17:00:00;1393.9497499999998;24.0;False;False;False;False;False;True;False;False;False;False;False;True
2025-07-20 18:00:00;348.16675;23.1;False;False;False;False;False;True;False;False;False;False;False;True
2025-07-20 19:00:00;379.45875;21.1;False;False;False;False;False;True;False;False;False;False;False;True
2025-07-20 20:00:00;1001.427;19.0;False;False;False;False;False;True;False;False;False;False;False;True
2025-07-20 21:00:00;735.33325;18.2;False;False;False;False;False;True;False;False;False;False;False;True
2025-07-20 22:00:00;1587.0832500000001;17.5;False;False;False;False;False;True;False;False;False;False;False;True
2025-07-20 23:00:00;3658.3125;17.2;False;False;False;False;False;True;False;False;False;False;False;True
2025-07-21 00:00:00;1740.5;17.5;False;False;False;False;False;False;False;False;False;False;False;False
2025-07-21 01:00:00;1232.50025;17.6;False;False;False;False;False;False;False;False;False;False;False;False
2025-07-21 02:00:00;588.83325;18.7;False;False;False;False;False;False;False;False;False;False;False;False
2025-07-21 03:00:00;280.66675;17.9;False;False;False;False;False;False;False;False;False;False;False;False
2025-07-21 04:00:00;229.83350000000002;17.9;False;False;False;False;False;False;False;False;False;False;False;False
2025-07-21 05:00:00;314.25025;18.1;False;False;False;False;False;False;False;False;False;False;False;False
2025-07-21 06:00:00;351.31225;19.2;False;False;False;False;False;False;False;False;False;False;False;False
2025-07-21 07:00:00;307.375;20.9;False;False;False;False;False;False;False;False;False;False;False;False
2025-07-21 08:00:00;2575.54175;22.0;False;False;False;False;False;False;False;False;False;False;False;False
2025-07-21 09:00:00;965.12525;22.9;False;False;False;False;False;False;False;False;False;False;False;False
2025-07-21 10:00:00;792.9164999999998;22.4;False;False;False;False;False;False;False;False;False;False;False;False
2025-07-21 11:00:00;420.9375;22.5;False;False;False;False;False;False;False;False;False;False;False;False
2025-07-21 12:00:00;782.7502500000002;24.1;False;False;False;False;False;False;False;False;False;False;False;False
2025-07-21 13:00:00;753.39575;25.2;False;False;False;False;False;False;False;False;False;False;False;False
2025-07-21 14:00:00;420.97925;24.1;False;False;False;False;False;False;False;False;False;False;False;False
2025-07-21 15:00:00;429.1875;19.0;False;False;False;False;False;False;False;False;False;False;False;False
2025-07-21 16:00:00;1274.125;19.0;False;False;False;False;False;False;False;False;False;False;False;False
2025-07-21 17:00:00;1494.861;18.5;False;False;False;False;False;False;False;False;False;False;False;False
2025-07-21 18:00:00;1423.6821875;17.0;False;False;False;False;False;False;False;False;False;False;False;False
2025-07-21 19:00:00;1352.503375;13.8;False;False;False;False;False;False;False;False;False;False;False;False
2025-07-21 20:00:00;1281.3245625;12.8;False;False;False;False;False;False;False;False;False;False;False;False
2025-07-21 21:00:00;1210.1457500000001;12.3;False;False;False;False;False;False;False;False;False;False;False;False
2025-07-21 22:00:00;1138.9669375;11.9;False;False;False;False;False;False;False;False;False;False;False;False
2025-07-21 23:00:00;1067.788125;11.8;False;False;False;False;False;False;False;False;False;False;False;False
2025-07-22 00:00:00;996.6093125;11.8;True;False;False;False;False;False;True;False;False;False;False;False
2025-07-22 01:00:00;925.4305;11.9;True;False;False;False;False;False;True;False;False;False;False;False
2025-07-22 02:00:00;854.2516875;11.4;True;False;False;False;False;False;True;False;False;False;False;False
2025-07-22 03:00:00;783.0728750000001;11.1;True;False;False;False;False;False;True;False;False;False;False;False
2025-07-22 04:00:00;711.8940625;11.5;True;False;False;False;False;False;True;False;False;False;False;False
2025-07-22 05:00:00;640.71525;11.8;True;False;False;False;False;False;True;False;False;False;False;False
2025-07-22 06:00:00;569.5364375;12.4;True;False;False;False;False;False;True;False;False;False;False;False
2025-07-22 07:00:00;498.357625;13.5;True;False;False;False;False;False;True;False;False;False;False;False
2025-07-22 08:00:00;427.17881250000005;14.4;True;False;False;False;False;False;True;False;False;False;False;False
2025-07-22 09:00:00;356.0;15.2;True;False;False;False;False;False;True;False;False;False;False;False
2025-07-22 10:00:00;1468.0625;16.1;True;False;False;False;False;False;True;False;False;False;False;False
2025-07-22 11:00:00;1386.0835;17.6;True;False;False;False;False;False;True;False;False;False;False;False
2025-07-22 12:00:00;1302.5207500000001;18.2;True;False;False;False;False;False;True;False;False;False;False;False
2025-07-22 13:00:00;1072.7295;18.5;True;False;False;False;False;False;True;False;False;False;False;False
2025-07-22 14:00:00;1466.9582500000001;17.8;True;False;False;False;False;False;True;False;False;False;False;False
2025-07-22 15:00:00;1351.9167499999999;17.5;True;False;False;False;False;False;True;False;False;False;False;False
2025-07-22 16:00:00;779.5210000000001;17.5;True;False;False;False;False;False;True;False;False;False;False;False
2025-07-22 17:00:00;669.2915;17.5;True;False;False;False;False;False;True;False;False;False;False;False
2025-07-22 18:00:00;1049.479;14.1;True;False;False;False;False;False;True;False;False;False;False;False
2025-07-22 19:00:00;567.9585;13.2;True;False;False;False;False;False;True;False;False;False;False;False
2025-07-22 20:00:00;3965.2709999999997;12.7;True;False;False;False;False;False;True;False;False;False;False;False
2025-07-22 21:00:00;2797.5;13.2;True;False;False;False;False;False;True;False;False;False;False;False
2025-07-22 22:00:00;1170.93725;12.6;True;False;False;False;False;False;True;False;False;False;False;False
2025-07-22 23:00:00;2742.5;12.1;True;False;False;False;False;False;True;False;False;False;False;False
2025-07-23 00:00:00;1824.9167499999999;11.9;False;True;False;False;False;False;False;True;False;False;False;False
2025-07-23 01:00:00;622.41675;11.4;False;True;False;False;False;False;False;True;False;False;False;False
2025-07-23 02:00:00;614.5835;11.6;False;True;False;False;False;False;False;True;False;False;False;False
2025-07-23 03:00:00;431.0;11.6;False;True;False;False;False;False;False;True;False;False;False;False
2025-07-23 04:00:00;399.66650000000004;11.4;False;True;False;False;False;False;False;True;False;False;False;False
2025-07-23 05:00:00;370.91650000000004;11.5;False;True;False;False;False;False;False;True;False;False;False;False
2025-07-23 06:00:00;405.35425;12.4;False;True;False;False;False;False;False;True;False;False;False;False
2025-07-23 07:00:00;477.875;13.4;False;True;False;False;False;False;False;True;False;False;False;False
2025-07-23 08:00:00;393.75;14.6;False;True;False;False;False;False;False;True;False;False;False;False
2025-07-23 09:00:00;2002.875;16.1;False;True;False;False;False;False;False;True;False;False;False;False
2025-07-23 10:00:00;1417.375;17.5;False;True;False;False;False;False;False;True;False;False;False;False
2025-07-23 11:00:00;980.5;18.5;False;True;False;False;False;False;False;True;False;False;False;False
2025-07-23 12:00:00;1001.2223333333333;18.5;False;True;False;False;False;False;False;True;False;False;False;False
2025-07-23 13:00:00;754.6669999999999;19.1;False;True;False;False;False;False;False;True;False;False;False;False
2025-07-23 14:00:00;707.5412499999998;19.2;False;True;False;False;False;False;False;True;False;False;False;False
2025-07-23 15:00:00;646.2294999999999;19.0;False;True;False;False;False;False;False;True;False;False;False;False
2025-07-23 16:00:00;739.9585;18.9;False;True;False;False;False;False;False;True;False;False;False;False
2025-07-23 17:00:00;896.85425;18.8;False;True;False;False;False;False;False;True;False;False;False;False
2025-07-23 18:00:00;950.8330000000001;18.2;False;True;False;False;False;False;False;True;False;False;False;False
2025-07-23 19:00:00;1834.1665;17.0;False;True;False;False;False;False;False;True;False;False;False;False
2025-07-23 20:00:00;1505.7082500000001;15.5;False;True;False;False;False;False;False;True;False;False;False;False
2025-07-23 21:00:00;3063.3955;14.8;False;True;False;False;False;False;False;True;False;False;False;False
2025-07-23 22:00:00;3065.9165;14.1;False;True;False;False;False;False;False;True;False;False;False;False
2025-07-23 23:00:00;768.16675;14.0;False;True;False;False;False;False;False;True;False;False;False;False
2025-07-24 00:00:00;1538.8332500000001;13.7;False;False;True;False;False;False;False;False;True;False;False;False
2025-07-24 01:00:00;429.83349999999996;13.6;False;False;True;False;False;False;False;False;True;False;False;False
2025-07-24 02:00:00;1161.3335;13.4;False;False;True;False;False;False;False;False;True;False;False;False
2025-07-24 03:00:00;798.0;12.9;False;False;True;False;False;False;False;False;True;False;False;False
2025-07-24 04:00:00;989.3335;12.8;False;False;True;False;False;False;False;False;True;False;False;False
2025-07-24 05:00:00;1139.25;13.1;False;False;True;False;False;False;False;False;True;False;False;False
2025-07-24 06:00:00;458.77075;15.4;False;False;True;False;False;False;False;False;True;False;False;False
2025-07-24 07:00:00;1007.2915;16.6;False;False;True;False;False;False;False;False;True;False;False;False
2025-07-24 08:00:00;309.0;17.1;False;False;True;False;False;False;False;False;True;False;False;False
2025-07-24 09:00:00;2093.16025;18.2;False;False;True;False;False;False;False;False;True;False;False;False
2025-07-24 10:00:00;611.7204999999999;18.5;False;False;True;False;False;False;False;False;True;False;False;False
2025-07-24 11:00:00;479.63725;19.6;False;False;True;False;False;False;False;False;True;False;False;False
2025-07-24 12:00:00;525.208;20.6;False;False;True;False;False;False;False;False;True;False;False;False
2025-07-24 13:00:00;646.2833333333334;21.0;False;False;True;False;False;False;False;False;True;False;False;False
2025-07-24 14:00:00;598.4999999999999;20.6;False;False;True;False;False;False;False;False;True;False;False;False
2025-07-24 15:00:00;749.1667500000001;20.2;False;False;True;False;False;False;False;False;True;False;False;False
2025-07-24 16:00:00;1159.8125;19.5;False;False;True;False;False;False;False;False;True;False;False;False
2025-07-24 17:00:00;1194.7082500000001;18.5;False;False;True;False;False;False;False;False;True;False;False;False
2025-07-24 18:00:00;1115.9582500000001;17.7;False;False;True;False;False;False;False;False;True;False;False;False
2025-07-24 19:00:00;1907.7082500000001;16.9;False;False;True;False;False;False;False;False;True;False;False;False
2025-07-24 20:00:00;823.604;15.6;False;False;True;False;False;False;False;False;True;False;False;False
2025-07-24 21:00:00;1022.6875;15.1;False;False;True;False;False;False;False;False;True;False;False;False
2025-07-24 22:00:00;1030.4375;14.5;False;False;True;False;False;False;False;False;True;False;False;False
2025-07-24 23:00:00;949.625;14.4;False;False;True;False;False;False;False;False;True;False;False;False
2025-07-25 00:00:00;704.77075;14.1;False;False;False;True;False;False;False;False;False;True;False;False
2025-07-25 01:00:00;2744.79175;13.9;False;False;False;True;False;False;False;False;False;True;False;False
2025-07-25 02:00:00;2798.66675;14.1;False;False;False;True;False;False;False;False;False;True;False;False
2025-07-25 03:00:00;388.49975;14.5;False;False;False;True;False;False;False;False;False;True;False;False
2025-07-25 04:00:00;724.83325;14.3;False;False;False;True;False;False;False;False;False;True;False;False
2025-07-25 05:00:00;1043.91675;14.4;False;False;False;True;False;False;False;False;False;True;False;False
2025-07-25 06:00:00;412.5;14.8;False;False;False;True;False;False;False;False;False;True;False;False
2025-07-25 07:00:00;392.0625;15.6;False;False;False;True;False;False;False;False;False;True;False;False
2025-07-25 08:00:00;480.41675;16.8;False;False;False;True;False;False;False;False;False;True;False;False
2025-07-25 09:00:00;404.66650000000016;18.0;False;False;False;True;False;False;False;False;False;True;False;False
2025-07-25 10:00:00;671.8125;19.0;False;False;False;True;False;False;False;False;False;True;False;False
2025-07-25 11:00:00;566.4997499999998;19.8;False;False;False;True;False;False;False;False;False;True;False;False
2025-07-25 12:00:00;426.1454999999999;20.2;False;False;False;True;False;False;False;False;False;True;False;False
2025-07-25 13:00:00;2191.7087500000002;20.0;False;False;False;True;False;False;False;False;False;True;False;False
2025-07-25 14:00:00;1234.74975;19.1;False;False;False;True;False;False;False;False;False;True;False;False
2025-07-25 15:00:00;670.1665;19.0;False;False;False;True;False;False;False;False;False;True;False;False
2025-07-25 16:00:00;972.4375000000001;19.6;False;False;False;True;False;False;False;False;False;True;False;False
2025-07-25 17:00:00;1076.68775;19.6;False;False;False;True;False;False;False;False;False;True;False;False
2025-07-25 18:00:00;2310.125;18.9;False;False;False;True;False;False;False;False;False;True;False;False
2025-07-25 19:00:00;506.35400000000004;17.6;False;False;False;True;False;False;False;False;False;True;False;False
2025-07-25 20:00:00;505.27075;15.7;False;False;False;True;False;False;False;False;False;True;False;False
2025-07-25 21:00:00;1928.979;15.2;False;False;False;True;False;False;False;False;False;True;False;False
2025-07-25 22:00:00;4310.021;15.4;False;False;False;True;False;False;False;False;False;True;False;False
2025-07-25 23:00:00;2468.6667500000003;14.8;False;False;False;True;False;False;False;False;False;True;False;False
2025-07-26 00:00:00;500.5;14.2;False;False;False;False;True;False;False;False;False;False;True;False
2025-07-26 01:00:00;581.58325;13.7;False;False;False;False;True;False;False;False;False;False;True;False
2025-07-26 02:00:00;982.75;13.8;False;False;False;False;True;False;False;False;False;False;True;False
2025-07-26 03:00:00;418.91650000000004;13.6;False;False;False;False;True;False;False;False;False;False;True;False
2025-07-26 04:00:00;1073.0;13.4;False;False;False;False;True;False;False;False;False;False;True;False
2025-07-26 05:00:00;387.25;13.9;False;False;False;False;True;False;False;False;False;False;True;False
2025-07-26 06:00:00;884.18775;14.7;False;False;False;False;True;False;False;False;False;False;True;False
2025-07-26 07:00:00;338.0;15.6;False;False;False;False;True;False;False;False;False;False;True;False
2025-07-26 08:00:00;1084.75;16.8;False;False;False;False;True;False;False;False;False;False;True;False
2025-07-26 09:00:00;1149.146;17.5;False;False;False;False;True;False;False;False;False;False;True;False
2025-07-26 10:00:00;508.1042500000001;18.4;False;False;False;False;True;False;False;False;False;False;True;False
2025-07-26 11:00:00;512.8056666666668;19.4;False;False;False;False;True;False;False;False;False;False;True;False
2025-07-26 12:00:00;816.6666666666666;19.5;False;False;False;False;True;False;False;False;False;False;True;False
2025-07-26 13:00:00;1445.95825;20.1;False;False;False;False;True;False;False;False;False;False;True;False
2025-07-26 14:00:00;646.3955;18.1;False;False;False;False;True;False;False;False;False;False;True;False
2025-07-26 15:00:00;628.917;16.5;False;False;False;False;True;False;False;False;False;False;True;False
2025-07-26 16:00:00;1376.75;16.8;False;False;False;False;True;False;False;False;False;False;True;False
2025-07-26 17:00:00;709.8333333333334;17.4;False;False;False;False;True;False;False;False;False;False;True;False
2025-07-26 18:00:00;763.1665;17.0;False;False;False;False;True;False;False;False;False;False;True;False
2025-07-26 19:00:00;1040.75;15.9;False;False;False;False;True;False;False;False;False;False;True;False
2025-07-26 20:00:00;757.1666666666666;14.9;False;False;False;False;True;False;False;False;False;False;True;False
2025-07-26 21:00:00;1217.5417499999999;14.6;False;False;False;False;True;False;False;False;False;False;True;False
2025-07-26 22:00:00;2896.54175;14.5;False;False;False;False;True;False;False;False;False;False;True;False
2025-07-26 23:00:00;2629.77075;14.6;False;False;False;False;True;False;False;False;False;False;True;False
2025-07-27 00:00:00;1199.9165;14.4;False;False;False;False;False;True;False;False;False;False;False;True
2025-07-27 01:00:00;582.33325;14.1;False;False;False;False;False;True;False;False;False;False;False;True
2025-07-27 02:00:00;601.0;13.6;False;False;False;False;False;True;False;False;False;False;False;True
2025-07-27 03:00:00;737.58325;13.2;False;False;False;False;False;True;False;False;False;False;False;True
2025-07-27 04:00:00;749.25;13.2;False;False;False;False;False;True;False;False;False;False;False;True
2025-07-27 05:00:00;335.41675;13.2;False;False;False;False;False;True;False;False;False;False;False;True
2025-07-27 06:00:00;424.56275;13.4;False;False;False;False;False;True;False;False;False;False;False;True
2025-07-27 07:00:00;433.93775;13.9;False;False;False;False;False;True;False;False;False;False;False;True
2025-07-27 08:00:00;1619.64625;14.4;False;False;False;False;False;True;False;False;False;False;False;True
2025-07-27 09:00:00;2058.5;15.6;False;False;False;False;False;True;False;False;False;False;False;True
2025-07-27 10:00:00;739.5417500000001;15.8;False;False;False;False;False;True;False;False;False;False;False;True
2025-07-27 11:00:00;604.9585;16.1;False;False;False;False;False;True;False;False;False;False;False;True
2025-07-27 12:00:00;1234.25025;15.4;False;False;False;False;False;True;False;False;False;False;False;True
2025-07-27 13:00:00;2942.0625;15.9;False;False;False;False;False;True;False;False;False;False;False;True
2025-07-27 14:00:00;953.104;17.8;False;False;False;False;False;True;False;False;False;False;False;True
2025-07-27 15:00:00;2639.5;17.8;False;False;False;False;False;True;False;False;False;False;False;True
2025-07-27 16:00:00;1266.87475;17.9;False;False;False;False;False;True;False;False;False;False;False;True
2025-07-27 17:00:00;1488.0415;16.8;False;False;False;False;False;True;False;False;False;False;False;True
2025-07-27 18:00:00;3246.917;16.4;False;False;False;False;False;True;False;False;False;False;False;True
2025-07-27 19:00:00;4189.99975;15.6;False;False;False;False;False;True;False;False;False;False;False;True
2025-07-27 20:00:00;2046.5417499999999;14.3;False;False;False;False;False;True;False;False;False;False;False;True
2025-07-27 21:00:00;4738.5;13.9;False;False;False;False;False;True;False;False;False;False;False;True
2025-07-27 22:00:00;2632.08325;13.9;False;False;False;False;False;True;False;False;False;False;False;True
2025-07-27 23:00:00;689.58325;13.8;False;False;False;False;False;True;False;False;False;False;False;True
2025-07-28 00:00:00;463.0;13.5;False;False;False;False;False;False;False;False;False;False;False;False
2025-07-28 01:00:00;437.25;13.0;False;False;False;False;False;False;False;False;False;False;False;False
2025-07-28 02:00:00;428.0;13.3;False;False;False;False;False;False;False;False;False;False;False;False
2025-07-28 03:00:00;2009.9165;12.8;False;False;False;False;False;False;False;False;False;False;False;False
2025-07-28 04:00:00;443.83325;12.1;False;False;False;False;False;False;False;False;False;False;False;False
2025-07-28 05:00:00;446.7;12.1;False;False;False;False;False;False;False;False;False;False;False;False
2025-07-28 06:00:00;345.04150000000004;12.8;False;False;False;False;False;False;False;False;False;False;False;False
2025-07-28 07:00:00;852.052;13.1;False;False;False;False;False;False;False;False;False;False;False;False
2025-07-28 08:00:00;942.57575;13.4;False;False;False;False;False;False;False;False;False;False;False;False
2025-07-28 09:00:00;3952.9285;14.4;False;False;False;False;False;False;False;False;False;False;False;False
2025-07-28 10:00:00;3084.8975;14.5;False;False;False;False;False;False;False;False;False;False;False;False
2025-07-28 11:00:00;1874.076;16.1;False;False;False;False;False;False;False;False;False;False;False;False
2025-07-28 12:00:00;1988.125;16.9;False;False;False;False;False;False;False;False;False;False;False;False
2025-07-28 13:00:00;1350.77225;16.7;False;False;False;False;False;False;False;False;False;False;False;False
2025-07-28 14:00:00;1151.51775;16.4;False;False;False;False;False;False;False;False;False;False;False;False
2025-07-28 15:00:00;1589.3035;14.9;False;False;False;False;False;False;False;False;False;False;False;False
2025-07-28 16:00:00;1485.2455;14.1;False;False;False;False;False;False;False;False;False;False;False;False
2025-07-28 17:00:00;1473.3975;13.7;False;False;False;False;False;False;False;False;False;False;False;False
2025-07-28 18:00:00;714.1295;13.4;False;False;False;False;False;False;False;False;False;False;False;False
2025-07-28 19:00:00;789.0935000000001;13.3;False;False;False;False;False;False;False;False;False;False;False;False
2025-07-28 20:00:00;1739.674;12.9;False;False;False;False;False;False;False;False;False;False;False;False
2025-07-28 21:00:00;3098.576;13.2;False;False;False;False;False;False;False;False;False;False;False;False
2025-07-28 22:00:00;2686.77225;12.5;False;False;False;False;False;False;False;False;False;False;False;False
2025-07-28 23:00:00;891.64725;12.1;False;False;False;False;False;False;False;False;False;False;False;False
2025-07-29 00:00:00;624.3035;11.6;True;False;False;False;False;False;True;False;False;False;False;False
2025-07-29 01:00:00;454.66075;11.1;True;False;False;False;False;False;True;False;False;False;False;False
2025-07-29 02:00:00;1195.9465;11.4;True;False;False;False;False;False;True;False;False;False;False;False
2025-07-29 03:00:00;380.91075;11.3;True;False;False;False;False;False;True;False;False;False;False;False
2025-07-29 04:00:00;546.83925;11.1;True;False;False;False;False;False;True;False;False;False;False;False
2025-07-29 05:00:00;1100.9465;11.1;True;False;False;False;False;False;True;False;False;False;False;False
2025-07-29 06:00:00;365.241;11.1;True;False;False;False;False;False;True;False;False;False;False;False
2025-07-29 07:00:00;1930.84375;11.4;True;False;False;False;False;False;True;False;False;False;False;False
2025-07-29 08:00:00;1359.402;12.0;True;False;False;False;False;False;True;False;False;False;False;False
2025-07-29 09:00:00;659.25;13.2;True;False;False;False;False;False;True;False;False;False;False;False
2025-07-29 10:00:00;542.60725;13.8;True;False;False;False;False;False;True;False;False;False;False;False
2025-07-29 11:00:00;561.6145;14.2;True;False;False;False;False;False;True;False;False;False;False;False
2025-07-29 12:00:00;594.5225;14.1;True;False;False;False;False;False;True;False;False;False;False;False
2025-07-29 13:00:00;2755.77675;15.0;True;False;False;False;False;False;True;False;False;False;False;False
2025-07-29 14:00:00;680.384;15.4;True;False;False;False;False;False;True;False;False;False;False;False
2025-07-29 15:00:00;1032.3305;15.9;True;False;False;False;False;False;True;False;False;False;False;False
2025-07-29 16:00:00;598.17425;16.2;True;False;False;False;False;False;True;False;False;False;False;False
2025-07-29 17:00:00;478.67425000000003;15.9;True;False;False;False;False;False;True;False;False;False;False;False
2025-07-29 18:00:00;518.33025;15.1;True;False;False;False;False;False;True;False;False;False;False;False
2025-07-29 19:00:00;1099.6915;13.9;True;False;False;False;False;False;True;False;False;False;False;False
2025-07-29 20:00:00;1575.07125;12.4;True;False;False;False;False;False;True;False;False;False;False;False
2025-07-29 21:00:00;2143.0;11.8;True;False;False;False;False;False;True;False;False;False;False;False
2025-07-29 22:00:00;2814.1205;11.1;True;False;False;False;False;False;True;False;False;False;False;False
2025-07-29 23:00:00;2074.15625;10.8;True;False;False;False;False;False;True;False;False;False;False;False
2025-07-30 00:00:00;1082.2917499999999;10.4;False;True;False;False;False;False;False;True;False;False;False;False
2025-07-30 01:00:00;925.643;10.5;False;True;False;False;False;False;False;True;False;False;False;False
2025-07-30 02:00:00;933.20825;11.2;False;True;False;False;False;False;False;True;False;False;False;False
2025-07-30 03:00:00;986.48225;9.9;False;True;False;False;False;False;False;True;False;False;False;False
2025-07-30 04:00:00;586.91075;10.2;False;True;False;False;False;False;False;True;False;False;False;False
2025-07-30 05:00:00;751.448;10.5;False;True;False;False;False;False;False;True;False;False;False;False
2025-07-30 06:00:00;1244.549;12.2;False;True;False;False;False;False;False;True;False;False;False;False
2025-07-30 07:00:00;575.99825;13.3;False;True;False;False;False;False;False;True;False;False;False;False
2025-07-30 08:00:00;494.41200000000003;14.4;False;True;False;False;False;False;False;True;False;False;False;False
2025-07-30 09:00:00;2252.3035;15.4;False;True;False;False;False;False;False;True;False;False;False;False
2025-07-30 10:00:00;810.9375;15.9;False;True;False;False;False;False;False;True;False;False;False;False
2025-07-30 11:00:00;1001.40175;16.1;False;True;False;False;False;False;False;True;False;False;False;False
2025-07-30 12:00:00;538.7945;16.2;False;True;False;False;False;False;False;True;False;False;False;False
2025-07-30 13:00:00;771.141;16.0;False;True;False;False;False;False;False;True;False;False;False;False
2025-07-30 14:00:00;539.91825;14.2;False;True;False;False;False;False;False;True;False;False;False;False
2025-07-30 15:00:00;490.375;15.0;False;True;False;False;False;False;False;True;False;False;False;False
2025-07-30 16:00:00;490.28125;15.6;False;True;False;False;False;False;False;True;False;False;False;False
2025-07-30 17:00:00;1807.5500000000002;15.6;False;True;False;False;False;False;False;True;False;False;False;False
2025-07-30 18:00:00;2571.641666666667;14.5;False;True;False;False;False;False;False;True;False;False;False;False
2025-07-30 19:00:00;3614.6666666666665;13.6;False;True;False;False;False;False;False;True;False;False;False;False
2025-07-30 20:00:00;4108.54175;11.4;False;True;False;False;False;False;False;True;False;False;False;False
2025-07-30 21:00:00;2681.71075;10.9;False;True;False;False;False;False;False;True;False;False;False;False
2025-07-30 22:00:00;2335.119;11.1;False;True;False;False;False;False;False;True;False;False;False;False
2025-07-30 23:00:00;834.33925;10.6;False;True;False;False;False;False;False;True;False;False;False;False
2025-07-31 00:00:00;1599.4225000000001;9.9;False;False;True;False;False;False;False;False;True;False;False;False
2025-07-31 01:00:00;474.2025;9.4;False;False;True;False;False;False;False;False;True;False;False;False
2025-07-31 02:00:00;3102.4525;9.6;False;False;True;False;False;False;False;False;True;False;False;False
2025-07-31 03:00:00;1218.81525;9.1;False;False;True;False;False;False;False;False;True;False;False;False
2025-07-31 04:00:00;488.21425;8.9;False;False;True;False;False;False;False;False;True;False;False;False
2025-07-31 05:00:00;538.67875;9.4;False;False;True;False;False;False;False;False;True;False;False;False
2025-07-31 06:00:00;1354.44625;10.6;False;False;True;False;False;False;False;False;True;False;False;False
2025-07-31 07:00:00;753.174;11.6;False;False;True;False;False;False;False;False;True;False;False;False
2025-07-31 08:00:00;756.21875;12.2;False;False;True;False;False;False;False;False;True;False;False;False
2025-07-31 09:00:00;890.067;12.8;False;False;True;False;False;False;False;False;True;False;False;False
2025-07-31 10:00:00;2864.04;13.9;False;False;True;False;False;False;False;False;True;False;False;False
2025-07-31 11:00:00;1537.797;15.1;False;False;True;False;False;False;False;False;True;False;False;False
2025-07-31 12:00:00;3688.3265;15.1;False;False;True;False;False;False;False;False;True;False;False;False
2025-07-31 13:00:00;1276.3322500000004;15.6;False;False;True;False;False;False;False;False;True;False;False;False
2025-07-31 14:00:00;1318.4560000000001;16.8;False;False;True;False;False;False;False;False;True;False;False;False
2025-07-31 15:00:00;823.14575;14.9;False;False;True;False;False;False;False;False;True;False;False;False
2025-07-31 16:00:00;2960.3512499999997;14.3;False;False;True;False;False;False;False;False;True;False;False;False
2025-07-31 17:00:00;2191.7075;13.2;False;False;True;False;False;False;False;False;True;False;False;False
2025-07-31 18:00:00;3101.875;12.8;False;False;True;False;False;False;False;False;True;False;False;False
2025-07-31 19:00:00;1395.94175;12.8;False;False;True;False;False;False;False;False;True;False;False;False
2025-07-31 20:00:00;835.75;11.9;False;False;True;False;False;False;False;False;True;False;False;False
2025-07-31 21:00:00;1118.1115;11.9;False;False;True;False;False;False;False;False;True;False;False;False
2025-07-31 22:00:00;1646.393;11.6;False;False;True;False;False;False;False;False;True;False;False;False
2025-07-31 23:00:00;558.3333333333334;11.1;False;False;True;False;False;False;False;False;True;False;False;False
2025-08-01 00:00:00;1194.28575;10.2;False;False;False;True;False;False;False;False;False;True;False;False
2025-08-01 01:00:00;380.71425;9.9;False;False;False;True;False;False;False;False;False;True;False;False
2025-08-01 02:00:00;1063.4285;10.8;False;False;False;True;False;False;False;False;False;True;False;False
2025-08-01 03:00:00;1064.52775;10.4;False;False;False;True;False;False;False;False;False;True;False;False
2025-08-01 04:00:00;332.46425;10.2;False;False;False;True;False;False;False;False;False;True;False;False
2025-08-01 05:00:00;1032.66275;10.1;False;False;False;True;False;False;False;False;False;True;False;False
2025-08-01 06:00:00;1205.26325;11.1;False;False;False;True;False;False;False;False;False;True;False;False
2025-08-01 07:00:00;2090.52575;11.0;False;False;False;True;False;False;False;False;False;True;False;False
2025-08-01 08:00:00;595.175;11.4;False;False;False;True;False;False;False;False;False;True;False;False
2025-08-01 09:00:00;1240.6875;11.9;False;False;False;True;False;False;False;False;False;True;False;False
2025-08-01 10:00:00;1199.2945;12.2;False;False;False;True;False;False;False;False;False;True;False;False
2025-08-01 11:00:00;664.7455;14.4;False;False;False;True;False;False;False;False;False;True;False;False
2025-08-01 12:00:00;676.37925;15.4;False;False;False;True;False;False;False;False;False;True;False;False
2025-08-01 13:00:00;2872.74975;15.6;False;False;False;True;False;False;False;False;False;True;False;False
2025-08-01 14:00:00;1534.2365;14.6;False;False;False;True;False;False;False;False;False;True;False;False
2025-08-01 15:00:00;1785.47325;13.7;False;False;False;True;False;False;False;False;False;True;False;False
2025-08-01 16:00:00;2670.77525;15.9;False;False;False;True;False;False;False;False;False;True;False;False
2025-08-01 17:00:00;617.74425;15.9;False;False;False;True;False;False;False;False;False;True;False;False
2025-08-01 18:00:00;1572.5935;16.0;False;False;False;True;False;False;False;False;False;True;False;False
2025-08-01 19:00:00;1453.442;13.4;False;False;False;True;False;False;False;False;False;True;False;False
2025-08-01 20:00:00;2137.86575;12.6;False;False;False;True;False;False;False;False;False;True;False;False
2025-08-01 21:00:00;842.83925;11.9;False;False;False;True;False;False;False;False;False;True;False;False
2025-08-01 22:00:00;1657.3885;11.2;False;False;False;True;False;False;False;False;False;True;False;False
2025-08-01 23:00:00;505.85725;11.3;False;False;False;True;False;False;False;False;False;True;False;False
2025-08-02 00:00:00;590.275;11.1;False;False;False;False;True;False;False;False;False;False;True;False
2025-08-02 01:00:00;1286.85725;11.2;False;False;False;False;True;False;False;False;False;False;True;False
2025-08-02 02:00:00;337.875;10.7;False;False;False;False;True;False;False;False;False;False;True;False
2025-08-02 03:00:00;1025.82125;10.6;False;False;False;False;True;False;False;False;False;False;True;False
2025-08-02 04:00:00;1671.5059999999999;11.4;False;False;False;False;True;False;False;False;False;False;True;False
2025-08-02 05:00:00;368.09375;11.1;False;False;False;False;True;False;False;False;False;False;True;False
2025-08-02 06:00:00;409.18899999999996;12.5;False;False;False;False;True;False;False;False;False;False;True;False
2025-08-02 07:00:00;577.26025;13.6;False;False;False;False;True;False;False;False;False;False;True;False
2025-08-02 08:00:00;491.2147500000001;14.4;False;False;False;False;True;False;False;False;False;False;True;False
2025-08-02 09:00:00;493.73575;15.3;False;False;False;False;True;False;False;False;False;False;True;False
2025-08-02 10:00:00;1532.5635;16.3;False;False;False;False;True;False;False;False;False;False;True;False
2025-08-02 11:00:00;779.73225;17.2;False;False;False;False;True;False;False;False;False;False;True;False
2025-08-02 12:00:00;670.73675;17.9;False;False;False;False;True;False;False;False;False;False;True;False
2025-08-02 13:00:00;1609.5045;18.5;False;False;False;False;True;False;False;False;False;False;True;False
2025-08-02 14:00:00;1016.732;18.5;False;False;False;False;True;False;False;False;False;False;True;False
2025-08-02 15:00:00;1174.58475;18.1;False;False;False;False;True;False;False;False;False;False;True;False
2025-08-02 16:00:00;503.625;17.4;False;False;False;False;True;False;False;False;False;False;True;False
2025-08-02 17:00:00;324.06975;16.5;False;False;False;False;True;False;False;False;False;False;True;False
2025-08-02 18:00:00;490.555;14.9;False;False;False;False;True;False;False;False;False;False;True;False
2025-08-02 19:00:00;423.4375;14.1;False;False;False;False;True;False;False;False;False;False;True;False
2025-08-02 20:00:00;453.80825;13.4;False;False;False;False;True;False;False;False;False;False;True;False
2025-08-02 21:00:00;847.6725;13.2;False;False;False;False;True;False;False;False;False;False;True;False
2025-08-02 22:00:00;699.866;12.9;False;False;False;False;True;False;False;False;False;False;True;False
2025-08-02 23:00:00;735.4195;12.6;False;False;False;False;True;False;False;False;False;False;True;False
2025-08-03 00:00:00;798.8705;12.4;False;False;False;False;False;True;False;False;False;False;False;True
2025-08-03 01:00:00;980.91975;12.2;False;False;False;False;False;True;False;False;False;False;False;True
2025-08-03 02:00:00;437.90175;12.1;False;False;False;False;False;True;False;False;False;False;False;True
2025-08-03 03:00:00;389.375;11.9;False;False;False;False;False;True;False;False;False;False;False;True
2025-08-03 04:00:00;2528.85;11.7;False;False;False;False;False;True;False;False;False;False;False;True
2025-08-03 05:00:00;1578.7145;11.6;False;False;False;False;False;True;False;False;False;False;False;True
2025-08-03 06:00:00;1660.83175;11.4;False;False;False;False;False;True;False;False;False;False;False;True
2025-08-03 07:00:00;1382.58475;11.4;False;False;False;False;False;True;False;False;False;False;False;True
2025-08-03 08:00:00;532.77675;12.1;False;False;False;False;False;True;False;False;False;False;False;True
2025-08-03 09:00:00;655.64725;12.4;False;False;False;False;False;True;False;False;False;False;False;True
2025-08-03 10:00:00;808.246;12.9;False;False;False;False;False;True;False;False;False;False;False;True
2025-08-03 11:00:00;2791.1875;13.6;False;False;False;False;False;True;False;False;False;False;False;True
2025-08-03 12:00:00;4533.10275;14.8;False;False;False;False;False;True;False;False;False;False;False;True
2025-08-03 13:00:00;1649.009;15.6;False;False;False;False;False;True;False;False;False;False;False;True
2025-08-03 14:00:00;922.53125;16.0;False;False;False;False;False;True;False;False;False;False;False;True
2025-08-03 15:00:00;455.93174999999997;15.9;False;False;False;False;False;True;False;False;False;False;False;True
2025-08-03 16:00:00;736.576;16.2;False;False;False;False;False;True;False;False;False;False;False;True
2025-08-03 17:00:00;771.95075;15.9;False;False;False;False;False;True;False;False;False;False;False;True
2025-08-03 18:00:00;1440.6175;14.8;False;False;False;False;False;True;False;False;False;False;False;True
2025-08-03 19:00:00;1184.83475;13.6;False;False;False;False;False;True;False;False;False;False;False;True
2025-08-03 20:00:00;1130.90625;12.6;False;False;False;False;False;True;False;False;False;False;False;True
2025-08-03 21:00:00;1363.201;12.4;False;False;False;False;False;True;False;False;False;False;False;True
2025-08-03 22:00:00;2418.65625;11.4;False;False;False;False;False;True;False;False;False;False;False;True
2025-08-03 23:00:00;2041.60725;10.4;False;False;False;False;False;True;False;False;False;False;False;True
2025-08-04 00:00:00;1514.58925;9.4;False;False;False;False;False;False;False;False;False;False;False;False
2025-08-04 01:00:00;1037.03575;8.9;False;False;False;False;False;False;False;False;False;False;False;False
2025-08-04 02:00:00;333.5;10.5;False;False;False;False;False;False;False;False;False;False;False;False
2025-08-04 03:00:00;1002.375;10.8;False;False;False;False;False;False;False;False;False;False;False;False
2025-08-04 04:00:00;317.74199999999996;10.4;False;False;False;False;False;False;False;False;False;False;False;False
2025-08-04 05:00:00;932.1965;10.4;False;False;False;False;False;False;False;False;False;False;False;False
2025-08-04 06:00:00;602.65175;10.8;False;False;False;False;False;False;False;False;False;False;False;False
2025-08-04 07:00:00;886.215;11.4;False;False;False;False;False;False;False;False;False;False;False;False
2025-08-04 08:00:00;1145.2662500000001;11.5;False;False;False;False;False;False;False;False;False;False;False;False
2025-08-04 09:00:00;1190.90625;13.4;False;False;False;False;False;False;False;False;False;False;False;False
2025-08-04 10:00:00;911.38775;13.1;False;False;False;False;False;False;False;False;False;False;False;False
2025-08-04 11:00:00;2760.2865;13.9;False;False;False;False;False;False;False;False;False;False;False;False
2025-08-04 12:00:00;1094.33925;14.1;False;False;False;False;False;False;False;False;False;False;False;False
2025-08-04 13:00:00;783.10275;14.7;False;False;False;False;False;False;False;False;False;False;False;False
2025-08-04 14:00:00;703.70075;13.9;False;False;False;False;False;False;False;False;False;False;False;False
2025-08-04 15:00:00;531.5550000000001;14.2;False;False;False;False;False;False;False;False;False;False;False;False
2025-08-04 16:00:00;308.58050000000003;15.2;False;False;False;False;False;False;False;False;False;False;False;False
2025-08-04 17:00:00;327.08475;15.4;False;False;False;False;False;False;False;False;False;False;False;False
2025-08-04 18:00:00;753.95075;15.1;False;False;False;False;False;False;False;False;False;False;False;False
2025-08-04 19:00:00;1692.8287500000001;14.0;False;False;False;False;False;False;False;False;False;False;False;False
2025-08-04 20:00:00;1229.4195;12.8;False;False;False;False;False;False;False;False;False;False;False;False
2025-08-04 21:00:00;2058.97775;12.2;False;False;False;False;False;False;False;False;False;False;False;False
2025-08-04 22:00:00;1066.0252500000001;11.8;False;False;False;False;False;False;False;False;False;False;False;False
2025-08-04 23:00:00;1507.5995;11.5;False;False;False;False;False;False;False;False;False;False;False;False
2025-08-05 00:00:00;1335.4045;11.1;True;False;False;False;False;False;True;False;False;False;False;False
2025-08-05 01:00:00;1181.649;10.9;True;False;False;False;False;False;True;False;False;False;False;False
2025-08-05 02:00:00;377.4225;10.2;True;False;False;False;False;False;True;False;False;False;False;False
2025-08-05 03:00:00;1064.4144999999999;10.2;True;False;False;False;False;False;True;False;False;False;False;False
2025-08-05 04:00:00;1013.101;10.2;True;False;False;False;False;False;True;False;False;False;False;False
2025-08-05 05:00:00;328.649;10.3;True;False;False;False;False;False;True;False;False;False;False;False
2025-08-05 06:00:00;1128.7179999999998;11.6;True;False;False;False;False;False;True;False;False;False;False;False
2025-08-05 07:00:00;532.625;13.0;True;False;False;False;False;False;True;False;False;False;False;False
2025-08-05 08:00:00;1703.38475;14.2;True;False;False;False;False;False;True;False;False;False;False;False
2025-08-05 09:00:00;2727.33925;15.4;True;False;False;False;False;False;True;False;False;False;False;False
2025-08-05 10:00:00;1344.1185;16.9;True;False;False;False;False;False;True;False;False;False;False;False
2025-08-05 11:00:00;917.7315;18.4;True;False;False;False;False;False;True;False;False;False;False;False
2025-08-05 12:00:00;1091.46875;19.6;True;False;False;False;False;False;True;False;False;False;False;False
2025-08-05 13:00:00;664.97775;19.7;True;False;False;False;False;False;True;False;False;False;False;False
2025-08-05 14:00:00;394.975;19.9;True;False;False;False;False;False;True;False;False;False;False;False
2025-08-05 15:00:00;509.46;19.1;True;False;False;False;False;False;True;False;False;False;False;False
2025-08-05 16:00:00;1767.219;15.9;True;False;False;False;False;False;True;False;False;False;False;False
2025-08-05 17:00:00;2983.0833333333335;14.9;True;False;False;False;False;False;True;False;False;False;False;False
2025-08-05 18:00:00;2528.43225;13.6;True;False;False;False;False;False;True;False;False;False;False;False
2025-08-05 19:00:00;4080.34125;12.3;True;False;False;False;False;False;True;False;False;False;False;False
2025-08-05 20:00:00;2915.6357500000004;11.1;True;False;False;False;False;False;True;False;False;False;False;False
2025-08-05 21:00:00;2168.81325;10.1;True;False;False;False;False;False;True;False;False;False;False;False
2025-08-05 22:00:00;1662.6665;9.8;True;False;False;False;False;False;True;False;False;False;False;False
2025-08-05 23:00:00;1778.7737499999998;9.8;True;False;False;False;False;False;True;False;False;False;False;False
2025-08-06 00:00:00;1421.11125;10.0;False;True;False;False;False;False;False;True;False;False;False;False
2025-08-06 01:00:00;469.986;10.2;False;True;False;False;False;False;False;True;False;False;False;False
2025-08-06 02:00:00;699.5895;10.2;False;True;False;False;False;False;False;True;False;False;False;False
2025-08-06 03:00:00;2026.0715;9.7;False;True;False;False;False;False;False;True;False;False;False;False
2025-08-06 04:00:00;902.641;9.1;False;True;False;False;False;False;False;True;False;False;False;False
2025-08-06 05:00:00;555.53225;8.8;False;True;False;False;False;False;False;True;False;False;False;False
2025-08-06 06:00:00;920.4892500000001;9.8;False;True;False;False;False;False;False;True;False;False;False;False
2025-08-06 07:00:00;1224.2047499999999;10.8;False;True;False;False;False;False;False;True;False;False;False;False
2025-08-06 08:00:00;1494.353;11.2;False;True;False;False;False;False;False;True;False;False;False;False
2025-08-06 09:00:00;875.77375;12.2;False;True;False;False;False;False;False;True;False;False;False;False
2025-08-06 10:00:00;869.3530000000002;13.4;False;True;False;False;False;False;False;True;False;False;False;False
2025-08-06 11:00:00;2138.3215;14.2;False;True;False;False;False;False;False;True;False;False;False;False
2025-08-06 12:00:00;1437.69825;14.7;False;True;False;False;False;False;False;True;False;False;False;False
2025-08-06 13:00:00;840.7455;15.1;False;True;False;False;False;False;False;True;False;False;False;False
2025-08-06 14:00:00;1104.7562500000001;16.1;False;True;False;False;False;False;False;True;False;False;False;False
2025-08-06 15:00:00;844.90625;15.9;False;True;False;False;False;False;False;True;False;False;False;False
2025-08-06 16:00:00;1178.5355;15.6;False;True;False;False;False;False;False;True;False;False;False;False
2025-08-06 17:00:00;1828.37025;15.2;False;True;False;False;False;False;False;True;False;False;False;False
2025-08-06 18:00:00;3437.2395;14.6;False;True;False;False;False;False;False;True;False;False;False;False
2025-08-06 19:00:00;3745.1465;12.9;False;True;False;False;False;False;False;True;False;False;False;False
2025-08-06 20:00:00;2445.849;11.2;False;True;False;False;False;False;False;True;False;False;False;False
2025-08-06 21:00:00;2761.8285;10.1;False;True;False;False;False;False;False;True;False;False;False;False
2025-08-06 22:00:00;2613.09275;9.4;False;True;False;False;False;False;False;True;False;False;False;False
2025-08-06 23:00:00;3521.4345000000003;9.1;False;True;False;False;False;False;False;True;False;False;False;False
2025-08-07 00:00:00;2279.6666666666665;8.9;False;False;True;False;False;False;False;False;True;False;False;False
2025-08-07 01:00:00;1504.611;8.9;False;False;True;False;False;False;False;False;True;False;False;False
2025-08-07 02:00:00;1254.25;9.3;False;False;True;False;False;False;False;False;True;False;False;False
2025-08-07 03:00:00;1233.4286666666667;9.8;False;False;True;False;False;False;False;False;True;False;False;False
2025-08-07 04:00:00;986.21425;9.6;False;False;True;False;False;False;False;False;True;False;False;False
2025-08-07 05:00:00;666.39275;9.8;False;False;True;False;False;False;False;False;True;False;False;False
2025-08-07 06:00:00;500.8125;10.9;False;False;True;False;False;False;False;False;True;False;False;False
2025-08-07 07:00:00;1124.77225;13.2;False;False;True;False;False;False;False;False;True;False;False;False
2025-08-07 08:00:00;435.23675000000003;14.6;False;False;True;False;False;False;False;False;True;False;False;False
2025-08-07 09:00:00;496.87024999999994;15.6;False;False;True;False;False;False;False;False;True;False;False;False
2025-08-07 10:00:00;1316.06225;16.5;False;False;True;False;False;False;False;False;True;False;False;False
2025-08-07 11:00:00;725.2455;17.5;False;False;True;False;False;False;False;False;True;False;False;False
2025-08-07 12:00:00;690.84825;18.2;False;False;True;False;False;False;False;False;True;False;False;False
2025-08-07 13:00:00;580.674;18.8;False;False;True;False;False;False;False;False;True;False;False;False
2025-08-07 14:00:00;909.27225;19.0;False;False;True;False;False;False;False;False;True;False;False;False
2025-08-07 15:00:00;762.125;19.0;False;False;True;False;False;False;False;False;True;False;False;False
2025-08-07 16:00:00;992.79025;19.0;False;False;True;False;False;False;False;False;True;False;False;False
2025-08-07 17:00:00;484.71450000000004;18.5;False;False;True;False;False;False;False;False;True;False;False;False
2025-08-07 18:00:00;420.86175000000003;17.9;False;False;True;False;False;False;False;False;True;False;False;False
2025-08-07 19:00:00;519.27675;16.1;False;False;True;False;False;False;False;False;True;False;False;False
2025-08-07 20:00:00;821.1295;15.2;False;False;True;False;False;False;False;False;True;False;False;False
2025-08-07 21:00:00;1252.241;14.9;False;False;True;False;False;False;False;False;True;False;False;False
2025-08-07 22:00:00;2813.6115;14.7;False;False;True;False;False;False;False;False;True;False;False;False
2025-08-07 23:00:00;3270.27675;14.1;False;False;True;False;False;False;False;False;True;False;False;False
2025-08-08 00:00:00;2150.4525;13.9;False;False;False;True;False;False;False;False;False;True;False;False
2025-08-08 01:00:00;1661.01775;14.1;False;False;False;True;False;False;False;False;False;True;False;False
2025-08-08 02:00:00;377.6785;13.6;False;False;False;True;False;False;False;False;False;True;False;False
2025-08-08 03:00:00;322.85725;13.3;False;False;False;True;False;False;False;False;False;True;False;False
2025-08-08 04:00:00;339.64275;12.6;False;False;False;True;False;False;False;False;False;True;False;False
2025-08-08 05:00:00;455.0535;13.2;False;False;False;True;False;False;False;False;False;True;False;False
2025-08-08 06:00:00;1022.4955;14.2;False;False;False;True;False;False;False;False;False;True;False;False
2025-08-08 07:00:00;1235.7775;15.9;False;False;False;True;False;False;False;False;False;True;False;False
2025-08-08 08:00:00;1409.64725;17.6;False;False;False;True;False;False;False;False;False;True;False;False
2025-08-08 09:00:00;367.933;19.0;False;False;False;True;False;False;False;False;False;True;False;False
2025-08-08 10:00:00;500.83925;19.2;False;False;False;True;False;False;False;False;False;True;False;False
2025-08-08 11:00:00;1512.509;20.6;False;False;False;True;False;False;False;False;False;True;False;False
2025-08-08 12:00:00;372.79;20.5;False;False;False;True;False;False;False;False;False;True;False;False
2025-08-08 13:00:00;467.3125;21.6;False;False;False;True;False;False;False;False;False;True;False;False
2025-08-08 14:00:00;472.6565;21.5;False;False;False;True;False;False;False;False;False;True;False;False
2025-08-08 15:00:00;451.625;21.4;False;False;False;True;False;False;False;False;False;True;False;False
2025-08-08 16:00:00;584.15625;21.1;False;False;False;True;False;False;False;False;False;True;False;False
2025-08-08 17:00:00;785.1875;20.6;False;False;False;True;False;False;False;False;False;True;False;False
2025-08-08 18:00:00;543.39275;19.7;False;False;False;True;False;False;False;False;False;True;False;False
2025-08-08 19:00:00;1219.799;18.1;False;False;False;True;False;False;False;False;False;True;False;False
2025-08-08 20:00:00;3608.21875;16.0;False;False;False;True;False;False;False;False;False;True;False;False
2025-08-08 21:00:00;2789.6355;15.1;False;False;False;True;False;False;False;False;False;True;False;False
2025-08-08 22:00:00;1248.4285;15.2;False;False;False;True;False;False;False;False;False;True;False;False
2025-08-08 23:00:00;659.9285;15.1;False;False;False;True;False;False;False;False;False;True;False;False
2025-08-09 00:00:00;665.89275;15.2;False;False;False;False;True;False;False;False;False;False;True;False
2025-08-09 01:00:00;490.4465;14.9;False;False;False;False;True;False;False;False;False;False;True;False
2025-08-09 02:00:00;1405.4285;14.9;False;False;False;False;True;False;False;False;False;False;True;False
2025-08-09 03:00:00;493.10725;14.8;False;False;False;False;True;False;False;False;False;False;True;False
2025-08-09 04:00:00;368.4285;14.2;False;False;False;False;True;False;False;False;False;False;True;False
2025-08-09 05:00:00;386.125;13.9;False;False;False;False;True;False;False;False;False;False;True;False
2025-08-09 06:00:00;363.45975;16.1;False;False;False;False;True;False;False;False;False;False;True;False
2025-08-09 07:00:00;410.366;18.6;False;False;False;False;True;False;False;False;False;False;True;False
2025-08-09 08:00:00;2794.23225;21.0;False;False;False;False;True;False;False;False;False;False;True;False
2025-08-09 09:00:00;662.65625;22.1;False;False;False;False;True;False;False;False;False;False;True;False
2025-08-09 10:00:00;1455.558;23.2;False;False;False;False;True;False;False;False;False;False;True;False
2025-08-09 11:00:00;1566.0625;23.5;False;False;False;False;True;False;False;False;False;False;True;False
2025-08-09 12:00:00;2946.29025;22.6;False;False;False;False;True;False;False;False;False;False;True;False
2025-08-09 13:00:00;1586.15625;23.1;False;False;False;False;True;False;False;False;False;False;True;False
2025-08-09 14:00:00;1447.692;22.9;False;False;False;False;True;False;False;False;False;False;True;False
2025-08-09 15:00:00;1051.0535;22.6;False;False;False;False;True;False;False;False;False;False;True;False
2025-08-09 16:00:00;636.1785;23.2;False;False;False;False;True;False;False;False;False;False;True;False
2025-08-09 17:00:00;358.14750000000004;22.5;False;False;False;False;True;False;False;False;False;False;True;False
2025-08-09 18:00:00;1406.607;21.2;False;False;False;False;True;False;False;False;False;False;True;False
2025-08-09 19:00:00;1830.82575;19.0;False;False;False;False;True;False;False;False;False;False;True;False
2025-08-09 20:00:00;654.692;18.5;False;False;False;False;True;False;False;False;False;False;True;False
2025-08-09 21:00:00;699.701;18.2;False;False;False;False;True;False;False;False;False;False;True;False
2025-08-09 22:00:00;549.451;18.0;False;False;False;False;True;False;False;False;False;False;True;False
2025-08-09 23:00:00;582.491;19.0;False;False;False;False;True;False;False;False;False;False;True;False
2025-08-10 00:00:00;833.75;18.5;False;False;False;False;False;True;False;False;False;False;False;True
2025-08-10 01:00:00;3364.15625;18.0;False;False;False;False;False;True;False;False;False;False;False;True
2025-08-10 02:00:00;1528.14275;17.4;False;False;False;False;False;True;False;False;False;False;False;True
2025-08-10 03:00:00;947.64275;17.8;False;False;False;False;False;True;False;False;False;False;False;True
2025-08-10 04:00:00;210.33325;18.2;False;False;False;False;False;True;False;False;False;False;False;True
2025-08-10 05:00:00;274.03575;16.5;False;False;False;False;False;True;False;False;False;False;False;True
2025-08-10 06:00:00;322.71875;16.7;False;False;False;False;False;True;False;False;False;False;False;True
2025-08-10 07:00:00;374.3305;17.4;False;False;False;False;False;True;False;False;False;False;False;True
2025-08-10 08:00:00;479.5;17.4;False;False;False;False;False;True;False;False;False;False;False;True
2025-08-10 09:00:00;475.66075;17.7;False;False;False;False;False;True;False;False;False;False;False;True
2025-08-10 10:00:00;712.52675;18.4;False;False;False;False;False;True;False;False;False;False;False;True
2025-08-10 11:00:00;360.8035;19.0;False;False;False;False;False;True;False;False;False;False;False;True
2025-08-10 12:00:00;458.04475;19.5;False;False;False;False;False;True;False;False;False;False;False;True
2025-08-10 13:00:00;463.84825;19.4;False;False;False;False;False;True;False;False;False;False;False;True
2025-08-10 14:00:00;643.20975;18.9;False;False;False;False;False;True;False;False;False;False;False;True
2025-08-10 15:00:00;806.37075;18.5;False;False;False;False;False;True;False;False;False;False;False;True
2025-08-10 16:00:00;1116.40625;18.2;False;False;False;False;False;True;False;False;False;False;False;True
2025-08-10 17:00:00;1168.46425;18.1;False;False;False;False;False;True;False;False;False;False;False;True
2025-08-10 18:00:00;1649.058;17.2;False;False;False;False;False;True;False;False;False;False;False;True
2025-08-10 19:00:00;1397.88825;15.5;False;False;False;False;False;True;False;False;False;False;False;True
2025-08-10 20:00:00;1277.15175;14.2;False;False;False;False;False;True;False;False;False;False;False;True
2025-08-10 21:00:00;5018.73225;13.8;False;False;False;False;False;True;False;False;False;False;False;True
2025-08-10 22:00:00;2615.049;13.2;False;False;False;False;False;True;False;False;False;False;False;True
2025-08-10 23:00:00;2571.6785;12.5;False;False;False;False;False;True;False;False;False;False;False;True
2025-08-11 00:00:00;1935.41075;11.8;False;False;False;False;False;False;False;False;False;False;False;False
2025-08-11 01:00:00;1027.1605;11.4;False;False;False;False;False;False;False;False;False;False;False;False
2025-08-11 02:00:00;888.60725;11.1;False;False;False;False;False;False;False;False;False;False;False;False
2025-08-11 03:00:00;950.23225;10.8;False;False;False;False;False;False;False;False;False;False;False;False
2025-08-11 04:00:00;748.0535;9.9;False;False;False;False;False;False;False;False;False;False;False;False
2025-08-11 05:00:00;553.0;9.4;False;False;False;False;False;False;False;False;False;False;False;False
2025-08-11 06:00:00;953.2455;11.4;False;False;False;False;False;False;False;False;False;False;False;False
2025-08-11 07:00:00;554.91525;15.2;False;False;False;False;False;False;False;False;False;False;False;False
2025-08-11 08:00:00;2300.094;16.5;False;False;False;False;False;False;False;False;False;False;False;False
2025-08-11 09:00:00;2907.81225;17.4;False;False;False;False;False;False;False;False;False;False;False;False
2025-08-11 10:00:00;2384.83475;18.3;False;False;False;False;False;False;False;False;False;False;False;False
2025-08-11 11:00:00;3258.0225;19.1;False;False;False;False;False;False;False;False;False;False;False;False
2025-08-11 12:00:00;2231.4195;19.8;False;False;False;False;False;False;False;False;False;False;False;False
2025-08-11 13:00:00;2483.5625;20.2;False;False;False;False;False;False;False;False;False;False;False;False
2025-08-11 14:00:00;2083.5;20.5;False;False;False;False;False;False;False;False;False;False;False;False
2025-08-11 15:00:00;692.3705;20.6;False;False;False;False;False;False;False;False;False;False;False;False
2025-08-11 16:00:00;772.671;20.4;False;False;False;False;False;False;False;False;False;False;False;False
2025-08-11 17:00:00;687.915;19.6;False;False;False;False;False;False;False;False;False;False;False;False
2025-08-11 18:00:00;585.7502499999999;18.3;False;False;False;False;False;False;False;False;False;False;False;False
2025-08-11 19:00:00;1170.241;16.1;False;False;False;False;False;False;False;False;False;False;False;False
2025-08-11 20:00:00;659.7916666666666;14.1;False;False;False;False;False;False;False;False;False;False;False;False
2025-08-11 21:00:00;1201.07075;13.1;False;False;False;False;False;False;False;False;False;False;False;False
2025-08-11 22:00:00;3569.90175;12.6;False;False;False;False;False;False;False;False;False;False;False;False
2025-08-11 23:00:00;3505.4955;12.4;False;False;False;False;False;False;False;False;False;False;False;False
2025-08-12 00:00:00;571.71425;12.1;True;False;False;False;False;False;True;False;False;False;False;False
2025-08-12 01:00:00;855.03575;12.4;True;False;False;False;False;False;True;False;False;False;False;False
2025-08-12 02:00:00;558.55375;13.1;True;False;False;False;False;False;True;False;False;False;False;False
2025-08-12 03:00:00;886.9465;12.6;True;False;False;False;False;False;True;False;False;False;False;False
2025-08-12 04:00:00;364.53575;12.2;True;False;False;False;False;False;True;False;False;False;False;False
2025-08-12 05:00:00;950.0715;12.1;True;False;False;False;False;False;True;False;False;False;False;False
2025-08-12 06:00:00;391.40175;14.4;True;False;False;False;False;False;True;False;False;False;False;False
2025-08-12 07:00:00;519.6385;16.9;True;False;False;False;False;False;True;False;False;False;False;False
2025-08-12 08:00:00;1572.8125;18.1;True;False;False;False;False;False;True;False;False;False;False;False
2025-08-12 09:00:00;873.61175;19.3;True;False;False;False;False;False;True;False;False;False;False;False
2025-08-12 10:00:00;2021.60275;20.5;True;False;False;False;False;False;True;False;False;False;False;False
2025-08-12 11:00:00;1457.28125;21.7;True;False;False;False;False;False;True;False;False;False;False;False
2025-08-12 12:00:00;2463.442;22.8;True;False;False;False;False;False;True;False;False;False;False;False
2025-08-12 13:00:00;692.6695;23.4;True;False;False;False;False;False;True;False;False;False;False;False
2025-08-12 14:00:00;1000.11175;23.5;True;False;False;False;False;False;True;False;False;False;False;False
2025-08-12 15:00:00;1480.48225;23.5;True;False;False;False;False;False;True;False;False;False;False;False
2025-08-12 16:00:00;1373.20975;23.0;True;False;False;False;False;False;True;False;False;False;False;False
2025-08-12 17:00:00;756.9625;22.1;True;False;False;False;False;False;True;False;False;False;False;False
2025-08-12 18:00:00;551.996;20.5;True;False;False;False;False;False;True;False;False;False;False;False
2025-08-12 19:00:00;1762.9859999999999;18.4;True;False;False;False;False;False;True;False;False;False;False;False
2025-08-12 20:00:00;1991.768;17.4;True;False;False;False;False;False;True;False;False;False;False;False
2025-08-12 21:00:00;2065.591;17.5;True;False;False;False;False;False;True;False;False;False;False;False
2025-08-12 22:00:00;1054.651;17.4;True;False;False;False;False;False;True;False;False;False;False;False
2025-08-12 23:00:00;668.3755;17.6;True;False;False;False;False;False;True;False;False;False;False;False
2025-08-13 00:00:00;930.23675;17.4;False;True;False;False;False;False;False;True;False;False;False;False
2025-08-13 01:00:00;552.5805;16.8;False;True;False;False;False;False;False;True;False;False;False;False
2025-08-13 02:00:00;779.53375;16.1;False;True;False;False;False;False;False;True;False;False;False;False
2025-08-13 03:00:00;433.0615;15.8;False;True;False;False;False;False;False;True;False;False;False;False
2025-08-13 04:00:00;395.65274999999997;15.6;False;True;False;False;False;False;False;True;False;False;False;False
2025-08-13 05:00:00;405.377;15.4;False;True;False;False;False;False;False;True;False;False;False;False
2025-08-13 06:00:00;489.04075;16.2;False;True;False;False;False;False;False;True;False;False;False;False
2025-08-13 07:00:00;1171.52425;18.2;False;True;False;False;False;False;False;True;False;False;False;False
2025-08-13 08:00:00;3181.28275;20.0;False;True;False;False;False;False;False;True;False;False;False;False
2025-08-13 09:00:00;2057.36325;21.1;False;True;False;False;False;False;False;True;False;False;False;False
2025-08-13 10:00:00;1145.8277500000002;22.1;False;True;False;False;False;False;False;True;False;False;False;False
2025-08-13 11:00:00;833.35625;23.2;False;True;False;False;False;False;False;True;False;False;False;False
2025-08-13 12:00:00;985.6622500000001;24.1;False;True;False;False;False;False;False;True;False;False;False;False
2025-08-13 13:00:00;966.8525;24.9;False;True;False;False;False;False;False;True;False;False;False;False
2025-08-13 14:00:00;1074.21;25.2;False;True;False;False;False;False;False;True;False;False;False;False
2025-08-13 15:00:00;489.43550000000005;25.5;False;True;False;False;False;False;False;True;False;False;False;False
2025-08-13 16:00:00;487.62725000000006;25.4;False;True;False;False;False;False;False;True;False;False;False;False
2025-08-13 17:00:00;397.7370000000001;24.8;False;True;False;False;False;False;False;True;False;False;False;False
2025-08-13 18:00:00;533.59025;23.2;False;True;False;False;False;False;False;True;False;False;False;False
2025-08-13 19:00:00;1281.24225;21.7;False;True;False;False;False;False;False;True;False;False;False;False
2025-08-13 20:00:00;624.966;19.5;False;True;False;False;False;False;False;True;False;False;False;False
2025-08-13 21:00:00;585.7362499999999;18.1;False;True;False;False;False;False;False;True;False;False;False;False
2025-08-13 22:00:00;922.7652499999999;17.6;False;True;False;False;False;False;False;True;False;False;False;False
2025-08-13 23:00:00;592.124;17.1;False;True;False;False;False;False;False;True;False;False;False;False
2025-08-14 00:00:00;2608.917;17.1;False;False;True;False;False;False;False;False;True;False;False;False
2025-08-14 01:00:00;3468.09525;18.0;False;False;True;False;False;False;False;False;True;False;False;False
2025-08-14 02:00:00;1779.7085;18.9;False;False;True;False;False;False;False;False;True;False;False;False
2025-08-14 03:00:00;1250.96425;18.3;False;False;True;False;False;False;False;False;True;False;False;False
2025-08-14 04:00:00;226.873;17.4;False;False;True;False;False;False;False;False;True;False;False;False
2025-08-14 05:00:00;232.46225;17.4;False;False;True;False;False;False;False;False;True;False;False;False
2025-08-14 06:00:00;300.88;19.9;False;False;True;False;False;False;False;False;True;False;False;False
2025-08-14 07:00:00;293.35225;22.2;False;False;True;False;False;False;False;False;True;False;False;False
2025-08-14 08:00:00;324.605;24.8;False;False;True;False;False;False;False;False;True;False;False;False
2025-08-14 09:00:00;563.15475;25.6;False;False;True;False;False;False;False;False;True;False;False;False
2025-08-14 10:00:00;798.124;26.4;False;False;True;False;False;False;False;False;True;False;False;False
2025-08-14 11:00:00;669.8530000000001;27.0;False;False;True;False;False;False;False;False;True;False;False;False
2025-08-14 12:00:00;812.08025;27.4;False;False;True;False;False;False;False;False;True;False;False;False
2025-08-14 13:00:00;566.69;27.6;False;False;True;False;False;False;False;False;True;False;False;False
2025-08-14 14:00:00;394.75800000000004;28.0;False;False;True;False;False;False;False;False;True;False;False;False
2025-08-14 15:00:00;1083.48225;28.1;False;False;True;False;False;False;False;False;True;False;False;False
2025-08-14 16:00:00;796.4962499999999;27.6;False;False;True;False;False;False;False;False;True;False;False;False
2025-08-14 17:00:00;351.9560000000001;26.4;False;False;True;False;False;False;False;False;True;False;False;False
2025-08-14 18:00:00;839.97975;24.5;False;False;True;False;False;False;False;False;True;False;False;False
2025-08-14 19:00:00;411.47325;22.0;False;False;True;False;False;False;False;False;True;False;False;False
2025-08-14 20:00:00;2250.776;20.8;False;False;True;False;False;False;False;False;True;False;False;False
2025-08-14 21:00:00;2095.46675;20.2;False;False;True;False;False;False;False;False;True;False;False;False
2025-08-14 22:00:00;2846.31975;20.0;False;False;True;False;False;False;False;False;True;False;False;False
2025-08-14 23:00:00;4185.125;19.3;False;False;True;False;False;False;False;False;True;False;False;False
2025-08-15 00:00:00;1512.159;19.0;False;False;False;True;False;False;False;False;False;True;False;False
2025-08-15 01:00:00;1114.0417499999999;19.3;False;False;False;True;False;False;False;False;False;True;False;False
2025-08-15 02:00:00;490.7025;20.2;False;False;False;True;False;False;False;False;False;True;False;False
2025-08-15 03:00:00;257.39275;20.0;False;False;False;True;False;False;False;False;False;True;False;False
2025-08-15 04:00:00;283.2025;19.1;False;False;False;True;False;False;False;False;False;True;False;False
2025-08-15 05:00:00;250.84324999999998;18.7;False;False;False;True;False;False;False;False;False;True;False;False
2025-08-15 06:00:00;305.59125;19.4;False;False;False;True;False;False;False;False;False;True;False;False
2025-08-15 07:00:00;304.9965000000001;21.8;False;False;False;True;False;False;False;False;False;True;False;False
2025-08-15 08:00:00;1504.06225;24.4;False;False;False;True;False;False;False;False;False;True;False;False
2025-08-15 09:00:00;2131.38625;25.8;False;False;False;True;False;False;False;False;False;True;False;False
2025-08-15 10:00:00;1284.70375;26.6;False;False;False;True;False;False;False;False;False;True;False;False
2025-08-15 11:00:00;533.02775;27.4;False;False;False;True;False;False;False;False;False;True;False;False
2025-08-15 12:00:00;510.5355;28.0;False;False;False;True;False;False;False;False;False;True;False;False
2025-08-15 13:00:00;1783.42075;28.2;False;False;False;True;False;False;False;False;False;True;False;False
2025-08-15 14:00:00;536.5875;28.7;False;False;False;True;False;False;False;False;False;True;False;False
2025-08-15 15:00:00;483.09999999999997;28.6;False;False;False;True;False;False;False;False;False;True;False;False
2025-08-15 16:00:00;397.11800000000005;28.1;False;False;False;True;False;False;False;False;False;True;False;False
2025-08-15 17:00:00;490.3165;26.7;False;False;False;True;False;False;False;False;False;True;False;False
2025-08-15 18:00:00;532.299;24.5;False;False;False;True;False;False;False;False;False;True;False;False
2025-08-15 19:00:00;998.237;22.7;False;False;False;True;False;False;False;False;False;True;False;False
2025-08-15 20:00:00;826.35025;22.4;False;False;False;True;False;False;False;False;False;True;False;False
2025-08-15 21:00:00;1599.3055;22.2;False;False;False;True;False;False;False;False;False;True;False;False
2025-08-15 22:00:00;1646.0895;21.2;False;False;False;True;False;False;False;False;False;True;False;False
2025-08-15 23:00:00;1821.08625;20.4;False;False;False;True;False;False;False;False;False;True;False;False
2025-08-16 00:00:00;3578.5592500000002;19.6;False;False;False;False;True;False;False;False;False;False;True;False
2025-08-16 01:00:00;1371.0774999999999;18.7;False;False;False;False;True;False;False;False;False;False;True;False
2025-08-16 02:00:00;1709.1965;18.5;False;False;False;False;True;False;False;False;False;False;True;False
2025-08-16 03:00:00;252.476;17.5;False;False;False;False;True;False;False;False;False;False;True;False
2025-08-16 04:00:00;232.54975000000002;16.5;False;False;False;False;True;False;False;False;False;False;True;False
2025-08-16 05:00:00;234.30975;15.9;False;False;False;False;True;False;False;False;False;False;True;False
2025-08-16 06:00:00;571.85625;16.6;False;False;False;False;True;False;False;False;False;False;True;False
2025-08-16 07:00:00;493.5905;17.9;False;False;False;False;True;False;False;False;False;False;True;False
2025-08-16 08:00:00;696.14775;19.0;False;False;False;False;True;False;False;False;False;False;True;False
2025-08-16 09:00:00;483.47950000000003;20.4;False;False;False;False;True;False;False;False;False;False;True;False
2025-08-16 10:00:00;2912.84175;20.6;False;False;False;False;True;False;False;False;False;False;True;False
2025-08-16 11:00:00;637.3172499999998;21.0;False;False;False;False;True;False;False;False;False;False;True;False
2025-08-16 12:00:00;1106.374;21.5;False;False;False;False;True;False;False;False;False;False;True;False
2025-08-16 13:00:00;1539.252;22.0;False;False;False;False;True;False;False;False;False;False;True;False
2025-08-16 14:00:00;1168.8674999999998;21.3;False;False;False;False;True;False;False;False;False;False;True;False
2025-08-16 15:00:00;1672.229;21.2;False;False;False;False;True;False;False;False;False;False;True;False
2025-08-16 16:00:00;1405.68825;20.5;False;False;False;False;True;False;False;False;False;False;True;False
2025-08-16 17:00:00;1725.4605000000001;19.5;False;False;False;False;True;False;False;False;False;False;True;False
2025-08-16 18:00:00;1484.37275;18.0;False;False;False;False;True;False;False;False;False;False;True;False
2025-08-16 19:00:00;1161.3045;16.5;False;False;False;False;True;False;False;False;False;False;True;False
2025-08-16 20:00:00;828.55625;15.4;False;False;False;False;True;False;False;False;False;False;True;False
2025-08-16 21:00:00;720.69925;15.3;False;False;False;False;True;False;False;False;False;False;True;False
2025-08-16 22:00:00;836.0355;15.1;False;False;False;False;True;False;False;False;False;False;True;False
2025-08-16 23:00:00;3199.45975;14.8;False;False;False;False;True;False;False;False;False;False;True;False
2025-08-17 00:00:00;2114.4705;14.6;False;False;False;False;False;True;False;False;False;False;False;True
2025-08-17 01:00:00;1458.867;14.0;False;False;False;False;False;True;False;False;False;False;False;True
2025-08-17 02:00:00;1039.27775;12.8;False;False;False;False;False;True;False;False;False;False;False;True
2025-08-17 03:00:00;329.0635;11.9;False;False;False;False;False;True;False;False;False;False;False;True
2025-08-17 04:00:00;385.0395;11.1;False;False;False;False;False;True;False;False;False;False;False;True
2025-08-17 05:00:00;379.01975;10.7;False;False;False;False;False;True;False;False;False;False;False;True
2025-08-17 06:00:00;372.25425;11.4;False;False;False;False;False;True;False;False;False;False;False;True
2025-08-17 07:00:00;446.95824999999996;12.6;False;False;False;False;False;True;False;False;False;False;False;True
2025-08-17 08:00:00;2905.17325;13.6;False;False;False;False;False;True;False;False;False;False;False;True
2025-08-17 09:00:00;1552.349;14.4;False;False;False;False;False;True;False;False;False;False;False;True
2025-08-17 10:00:00;725.2039999999998;14.9;False;False;False;False;False;True;False;False;False;False;False;True
2025-08-17 11:00:00;625.1529999999999;15.5;False;False;False;False;False;True;False;False;False;False;False;True
2025-08-17 12:00:00;452.91499999999996;15.7;False;False;False;False;False;True;False;False;False;False;False;True
2025-08-17 13:00:00;483.2865;15.8;False;False;False;False;False;True;False;False;False;False;False;True
2025-08-17 14:00:00;1120.284;15.8;False;False;False;False;False;True;False;False;False;False;False;True
2025-08-17 15:00:00;465.5955;15.6;False;False;False;False;False;True;False;False;False;False;False;True
2025-08-17 16:00:00;1026.07575;15.2;False;False;False;False;False;True;False;False;False;False;False;True
2025-08-17 17:00:00;628.02875;14.9;False;False;False;False;False;True;False;False;False;False;False;True
2025-08-17 18:00:00;3129.05125;14.2;False;False;False;False;False;True;False;False;False;False;False;True
2025-08-17 19:00:00;2029.28575;13.1;False;False;False;False;False;True;False;False;False;False;False;True
2025-08-17 20:00:00;634.84;12.6;False;False;False;False;False;True;False;False;False;False;False;True
2025-08-17 21:00:00;2600.4695;12.2;False;False;False;False;False;True;False;False;False;False;False;True
2025-08-17 22:00:00;1930.74475;11.9;False;False;False;False;False;True;False;False;False;False;False;True
2025-08-17 23:00:00;1045.334;11.6;False;False;False;False;False;True;False;False;False;False;False;True
2025-08-18 00:00:00;1265.002;11.4;False;False;False;False;False;False;False;False;False;False;False;False
2025-08-18 01:00:00;1731.9247500000001;11.1;False;False;False;False;False;False;False;False;False;False;False;False
2025-08-18 02:00:00;1104.0;10.1;False;False;False;False;False;False;False;False;False;False;False;False
2025-08-18 03:00:00;958.0;9.6;False;False;False;False;False;False;False;False;False;False;False;False
2025-08-18 04:00:00;981.5855;9.4;False;False;False;False;False;False;False;False;False;False;False;False
2025-08-18 05:00:00;1038.133;9.2;False;False;False;False;False;False;False;False;False;False;False;False
2025-08-18 06:00:00;1131.4285;10.6;False;False;False;False;False;False;False;False;False;False;False;False
2025-08-18 07:00:00;922.386;13.4;False;False;False;False;False;False;False;False;False;False;False;False
2025-08-18 08:00:00;1327.34225;14.9;False;False;False;False;False;False;False;False;False;False;False;False
2025-08-18 09:00:00;1575.1062500000003;15.7;False;False;False;False;False;False;False;False;False;False;False;False
2025-08-18 10:00:00;1234.02725;16.5;False;False;False;False;False;False;False;False;False;False;False;False
2025-08-18 11:00:00;1297.63825;17.2;False;False;False;False;False;False;False;False;False;False;False;False
2025-08-18 12:00:00;1082.3885;18.1;False;False;False;False;False;False;False;False;False;False;False;False
2025-08-18 13:00:00;567.735;18.5;False;False;False;False;False;False;False;False;False;False;False;False
2025-08-18 14:00:00;650.14675;17.9;False;False;False;False;False;False;False;False;False;False;False;False
2025-08-18 15:00:00;651.351;18.9;False;False;False;False;False;False;False;False;False;False;False;False
2025-08-18 16:00:00;426.2552500000001;19.2;False;False;False;False;False;False;False;False;False;False;False;False
2025-08-18 17:00:00;350.21475;17.7;False;False;False;False;False;False;False;False;False;False;False;False
2025-08-18 18:00:00;555.4960000000001;15.7;False;False;False;False;False;False;False;False;False;False;False;False
2025-08-18 19:00:00;858.2375;13.9;False;False;False;False;False;False;False;False;False;False;False;False
2025-08-18 20:00:00;833.37375;12.4;False;False;False;False;False;False;False;False;False;False;False;False
2025-08-18 21:00:00;2045.3667500000001;11.6;False;False;False;False;False;False;False;False;False;False;False;False
2025-08-18 22:00:00;3761.85975;11.1;False;False;False;False;False;False;False;False;False;False;False;False
2025-08-18 23:00:00;2541.61325;10.6;False;False;False;False;False;False;False;False;False;False;False;False
2025-08-19 00:00:00;1711.855;9.9;True;False;False;False;False;False;True;False;False;False;False;False
2025-08-19 01:00:00;1982.9679999999998;10.6;True;False;False;False;False;False;True;False;False;False;False;False
2025-08-19 02:00:00;743.33925;10.4;True;False;False;False;False;False;True;False;False;False;False;False
2025-08-19 03:00:00;354.53774999999996;10.7;True;False;False;False;False;False;True;False;False;False;False;False
2025-08-19 04:00:00;372.71225000000004;10.6;True;False;False;False;False;False;True;False;False;False;False;False
2025-08-19 05:00:00;393.379;10.0;True;False;False;False;False;False;True;False;False;False;False;False
2025-08-19 06:00:00;1047.94075;11.7;True;False;False;False;False;False;True;False;False;False;False;False
2025-08-19 07:00:00;1771.192;13.9;True;False;False;False;False;False;True;False;False;False;False;False
2025-08-19 08:00:00;1526.926;15.4;True;False;False;False;False;False;True;False;False;False;False;False
2025-08-19 09:00:00;935.9055000000001;16.5;True;False;False;False;False;False;True;False;False;False;False;False
2025-08-19 10:00:00;450.7660000000003;17.6;True;False;False;False;False;False;True;False;False;False;False;False
2025-08-19 11:00:00;574.45525;19.0;True;False;False;False;False;False;True;False;False;False;False;False
2025-08-19 12:00:00;517.8900000000001;20.4;True;False;False;False;False;False;True;False;False;False;False;False
2025-08-19 13:00:00;1385.6025;20.1;True;False;False;False;False;False;True;False;False;False;False;False
2025-08-19 14:00:00;1094.08475;20.1;True;False;False;False;False;False;True;False;False;False;False;False
2025-08-19 15:00:00;771.3765000000002;20.6;True;False;False;False;False;False;True;False;False;False;False;False
2025-08-19 16:00:00;1368.12625;20.5;True;False;False;False;False;False;True;False;False;False;False;False
2025-08-19 17:00:00;2229.1445;19.8;True;False;False;False;False;False;True;False;False;False;False;False
2025-08-19 18:00:00;2706.83675;18.5;True;False;False;False;False;False;True;False;False;False;False;False
2025-08-19 19:00:00;2200.24575;16.2;True;False;False;False;False;False;True;False;False;False;False;False
2025-08-19 20:00:00;1388.80125;15.5;True;False;False;False;False;False;True;False;False;False;False;False
2025-08-19 21:00:00;4800.44275;15.1;True;False;False;False;False;False;True;False;False;False;False;False
2025-08-19 22:00:00;2948.07525;15.1;True;False;False;False;False;False;True;False;False;False;False;False
2025-08-19 23:00:00;1908.34125;14.6;True;False;False;False;False;False;True;False;False;False;False;False
2025-08-20 00:00:00;723.2284999999999;14.2;False;True;False;False;False;False;False;True;False;False;False;False
2025-08-20 01:00:00;319.5455;13.9;False;True;False;False;False;False;False;True;False;False;False;False
2025-08-20 02:00:00;370.90875;14.1;False;True;False;False;False;False;False;True;False;False;False;False
2025-08-20 03:00:00;360.28575;13.3;False;True;False;False;False;False;False;True;False;False;False;False
2025-08-20 04:00:00;334.5775;13.0;False;True;False;False;False;False;False;True;False;False;False;False
2025-08-20 05:00:00;936.19625;12.9;False;True;False;False;False;False;False;True;False;False;False;False
2025-08-20 06:00:00;1726.66275;14.4;False;True;False;False;False;False;False;True;False;False;False;False
2025-08-20 07:00:00;1486.7247499999999;17.6;False;True;False;False;False;False;False;True;False;False;False;False
2025-08-20 08:00:00;467.14375000000007;18.6;False;True;False;False;False;False;False;True;False;False;False;False
2025-08-20 09:00:00;681.8119999999998;19.4;False;True;False;False;False;False;False;True;False;False;False;False
2025-08-20 10:00:00;864.5845000000002;20.4;False;True;False;False;False;False;False;True;False;False;False;False
2025-08-20 11:00:00;1464.83;21.0;False;True;False;False;False;False;False;True;False;False;False;False
2025-08-20 12:00:00;2493.2135;21.3;False;True;False;False;False;False;False;True;False;False;False;False
2025-08-20 13:00:00;584.0155;21.5;False;True;False;False;False;False;False;True;False;False;False;False
2025-08-20 14:00:00;407.18399999999997;20.9;False;True;False;False;False;False;False;True;False;False;False;False
2025-08-20 15:00:00;417.66075;21.0;False;True;False;False;False;False;False;True;False;False;False;False
2025-08-20 16:00:00;425.3627500000001;20.5;False;True;False;False;False;False;False;True;False;False;False;False
2025-08-20 17:00:00;487.85225;19.5;False;True;False;False;False;False;False;True;False;False;False;False
2025-08-20 18:00:00;411.49350000000004;18.5;False;True;False;False;False;False;False;True;False;False;False;False
2025-08-20 19:00:00;1107.239;16.5;False;True;False;False;False;False;False;True;False;False;False;False
2025-08-20 20:00:00;964.589;15.4;False;True;False;False;False;False;False;True;False;False;False;False
2025-08-20 21:00:00;779.985;14.9;False;True;False;False;False;False;False;True;False;False;False;False
2025-08-20 22:00:00;3140.41125;14.2;False;True;False;False;False;False;False;True;False;False;False;False
2025-08-20 23:00:00;2773.4465;13.5;False;True;False;False;False;False;False;True;False;False;False;False
2025-08-21 00:00:00;2094.46825;12.8;False;False;True;False;False;False;False;False;True;False;False;False
2025-08-21 01:00:00;1667.64475;12.5;False;False;True;False;False;False;False;False;True;False;False;False
2025-08-21 02:00:00;328.242;12.4;False;False;True;False;False;False;False;False;True;False;False;False
2025-08-21 03:00:00;335.6925;11.6;False;False;True;False;False;False;False;False;True;False;False;False
2025-08-21 04:00:00;325.54375;11.4;False;False;True;False;False;False;False;False;True;False;False;False
2025-08-21 05:00:00;326.78175;11.1;False;False;True;False;False;False;False;False;True;False;False;False
2025-08-21 06:00:00;407.539;13.1;False;False;True;False;False;False;False;False;True;False;False;False
2025-08-21 07:00:00;1354.41525;16.2;False;False;True;False;False;False;False;False;True;False;False;False
2025-08-21 08:00:00;2382.32375;17.9;False;False;True;False;False;False;False;False;True;False;False;False
2025-08-21 09:00:00;458.3952499999999;18.6;False;False;True;False;False;False;False;False;True;False;False;False
2025-08-21 10:00:00;555.37975;19.1;False;False;True;False;False;False;False;False;True;False;False;False
2025-08-21 11:00:00;1322.3690000000001;19.8;False;False;True;False;False;False;False;False;True;False;False;False
2025-08-21 12:00:00;3509.1310000000003;19.6;False;False;True;False;False;False;False;False;True;False;False;False
2025-08-21 13:00:00;1305.8760000000002;19.9;False;False;True;False;False;False;False;False;True;False;False;False
2025-08-21 14:00:00;1029.9957499999998;19.8;False;False;True;False;False;False;False;False;True;False;False;False
2025-08-21 15:00:00;366.72325;18.9;False;False;True;False;False;False;False;False;True;False;False;False
2025-08-21 16:00:00;907.59825;18.1;False;False;True;False;False;False;False;False;True;False;False;False
2025-08-21 17:00:00;494.95975;17.5;False;False;True;False;False;False;False;False;True;False;False;False
2025-08-21 18:00:00;2251.95075;16.6;False;False;True;False;False;False;False;False;True;False;False;False
2025-08-21 19:00:00;3880.4245;14.9;False;False;True;False;False;False;False;False;True;False;False;False
2025-08-21 20:00:00;5082.50375;13.4;False;False;True;False;False;False;False;False;True;False;False;False
2025-08-21 21:00:00;2937.3095;12.4;False;False;True;False;False;False;False;False;True;False;False;False
2025-08-21 22:00:00;1080.7024999999999;11.7;False;False;True;False;False;False;False;False;True;False;False;False
2025-08-21 23:00:00;754.625;12.9;False;False;True;False;False;False;False;False;True;False;False;False
2025-08-22 00:00:00;1161.3252499999999;11.6;False;False;False;True;False;False;False;False;False;True;False;False
2025-08-22 01:00:00;898.92675;11.2;False;False;False;True;False;False;False;False;False;True;False;False
2025-08-22 02:00:00;683.9565;10.6;False;False;False;True;False;False;False;False;False;True;False;False
2025-08-22 03:00:00;493.2105;9.6;False;False;False;True;False;False;False;False;False;True;False;False
2025-08-22 04:00:00;2815.23025;8.9;False;False;False;True;False;False;False;False;False;True;False;False
2025-08-22 05:00:00;1633.61725;8.6;False;False;False;True;False;False;False;False;False;True;False;False
2025-08-22 06:00:00;1179.85175;8.7;False;False;False;True;False;False;False;False;False;True;False;False
2025-08-22 07:00:00;433.934;9.6;False;False;False;True;False;False;False;False;False;True;False;False
2025-08-22 08:00:00;761.45975;11.1;False;False;False;True;False;False;False;False;False;True;False;False
2025-08-22 09:00:00;654.8835000000001;11.8;False;False;False;True;False;False;False;False;False;True;False;False
2025-08-22 10:00:00;901.134;12.4;False;False;False;True;False;False;False;False;False;True;False;False
2025-08-22 11:00:00;3504.86775;13.1;False;False;False;True;False;False;False;False;False;True;False;False
2025-08-22 12:00:00;4606.5225;13.8;False;False;False;True;False;False;False;False;False;True;False;False
2025-08-22 13:00:00;1480.761;14.4;False;False;False;True;False;False;False;False;False;True;False;False
2025-08-22 14:00:00;1047.30525;13.4;False;False;False;True;False;False;False;False;False;True;False;False
2025-08-22 15:00:00;1474.53775;13.1;False;False;False;True;False;False;False;False;False;True;False;False
2025-08-22 16:00:00;1063.643;13.2;False;False;False;True;False;False;False;False;False;True;False;False
2025-08-22 17:00:00;1065.5689444444445;12.9;False;False;False;True;False;False;False;False;False;True;False;False
2025-08-22 18:00:00;1067.494888888889;12.2;False;False;False;True;False;False;False;False;False;True;False;False
2025-08-22 19:00:00;1069.4208333333333;11.8;False;False;False;True;False;False;False;False;False;True;False;False
2025-08-22 20:00:00;1071.3467777777778;11.1;False;False;False;True;False;False;False;False;False;True;False;False
2025-08-22 21:00:00;1073.2727222222222;9.9;False;False;False;True;False;False;False;False;False;True;False;False
2025-08-22 22:00:00;1075.1986666666667;9.6;False;False;False;True;False;False;False;False;False;True;False;False
2025-08-22 23:00:00;1077.124611111111;9.7;False;False;False;True;False;False;False;False;False;True;False;False
2025-08-23 00:00:00;1079.0505555555555;9.1;False;False;False;False;True;False;False;False;False;False;True;False
2025-08-23 01:00:00;1080.9765;9.1;False;False;False;False;True;False;False;False;False;False;True;False
2025-08-23 02:00:00;1082.9024444444444;9.4;False;False;False;False;True;False;False;False;False;False;True;False
2025-08-23 03:00:00;1084.8283888888889;9.1;False;False;False;False;True;False;False;False;False;False;True;False
2025-08-23 04:00:00;1086.7543333333333;8.9;False;False;False;False;True;False;False;False;False;False;True;False
2025-08-23 05:00:00;1088.6802777777777;8.6;False;False;False;False;True;False;False;False;False;False;True;False
2025-08-23 06:00:00;1090.6062222222224;8.4;False;False;False;False;True;False;False;False;False;False;True;False
2025-08-23 07:00:00;1092.5321666666669;8.4;False;False;False;False;True;False;False;False;False;False;True;False
2025-08-23 08:00:00;1094.4581111111113;9.2;False;False;False;False;True;False;False;False;False;False;True;False
2025-08-23 09:00:00;1096.3840555555557;10.6;False;False;False;False;True;False;False;False;False;False;True;False
2025-08-23 10:00:00;1098.3100000000002;11.1;False;False;False;False;True;False;False;False;False;False;True;False
2025-08-23 11:00:00;1100.2359444444446;11.9;False;False;False;False;True;False;False;False;False;False;True;False
2025-08-23 12:00:00;1102.161888888889;12.5;False;False;False;False;True;False;False;False;False;False;True;False
2025-08-23 13:00:00;1104.0878333333335;12.4;False;False;False;False;True;False;False;False;False;False;True;False
2025-08-23 14:00:00;1106.013777777778;12.4;False;False;False;False;True;False;False;False;False;False;True;False
2025-08-23 15:00:00;1107.9397222222224;10.5;False;False;False;False;True;False;False;False;False;False;True;False
2025-08-23 16:00:00;1109.8656666666668;10.9;False;False;False;False;True;False;False;False;False;False;True;False
2025-08-23 17:00:00;1111.7916111111113;8.6;False;False;False;False;True;False;False;False;False;False;True;False
2025-08-23 18:00:00;1113.7175555555557;8.1;False;False;False;False;True;False;False;False;False;False;True;False
2025-08-23 19:00:00;1115.6435000000001;6.9;False;False;False;False;True;False;False;False;False;False;True;False
2025-08-23 20:00:00;1765.9565;6.6;False;False;False;False;True;False;False;False;False;False;True;False
2025-08-23 21:00:00;1304.5435;6.1;False;False;False;False;True;False;False;False;False;False;True;False
2025-08-23 22:00:00;1608.90275;5.9;False;False;False;False;True;False;False;False;False;False;True;False
2025-08-23 23:00:00;1530.4167499999999;5.8;False;False;False;False;True;False;False;False;False;False;True;False
2025-08-24 00:00:00;1257.5475000000001;5.8;False;False;False;False;False;True;False;False;False;False;False;True
2025-08-24 01:00:00;1173.4305;5.6;False;False;False;False;False;True;False;False;False;False;False;True
2025-08-24 02:00:00;1000.6945000000001;4.8;False;False;False;False;False;True;False;False;False;False;False;True
2025-08-24 03:00:00;1043.5297500000001;4.4;False;False;False;False;False;True;False;False;False;False;False;True
2025-08-24 04:00:00;862.10725;4.9;False;False;False;False;False;True;False;False;False;False;False;True
2025-08-24 05:00:00;898.7402500000001;5.6;False;False;False;False;False;True;False;False;False;False;False;True
2025-08-24 06:00:00;1004.62775;6.4;False;False;False;False;False;True;False;False;False;False;False;True
2025-08-24 07:00:00;412.85325;8.0;False;False;False;False;False;True;False;False;False;False;False;True
2025-08-24 08:00:00;1034.9445;9.4;False;False;False;False;False;True;False;False;False;False;False;True
2025-08-24 09:00:00;549.03825;10.9;False;False;False;False;False;True;False;False;False;False;False;True
2025-08-24 10:00:00;1033.8067500000002;12.3;False;False;False;False;False;True;False;False;False;False;False;True
2025-08-24 11:00:00;811.0709999999999;12.6;False;False;False;False;False;True;False;False;False;False;False;True
2025-08-24 12:00:00;649.3335;12.8;False;False;False;False;False;True;False;False;False;False;False;True
2025-08-24 13:00:00;2230.52;13.4;False;False;False;False;False;True;False;False;False;False;False;True
2025-08-24 14:00:00;1784.50425;13.6;False;False;False;False;False;True;False;False;False;False;False;True
2025-08-24 15:00:00;1800.88825;13.6;False;False;False;False;False;True;False;False;False;False;False;True
2025-08-24 16:00:00;1306.897;13.2;False;False;False;False;False;True;False;False;False;False;False;True
2025-08-24 17:00:00;1306.2662500000001;12.4;False;False;False;False;False;True;False;False;False;False;False;True
2025-08-24 18:00:00;1688.90375;11.4;False;False;False;False;False;True;False;False;False;False;False;True
2025-08-24 19:00:00;3685.5592500000002;9.8;False;False;False;False;False;True;False;False;False;False;False;True
2025-08-24 20:00:00;3298.876;9.1;False;False;False;False;False;True;False;False;False;False;False;True
2025-08-24 21:00:00;1968.4625;8.5;False;False;False;False;False;True;False;False;False;False;False;True
2025-08-24 22:00:00;1523.07125;7.9;False;False;False;False;False;True;False;False;False;False;False;True
2025-08-24 23:00:00;572.45825;8.1;False;False;False;False;False;True;False;False;False;False;False;True
2025-08-25 00:00:00;1326.15675;8.1;False;False;False;False;False;False;False;False;False;False;False;False
2025-08-25 01:00:00;481.07349999999997;8.4;False;False;False;False;False;False;False;False;False;False;False;False
2025-08-25 02:00:00;1192.3609999999999;8.4;False;False;False;False;False;False;False;False;False;False;False;False
2025-08-25 03:00:00;716.4225;7.7;False;False;False;False;False;False;False;False;False;False;False;False
2025-08-25 04:00:00;749.5395;7.2;False;False;False;False;False;False;False;False;False;False;False;False
2025-08-25 05:00:00;1055.115;6.7;False;False;False;False;False;False;False;False;False;False;False;False
2025-08-25 06:00:00;1068.04475;8.1;False;False;False;False;False;False;False;False;False;False;False;False
2025-08-25 07:00:00;1097.72075;9.9;False;False;False;False;False;False;False;False;False;False;False;False
2025-08-25 08:00:00;505.78200000000004;11.2;False;False;False;False;False;False;False;False;False;False;False;False
2025-08-25 09:00:00;1471.7334999999998;12.3;False;False;False;False;False;False;False;False;False;False;False;False
2025-08-25 10:00:00;2600.18375;13.1;False;False;False;False;False;False;False;False;False;False;False;False
2025-08-25 11:00:00;1898.29225;13.2;False;False;False;False;False;False;False;False;False;False;False;False
2025-08-25 12:00:00;1960.621;14.1;False;False;False;False;False;False;False;False;False;False;False;False
2025-08-25 13:00:00;663.2417499999999;15.0;False;False;False;False;False;False;False;False;False;False;False;False
2025-08-25 14:00:00;781.76875;14.9;False;False;False;False;False;False;False;False;False;False;False;False
2025-08-25 15:00:00;758.55575;15.1;False;False;False;False;False;False;False;False;False;False;False;False
2025-08-25 16:00:00;416.0625;15.2;False;False;False;False;False;False;False;False;False;False;False;False
2025-08-25 17:00:00;889.99175;14.5;False;False;False;False;False;False;False;False;False;False;False;False
2025-08-25 18:00:00;512.989;12.9;False;False;False;False;False;False;False;False;False;False;False;False
2025-08-25 19:00:00;1731.12425;11.2;False;False;False;False;False;False;False;False;False;False;False;False
2025-08-25 20:00:00;3766.9575;11.2;False;False;False;False;False;False;False;False;False;False;False;False
2025-08-25 21:00:00;982.72375;10.9;False;False;False;False;False;False;False;False;False;False;False;False
2025-08-25 22:00:00;1225.00675;10.9;False;False;False;False;False;False;False;False;False;False;False;False
2025-08-25 23:00:00;970.84475;9.6;False;False;False;False;False;False;False;False;False;False;False;False
2025-08-26 00:00:00;1143.89275;8.5;True;False;False;False;False;False;True;False;False;False;False;False
2025-08-26 01:00:00;997.0952500000001;8.2;True;False;False;False;False;False;True;False;False;False;False;False
2025-08-26 02:00:00;1461.17475;6.8;True;False;False;False;False;False;True;False;False;False;False;False
2025-08-26 03:00:00;2600.274;6.9;True;False;False;False;False;False;True;False;False;False;False;False
2025-08-26 04:00:00;1191.07925;8.9;True;False;False;False;False;False;True;False;False;False;False;False
2025-08-26 05:00:00;1110.45425;9.4;True;False;False;False;False;False;True;False;False;False;False;False
2025-08-26 06:00:00;1040.1345000000001;9.9;True;False;False;False;False;False;True;False;False;False;False;False
2025-08-26 07:00:00;1449.0025;11.6;True;False;False;False;False;False;True;False;False;False;False;False
2025-08-26 08:00:00;500.94225000000006;13.2;True;False;False;False;False;False;True;False;False;False;False;False
2025-08-26 09:00:00;561.8955000000001;14.4;True;False;False;False;False;False;True;False;False;False;False;False
2025-08-26 10:00:00;647.5925;15.1;True;False;False;False;False;False;True;False;False;False;False;False
2025-08-26 11:00:00;854.03375;15.8;True;False;False;False;False;False;True;False;False;False;False;False
2025-08-26 12:00:00;480.1422500000001;16.5;True;False;False;False;False;False;True;False;False;False;False;False
2025-08-26 13:00:00;284.28999999999996;17.0;True;False;False;False;False;False;True;False;False;False;False;False
2025-08-26 14:00:00;1186.71;17.5;True;False;False;False;False;False;True;False;False;False;False;False
2025-08-26 15:00:00;1457.1285;17.8;True;False;False;False;False;False;True;False;False;False;False;False
2025-08-26 16:00:00;3240.656;17.6;True;False;False;False;False;False;True;False;False;False;False;False
2025-08-26 17:00:00;1005.3550000000001;17.1;True;False;False;False;False;False;True;False;False;False;False;False
2025-08-26 18:00:00;356.90049999999997;15.5;True;False;False;False;False;False;True;False;False;False;False;False
2025-08-26 19:00:00;1337.1195;12.4;True;False;False;False;False;False;True;False;False;False;False;False
2025-08-26 20:00:00;1027.13525;10.9;True;False;False;False;False;False;True;False;False;False;False;False
2025-08-26 21:00:00;2509.857;10.1;True;False;False;False;False;False;True;False;False;False;False;False
2025-08-26 22:00:00;1192.016;11.2;True;False;False;False;False;False;True;False;False;False;False;False
2025-08-26 23:00:00;1499.9195;11.4;True;False;False;False;False;False;True;False;False;False;False;False
2025-08-27 00:00:00;1274.24225;12.0;False;True;False;False;False;False;False;True;False;False;False;False
2025-08-27 01:00:00;1033.0;12.1;False;True;False;False;False;False;False;True;False;False;False;False
2025-08-27 02:00:00;566.52775;13.0;False;True;False;False;False;False;False;True;False;False;False;False
2025-08-27 03:00:00;975.5675;13.2;False;True;False;False;False;False;False;True;False;False;False;False
2025-08-27 04:00:00;360.7955;12.2;False;True;False;False;False;False;False;True;False;False;False;False
2025-08-27 05:00:00;1240.5752499999999;11.6;False;True;False;False;False;False;False;True;False;False;False;False
2025-08-27 06:00:00;409.3365;13.6;False;True;False;False;False;False;False;True;False;False;False;False
2025-08-27 07:00:00;400.932;14.4;False;True;False;False;False;False;False;True;False;False;False;False
2025-08-27 08:00:00;644.97225;17.0;False;True;False;False;False;False;False;True;False;False;False;False
2025-08-27 09:00:00;1395.0430000000001;18.5;False;True;False;False;False;False;False;True;False;False;False;False
2025-08-27 10:00:00;2109.6195;19.1;False;True;False;False;False;False;False;True;False;False;False;False
2025-08-27 11:00:00;1826.3242500000001;19.5;False;True;False;False;False;False;False;True;False;False;False;False
2025-08-27 12:00:00;1349.99975;20.5;False;True;False;False;False;False;False;True;False;False;False;False
2025-08-27 13:00:00;891.8832500000001;21.0;False;True;False;False;False;False;False;True;False;False;False;False
2025-08-27 14:00:00;743.34575;20.2;False;True;False;False;False;False;False;True;False;False;False;False
2025-08-27 15:00:00;558.76325;20.4;False;True;False;False;False;False;False;True;False;False;False;False
2025-08-27 16:00:00;632.0645000000001;20.4;False;True;False;False;False;False;False;True;False;False;False;False
2025-08-27 17:00:00;778.6754999999999;20.0;False;True;False;False;False;False;False;True;False;False;False;False
2025-08-27 18:00:00;1359.1685;18.5;False;True;False;False;False;False;False;True;False;False;False;False
2025-08-27 19:00:00;3031.248;17.1;False;True;False;False;False;False;False;True;False;False;False;False
2025-08-27 20:00:00;2977.83525;16.8;False;True;False;False;False;False;False;True;False;False;False;False
2025-08-27 21:00:00;3523.909;16.5;False;True;False;False;False;False;False;True;False;False;False;False
2025-08-27 22:00:00;2465.96425;16.1;False;True;False;False;False;False;False;True;False;False;False;False
2025-08-27 23:00:00;609.21225;15.9;False;True;False;False;False;False;False;True;False;False;False;False
2025-08-28 00:00:00;890.53175;15.9;False;False;True;False;False;False;False;False;True;False;False;False
2025-08-28 01:00:00;406.28375;15.4;False;False;True;False;False;False;False;False;True;False;False;False
2025-08-28 02:00:00;638.27575;15.2;False;False;True;False;False;False;False;False;True;False;False;False
2025-08-28 03:00:00;284.58325;15.2;False;False;True;False;False;False;False;False;True;False;False;False
2025-08-28 04:00:00;2113.4545;15.4;False;False;True;False;False;False;False;False;True;False;False;False
2025-08-28 05:00:00;434.476;14.9;False;False;True;False;False;False;False;False;True;False;False;False
2025-08-28 06:00:00;413.352;15.4;False;False;True;False;False;False;False;False;True;False;False;False
2025-08-28 07:00:00;1238.38475;17.5;False;False;True;False;False;False;False;False;True;False;False;False
2025-08-28 08:00:00;956.044;19.0;False;False;True;False;False;False;False;False;True;False;False;False
2025-08-28 09:00:00;425.6065000000001;19.6;False;False;True;False;False;False;False;False;True;False;False;False
2025-08-28 10:00:00;1126.5655000000002;20.6;False;False;True;False;False;False;False;False;True;False;False;False
2025-08-28 11:00:00;629.26975;21.5;False;False;True;False;False;False;False;False;True;False;False;False
2025-08-28 12:00:00;2327.73;22.1;False;False;True;False;False;False;False;False;True;False;False;False
2025-08-28 13:00:00;1860.6335;23.1;False;False;True;False;False;False;False;False;True;False;False;False
2025-08-28 14:00:00;1363.7289999999998;24.2;False;False;True;False;False;False;False;False;True;False;False;False
2025-08-28 15:00:00;2449.032;24.1;False;False;True;False;False;False;False;False;True;False;False;False
2025-08-28 16:00:00;1332.73925;23.9;False;False;True;False;False;False;False;False;True;False;False;False
2025-08-28 17:00:00;1010.8979999999999;23.1;False;False;True;False;False;False;False;False;True;False;False;False
2025-08-28 18:00:00;1124.79775;20.8;False;False;True;False;False;False;False;False;True;False;False;False
2025-08-28 19:00:00;745.23725;18.0;False;False;True;False;False;False;False;False;True;False;False;False
2025-08-28 20:00:00;954.54;16.9;False;False;True;False;False;False;False;False;True;False;False;False
2025-08-28 21:00:00;2062.21175;16.4;False;False;True;False;False;False;False;False;True;False;False;False
2025-08-28 22:00:00;3680.0;16.2;False;False;True;False;False;False;False;False;True;False;False;False
2025-08-28 23:00:00;2147.262;15.6;False;False;True;False;False;False;False;False;True;False;False;False
2025-08-29 00:00:00;903.4705;15.6;False;False;False;True;False;False;False;False;False;True;False;False
2025-08-29 01:00:00;438.70825;15.7;False;False;False;True;False;False;False;False;False;True;False;False
2025-08-29 02:00:00;678.1347499999999;15.4;False;False;False;True;False;False;False;False;False;True;False;False
2025-08-29 03:00:00;418.79375;15.4;False;False;False;True;False;False;False;False;False;True;False;False
2025-08-29 04:00:00;564.5375;15.4;False;False;False;True;False;False;False;False;False;True;False;False
2025-08-29 05:00:00;203.72424999999998;15.1;False;False;False;True;False;False;False;False;False;True;False;False
2025-08-29 06:00:00;264.984;14.9;False;False;False;True;False;False;False;False;False;True;False;False
2025-08-29 07:00:00;1953.8305;15.1;False;False;False;True;False;False;False;False;False;True;False;False
2025-08-29 08:00:00;1530.2505;15.5;False;False;False;True;False;False;False;False;False;True;False;False
2025-08-29 09:00:00;334.889;15.5;False;False;False;True;False;False;False;False;False;True;False;False
2025-08-29 10:00:00;412.34633333333335;15.4;False;False;False;True;False;False;False;False;False;True;False;False
2025-08-29 11:00:00;489.8036666666667;15.0;False;False;False;True;False;False;False;False;False;True;False;False
2025-08-29 12:00:00;1416.56075;15.9;False;False;False;True;False;False;False;False;False;True;False;False
2025-08-29 13:00:00;1123.51;17.0;False;False;False;True;False;False;False;False;False;True;False;False
2025-08-29 14:00:00;1766.06;17.3;False;False;False;True;False;False;False;False;False;True;False;False
2025-08-29 15:00:00;5704.709;17.1;False;False;False;True;False;False;False;False;False;True;False;False
2025-08-29 16:00:00;2295.89125;17.9;False;False;False;True;False;False;False;False;False;True;False;False
2025-08-29 17:00:00;630.07475;17.5;False;False;False;True;False;False;False;False;False;True;False;False
2025-08-29 18:00:00;463.31399999999996;16.9;False;False;False;True;False;False;False;False;False;True;False;False
2025-08-29 19:00:00;492.71425;15.3;False;False;False;True;False;False;False;False;False;True;False;False
2025-08-29 20:00:00;709.72775;14.4;False;False;False;True;False;False;False;False;False;True;False;False
2025-08-29 21:00:00;1085.0205;14.1;False;False;False;True;False;False;False;False;False;True;False;False
2025-08-29 22:00:00;875.8072500000001;14.3;False;False;False;True;False;False;False;False;False;True;False;False
2025-08-29 23:00:00;2281.4047499999997;14.7;False;False;False;True;False;False;False;False;False;True;False;False
2025-08-30 00:00:00;2175.77575;14.2;False;False;False;False;True;False;False;False;False;False;True;False
2025-08-30 01:00:00;837.23825;14.4;False;False;False;False;True;False;False;False;False;False;True;False
2025-08-30 02:00:00;826.2913515625;13.8;False;False;False;False;True;False;False;False;False;False;True;False
2025-08-30 03:00:00;815.344453125;13.6;False;False;False;False;True;False;False;False;False;False;True;False
2025-08-30 04:00:00;804.3975546875;13.4;False;False;False;False;True;False;False;False;False;False;True;False
2025-08-30 05:00:00;793.45065625;13.5;False;False;False;False;True;False;False;False;False;False;True;False
2025-08-30 06:00:00;782.5037578125;13.4;False;False;False;False;True;False;False;False;False;False;True;False
2025-08-30 07:00:00;771.5568593749999;14.1;False;False;False;False;True;False;False;False;False;False;True;False
2025-08-30 08:00:00;760.6099609375;15.1;False;False;False;False;True;False;False;False;False;False;True;False
2025-08-30 09:00:00;749.6630625;15.9;False;False;False;False;True;False;False;False;False;False;True;False
2025-08-30 10:00:00;738.7161640625;17.2;False;False;False;False;True;False;False;False;False;False;True;False
2025-08-30 11:00:00;727.769265625;18.4;False;False;False;False;True;False;False;False;False;False;True;False
2025-08-30 12:00:00;716.8223671875;19.2;False;False;False;False;True;False;False;False;False;False;True;False
2025-08-30 13:00:00;705.87546875;19.6;False;False;False;False;True;False;False;False;False;False;True;False
2025-08-30 14:00:00;694.9285703125;19.2;False;False;False;False;True;False;False;False;False;False;True;False
2025-08-30 15:00:00;683.981671875;19.1;False;False;False;False;True;False;False;False;False;False;True;False
2025-08-30 16:00:00;673.0347734375;18.6;False;False;False;False;True;False;False;False;False;False;True;False
2025-08-30 17:00:00;662.0878749999999;17.8;False;False;False;False;True;False;False;False;False;False;True;False
2025-08-30 18:00:00;651.1409765625;16.2;False;False;False;False;True;False;False;False;False;False;True;False
2025-08-30 19:00:00;640.194078125;14.1;False;False;False;False;True;False;False;False;False;False;True;False
2025-08-30 20:00:00;629.2471796875;13.9;False;False;False;False;True;False;False;False;False;False;True;False
2025-08-30 21:00:00;618.30028125;13.4;False;False;False;False;True;False;False;False;False;False;True;False
2025-08-30 22:00:00;607.3533828125001;13.4;False;False;False;False;True;False;False;False;False;False;True;False
2025-08-30 23:00:00;596.406484375;13.1;False;False;False;False;True;False;False;False;False;False;True;False
2025-08-31 00:00:00;585.4595859375;12.7;False;False;False;False;False;True;False;False;False;False;False;True
2025-08-31 01:00:00;574.5126875;12.4;False;False;False;False;False;True;False;False;False;False;False;True
2025-08-31 02:00:00;563.5657890625;12.6;False;False;False;False;False;True;False;False;False;False;False;True
2025-08-31 03:00:00;552.618890625;12.0;False;False;False;False;False;True;False;False;False;False;False;True
2025-08-31 04:00:00;541.6719921875;11.6;False;False;False;False;False;True;False;False;False;False;False;True
2025-08-31 05:00:00;530.72509375;11.6;False;False;False;False;False;True;False;False;False;False;False;True
2025-08-31 06:00:00;519.7781953125;12.4;False;False;False;False;False;True;False;False;False;False;False;True
2025-08-31 07:00:00;508.831296875;14.2;False;False;False;False;False;True;False;False;False;False;False;True
2025-08-31 08:00:00;497.8843984375;15.8;False;False;False;False;False;True;False;False;False;False;False;True
2025-08-31 09:00:00;486.9375;17.1;False;False;False;False;False;True;False;False;False;False;False;True
2025-08-31 10:00:00;521.9272500000001;18.1;False;False;False;False;False;True;False;False;False;False;False;True
2025-08-31 11:00:00;412.65175;18.9;False;False;False;False;False;True;False;False;False;False;False;True
2025-08-31 12:00:00;327.80525;19.3;False;False;False;False;False;True;False;False;False;False;False;True
2025-08-31 13:00:00;648.6665;19.5;False;False;False;False;False;True;False;False;False;False;False;True
2025-08-31 14:00:00;832.41875;18.6;False;False;False;False;False;True;False;False;False;False;False;True
2025-08-31 15:00:00;2164.1145;18.6;False;False;False;False;False;True;False;False;False;False;False;True
2025-08-31 16:00:00;1386.518;18.2;False;False;False;False;False;True;False;False;False;False;False;True
2025-08-31 17:00:00;1165.36075;17.8;False;False;False;False;False;True;False;False;False;False;False;True
2025-08-31 18:00:00;680.6524999999999;16.7;False;False;False;False;False;True;False;False;False;False;False;True
2025-08-31 19:00:00;2797.45575;14.6;False;False;False;False;False;True;False;False;False;False;False;True
2025-08-31 20:00:00;3147.09725;13.9;False;False;False;False;False;True;False;False;False;False;False;True
2025-08-31 21:00:00;2294.8647499999997;13.7;False;False;False;False;False;True;False;False;False;False;False;True
2025-08-31 22:00:00;593.66875;13.3;False;False;False;False;False;True;False;False;False;False;False;True
2025-08-31 23:00:00;758.2239999999999;12.7;False;False;False;False;False;True;False;False;False;False;False;True
2025-09-01 00:00:00;512.0445;12.4;False;False;False;False;False;False;False;False;False;False;False;False
2025-09-01 01:00:00;1046.02775;12.3;False;False;False;False;False;False;False;False;False;False;False;False
2025-09-01 02:00:00;3743.4445;13.1;False;False;False;False;False;False;False;False;False;False;False;False
2025-09-01 03:00:00;2247.88125;13.1;False;False;False;False;False;False;False;False;False;False;False;False
2025-09-01 04:00:00;785.6189999999999;13.1;False;False;False;False;False;False;False;False;False;False;False;False
2025-09-01 05:00:00;426.20625;13.1;False;False;False;False;False;False;False;False;False;False;False;False
2025-09-01 06:00:00;2025.70875;13.4;False;False;False;False;False;False;False;False;False;False;False;False
2025-09-01 07:00:00;435.43125000000003;15.7;False;False;False;False;False;False;False;False;False;False;False;False
2025-09-01 08:00:00;352.12749999999994;17.8;False;False;False;False;False;False;False;False;False;False;False;False
2025-09-01 09:00:00;365.226;18.9;False;False;False;False;False;False;False;False;False;False;False;False
2025-09-01 10:00:00;476.635;19.6;False;False;False;False;False;False;False;False;False;False;False;False
2025-09-01 11:00:00;485.273;20.0;False;False;False;False;False;False;False;False;False;False;False;False
2025-09-01 12:00:00;513.1610000000001;20.0;False;False;False;False;False;False;False;False;False;False;False;False
2025-09-01 13:00:00;2496.8885;20.5;False;False;False;False;False;False;False;False;False;False;False;False
2025-09-01 14:00:00;2074.07525;21.0;False;False;False;False;False;False;False;False;False;False;False;False
2025-09-01 15:00:00;1027.5217499999999;21.0;False;False;False;False;False;False;False;False;False;False;False;False
2025-09-01 16:00:00;692.71425;20.7;False;False;False;False;False;False;False;False;False;False;False;False
2025-09-01 17:00:00;1584.7145;20.3;False;False;False;False;False;False;False;False;False;False;False;False
2025-09-01 18:00:00;1677.2662500000001;18.9;False;False;False;False;False;False;False;False;False;False;False;False
2025-09-01 19:00:00;4124.40475;17.4;False;False;False;False;False;False;False;False;False;False;False;False
2025-09-01 20:00:00;4653.3035;17.0;False;False;False;False;False;False;False;False;False;False;False;False
2025-09-01 21:00:00;1975.1965;15.8;False;False;False;False;False;False;False;False;False;False;False;False
2025-09-01 22:00:00;832.1705;14.6;False;False;False;False;False;False;False;False;False;False;False;False
2025-09-01 23:00:00;604.45025;14.8;False;False;False;False;False;False;False;False;False;False;False;False
2025-09-02 00:00:00;486.18475;15.7;True;False;False;False;False;False;True;False;False;False;False;False
2025-09-02 01:00:00;558.84125;15.1;True;False;False;False;False;False;True;False;False;False;False;False
2025-09-02 02:00:00;446.84525;14.4;True;False;False;False;False;False;True;False;False;False;False;False
2025-09-02 03:00:00;408.399;13.4;True;False;False;False;False;False;True;False;False;False;False;False
2025-09-02 04:00:00;2335.032;13.2;True;False;False;False;False;False;True;False;False;False;False;False
2025-09-02 05:00:00;1542.407;13.0;True;False;False;False;False;False;True;False;False;False;False;False
2025-09-02 06:00:00;357.0045;12.8;True;False;False;False;False;False;True;False;False;False;False;False
2025-09-02 07:00:00;634.4035;15.1;True;False;False;False;False;False;True;False;False;False;False;False
2025-09-02 08:00:00;984.89325;16.2;True;False;False;False;False;False;True;False;False;False;False;False
2025-09-02 09:00:00;831.075;16.0;True;False;False;False;False;False;True;False;False;False;False;False
2025-09-02 10:00:00;752.77325;14.9;True;False;False;False;False;False;True;False;False;False;False;False
2025-09-02 11:00:00;2059.36;14.9;True;False;False;False;False;False;True;False;False;False;False;False
2025-09-02 12:00:00;4679.89725;14.4;True;False;False;False;False;False;True;False;False;False;False;False
2025-09-02 13:00:00;2175.315;13.6;True;False;False;False;False;False;True;False;False;False;False;False
2025-09-02 14:00:00;880.848;13.4;True;False;False;False;False;False;True;False;False;False;False;False
2025-09-02 15:00:00;1651.58875;15.1;True;False;False;False;False;False;True;False;False;False;False;False
2025-09-02 16:00:00;1227.92075;14.8;True;False;False;False;False;False;True;False;False;False;False;False
2025-09-02 17:00:00;1161.79925;14.6;True;False;False;False;False;False;True;False;False;False;False;False
2025-09-02 18:00:00;2726.53275;13.9;True;False;False;False;False;False;True;False;False;False;False;False
2025-09-02 19:00:00;4558.3322499999995;12.4;True;False;False;False;False;False;True;False;False;False;False;False
2025-09-02 20:00:00;1795.6945;11.9;True;False;False;False;False;False;True;False;False;False;False;False
2025-09-02 21:00:00;757.3154999999999;11.9;True;False;False;False;False;False;True;False;False;False;False;False
2025-09-02 22:00:00;672.62875;11.9;True;False;False;False;False;False;True;False;False;False;False;False
2025-09-02 23:00:00;536.6089999999999;11.6;True;False;False;False;False;False;True;False;False;False;False;False
2025-09-03 00:00:00;551.73025;11.9;False;True;False;False;False;False;False;True;False;False;False;False
2025-09-03 01:00:00;436.657;12.1;False;True;False;False;False;False;False;True;False;False;False;False
2025-09-03 02:00:00;1762.52575;11.6;False;True;False;False;False;False;False;True;False;False;False;False
2025-09-03 03:00:00;1972.0535;11.1;False;True;False;False;False;False;False;True;False;False;False;False
2025-09-03 04:00:00;780.75375;10.4;False;True;False;False;False;False;False;True;False;False;False;False
2025-09-03 05:00:00;1267.4325;10.3;False;True;False;False;False;False;False;True;False;False;False;False
2025-09-03 06:00:00;321.45475;11.0;False;True;False;False;False;False;False;True;False;False;False;False
2025-09-03 07:00:00;641.2090000000001;13.4;False;True;False;False;False;False;False;True;False;False;False;False
2025-09-03 08:00:00;452.18224999999995;14.6;False;True;False;False;False;False;False;True;False;False;False;False
2025-09-03 09:00:00;1206.79475;15.6;False;True;False;False;False;False;False;True;False;False;False;False
2025-09-03 10:00:00;687.7782499999998;16.6;False;True;False;False;False;False;False;True;False;False;False;False
2025-09-03 11:00:00;1253.0185;17.4;False;True;False;False;False;False;False;True;False;False;False;False
2025-09-03 12:00:00;1619.1637500000002;18.1;False;True;False;False;False;False;False;True;False;False;False;False
2025-09-03 13:00:00;819.5672500000001;18.5;False;True;False;False;False;False;False;True;False;False;False;False
2025-09-03 14:00:00;496.46;18.5;False;True;False;False;False;False;False;True;False;False;False;False
2025-09-03 15:00:00;485.38824999999997;18.2;False;True;False;False;False;False;False;True;False;False;False;False
2025-09-03 16:00:00;1089.15325;18.3;False;True;False;False;False;False;False;True;False;False;False;False
2025-09-03 17:00:00;3090.67475;18.0;False;True;False;False;False;False;False;True;False;False;False;False
2025-09-03 18:00:00;1923.3577500000001;16.5;False;True;False;False;False;False;False;True;False;False;False;False
2025-09-03 19:00:00;884.39025;15.3;False;True;False;False;False;False;False;True;False;False;False;False
2025-09-03 20:00:00;1081.3745;15.4;False;True;False;False;False;False;False;True;False;False;False;False
2025-09-03 21:00:00;1299.742;15.2;False;True;False;False;False;False;False;True;False;False;False;False
2025-09-03 22:00:00;902.1893333333334;14.4;False;True;False;False;False;False;False;True;False;False;False;False
2025-09-03 23:00:00;674.8945;13.8;False;True;False;False;False;False;False;True;False;False;False;False
2025-09-04 00:00:00;1134.191;13.2;False;False;True;False;False;False;False;False;True;False;False;False
2025-09-04 01:00:00;2948.875;12.9;False;False;True;False;False;False;False;False;True;False;False;False
2025-09-04 02:00:00;1898.55175;13.1;False;False;True;False;False;False;False;False;True;False;False;False
2025-09-04 03:00:00;412.45425;13.1;False;False;True;False;False;False;False;False;True;False;False;False
2025-09-04 04:00:00;746.22225;13.0;False;False;True;False;False;False;False;False;True;False;False;False
2025-09-04 05:00:00;1450.73025;12.8;False;False;True;False;False;False;False;False;True;False;False;False
2025-09-04 06:00:00;343.65775;13.0;False;False;True;False;False;False;False;False;True;False;False;False
2025-09-04 07:00:00;510.491;15.1;False;False;True;False;False;False;False;False;True;False;False;False
2025-09-04 08:00:00;1044.62825;17.3;False;False;True;False;False;False;False;False;True;False;False;False
2025-09-04 09:00:00;1049.37975;18.8;False;False;True;False;False;False;False;False;True;False;False;False
2025-09-04 10:00:00;1766.6965;19.8;False;False;True;False;False;False;False;False;True;False;False;False
2025-09-04 11:00:00;475.30600000000004;20.5;False;False;True;False;False;False;False;False;True;False;False;False
2025-09-04 12:00:00;930.252;21.2;False;False;True;False;False;False;False;False;True;False;False;False
2025-09-04 13:00:00;2537.6102499999997;21.6;False;False;True;False;False;False;False;False;True;False;False;False
2025-09-04 14:00:00;1975.6605;22.4;False;False;True;False;False;False;False;False;True;False;False;False
2025-09-04 15:00:00;1128.27475;22.4;False;False;True;False;False;False;False;False;True;False;False;False
2025-09-04 16:00:00;1570.36625;22.1;False;False;True;False;False;False;False;False;True;False;False;False
2025-09-04 17:00:00;2966.2870000000003;21.1;False;False;True;False;False;False;False;False;True;False;False;False
2025-09-04 18:00:00;1026.7775000000001;19.1;False;False;True;False;False;False;False;False;True;False;False;False
2025-09-04 19:00:00;2127.40075;17.5;False;False;True;False;False;False;False;False;True;False;False;False
2025-09-04 20:00:00;1419.14325;16.5;False;False;True;False;False;False;False;False;True;False;False;False
2025-09-04 21:00:00;930.6545;15.8;False;False;True;False;False;False;False;False;True;False;False;False
2025-09-04 22:00:00;908.35175;15.9;False;False;True;False;False;False;False;False;True;False;False;False
2025-09-04 23:00:00;898.4055;17.0;False;False;True;False;False;False;False;False;True;False;False;False
2025-09-05 00:00:00;3191.3055;16.5;False;False;False;True;False;False;False;False;False;True;False;False
2025-09-05 01:00:00;2219.0755;15.9;False;False;False;True;False;False;False;False;False;True;False;False
2025-09-05 02:00:00;473.01175;15.6;False;False;False;True;False;False;False;False;False;True;False;False
2025-09-05 03:00:00;436.7025;15.4;False;False;False;True;False;False;False;False;False;True;False;False
2025-09-05 04:00:00;407.10325;15.1;False;False;False;True;False;False;False;False;False;True;False;False
2025-09-05 05:00:00;412.26175;14.6;False;False;False;True;False;False;False;False;False;True;False;False
2025-09-05 06:00:00;384.09725000000003;13.8;False;False;False;True;False;False;False;False;False;True;False;False
2025-09-05 07:00:00;712.8842500000001;15.1;False;False;False;True;False;False;False;False;False;True;False;False
2025-09-05 08:00:00;2472.77475;15.8;False;False;False;True;False;False;False;False;False;True;False;False
2025-09-05 09:00:00;838.4557500000001;16.6;False;False;False;True;False;False;False;False;False;True;False;False
2025-09-05 10:00:00;1040.56975;17.2;False;False;False;True;False;False;False;False;False;True;False;False
2025-09-05 11:00:00;1235.85675;17.9;False;False;False;True;False;False;False;False;False;True;False;False
2025-09-05 12:00:00;615.0785000000001;16.9;False;False;False;True;False;False;False;False;False;True;False;False
2025-09-05 13:00:00;568.66975;16.0;False;False;False;True;False;False;False;False;False;True;False;False
2025-09-05 14:00:00;523.322;16.0;False;False;False;True;False;False;False;False;False;True;False;False
2025-09-05 15:00:00;1825.4782500000001;15.6;False;False;False;True;False;False;False;False;False;True;False;False
2025-09-05 16:00:00;1536.04025;15.4;False;False;False;True;False;False;False;False;False;True;False;False
2025-09-05 17:00:00;738.4780000000001;15.1;False;False;False;True;False;False;False;False;False;True;False;False
2025-09-05 18:00:00;886.9590000000001;14.1;False;False;False;True;False;False;False;False;False;True;False;False
2025-09-05 19:00:00;734.913;12.6;False;False;False;True;False;False;False;False;False;True;False;False
2025-09-05 20:00:00;1072.2205;12.4;False;False;False;True;False;False;False;False;False;True;False;False
2025-09-05 21:00:00;973.8475;12.5;False;False;False;True;False;False;False;False;False;True;False;False
2025-09-05 22:00:00;3503.79575;12.5;False;False;False;True;False;False;False;False;False;True;False;False
2025-09-05 23:00:00;2495.399;12.2;False;False;False;True;False;False;False;False;False;True;False;False
2025-09-06 00:00:00;959.72025;11.6;False;False;False;False;True;False;False;False;False;False;True;False
2025-09-06 01:00:00;523.16075;11.4;False;False;False;False;True;False;False;False;False;False;True;False
2025-09-06 02:00:00;669.25;11.3;False;False;False;False;True;False;False;False;False;False;True;False
2025-09-06 03:00:00;810.5495;11.1;False;False;False;False;True;False;False;False;False;False;True;False
2025-09-06 04:00:00;608.92275;11.1;False;False;False;False;True;False;False;False;False;False;True;False
2025-09-06 05:00:00;542.13675;10.8;False;False;False;False;True;False;False;False;False;False;True;False
2025-09-06 06:00:00;1212.5955;10.7;False;False;False;False;True;False;False;False;False;False;True;False
2025-09-06 07:00:00;1351.1779999999999;10.8;False;False;False;False;True;False;False;False;False;False;True;False
2025-09-06 08:00:00;706.15025;11.1;False;False;False;False;True;False;False;False;False;False;True;False
2025-09-06 09:00:00;931.28125;11.9;False;False;False;False;True;False;False;False;False;False;True;False
2025-09-06 10:00:00;1373.68625;11.8;False;False;False;False;True;False;False;False;False;False;True;False
2025-09-06 11:00:00;997.6385;12.1;False;False;False;False;True;False;False;False;False;False;True;False
2025-09-06 12:00:00;1972.56775;13.2;False;False;False;False;True;False;False;False;False;False;True;False
2025-09-06 13:00:00;2214.0605;13.3;False;False;False;False;True;False;False;False;False;False;True;False
2025-09-06 14:00:00;532.8145000000001;14.1;False;False;False;False;True;False;False;False;False;False;True;False
2025-09-06 15:00:00;334.84125000000006;14.8;False;False;False;False;True;False;False;False;False;False;True;False
2025-09-06 16:00:00;420.3517499999999;15.0;False;False;False;False;True;False;False;False;False;False;True;False
2025-09-06 17:00:00;378.08925;14.4;False;False;False;False;True;False;False;False;False;False;True;False
2025-09-06 18:00:00;436.66949999999997;12.8;False;False;False;False;True;False;False;False;False;False;True;False
2025-09-06 19:00:00;1883.991;10.8;False;False;False;False;True;False;False;False;False;False;True;False
2025-09-06 20:00:00;1249.6455;9.8;False;False;False;False;True;False;False;False;False;False;True;False
2025-09-06 21:00:00;2540.376;9.2;False;False;False;False;True;False;False;False;False;False;True;False
2025-09-06 22:00:00;2923.66375;8.9;False;False;False;False;True;False;False;False;False;False;True;False
2025-09-06 23:00:00;1609.996;8.6;False;False;False;False;True;False;False;False;False;False;True;False
2025-09-07 00:00:00;1556.48425;8.4;False;False;False;False;False;True;False;False;False;False;False;True
2025-09-07 01:00:00;1090.91075;8.1;False;False;False;False;False;True;False;False;False;False;False;True
2025-09-07 02:00:00;1122.3455;8.4;False;False;False;False;False;True;False;False;False;False;False;True
2025-09-07 03:00:00;327.15274999999997;8.2;False;False;False;False;False;True;False;False;False;False;False;True
2025-09-07 04:00:00;1063.63475;8.1;False;False;False;False;False;True;False;False;False;False;False;True
2025-09-07 05:00:00;992.89675;7.9;False;False;False;False;False;True;False;False;False;False;False;True
2025-09-07 06:00:00;1115.349;8.9;False;False;False;False;False;True;False;False;False;False;False;True
2025-09-07 07:00:00;589.7995;11.6;False;False;False;False;False;True;False;False;False;False;False;True
2025-09-07 08:00:00;542.30425;14.1;False;False;False;False;False;True;False;False;False;False;False;True
2025-09-07 09:00:00;1647.55375;15.3;False;False;False;False;False;True;False;False;False;False;False;True
2025-09-07 10:00:00;2143.08925;16.3;False;False;False;False;False;True;False;False;False;False;False;True
2025-09-07 11:00:00;1851.74;17.4;False;False;False;False;False;True;False;False;False;False;False;True
2025-09-07 12:00:00;1262.95325;18.1;False;False;False;False;False;True;False;False;False;False;False;True
2025-09-07 13:00:00;3386.0625;18.2;False;False;False;False;False;True;False;False;False;False;False;True
2025-09-07 14:00:00;3436.6352500000003;17.8;False;False;False;False;False;True;False;False;False;False;False;True
2025-09-07 15:00:00;2440.12775;17.0;False;False;False;False;False;True;False;False;False;False;False;True
2025-09-07 16:00:00;348.286;16.6;False;False;False;False;False;True;False;False;False;False;False;True
2025-09-07 17:00:00;340.85725;15.9;False;False;False;False;False;True;False;False;False;False;False;True
2025-09-07 18:00:00;626.2112500000001;14.4;False;False;False;False;False;True;False;False;False;False;False;True
2025-09-07 19:00:00;855.386;12.7;False;False;False;False;False;True;False;False;False;False;False;True
2025-09-07 20:00:00;862.441;11.8;False;False;False;False;False;True;False;False;False;False;False;True
2025-09-07 21:00:00;2783.29375;10.6;False;False;False;False;False;True;False;False;False;False;False;True
2025-09-07 22:00:00;1399.6385;9.9;False;False;False;False;False;True;False;False;False;False;False;True
2025-09-07 23:00:00;1245.64725;9.5;False;False;False;False;False;True;False;False;False;False;False;True
2025-09-08 00:00:00;824.798;9.2;False;False;False;False;False;False;False;False;False;False;False;False
2025-09-08 01:00:00;1668.80725;8.9;False;False;False;False;False;False;False;False;False;False;False;False
2025-09-08 02:00:00;1476.64475;8.4;False;False;False;False;False;False;False;False;False;False;False;False
2025-09-08 03:00:00;941.726;8.1;False;False;False;False;False;False;False;False;False;False;False;False
2025-09-08 04:00:00;309.526;8.4;False;False;False;False;False;False;False;False;False;False;False;False
2025-09-08 05:00:00;986.5715;8.4;False;False;False;False;False;False;False;False;False;False;False;False
2025-09-08 06:00:00;1239.6502500000001;9.1;False;False;False;False;False;False;False;False;False;False;False;False
2025-09-08 07:00:00;434.88525000000004;11.8;False;False;False;False;False;False;False;False;False;False;False;False
2025-09-08 08:00:00;465.85775;13.9;False;False;False;False;False;False;False;False;False;False;False;False
2025-09-08 09:00:00;953.4997500000001;15.1;False;False;False;False;False;False;False;False;False;False;False;False
2025-09-08 10:00:00;1974.921;16.1;False;False;False;False;False;False;False;False;False;False;False;False
2025-09-08 11:00:00;1243.25275;17.0;False;False;False;False;False;False;False;False;False;False;False;False
2025-09-08 12:00:00;780.1167499999999;17.6;False;False;False;False;False;False;False;False;False;False;False;False
2025-09-08 13:00:00;944.8695;17.5;False;False;False;False;False;False;False;False;False;False;False;False
2025-09-08 14:00:00;501.75450000000006;17.3;False;False;False;False;False;False;False;False;False;False;False;False
2025-09-08 15:00:00;499.9615;17.1;False;False;False;False;False;False;False;False;False;False;False;False
2025-09-08 16:00:00;2360.9885;16.6;False;False;False;False;False;False;False;False;False;False;False;False
2025-09-08 17:00:00;1898.1077500000001;15.9;False;False;False;False;False;False;False;False;False;False;False;False
2025-09-08 18:00:00;1630.34425;14.4;False;False;False;False;False;False;False;False;False;False;False;False
2025-09-08 19:00:00;2302.6705;12.6;False;False;False;False;False;False;False;False;False;False;False;False
2025-09-08 20:00:00;909.991;11.9;False;False;False;False;False;False;False;False;False;False;False;False
2025-09-08 21:00:00;3405.0832499999997;11.2;False;False;False;False;False;False;False;False;False;False;False;False
2025-09-08 22:00:00;457.63475;10.6;False;False;False;False;False;False;False;False;False;False;False;False
2025-09-08 23:00:00;1204.8055;10.0;False;False;False;False;False;False;False;False;False;False;False;False
2025-09-09 00:00:00;464.7025;9.7;True;False;False;False;False;False;True;False;False;False;False;False
2025-09-09 01:00:00;1454.0477500000002;9.6;True;False;False;False;False;False;True;False;False;False;False;False
2025-09-09 02:00:00;459.6785;10.9;True;False;False;False;False;False;True;False;False;False;False;False
2025-09-09 03:00:00;1115.0595;11.1;True;False;False;False;False;False;True;False;False;False;False;False
2025-09-09 04:00:00;339.0815;10.9;True;False;False;False;False;False;True;False;False;False;False;False
2025-09-09 05:00:00;690.0475;10.4;True;False;False;False;False;False;True;False;False;False;False;False
2025-09-09 06:00:00;749.34325;10.6;True;False;False;False;False;False;True;False;False;False;False;False
2025-09-09 07:00:00;920.1637499999999;13.1;True;False;False;False;False;False;True;False;False;False;False;False
2025-09-09 08:00:00;500.89474999999993;15.9;True;False;False;False;False;False;True;False;False;False;False;False
2025-09-09 09:00:00;1996.76125;17.7;True;False;False;False;False;False;True;False;False;False;False;False
2025-09-09 10:00:00;456.30174999999986;19.4;True;False;False;False;False;False;True;False;False;False;False;False
2025-09-09 11:00:00;796.2939999999999;20.1;True;False;False;False;False;False;True;False;False;False;False;False
2025-09-09 12:00:00;1908.2055;19.8;True;False;False;False;False;False;True;False;False;False;False;False
2025-09-09 13:00:00;893.45675;19.5;True;False;False;False;False;False;True;False;False;False;False;False
2025-09-09 14:00:00;452.95050000000003;19.4;True;False;False;False;False;False;True;False;False;False;False;False
2025-09-09 15:00:00;760.01225;18.5;True;False;False;False;False;False;True;False;False;False;False;False
2025-09-09 16:00:00;3564.1335;17.7;True;False;False;False;False;False;True;False;False;False;False;False
2025-09-09 17:00:00;497.88975;17.0;True;False;False;False;False;False;True;False;False;False;False;False
2025-09-09 18:00:00;691.8765000000001;15.6;True;False;False;False;False;False;True;False;False;False;False;False
2025-09-09 19:00:00;1039.00425;14.4;True;False;False;False;False;False;True;False;False;False;False;False
2025-09-09 20:00:00;1310.29;14.2;True;False;False;False;False;False;True;False;False;False;False;False
2025-09-09 21:00:00;899.75625;13.8;True;False;False;False;False;False;True;False;False;False;False;False
2025-09-09 22:00:00;762.309;13.9;True;False;False;False;False;False;True;False;False;False;False;False
2025-09-09 23:00:00;3094.7185;13.9;True;False;False;False;False;False;True;False;False;False;False;False
2025-09-10 00:00:00;2176.5695;14.2;False;True;False;False;False;False;False;True;False;False;False;False
2025-09-10 01:00:00;479.0635;13.6;False;True;False;False;False;False;False;True;False;False;False;False
2025-09-10 02:00:00;927.9525;12.9;False;True;False;False;False;False;False;True;False;False;False;False
2025-09-10 03:00:00;461.16875;12.9;False;True;False;False;False;False;False;True;False;False;False;False
2025-09-10 04:00:00;801.9047499999999;12.6;False;True;False;False;False;False;False;True;False;False;False;False
2025-09-10 05:00:00;342.7895;12.1;False;True;False;False;False;False;False;True;False;False;False;False
2025-09-10 06:00:00;1424.3957500000001;12.1;False;True;False;False;False;False;False;True;False;False;False;False
2025-09-10 07:00:00;2065.60775;13.4;False;True;False;False;False;False;False;True;False;False;False;False
2025-09-10 08:00:00;834.704;14.9;False;True;False;False;False;False;False;True;False;False;False;False
2025-09-10 09:00:00;752.3965000000001;16.0;False;True;False;False;False;False;False;True;False;False;False;False
2025-09-10 10:00:00;372.654;16.9;False;True;False;False;False;False;False;True;False;False;False;False
2025-09-10 11:00:00;393.09149999999994;17.4;False;True;False;False;False;False;False;True;False;False;False;False
2025-09-10 12:00:00;1380.7165;17.5;False;True;False;False;False;False;False;True;False;False;False;False
2025-09-10 13:00:00;586.0224999999999;18.5;False;True;False;False;False;False;False;True;False;False;False;False
2025-09-10 14:00:00;358.90325000000007;18.2;False;True;False;False;False;False;False;True;False;False;False;False
2025-09-10 15:00:00;482.60274999999996;16.2;False;True;False;False;False;False;False;True;False;False;False;False
2025-09-10 16:00:00;393.19325000000003;15.4;False;True;False;False;False;False;False;True;False;False;False;False
2025-09-10 17:00:00;288.63875;14.8;False;True;False;False;False;False;False;True;False;False;False;False
2025-09-10 18:00:00;644.36725;14.4;False;True;False;False;False;False;False;True;False;False;False;False
2025-09-10 19:00:00;2002.4527500000002;14.1;False;True;False;False;False;False;False;True;False;False;False;False
2025-09-10 20:00:00;1330.91425;14.1;False;True;False;False;False;False;False;True;False;False;False;False
2025-09-10 21:00:00;2338.12625;14.2;False;True;False;False;False;False;False;True;False;False;False;False
2025-09-10 22:00:00;1485.997;14.1;False;True;False;False;False;False;False;True;False;False;False;False
2025-09-10 23:00:00;524.871;13.9;False;True;False;False;False;False;False;True;False;False;False;False
2025-09-11 00:00:00;432.9305;13.6;False;False;True;False;False;False;False;False;True;False;False;False
2025-09-11 01:00:00;444.82925;12.9;False;False;True;False;False;False;False;False;True;False;False;False
2025-09-11 02:00:00;573.65875;12.2;False;False;True;False;False;False;False;False;True;False;False;False
2025-09-11 03:00:00;530.08325;11.9;False;False;True;False;False;False;False;False;True;False;False;False
2025-09-11 04:00:00;2004.33125;11.5;False;False;True;False;False;False;False;False;True;False;False;False
2025-09-11 05:00:00;1588.226;11.1;False;False;True;False;False;False;False;False;True;False;False;False
2025-09-11 06:00:00;421.45375;10.5;False;False;True;False;False;False;False;False;True;False;False;False
2025-09-11 07:00:00;447.1655;11.2;False;False;True;False;False;False;False;False;True;False;False;False
2025-09-11 08:00:00;494.32675000000006;12.6;False;False;True;False;False;False;False;False;True;False;False;False
2025-09-11 09:00:00;522.98675;13.9;False;False;True;False;False;False;False;False;True;False;False;False
2025-09-11 10:00:00;586.2385;14.7;False;False;True;False;False;False;False;False;True;False;False;False
2025-09-11 11:00:00;2292.5552500000003;15.9;False;False;True;False;False;False;False;False;True;False;False;False
2025-09-11 12:00:00;764.8457500000001;17.0;False;False;True;False;False;False;False;False;True;False;False;False
2025-09-11 13:00:00;495.841;17.4;False;False;True;False;False;False;False;False;True;False;False;False
2025-09-11 14:00:00;434.23249999999996;17.1;False;False;True;False;False;False;False;False;True;False;False;False
2025-09-11 15:00:00;364.12649999999996;16.5;False;False;True;False;False;False;False;False;True;False;False;False
2025-09-11 16:00:00;254.71424999999996;16.7;False;False;True;False;False;False;False;False;True;False;False;False
2025-09-11 17:00:00;342.54574999999994;14.4;False;False;True;False;False;False;False;False;True;False;False;False
2025-09-11 18:00:00;1722.80475;14.1;False;False;True;False;False;False;False;False;True;False;False;False
2025-09-11 19:00:00;955.86275;13.4;False;False;True;False;False;False;False;False;True;False;False;False
2025-09-11 20:00:00;827.78925;12.6;False;False;True;False;False;False;False;False;True;False;False;False
2025-09-11 21:00:00;1341.6215;12.1;False;False;True;False;False;False;False;False;True;False;False;False
2025-09-11 22:00:00;2597.0372500000003;11.7;False;False;True;False;False;False;False;False;True;False;False;False
2025-09-11 23:00:00;552.41525;11.4;False;False;True;False;False;False;False;False;True;False;False;False
2025-09-12 00:00:00;1409.0715;10.8;False;False;False;True;False;False;False;False;False;True;False;False
2025-09-12 01:00:00;1001.53575;10.1;False;False;False;True;False;False;False;False;False;True;False;False
2025-09-12 02:00:00;1223.5037499999999;9.5;False;False;False;True;False;False;False;False;False;True;False;False
2025-09-12 03:00:00;1474.1032500000001;9.2;False;False;False;True;False;False;False;False;False;True;False;False
2025-09-12 04:00:00;1137.44025;9.0;False;False;False;True;False;False;False;False;False;True;False;False
2025-09-12 05:00:00;808.89275;8.9;False;False;False;True;False;False;False;False;False;True;False;False
2025-09-12 06:00:00;479.39825;8.9;False;False;False;True;False;False;False;False;False;True;False;False
2025-09-12 07:00:00;1120.62125;10.6;False;False;False;True;False;False;False;False;False;True;False;False
2025-09-12 08:00:00;471.909;12.1;False;False;False;True;False;False;False;False;False;True;False;False
2025-09-12 09:00:00;449.80674999999997;13.6;False;False;False;True;False;False;False;False;False;True;False;False
2025-09-12 10:00:00;1158.23775;14.6;False;False;False;True;False;False;False;False;False;True;False;False
2025-09-12 11:00:00;2605.571;15.6;False;False;False;True;False;False;False;False;False;True;False;False
2025-09-12 12:00:00;2593.9759098360655;14.1;False;False;False;True;False;False;False;False;False;True;False;False
2025-09-12 13:00:00;2582.380819672131;14.1;False;False;False;True;False;False;False;False;False;True;False;False
2025-09-12 14:00:00;2570.7857295081967;13.8;False;False;False;True;False;False;False;False;False;True;False;False
2025-09-12 15:00:00;2559.1906393442623;12.8;False;False;False;True;False;False;False;False;False;True;False;False
2025-09-12 16:00:00;2547.595549180328;13.1;False;False;False;True;False;False;False;False;False;True;False;False
2025-09-12 17:00:00;2536.0004590163935;12.9;False;False;False;True;False;False;False;False;False;True;False;False
2025-09-12 18:00:00;2524.405368852459;11.6;False;False;False;True;False;False;False;False;False;True;False;False
2025-09-12 19:00:00;2512.8102786885247;10.8;False;False;False;True;False;False;False;False;False;True;False;False
2025-09-12 20:00:00;2501.2151885245903;10.6;False;False;False;True;False;False;False;False;False;True;False;False
2025-09-12 21:00:00;2489.6200983606554;10.4;False;False;False;True;False;False;False;False;False;True;False;False
2025-09-12 22:00:00;2478.025008196721;10.1;False;False;False;True;False;False;False;False;False;True;False;False
2025-09-12 23:00:00;2466.4299180327866;9.8;False;False;False;True;False;False;False;False;False;True;False;False
2025-09-13 00:00:00;2454.8348278688522;9.4;False;False;False;False;True;False;False;False;False;False;True;False
2025-09-13 01:00:00;2443.239737704918;8.9;False;False;False;False;True;False;False;False;False;False;True;False
2025-09-13 02:00:00;2431.6446475409834;8.1;False;False;False;False;True;False;False;False;False;False;True;False
2025-09-13 03:00:00;2420.049557377049;8.1;False;False;False;False;True;False;False;False;False;False;True;False
2025-09-13 04:00:00;2408.4544672131146;8.1;False;False;False;False;True;False;False;False;False;False;True;False
2025-09-13 05:00:00;2396.8593770491802;7.9;False;False;False;False;True;False;False;False;False;False;True;False
2025-09-13 06:00:00;2385.264286885246;8.1;False;False;False;False;True;False;False;False;False;False;True;False
2025-09-13 07:00:00;2373.6691967213114;11.0;False;False;False;False;True;False;False;False;False;False;True;False
2025-09-13 08:00:00;2362.074106557377;12.2;False;False;False;False;True;False;False;False;False;False;True;False
2025-09-13 09:00:00;2350.4790163934426;11.9;False;False;False;False;True;False;False;False;False;False;True;False
2025-09-13 10:00:00;2338.8839262295082;12.5;False;False;False;False;True;False;False;False;False;False;True;False
2025-09-13 11:00:00;2327.288836065574;13.4;False;False;False;False;True;False;False;False;False;False;True;False
2025-09-13 12:00:00;2315.6937459016394;14.7;False;False;False;False;True;False;False;False;False;False;True;False
2025-09-13 13:00:00;2304.098655737705;15.4;False;False;False;False;True;False;False;False;False;False;True;False
2025-09-13 14:00:00;2292.50356557377;15.1;False;False;False;False;True;False;False;False;False;False;True;False
2025-09-13 15:00:00;2280.908475409836;15.2;False;False;False;False;True;False;False;False;False;False;True;False
2025-09-13 16:00:00;2269.3133852459014;14.9;False;False;False;False;True;False;False;False;False;False;True;False
2025-09-13 17:00:00;2257.718295081967;14.1;False;False;False;False;True;False;False;False;False;False;True;False
2025-09-13 18:00:00;2246.1232049180326;13.2;False;False;False;False;True;False;False;False;False;False;True;False
2025-09-13 19:00:00;2234.528114754098;11.9;False;False;False;False;True;False;False;False;False;False;True;False
2025-09-13 20:00:00;2222.9330245901638;11.4;False;False;False;False;True;False;False;False;False;False;True;False
2025-09-13 21:00:00;2211.3379344262294;11.1;False;False;False;False;True;False;False;False;False;False;True;False
2025-09-13 22:00:00;2199.742844262295;10.9;False;False;False;False;True;False;False;False;False;False;True;False
2025-09-13 23:00:00;2188.1477540983606;10.8;False;False;False;False;True;False;False;False;False;False;True;False
2025-09-14 00:00:00;2176.552663934426;10.9;False;False;False;False;False;True;False;False;False;False;False;True
2025-09-14 01:00:00;2164.9575737704918;10.9;False;False;False;False;False;True;False;False;False;False;False;True
2025-09-14 02:00:00;2153.3624836065574;10.7;False;False;False;False;False;True;False;False;False;False;False;True
2025-09-14 03:00:00;2141.767393442623;11.4;False;False;False;False;False;True;False;False;False;False;False;True
2025-09-14 04:00:00;2130.1723032786886;11.4;False;False;False;False;False;True;False;False;False;False;False;True
2025-09-14 05:00:00;2118.577213114754;11.4;False;False;False;False;False;True;False;False;False;False;False;True
2025-09-14 06:00:00;2106.9821229508198;10.9;False;False;False;False;False;True;False;False;False;False;False;True
2025-09-14 07:00:00;2095.3870327868854;11.4;False;False;False;False;False;True;False;False;False;False;False;True
2025-09-14 08:00:00;2083.791942622951;12.0;False;False;False;False;False;True;False;False;False;False;False;True
2025-09-14 09:00:00;2072.1968524590166;12.1;False;False;False;False;False;True;False;False;False;False;False;True
2025-09-14 10:00:00;2060.601762295082;13.1;False;False;False;False;False;True;False;False;False;False;False;True
2025-09-14 11:00:00;2049.0066721311478;13.8;False;False;False;False;False;True;False;False;False;False;False;True
2025-09-14 12:00:00;2037.411581967213;14.8;False;False;False;False;False;True;False;False;False;False;False;True
2025-09-14 13:00:00;2025.8164918032785;13.9;False;False;False;False;False;True;False;False;False;False;False;True
2025-09-14 14:00:00;2014.221401639344;10.9;False;False;False;False;False;True;False;False;False;False;False;True
2025-09-14 15:00:00;2002.6263114754097;10.8;False;False;False;False;False;True;False;False;False;False;False;True
2025-09-14 16:00:00;1991.0312213114753;11.2;False;False;False;False;False;True;False;False;False;False;False;True
2025-09-14 17:00:00;1979.436131147541;10.6;False;False;False;False;False;True;False;False;False;False;False;True
2025-09-14 18:00:00;1967.8410409836065;9.6;False;False;False;False;False;True;False;False;False;False;False;True
2025-09-14 19:00:00;1956.245950819672;8.4;False;False;False;False;False;True;False;False;False;False;False;True
2025-09-14 20:00:00;1944.6508606557377;8.6;False;False;False;False;False;True;False;False;False;False;False;True
2025-09-14 21:00:00;1933.0557704918033;8.4;False;False;False;False;False;True;False;False;False;False;False;True
2025-09-14 22:00:00;1921.4606803278689;8.0;False;False;False;False;False;True;False;False;False;False;False;True
2025-09-14 23:00:00;1909.8655901639345;7.6;False;False;False;False;False;True;False;False;False;False;False;True
2025-09-15 00:00:00;1898.2705;7.0;False;False;False;False;False;False;False;False;False;False;False;False
2025-09-15 01:00:00;1886.6754098360655;6.8;False;False;False;False;False;False;False;False;False;False;False;False
2025-09-15 02:00:00;1875.080319672131;7.1;False;False;False;False;False;False;False;False;False;False;False;False
2025-09-15 03:00:00;1863.4852295081967;7.7;False;False;False;False;False;False;False;False;False;False;False;False
2025-09-15 04:00:00;1851.8901393442623;7.4;False;False;False;False;False;False;False;False;False;False;False;False
2025-09-15 05:00:00;1840.2950491803279;7.9;False;False;False;False;False;False;False;False;False;False;False;False
2025-09-15 06:00:00;1828.6999590163932;8.4;False;False;False;False;False;False;False;False;False;False;False;False
2025-09-15 07:00:00;1817.1048688524588;9.2;False;False;False;False;False;False;False;False;False;False;False;False
2025-09-15 08:00:00;1805.5097786885244;10.4;False;False;False;False;False;False;False;False;False;False;False;False
2025-09-15 09:00:00;1793.91468852459;11.0;False;False;False;False;False;False;False;False;False;False;False;False
2025-09-15 10:00:00;1782.3195983606556;11.9;False;False;False;False;False;False;False;False;False;False;False;False
2025-09-15 11:00:00;1770.7245081967212;12.9;False;False;False;False;False;False;False;False;False;False;False;False
2025-09-15 12:00:00;1759.1294180327868;14.6;False;False;False;False;False;False;False;False;False;False;False;False
2025-09-15 13:00:00;1747.5343278688524;14.3;False;False;False;False;False;False;False;False;False;False;False;False
2025-09-15 14:00:00;1735.939237704918;15.1;False;False;False;False;False;False;False;False;False;False;False;False
2025-09-15 15:00:00;1724.3441475409836;15.2;False;False;False;False;False;False;False;False;False;False;False;False
2025-09-15 16:00:00;1712.7490573770492;13.9;False;False;False;False;False;False;False;False;False;False;False;False
2025-09-15 17:00:00;1701.1539672131148;13.9;False;False;False;False;False;False;False;False;False;False;False;False
2025-09-15 18:00:00;1689.5588770491804;13.9;False;False;False;False;False;False;False;False;False;False;False;False
2025-09-15 19:00:00;1677.9637868852458;13.5;False;False;False;False;False;False;False;False;False;False;False;False
2025-09-15 20:00:00;1666.3686967213114;13.8;False;False;False;False;False;False;False;False;False;False;False;False
2025-09-15 21:00:00;1654.773606557377;13.9;False;False;False;False;False;False;False;False;False;False;False;False
2025-09-15 22:00:00;1643.1785163934426;12.8;False;False;False;False;False;False;False;False;False;False;False;False
2025-09-15 23:00:00;1631.5834262295082;12.9;False;False;False;False;False;False;False;False;False;False;False;False
2025-09-16 00:00:00;1619.9883360655735;12.8;True;False;False;False;False;False;True;False;False;False;False;False
2025-09-16 01:00:00;1608.3932459016391;12.1;True;False;False;False;False;False;True;False;False;False;False;False
2025-09-16 02:00:00;1596.7981557377047;12.4;True;False;False;False;False;False;True;False;False;False;False;False
2025-09-16 03:00:00;1585.2030655737703;11.5;True;False;False;False;False;False;True;False;False;False;False;False
2025-09-16 04:00:00;1573.607975409836;10.4;True;False;False;False;False;False;True;False;False;False;False;False
2025-09-16 05:00:00;1562.0128852459015;9.6;True;False;False;False;False;False;True;False;False;False;False;False
2025-09-16 06:00:00;1550.4177950819671;9.1;True;False;False;False;False;False;True;False;False;False;False;False
2025-09-16 07:00:00;1538.8227049180327;9.9;True;False;False;False;False;False;True;False;False;False;False;False
2025-09-16 08:00:00;1527.2276147540983;10.8;True;False;False;False;False;False;True;False;False;False;False;False
2025-09-16 09:00:00;1515.632524590164;11.4;True;False;False;False;False;False;True;False;False;False;False;False
2025-09-16 10:00:00;1504.0374344262295;12.5;True;False;False;False;False;False;True;False;False;False;False;False
2025-09-16 11:00:00;1492.4423442622951;13.1;True;False;False;False;False;False;True;False;False;False;False;False
2025-09-16 12:00:00;1480.8472540983605;14.1;True;False;False;False;False;False;True;False;False;False;False;False
2025-09-16 13:00:00;1469.252163934426;14.8;True;False;False;False;False;False;True;False;False;False;False;False
2025-09-16 14:00:00;1457.6570737704917;13.9;True;False;False;False;False;False;True;False;False;False;False;False
2025-09-16 15:00:00;1446.0619836065573;13.8;True;False;False;False;False;False;True;False;False;False;False;False
2025-09-16 16:00:00;1434.466893442623;13.4;True;False;False;False;False;False;True;False;False;False;False;False
2025-09-16 17:00:00;1422.8718032786885;12.2;True;False;False;False;False;False;True;False;False;False;False;False
2025-09-16 18:00:00;1411.276713114754;11.1;True;False;False;False;False;False;True;False;False;False;False;False
2025-09-16 19:00:00;1399.6816229508197;10.6;True;False;False;False;False;False;True;False;False;False;False;False
2025-09-16 20:00:00;1388.0865327868853;10.2;True;False;False;False;False;False;True;False;False;False;False;False
2025-09-16 21:00:00;1376.4914426229507;9.1;True;False;False;False;False;False;True;False;False;False;False;False
2025-09-16 22:00:00;1364.8963524590163;8.9;True;False;False;False;False;False;True;False;False;False;False;False
2025-09-16 23:00:00;1353.3012622950819;8.6;True;False;False;False;False;False;True;False;False;False;False;False
2025-09-17 00:00:00;1341.7061721311475;7.8;False;True;False;False;False;False;False;True;False;False;False;False
2025-09-17 01:00:00;1330.111081967213;7.8;False;True;False;False;False;False;False;True;False;False;False;False
2025-09-17 02:00:00;1318.5159918032787;7.9;False;True;False;False;False;False;False;True;False;False;False;False
2025-09-17 03:00:00;1306.9209016393443;8.2;False;True;False;False;False;False;False;True;False;False;False;False
2025-09-17 04:00:00;1295.3258114754099;7.9;False;True;False;False;False;False;False;True;False;False;False;False
2025-09-17 05:00:00;1283.7307213114755;7.8;False;True;False;False;False;False;False;True;False;False;False;False
2025-09-17 06:00:00;1272.1356311475408;7.6;False;True;False;False;False;False;False;True;False;False;False;False
2025-09-17 07:00:00;1260.5405409836064;8.1;False;True;False;False;False;False;False;True;False;False;False;False
2025-09-17 08:00:00;1248.945450819672;8.6;False;True;False;False;False;False;False;True;False;False;False;False
2025-09-17 09:00:00;1237.3503606557376;9.6;False;True;False;False;False;False;False;True;False;False;False;False
2025-09-17 10:00:00;1225.7552704918032;11.0;False;True;False;False;False;False;False;True;False;False;False;False
2025-09-17 11:00:00;1214.1601803278688;11.9;False;True;False;False;False;False;False;True;False;False;False;False
2025-09-17 12:00:00;1202.5650901639344;10.9;False;True;False;False;False;False;False;True;False;False;False;False
2025-09-17 13:00:00;1190.97;12.4;False;True;False;False;False;False;False;True;False;False;False;False
2025-09-17 14:00:00;840.058;12.4;False;True;False;False;False;False;False;True;False;False;False;False
2025-09-17 15:00:00;1209.7314999999999;12.8;False;True;False;False;False;False;False;True;False;False;False;False
2025-09-17 16:00:00;568.9282499999999;12.9;False;True;False;False;False;False;False;True;False;False;False;False
2025-09-17 17:00:00;641.98075;12.2;False;True;False;False;False;False;False;True;False;False;False;False
2025-09-17 18:00:00;2468.8845;10.6;False;True;False;False;False;False;False;True;False;False;False;False
2025-09-17 19:00:00;3551.498;9.6;False;True;False;False;False;False;False;True;False;False;False;False
2025-09-17 20:00:00;2105.3672500000002;9.9;False;True;False;False;False;False;False;True;False;False;False;False
2025-09-17 21:00:00;1607.371;9.6;False;True;False;False;False;False;False;True;False;False;False;False
2025-09-17 22:00:00;1375.0695;8.7;False;True;False;False;False;False;False;True;False;False;False;False
2025-09-17 23:00:00;1270.1965;8.2;False;True;False;False;False;False;False;True;False;False;False;False
2025-09-18 00:00:00;3542.893;7.8;False;False;True;False;False;False;False;False;True;False;False;False
2025-09-18 01:00:00;815.45825;7.6;False;False;True;False;False;False;False;False;True;False;False;False
2025-09-18 02:00:00;1317.127;8.9;False;False;True;False;False;False;False;False;True;False;False;False
2025-09-18 03:00:00;1235.5140000000001;8.9;False;False;True;False;False;False;False;False;True;False;False;False
2025-09-18 04:00:00;1098.04775;8.6;False;False;True;False;False;False;False;False;True;False;False;False
2025-09-18 05:00:00;542.1625;8.6;False;False;True;False;False;False;False;False;True;False;False;False
2025-09-18 06:00:00;848.1805;8.4;False;False;True;False;False;False;False;False;True;False;False;False
2025-09-18 07:00:00;972.64775;9.1;False;False;True;False;False;False;False;False;True;False;False;False
2025-09-18 08:00:00;475.665;10.1;False;False;True;False;False;False;False;False;True;False;False;False
2025-09-18 09:00:00;1943.96625;10.9;False;False;True;False;False;False;False;False;True;False;False;False
2025-09-18 10:00:00;1388.6715;12.5;False;False;True;False;False;False;False;False;True;False;False;False
2025-09-18 11:00:00;2519.808;13.6;False;False;True;False;False;False;False;False;True;False;False;False
2025-09-18 12:00:00;2169.9252500000002;14.6;False;False;True;False;False;False;False;False;True;False;False;False
2025-09-18 13:00:00;4449.5445;14.4;False;False;True;False;False;False;False;False;True;False;False;False
2025-09-18 14:00:00;3074.598;14.1;False;False;True;False;False;False;False;False;True;False;False;False
2025-09-18 15:00:00;938.1867500000001;16.5;False;False;True;False;False;False;False;False;True;False;False;False
2025-09-18 16:00:00;601.0625;16.9;False;False;True;False;False;False;False;False;True;False;False;False
2025-09-18 17:00:00;1229.7310000000002;16.5;False;False;True;False;False;False;False;False;True;False;False;False
2025-09-18 18:00:00;1129.769;14.1;False;False;True;False;False;False;False;False;True;False;False;False
2025-09-18 19:00:00;2845.544;13.4;False;False;True;False;False;False;False;False;True;False;False;False
2025-09-18 20:00:00;2500.4184999999998;13.9;False;False;True;False;False;False;False;False;True;False;False;False
2025-09-18 21:00:00;4383.47025;13.8;False;False;True;False;False;False;False;False;True;False;False;False
2025-09-18 22:00:00;2092.26175;13.6;False;False;True;False;False;False;False;False;True;False;False;False
2025-09-18 23:00:00;1138.8609999999999;13.2;False;False;True;False;False;False;False;False;True;False;False;False
2025-09-19 00:00:00;449.26775;13.2;False;False;False;True;False;False;False;False;False;True;False;False
2025-09-19 01:00:00;485.3095;14.0;False;False;False;True;False;False;False;False;False;True;False;False
2025-09-19 02:00:00;1716.76975;13.9;False;False;False;True;False;False;False;False;False;True;False;False
2025-09-19 03:00:00;990.17875;14.6;False;False;False;True;False;False;False;False;False;True;False;False
2025-09-19 04:00:00;1298.90275;14.3;False;False;False;True;False;False;False;False;False;True;False;False
2025-09-19 05:00:00;717.71825;13.9;False;False;False;True;False;False;False;False;False;True;False;False
2025-09-19 06:00:00;312.256;13.4;False;False;False;True;False;False;False;False;False;True;False;False
2025-09-19 07:00:00;420.4895;14.5;False;False;False;True;False;False;False;False;False;True;False;False
2025-09-19 08:00:00;1595.442;16.2;False;False;False;True;False;False;False;False;False;True;False;False
2025-09-19 09:00:00;2025.5835000000002;17.4;False;False;False;True;False;False;False;False;False;True;False;False
2025-09-19 10:00:00;586.9209999999998;18.5;False;False;False;True;False;False;False;False;False;True;False;False
2025-09-19 11:00:00;799.8725;19.2;False;False;False;True;False;False;False;False;False;True;False;False
2025-09-19 12:00:00;2021.3670000000002;19.9;False;False;False;True;False;False;False;False;False;True;False;False
2025-09-19 13:00:00;1071.7240000000002;20.2;False;False;False;True;False;False;False;False;False;True;False;False
2025-09-19 14:00:00;2564.59725;20.6;False;False;False;True;False;False;False;False;False;True;False;False
2025-09-19 15:00:00;3133.40625;20.6;False;False;False;True;False;False;False;False;False;True;False;False
2025-09-19 16:00:00;2164.7605;20.0;False;False;False;True;False;False;False;False;False;True;False;False
2025-09-19 17:00:00;2041.37025;18.7;False;False;False;True;False;False;False;False;False;True;False;False
2025-09-19 18:00:00;1214.1405;16.0;False;False;False;True;False;False;False;False;False;True;False;False
2025-09-19 19:00:00;1437.78925;15.2;False;False;False;True;False;False;False;False;False;True;False;False
2025-09-19 20:00:00;1209.58675;15.1;False;False;False;True;False;False;False;False;False;True;False;False
2025-09-19 21:00:00;806.02525;15.1;False;False;False;True;False;False;False;False;False;True;False;False
2025-09-19 22:00:00;880.5867499999999;15.1;False;False;False;True;False;False;False;False;False;True;False;False
2025-09-19 23:00:00;2184.29525;15.1;False;False;False;True;False;False;False;False;False;True;False;False
2025-09-20 00:00:00;3041.25975;14.8;False;False;False;False;True;False;False;False;False;False;True;False
2025-09-20 01:00:00;1259.50375;14.6;False;False;False;False;True;False;False;False;False;False;True;False
2025-09-20 02:00:00;345.2855;14.9;False;False;False;False;True;False;False;False;False;False;True;False
2025-09-20 03:00:00;354.1725;15.1;False;False;False;False;True;False;False;False;False;False;True;False
2025-09-20 04:00:00;350.8255;15.3;False;False;False;False;True;False;False;False;False;False;True;False
2025-09-20 05:00:00;322.25;15.6;False;False;False;False;True;False;False;False;False;False;True;False
2025-09-20 06:00:00;308.3255;15.7;False;False;False;False;True;False;False;False;False;False;True;False
2025-09-20 07:00:00;557.4504999999999;16.4;False;False;False;False;True;False;False;False;False;False;True;False
2025-09-20 08:00:00;730.67125;18.1;False;False;False;False;True;False;False;False;False;False;True;False
2025-09-20 09:00:00;2307.406;20.0;False;False;False;False;True;False;False;False;False;False;True;False
2025-09-20 10:00:00;1910.5415;21.4;False;False;False;False;True;False;False;False;False;False;True;False
2025-09-20 11:00:00;689.8177500000002;22.5;False;False;False;False;True;False;False;False;False;False;True;False
2025-09-20 12:00:00;860.65;22.9;False;False;False;False;True;False;False;False;False;False;True;False
2025-09-20 13:00:00;653.09825;23.2;False;False;False;False;True;False;False;False;False;False;True;False
2025-09-20 14:00:00;1718.83975;23.6;False;False;False;False;True;False;False;False;False;False;True;False
2025-09-20 15:00:00;1093.682;23.2;False;False;False;False;True;False;False;False;False;False;True;False
2025-09-20 16:00:00;3259.26675;22.5;False;False;False;False;True;False;False;False;False;False;True;False
2025-09-20 17:00:00;1642.783;21.4;False;False;False;False;True;False;False;False;False;False;True;False
2025-09-20 18:00:00;492.31674999999996;19.6;False;False;False;False;True;False;False;False;False;False;True;False
2025-09-20 19:00:00;1055.084;18.4;False;False;False;False;True;False;False;False;False;False;True;False
2025-09-20 20:00:00;1157.78125;17.5;False;False;False;False;True;False;False;False;False;False;True;False
2025-09-20 21:00:00;1094.034;16.8;False;False;False;False;True;False;False;False;False;False;True;False
2025-09-20 22:00:00;770.505;16.3;False;False;False;False;True;False;False;False;False;False;True;False
2025-09-20 23:00:00;752.1705;15.9;False;False;False;False;True;False;False;False;False;False;True;False
2025-09-21 00:00:00;2801.85075;15.5;False;False;False;False;False;True;False;False;False;False;False;True
2025-09-21 01:00:00;922.46425;15.2;False;False;False;False;False;True;False;False;False;False;False;True
2025-09-21 02:00:00;319.58725000000004;15.4;False;False;False;False;False;True;False;False;False;False;False;True
2025-09-21 03:00:00;209.0;15.1;False;False;False;False;False;True;False;False;False;False;False;True
2025-09-21 04:00:00;200.734;14.8;False;False;False;False;False;True;False;False;False;False;False;True
2025-09-21 05:00:00;228.9305;14.6;False;False;False;False;False;True;False;False;False;False;False;True
2025-09-21 06:00:00;224.715;14.4;False;False;False;False;False;True;False;False;False;False;False;True
2025-09-21 07:00:00;361.11699999999996;15.4;False;False;False;False;False;True;False;False;False;False;False;True
2025-09-21 08:00:00;299.69950000000006;16.9;False;False;False;False;False;True;False;False;False;False;False;True
2025-09-21 09:00:00;1554.94875;18.5;False;False;False;False;False;True;False;False;False;False;False;True
2025-09-21 10:00:00;1329.7312500000003;19.9;False;False;False;False;False;True;False;False;False;False;False;True
2025-09-21 11:00:00;888.6595;20.8;False;False;False;False;False;True;False;False;False;False;False;True
2025-09-21 12:00:00;1094.376;21.2;False;False;False;False;False;True;False;False;False;False;False;True
2025-09-21 13:00:00;482.799;21.5;False;False;False;False;False;True;False;False;False;False;False;True
2025-09-21 14:00:00;1077.35275;22.1;False;False;False;False;False;True;False;False;False;False;False;True
2025-09-21 15:00:00;584.25875;22.1;False;False;False;False;False;True;False;False;False;False;False;True
2025-09-21 16:00:00;458.39475;21.5;False;False;False;False;False;True;False;False;False;False;False;True
2025-09-21 17:00:00;3161.682;20.2;False;False;False;False;False;True;False;False;False;False;False;True
2025-09-21 18:00:00;1455.099;18.1;False;False;False;False;False;True;False;False;False;False;False;True
2025-09-21 19:00:00;1269.9685;17.4;False;False;False;False;False;True;False;False;False;False;False;True
2025-09-21 20:00:00;964.943;16.5;False;False;False;False;False;True;False;False;False;False;False;True
2025-09-21 21:00:00;1182.4355;15.8;False;False;False;False;False;True;False;False;False;False;False;True
2025-09-21 22:00:00;749.6545;15.4;False;False;False;False;False;True;False;False;False;False;False;True
2025-09-21 23:00:00;790.8855;14.6;False;False;False;False;False;True;False;False;False;False;False;True
2025-09-22 00:00:00;3567.53575;13.2;False;False;False;False;False;False;False;False;False;False;False;False
2025-09-22 01:00:00;612.74625;12.0;False;False;False;False;False;False;False;False;False;False;False;False
2025-09-22 02:00:00;1000.4605;10.9;False;False;False;False;False;False;False;False;False;False;False;False
2025-09-22 03:00:00;1099.9047500000001;10.3;False;False;False;False;False;False;False;False;False;False;False;False
2025-09-22 04:00:00;736.8355;9.9;False;False;False;False;False;False;False;False;False;False;False;False
2025-09-22 05:00:00;1384.5497500000001;10.0;False;False;False;False;False;False;False;False;False;False;False;False
2025-09-22 06:00:00;340.65075;10.1;False;False;False;False;False;False;False;False;False;False;False;False
2025-09-22 07:00:00;1118.40975;9.9;False;False;False;False;False;False;False;False;False;False;False;False
2025-09-22 08:00:00;850.91125;9.8;False;False;False;False;False;False;False;False;False;False;False;False
2025-09-22 09:00:00;519.9100000000001;9.3;False;False;False;False;False;False;False;False;False;False;False;False
2025-09-22 10:00:00;1164.9925;9.4;False;False;False;False;False;False;False;False;False;False;False;False
2025-09-22 11:00:00;3235.6585;9.4;False;False;False;False;False;False;False;False;False;False;False;False
2025-09-22 12:00:00;1218.15075;9.4;False;False;False;False;False;False;False;False;False;False;False;False
2025-09-22 13:00:00;788.0625;9.6;False;False;False;False;False;False;False;False;False;False;False;False
2025-09-22 14:00:00;1706.80375;8.8;False;False;False;False;False;False;False;False;False;False;False;False
2025-09-22 15:00:00;1146.6454999999999;8.8;False;False;False;False;False;False;False;False;False;False;False;False
2025-09-22 16:00:00;2104.3575;8.1;False;False;False;False;False;False;False;False;False;False;False;False
2025-09-22 17:00:00;2350.9297500000002;7.6;False;False;False;False;False;False;False;False;False;False;False;False
2025-09-22 18:00:00;1611.1825;7.2;False;False;False;False;False;False;False;False;False;False;False;False
2025-09-22 19:00:00;2146.7577499999998;7.2;False;False;False;False;False;False;False;False;False;False;False;False
2025-09-22 20:00:00;907.3789999999999;7.1;False;False;False;False;False;False;False;False;False;False;False;False
2025-09-22 21:00:00;1366.97625;7.0;False;False;False;False;False;False;False;False;False;False;False;False
2025-09-22 22:00:00;1443.16275;7.0;False;False;False;False;False;False;False;False;False;False;False;False
2025-09-22 23:00:00;1757.99025;7.2;False;False;False;False;False;False;False;False;False;False;False;False
2025-09-23 00:00:00;1142.373;7.4;True;False;False;False;False;False;True;False;False;False;False;False
2025-09-23 01:00:00;444.88675;7.3;True;False;False;False;False;False;True;False;False;False;False;False
2025-09-23 02:00:00;1210.518;6.4;True;False;False;False;False;False;True;False;False;False;False;False
2025-09-23 03:00:00;1071.7975000000001;6.2;True;False;False;False;False;False;True;False;False;False;False;False
2025-09-23 04:00:00;961.91875;6.3;True;False;False;False;False;False;True;False;False;False;False;False
2025-09-23 05:00:00;450.44275;6.3;True;False;False;False;False;False;True;False;False;False;False;False
2025-09-23 06:00:00;1614.2975;6.2;True;False;False;False;False;False;True;False;False;False;False;False
2025-09-23 07:00:00;1105.80025;6.8;True;False;False;False;False;False;True;False;False;False;False;False
2025-09-23 08:00:00;1688.17;7.8;True;False;False;False;False;False;True;False;False;False;False;False
2025-09-23 09:00:00;777.39;8.8;True;False;False;False;False;False;True;False;False;False;False;False
2025-09-23 10:00:00;1560.48425;9.7;True;False;False;False;False;False;True;False;False;False;False;False
2025-09-23 11:00:00;1832.39175;10.1;True;False;False;False;False;False;True;False;False;False;False;False
2025-09-23 12:00:00;957.6297500000001;10.3;True;False;False;False;False;False;True;False;False;False;False;False
2025-09-23 13:00:00;2646.059;10.9;True;False;False;False;False;False;True;False;False;False;False;False
2025-09-23 14:00:00;2499.6475;10.8;True;False;False;False;False;False;True;False;False;False;False;False
2025-09-23 15:00:00;1176.5815;10.2;True;False;False;False;False;False;True;False;False;False;False;False
2025-09-23 16:00:00;1058.9072500000002;9.7;True;False;False;False;False;False;True;False;False;False;False;False
2025-09-23 17:00:00;2016.2945;9.2;True;False;False;False;False;False;True;False;False;False;False;False
2025-09-23 18:00:00;1315.76425;8.1;True;False;False;False;False;False;True;False;False;False;False;False
2025-09-23 19:00:00;2620.1615;7.8;True;False;False;False;False;False;True;False;False;False;False;False
2025-09-23 20:00:00;1821.376;8.0;True;False;False;False;False;False;True;False;False;False;False;False
2025-09-23 21:00:00;2028.474;7.9;True;False;False;False;False;False;True;False;False;False;False;False
2025-09-23 22:00:00;1605.17675;7.8;True;False;False;False;False;False;True;False;False;False;False;False
2025-09-23 23:00:00;1003.5735;7.4;True;False;False;False;False;False;True;False;False;False;False;False
2025-09-24 00:00:00;991.0615;7.2;False;True;False;False;False;False;False;True;False;False;False;False
2025-09-24 01:00:00;1303.25175;7.0;False;True;False;False;False;False;False;True;False;False;False;False
2025-09-24 02:00:00;1465.35525;7.1;False;True;False;False;False;False;False;True;False;False;False;False
2025-09-24 03:00:00;1117.8890000000001;7.2;False;True;False;False;False;False;False;True;False;False;False;False
2025-09-24 04:00:00;1755.77575;7.0;False;True;False;False;False;False;False;True;False;False;False;False
2025-09-24 05:00:00;868.2302500000001;6.6;False;True;False;False;False;False;False;True;False;False;False;False
2025-09-24 06:00:00;890.71225;6.0;False;True;False;False;False;False;False;True;False;False;False;False
2025-09-24 07:00:00;1256.6937500000001;6.3;False;True;False;False;False;False;False;True;False;False;False;False
2025-09-24 08:00:00;837.3895;7.2;False;True;False;False;False;False;False;True;False;False;False;False
2025-09-24 09:00:00;896.8485;8.4;False;True;False;False;False;False;False;True;False;False;False;False
2025-09-24 10:00:00;1040.862;9.3;False;True;False;False;False;False;False;True;False;False;False;False
2025-09-24 11:00:00;632.1657499999999;10.6;False;True;False;False;False;False;False;True;False;False;False;False
2025-09-24 12:00:00;2833.62875;11.1;False;True;False;False;False;False;False;True;False;False;False;False
2025-09-24 13:00:00;1295.067;11.6;False;True;False;False;False;False;False;True;False;False;False;False
2025-09-24 14:00:00;1045.72175;11.4;False;True;False;False;False;False;False;True;False;False;False;False
2025-09-24 15:00:00;1009.0160000000002;11.1;False;True;False;False;False;False;False;True;False;False;False;False
2025-09-24 16:00:00;2264.84;10.4;False;True;False;False;False;False;False;True;False;False;False;False
2025-09-24 17:00:00;1350.92375;9.6;False;True;False;False;False;False;False;True;False;False;False;False
2025-09-24 18:00:00;3575.3152499999997;8.9;False;True;False;False;False;False;False;True;False;False;False;False
2025-09-24 19:00:00;5055.111;8.2;False;True;False;False;False;False;False;True;False;False;False;False
2025-09-24 20:00:00;2226.29375;7.7;False;True;False;False;False;False;False;True;False;False;False;False
2025-09-24 21:00:00;2644.514;7.2;False;True;False;False;False;False;False;True;False;False;False;False
2025-09-24 22:00:00;1862.8867500000001;7.2;False;True;False;False;False;False;False;True;False;False;False;False
2025-09-24 23:00:00;1720.96225;7.1;False;True;False;False;False;False;False;True;False;False;False;False
2025-09-25 00:00:00;1184.615;6.8;False;False;True;False;False;False;False;False;True;False;False;False
2025-09-25 01:00:00;1711.6805;6.6;False;False;True;False;False;False;False;False;True;False;False;False
2025-09-25 02:00:00;2876.52775;5.8;False;False;True;False;False;False;False;False;True;False;False;False
2025-09-25 03:00:00;3098.726;5.2;False;False;True;False;False;False;False;False;True;False;False;False
2025-09-25 04:00:00;1392.998;5.1;False;False;True;False;False;False;False;False;True;False;False;False
2025-09-25 05:00:00;926.732;5.3;False;False;True;False;False;False;False;False;True;False;False;False
2025-09-25 06:00:00;1197.8609999999999;5.4;False;False;True;False;False;False;False;False;True;False;False;False
2025-09-25 07:00:00;1146.06025;4.9;False;False;True;False;False;False;False;False;True;False;False;False
2025-09-25 08:00:00;1251.599;4.5;False;False;True;False;False;False;False;False;True;False;False;False
2025-09-25 09:00:00;1126.4492500000001;5.1;False;False;True;False;False;False;False;False;True;False;False;False
2025-09-25 10:00:00;1574.55825;6.1;False;False;True;False;False;False;False;False;True;False;False;False
2025-09-25 11:00:00;2043.6167500000001;6.6;False;False;True;False;False;False;False;False;True;False;False;False
2025-09-25 12:00:00;1266.00725;7.3;False;False;True;False;False;False;False;False;True;False;False;False
2025-09-25 13:00:00;1251.71675;7.2;False;False;True;False;False;False;False;False;True;False;False;False
2025-09-25 14:00:00;1033.1970000000001;6.7;False;False;True;False;False;False;False;False;True;False;False;False
2025-09-25 15:00:00;1542.51775;6.3;False;False;True;False;False;False;False;False;True;False;False;False
2025-09-25 16:00:00;1394.5192499999998;6.8;False;False;True;False;False;False;False;False;True;False;False;False
2025-09-25 17:00:00;1215.91075;6.8;False;False;True;False;False;False;False;False;True;False;False;False
2025-09-25 18:00:00;1643.6785;6.7;False;False;True;False;False;False;False;False;True;False;False;False
2025-09-25 19:00:00;1310.46425;6.8;False;False;True;False;False;False;False;False;True;False;False;False
2025-09-25 20:00:00;2212.2422500000002;6.9;False;False;True;False;False;False;False;False;True;False;False;False
2025-09-25 21:00:00;1376.135;6.9;False;False;True;False;False;False;False;False;True;False;False;False
2025-09-25 22:00:00;1333.0774999999999;7.1;False;False;True;False;False;False;False;False;True;False;False;False
2025-09-25 23:00:00;1382.3215;7.2;False;False;True;False;False;False;False;False;True;False;False;False
2025-09-26 00:00:00;1135.1825;7.4;False;False;False;True;False;False;False;False;False;True;False;False
2025-09-26 01:00:00;1946.2997500000001;7.2;False;False;False;True;False;False;False;False;False;True;False;False
2025-09-26 02:00:00;1422.607;6.8;False;False;False;True;False;False;False;False;False;True;False;False
2025-09-26 03:00:00;1514.123;6.3;False;False;False;True;False;False;False;False;False;True;False;False
2025-09-26 04:00:00;1037.018;6.4;False;False;False;True;False;False;False;False;False;True;False;False
2025-09-26 05:00:00;423.80150000000003;6.2;False;False;False;True;False;False;False;False;False;True;False;False
2025-09-26 06:00:00;1298.34525;6.4;False;False;False;True;False;False;False;False;False;True;False;False
2025-09-26 07:00:00;1040.2659999999998;7.3;False;False;False;True;False;False;False;False;False;True;False;False
2025-09-26 08:00:00;1374.339;8.7;False;False;False;True;False;False;False;False;False;True;False;False
2025-09-26 09:00:00;430.02925;10.1;False;False;False;True;False;False;False;False;False;True;False;False
2025-09-26 10:00:00;2572.42425;10.6;False;False;False;True;False;False;False;False;False;True;False;False
2025-09-26 11:00:00;814.99825;13.1;False;False;False;True;False;False;False;False;False;True;False;False
2025-09-26 12:00:00;1679.175;14.0;False;False;False;True;False;False;False;False;False;True;False;False
2025-09-26 13:00:00;3451.87625;14.9;False;False;False;True;False;False;False;False;False;True;False;False
2025-09-26 14:00:00;2277.936;13.9;False;False;False;True;False;False;False;False;False;True;False;False
2025-09-26 15:00:00;871.36325;14.4;False;False;False;True;False;False;False;False;False;True;False;False
2025-09-26 16:00:00;1104.3675;13.5;False;False;False;True;False;False;False;False;False;True;False;False
2025-09-26 17:00:00;1683.8987499999998;12.2;False;False;False;True;False;False;False;False;False;True;False;False
2025-09-26 18:00:00;3685.942;10.7;False;False;False;True;False;False;False;False;False;True;False;False
2025-09-26 19:00:00;3601.988;10.4;False;False;False;True;False;False;False;False;False;True;False;False
2025-09-26 20:00:00;5450.5517500000005;10.1;False;False;False;True;False;False;False;False;False;True;False;False
2025-09-26 21:00:00;1075.6132499999999;10.6;False;False;False;True;False;False;False;False;False;True;False;False
2025-09-26 22:00:00;2464.4625;10.6;False;False;False;True;False;False;False;False;False;True;False;False
2025-09-26 23:00:00;751.99825;10.6;False;False;False;True;False;False;False;False;False;True;False;False
2025-09-27 00:00:00;1776.8195;10.1;False;False;False;False;True;False;False;False;False;False;True;False
2025-09-27 01:00:00;866.78575;10.4;False;False;False;False;True;False;False;False;False;False;True;False
2025-09-27 02:00:00;1948.53575;10.6;False;False;False;False;True;False;False;False;False;False;True;False
2025-09-27 03:00:00;392.5595;10.2;False;False;False;False;True;False;False;False;False;False;True;False
2025-09-27 04:00:00;1075.0297500000001;9.6;False;False;False;False;True;False;False;False;False;False;True;False
2025-09-27 05:00:00;404.14475;9.4;False;False;False;False;True;False;False;False;False;False;True;False
2025-09-27 06:00:00;1076.02975;9.1;False;False;False;False;True;False;False;False;False;False;True;False
2025-09-27 07:00:00;1331.05775;9.9;False;False;False;False;True;False;False;False;False;False;True;False
2025-09-27 08:00:00;632.52325;11.1;False;False;False;False;True;False;False;False;False;False;True;False
2025-09-27 09:00:00;940.375;11.8;False;False;False;False;True;False;False;False;False;False;True;False
2025-09-27 10:00:00;2094.808;12.6;False;False;False;False;True;False;False;False;False;False;True;False
2025-09-27 11:00:00;636.20175;13.9;False;False;False;False;True;False;False;False;False;False;True;False
2025-09-27 12:00:00;538.5957500000001;13.9;False;False;False;False;True;False;False;False;False;False;True;False
2025-09-27 13:00:00;2619.6515;14.2;False;False;False;False;True;False;False;False;False;False;True;False
2025-09-27 14:00:00;1007.3825000000002;14.4;False;False;False;False;True;False;False;False;False;False;True;False
2025-09-27 15:00:00;526.23125;14.4;False;False;False;False;True;False;False;False;False;False;True;False
2025-09-27 16:00:00;479.62525000000005;14.1;False;False;False;False;True;False;False;False;False;False;True;False
2025-09-27 17:00:00;554.6875;13.1;False;False;False;False;True;False;False;False;False;False;True;False
2025-09-27 18:00:00;1295.393;11.4;False;False;False;False;True;False;False;False;False;False;True;False
2025-09-27 19:00:00;2744.8995;10.6;False;False;False;False;True;False;False;False;False;False;True;False
2025-09-27 20:00:00;2539.95725;10.8;False;False;False;False;True;False;False;False;False;False;True;False
2025-09-27 21:00:00;1291.1805;10.4;False;False;False;False;True;False;False;False;False;False;True;False
2025-09-27 22:00:00;2154.889;9.7;False;False;False;False;True;False;False;False;False;False;True;False
2025-09-27 23:00:00;2647.12125;9.1;False;False;False;False;True;False;False;False;False;False;True;False
2025-09-28 00:00:00;2907.131;9.1;False;False;False;False;False;True;False;False;False;False;False;True
2025-09-28 01:00:00;1478.9485;9.1;False;False;False;False;False;True;False;False;False;False;False;True
2025-09-28 02:00:00;1053.99225;8.9;False;False;False;False;False;True;False;False;False;False;False;True
2025-09-28 03:00:00;1310.2875000000001;8.2;False;False;False;False;False;True;False;False;False;False;False;True
2025-09-28 04:00:00;1377.3809999999999;7.7;False;False;False;False;False;True;False;False;False;False;False;True
2025-09-28 05:00:00;1327.77575;7.7;False;False;False;False;False;True;False;False;False;False;False;True
2025-09-28 06:00:00;1268.65075;8.6;False;False;False;False;False;True;False;False;False;False;False;True
2025-09-28 07:00:00;1272.2662500000001;10.7;False;False;False;False;False;True;False;False;False;False;False;True
2025-09-28 08:00:00;1147.0005;12.9;False;False;False;False;False;True;False;False;False;False;False;True
2025-09-28 09:00:00;1877.7555;13.8;False;False;False;False;False;True;False;False;False;False;False;True
2025-09-28 10:00:00;2059.2775;14.6;False;False;False;False;False;True;False;False;False;False;False;True
2025-09-28 11:00:00;4201.86375;15.1;False;False;False;False;False;True;False;False;False;False;False;True
2025-09-28 12:00:00;1089.82;15.4;False;False;False;False;False;True;False;False;False;False;False;True
2025-09-28 13:00:00;1111.8705;15.4;False;False;False;False;False;True;False;False;False;False;False;True
2025-09-28 14:00:00;2422.7825000000003;15.5;False;False;False;False;False;True;False;False;False;False;False;True
2025-09-28 15:00:00;2151.39875;14.4;False;False;False;False;False;True;False;False;False;False;False;True
2025-09-28 16:00:00;2668.1385;12.8;False;False;False;False;False;True;False;False;False;False;False;True
2025-09-28 17:00:00;1303.1075;10.8;False;False;False;False;False;True;False;False;False;False;False;True
2025-09-28 18:00:00;744.4795;8.6;False;False;False;False;False;True;False;False;False;False;False;True
2025-09-28 19:00:00;773.0335;8.2;False;False;False;False;False;True;False;False;False;False;False;True
2025-09-28 20:00:00;1038.717;7.8;False;False;False;False;False;True;False;False;False;False;False;True
2025-09-28 21:00:00;1531.3184999999999;6.8;False;False;False;False;False;True;False;False;False;False;False;True
2025-09-28 22:00:00;981.79475;5.7;False;False;False;False;False;True;False;False;False;False;False;True
2025-09-28 23:00:00;668.841;4.6;False;False;False;False;False;True;False;False;False;False;False;True
2025-09-29 00:00:00;557.11875;4.0;False;False;False;False;False;False;False;False;False;False;False;False
2025-09-29 01:00:00;1023.92325;3.8;False;False;False;False;False;False;False;False;False;False;False;False
2025-09-29 02:00:00;620.64175;3.6;False;False;False;False;False;False;False;False;False;False;False;False
2025-09-29 03:00:00;833.3992499999999;3.7;False;False;False;False;False;False;False;False;False;False;False;False
2025-09-29 04:00:00;465.2795;4.1;False;False;False;False;False;False;False;False;False;False;False;False
2025-09-29 05:00:00;375.091;4.1;False;False;False;False;False;False;False;False;False;False;False;False
2025-09-29 06:00:00;313.37125;4.1;False;False;False;False;False;False;False;False;False;False;False;False
2025-09-29 07:00:00;540.8620000000001;5.4;False;False;False;False;False;False;False;False;False;False;False;False
2025-09-29 08:00:00;530.36825;8.3;False;False;False;False;False;False;False;False;False;False;False;False
2025-09-29 09:00:00;770.2685;9.4;False;False;False;False;False;False;False;False;False;False;False;False
2025-09-29 10:00:00;637.267;10.2;False;False;False;False;False;False;False;False;False;False;False;False
2025-09-29 11:00:00;3123.0747499999998;10.4;False;False;False;False;False;False;False;False;False;False;False;False
2025-09-29 12:00:00;3366.01575;10.4;False;False;False;False;False;False;False;False;False;False;False;False
2025-09-29 13:00:00;3664.32125;10.6;False;False;False;False;False;False;False;False;False;False;False;False
2025-09-29 14:00:00;1720.7155;10.9;False;False;False;False;False;False;False;False;False;False;False;False
2025-09-29 15:00:00;1823.4679999999998;10.5;False;False;False;False;False;False;False;False;False;False;False;False
2025-09-29 16:00:00;2125.07975;9.4;False;False;False;False;False;False;False;False;False;False;False;False
2025-09-29 17:00:00;1527.29525;8.1;False;False;False;False;False;False;False;False;False;False;False;False
2025-09-29 18:00:00;1953.91175;6.2;False;False;False;False;False;False;False;False;False;False;False;False
2025-09-29 19:00:00;3890.018;5.4;False;False;False;False;False;False;False;False;False;False;False;False
2025-09-29 20:00:00;2338.6945;5.1;False;False;False;False;False;False;False;False;False;False;False;False
2025-09-29 21:00:00;2990.0475;4.8;False;False;False;False;False;False;False;False;False;False;False;False
2025-09-29 22:00:00;3549.15875;4.0;False;False;False;False;False;False;False;False;False;False;False;False
2025-09-29 23:00:00;4004.9705000000004;3.2;False;False;False;False;False;False;False;False;False;False;False;False
2025-09-30 00:00:00;1481.6190000000001;2.8;True;False;False;False;False;False;True;False;False;False;False;False
2025-09-30 01:00:00;1660.998;1.7;True;False;False;False;False;False;True;False;False;False;False;False
2025-09-30 02:00:00;1111.867;1.6;True;False;False;False;False;False;True;False;False;False;False;False
2025-09-30 03:00:00;1537.91475;1.7;True;False;False;False;False;False;True;False;False;False;False;False
2025-09-30 04:00:00;1253.1785;1.7;True;False;False;False;False;False;True;False;False;False;False;False
2025-09-30 05:00:00;2859.86525;1.5;True;False;False;False;False;False;True;False;False;False;False;False
2025-09-30 06:00:00;1695.375;1.3;True;False;False;False;False;False;True;False;False;False;False;False
2025-09-30 07:00:00;1626.39425;3.2;True;False;False;False;False;False;True;False;False;False;False;False
2025-09-30 08:00:00;1255.583;6.5;True;False;False;False;False;False;True;False;False;False;False;False
2025-09-30 09:00:00;1609.2372500000001;7.7;True;False;False;False;False;False;True;False;False;False;False;False
2025-09-30 10:00:00;1113.35575;8.9;True;False;False;False;False;False;True;False;False;False;False;False
2025-09-30 11:00:00;2905.0525;9.4;True;False;False;False;False;False;True;False;False;False;False;False
2025-09-30 12:00:00;710.995;9.2;True;False;False;False;False;False;True;False;False;False;False;False
2025-09-30 13:00:00;2487.5445;9.2;True;False;False;False;False;False;True;False;False;False;False;False
2025-09-30 14:00:00;2697.8125;9.1;True;False;False;False;False;False;True;False;False;False;False;False
2025-09-30 15:00:00;2243.67425;8.4;True;False;False;False;False;False;True;False;False;False;False;False
2025-09-30 16:00:00;1854.597;7.2;True;False;False;False;False;False;True;False;False;False;False;False
2025-09-30 17:00:00;1854.25125;6.2;True;False;False;False;False;False;True;False;False;False;False;False
2025-09-30 18:00:00;3553.978;5.2;True;False;False;False;False;False;True;False;False;False;False;False
2025-09-30 19:00:00;3310.54475;4.2;True;False;False;False;False;False;True;False;False;False;False;False
2025-09-30 20:00:00;2710.60725;3.5;True;False;False;False;False;False;True;False;False;False;False;False
2025-09-30 21:00:00;2462.33925;3.5;True;False;False;False;False;False;True;False;False;False;False;False
2025-09-30 22:00:00;1776.16075;3.7;True;False;False;False;False;False;True;False;False;False;False;False
2025-09-30 23:00:00;1318.03575;3.5;True;False;False;False;False;False;True;False;False;False;False;False
2025-10-01 00:00:00;1599.4286666666667;3.3;False;True;False;False;False;False;False;True;False;False;False;False
2025-10-01 01:00:00;1735.2072333333333;4.1;False;True;False;False;False;False;False;True;False;False;False;False
2025-10-01 02:00:00;1870.9858;4.2;False;True;False;False;False;False;False;True;False;False;False;False
2025-10-01 03:00:00;2006.7643666666668;3.8;False;True;False;False;False;False;False;True;False;False;False;False
2025-10-01 04:00:00;2142.542933333333;4.2;False;True;False;False;False;False;False;True;False;False;False;False
2025-10-01 05:00:00;2278.3215;4.4;False;True;False;False;False;False;False;True;False;False;False;False
2025-10-01 06:00:00;2414.100066666667;4.5;False;True;False;False;False;False;False;True;False;False;False;False
2025-10-01 07:00:00;2549.8786333333337;4.8;False;True;False;False;False;False;False;True;False;False;False;False
2025-10-01 08:00:00;2685.6572;5.3;False;True;False;False;False;False;False;True;False;False;False;False
2025-10-01 09:00:00;2821.4357666666665;5.8;False;True;False;False;False;False;False;True;False;False;False;False
2025-10-01 10:00:00;2957.2143333333333;6.9;False;True;False;False;False;False;False;True;False;False;False;False
2025-10-01 11:00:00;3092.9929;7.7;False;True;False;False;False;False;False;True;False;False;False;False
2025-10-01 12:00:00;3228.771466666667;7.7;False;True;False;False;False;False;False;True;False;False;False;False
2025-10-01 13:00:00;3364.5500333333334;6.4;False;True;False;False;False;False;False;True;False;False;False;False
2025-10-01 14:00:00;3500.3286000000003;7.2;False;True;False;False;False;False;False;True;False;False;False;False
2025-10-01 15:00:00;3636.1071666666667;7.3;False;True;False;False;False;False;False;True;False;False;False;False
2025-10-01 16:00:00;3771.8857333333335;7.0;False;True;False;False;False;False;False;True;False;False;False;False
2025-10-01 17:00:00;3907.6643000000004;5.9;False;True;False;False;False;False;False;True;False;False;False;False
2025-10-01 18:00:00;4043.4428666666668;4.3;False;True;False;False;False;False;False;True;False;False;False;False
2025-10-01 19:00:00;4179.221433333334;4.4;False;True;False;False;False;False;False;True;False;False;False;False
2025-10-01 20:00:00;4315.0;4.4;False;True;False;False;False;False;False;True;False;False;False;False
2025-10-01 21:00:00;1527.4762500000002;4.2;False;True;False;False;False;False;False;True;False;False;False;False
2025-10-01 22:00:00;2355.1965;4.3;False;True;False;False;False;False;False;True;False;False;False;False
2025-10-01 23:00:00;2142.4465;4.3;False;True;False;False;False;False;False;True;False;False;False;False
2025-10-02 00:00:00;1287.982;4.3;False;False;True;False;False;False;False;False;True;False;False;False
2025-10-02 01:00:00;1235.9285;4.2;False;False;True;False;False;False;False;False;True;False;False;False
2025-10-02 02:00:00;1212.46425;4.2;False;False;True;False;False;False;False;False;True;False;False;False
2025-10-02 03:00:00;1628.73225;3.7;False;False;True;False;False;False;False;False;True;False;False;False
2025-10-02 04:00:00;1467.8035;3.5;False;False;True;False;False;False;False;False;True;False;False;False
2025-10-02 05:00:00;1179.16075;3.7;False;False;True;False;False;False;False;False;True;False;False;False
2025-10-02 06:00:00;1007.46425;3.7;False;False;True;False;False;False;False;False;True;False;False;False
2025-10-02 07:00:00;1664.51375;4.6;False;False;True;False;False;False;False;False;True;False;False;False
2025-10-02 08:00:00;1718.9465;5.3;False;False;True;False;False;False;False;False;True;False;False;False
2025-10-02 09:00:00;2344.35075;6.1;False;False;True;False;False;False;False;False;True;False;False;False
2025-10-02 10:00:00;1637.836;6.4;False;False;True;False;False;False;False;False;True;False;False;False
2025-10-02 11:00:00;3674.26175;7.2;False;False;True;False;False;False;False;False;True;False;False;False
2025-10-02 12:00:00;1797.0592500000002;7.7;False;False;True;False;False;False;False;False;True;False;False;False
2025-10-02 13:00:00;879.10275;7.3;False;False;True;False;False;False;False;False;True;False;False;False
2025-10-02 14:00:00;1505.058;7.2;False;False;True;False;False;False;False;False;True;False;False;False
2025-10-02 15:00:00;1827.8595;7.0;False;False;True;False;False;False;False;False;True;False;False;False
2025-10-02 16:00:00;2824.1475;6.6;False;False;True;False;False;False;False;False;True;False;False;False
2025-10-02 17:00:00;2427.431666666667;5.6;False;False;True;False;False;False;False;False;True;False;False;False
2025-10-02 18:00:00;2030.7158333333332;3.8;False;False;True;False;False;False;False;False;True;False;False;False
2025-10-02 19:00:00;1634.0;3.0;False;False;True;False;False;False;False;False;True;False;False;False
2025-10-02 20:00:00;1864.6;3.3;False;False;True;False;False;False;False;False;True;False;False;False
2025-10-02 21:00:00;1329.1335;3.5;False;False;True;False;False;False;False;False;True;False;False;False
2025-10-02 22:00:00;793.667;3.3;False;False;True;False;False;False;False;False;True;False;False;False
2025-10-02 23:00:00;1629.0664444444444;2.9;False;False;True;False;False;False;False;False;True;False;False;False
2025-10-03 00:00:00;2464.465888888889;2.8;False;False;False;True;False;False;False;False;False;True;False;False
2025-10-03 01:00:00;3299.865333333333;2.2;False;False;False;True;False;False;False;False;False;True;False;False
2025-10-03 02:00:00;1434.998;1.7;False;False;False;True;False;False;False;False;False;True;False;False
2025-10-03 03:00:00;1292.48225;1.7;False;False;False;True;False;False;False;False;False;True;False;False
2025-10-03 04:00:00;1454.6548333333333;1.5;False;False;False;True;False;False;False;False;False;True;False;False
2025-10-03 05:00:00;1616.8274166666667;1.3;False;False;False;True;False;False;False;False;False;True;False;False
2025-10-03 06:00:00;1779.0;1.1;False;False;False;True;False;False;False;False;False;True;False;False
2025-10-03 07:00:00;1984.5610000000001;3.6;False;False;False;True;False;False;False;False;False;True;False;False
2025-10-03 08:00:00;1488.55375;5.8;False;False;False;True;False;False;False;False;False;True;False;False
2025-10-03 09:00:00;1119.68275;7.2;False;False;False;True;False;False;False;False;False;True;False;False
2025-10-03 10:00:00;604.50425;8.2;False;False;False;True;False;False;False;False;False;True;False;False
2025-10-03 11:00:00;2121.10525;8.6;False;False;False;True;False;False;False;False;False;True;False;False
2025-10-03 12:00:00;2122.0;9.1;False;False;False;True;False;False;False;False;False;True;False;False
2025-10-03 13:00:00;974.857;9.1;False;False;False;True;False;False;False;False;False;True;False;False
2025-10-03 14:00:00;2253.75975;9.4;False;False;False;True;False;False;False;False;False;True;False;False
2025-10-03 15:00:00;1612.77675;9.2;False;False;False;True;False;False;False;False;False;True;False;False
2025-10-03 16:00:00;2304.096;8.6;False;False;False;True;False;False;False;False;False;True;False;False
2025-10-03 17:00:00;2229.2455;6.7;False;False;False;True;False;False;False;False;False;True;False;False
2025-10-03 18:00:00;2844.38325;4.2;False;False;False;True;False;False;False;False;False;True;False;False
2025-10-03 19:00:00;2195.52675;3.7;False;False;False;True;False;False;False;False;False;True;False;False
2025-10-03 20:00:00;2095.5455;3.0;False;False;False;True;False;False;False;False;False;True;False;False
2025-10-03 21:00:00;1875.4285;2.8;False;False;False;True;False;False;False;False;False;True;False;False
2025-10-03 22:00:00;1795.7;2.9;False;False;False;True;False;False;False;False;False;True;False;False
2025-10-03 23:00:00;1635.2975000000001;2.2;False;False;False;True;False;False;False;False;False;True;False;False
2025-10-04 00:00:00;1295.42075;1.9;False;False;False;False;True;False;False;False;False;False;True;False
2025-10-04 01:00:00;3333.70825;1.7;False;False;False;False;True;False;False;False;False;False;True;False
2025-10-04 02:00:00;1838.8395;1.7;False;False;False;False;True;False;False;False;False;False;True;False
2025-10-04 03:00:00;1774.4046666666666;1.5;False;False;False;False;True;False;False;False;False;False;True;False
2025-10-04 04:00:00;1560.1576249999998;1.4;False;False;False;False;True;False;False;False;False;False;True;False
2025-10-04 05:00:00;1345.9105833333333;1.3;False;False;False;False;True;False;False;False;False;False;True;False
2025-10-04 06:00:00;1131.6635416666668;1.2;False;False;False;False;True;False;False;False;False;False;True;False
2025-10-04 07:00:00;917.4165;1.6;False;False;False;False;True;False;False;False;False;False;True;False
2025-10-04 08:00:00;1608.0149999999999;3.2;False;False;False;False;True;False;False;False;False;False;True;False
2025-10-04 09:00:00;2187.8155;4.9;False;False;False;False;True;False;False;False;False;False;True;False
2025-10-04 10:00:00;1970.865;5.7;False;False;False;False;True;False;False;False;False;False;True;False
2025-10-04 11:00:00;1420.353;5.8;False;False;False;False;True;False;False;False;False;False;True;False
2025-10-04 12:00:00;2143.1065;6.2;False;False;False;False;True;False;False;False;False;False;True;False
2025-10-04 13:00:00;4397.808;5.1;False;False;False;False;True;False;False;False;False;False;True;False
2025-10-04 14:00:00;2555.7045;5.1;False;False;False;False;True;False;False;False;False;False;True;False
2025-10-04 15:00:00;2437.366;7.0;False;False;False;False;True;False;False;False;False;False;True;False
2025-10-04 16:00:00;1970.375;6.3;False;False;False;False;True;False;False;False;False;False;True;False
2025-10-04 17:00:00;2497.3827499999998;6.3;False;False;False;False;True;False;False;False;False;False;True;False
2025-10-04 18:00:00;2663.357;6.1;False;False;False;False;True;False;False;False;False;False;True;False
2025-10-04 19:00:00;1794.5895;6.2;False;False;False;False;True;False;False;False;False;False;True;False
2025-10-04 20:00:00;1611.58925;6.3;False;False;False;False;True;False;False;False;False;False;True;False
2025-10-04 21:00:00;4917.619;6.8;False;False;False;False;True;False;False;False;False;False;True;False
2025-10-04 22:00:00;2990.4425;6.6;False;False;False;False;True;False;False;False;False;False;True;False
2025-10-04 23:00:00;3565.286;5.9;False;False;False;False;True;False;False;False;False;False;True;False
2025-10-05 00:00:00;3400.9923333333336;5.3;False;False;False;False;False;True;False;False;False;False;False;True
2025-10-05 01:00:00;3236.6986666666667;4.7;False;False;False;False;False;True;False;False;False;False;False;True
2025-10-05 02:00:00;3072.405;3.7;False;False;False;False;False;True;False;False;False;False;False;True
2025-10-05 03:00:00;2908.1113333333333;3.5;False;False;False;False;False;True;False;False;False;False;False;True
2025-10-05 04:00:00;2743.817666666667;3.7;False;False;False;False;False;True;False;False;False;False;False;True
2025-10-05 05:00:00;2579.5240000000003;3.0;False;False;False;False;False;True;False;False;False;False;False;True
2025-10-05 06:00:00;2415.2303333333334;3.3;False;False;False;False;False;True;False;False;False;False;False;True
2025-10-05 07:00:00;2250.9366666666665;3.8;False;False;False;False;False;True;False;False;False;False;False;True
2025-10-05 08:00:00;2086.643;4.7;False;False;False;False;False;True;False;False;False;False;False;True
2025-10-05 09:00:00;1922.3493333333333;5.4;False;False;False;False;False;True;False;False;False;False;False;True
2025-10-05 10:00:00;1758.0556666666666;6.8;False;False;False;False;False;True;False;False;False;False;False;True
2025-10-05 11:00:00;1593.7620000000002;7.9;False;False;False;False;False;True;False;False;False;False;False;True
2025-10-05 12:00:00;1429.4683333333332;8.9;False;False;False;False;False;True;False;False;False;False;False;True
2025-10-05 13:00:00;1265.1746666666668;5.3;False;False;False;False;False;True;False;False;False;False;False;True
2025-10-05 14:00:00;1100.8809999999999;7.2;False;False;False;False;False;True;False;False;False;False;False;True
2025-10-05 15:00:00;936.5873333333334;7.2;False;False;False;False;False;True;False;False;False;False;False;True
2025-10-05 16:00:00;772.2936666666669;7.7;False;False;False;False;False;True;False;False;False;False;False;True
2025-10-05 17:00:00;608.0;6.2;False;False;False;False;False;True;False;False;False;False;False;True
2025-10-05 18:00:00;1505.3215;5.3;False;False;False;False;False;True;False;False;False;False;False;True
2025-10-05 19:00:00;2821.8055;5.2;False;False;False;False;False;True;False;False;False;False;False;True
2025-10-05 20:00:00;2630.0535;4.8;False;False;False;False;False;True;False;False;False;False;False;True
2025-10-05 21:00:00;2205.52375;4.7;False;False;False;False;False;True;False;False;False;False;False;True
2025-10-05 22:00:00;1513.10725;4.6;False;False;False;False;False;True;False;False;False;False;False;True
2025-10-05 23:00:00;2503.53775;4.8;False;False;False;False;False;True;False;False;False;False;False;True
2025-10-06 00:00:00;1021.62125;4.6;False;False;False;False;False;False;False;False;False;False;False;False
2025-10-06 01:00:00;1087.92275;5.1;False;False;False;False;False;False;False;False;False;False;False;False
2025-10-06 02:00:00;1082.82925;5.3;False;False;False;False;False;False;False;False;False;False;False;False
2025-10-06 03:00:00;901.64475;5.3;False;False;False;False;False;False;False;False;False;False;False;False
2025-10-06 04:00:00;834.5895;5.4;False;False;False;False;False;False;False;False;False;False;False;False
2025-10-06 05:00:00;864.5455;5.4;False;False;False;False;False;False;False;False;False;False;False;False
2025-10-06 06:00:00;1953.65275;5.4;False;False;False;False;False;False;False;False;False;False;False;False
2025-10-06 07:00:00;1486.88675;5.7;False;False;False;False;False;False;False;False;False;False;False;False
2025-10-06 08:00:00;1545.5149999999999;5.8;False;False;False;False;False;False;False;False;False;False;False;False
2025-10-06 09:00:00;1744.9555;5.9;False;False;False;False;False;False;False;False;False;False;False;False
2025-10-06 10:00:00;1449.9992499999998;5.8;False;False;False;False;False;False;False;False;False;False;False;False
2025-10-06 11:00:00;1834.86175;6.1;False;False;False;False;False;False;False;False;False;False;False;False
2025-10-06 12:00:00;2356.1222500000003;7.2;False;False;False;False;False;False;False;False;False;False;False;False
2025-10-06 13:00:00;2472.91975;7.8;False;False;False;False;False;False;False;False;False;False;False;False
2025-10-06 14:00:00;1408.81075;7.8;False;False;False;False;False;False;False;False;False;False;False;False
2025-10-06 15:00:00;1384.7;8.1;False;False;False;False;False;False;False;False;False;False;False;False
2025-10-06 16:00:00;1397.2627499999999;7.6;False;False;False;False;False;False;False;False;False;False;False;False
2025-10-06 17:00:00;1682.38975;6.8;False;False;False;False;False;False;False;False;False;False;False;False
2025-10-06 18:00:00;3075.51775;6.6;False;False;False;False;False;False;False;False;False;False;False;False
2025-10-06 19:00:00;1429.9365;6.7;False;False;False;False;False;False;False;False;False;False;False;False
2025-10-06 20:00:00;1448.42875;6.9;False;False;False;False;False;False;False;False;False;False;False;False
2025-10-06 21:00:00;2090.6905;6.9;False;False;False;False;False;False;False;False;False;False;False;False
2025-10-06 22:00:00;2597.1965;6.9;False;False;False;False;False;False;False;False;False;False;False;False
2025-10-06 23:00:00;2139.98225;7.1;False;False;False;False;False;False;False;False;False;False;False;False
2025-10-07 00:00:00;1507.41075;7.2;True;False;False;False;False;False;True;False;False;False;False;False
2025-10-07 01:00:00;1307.625;7.3;True;False;False;False;False;False;True;False;False;False;False;False
2025-10-07 02:00:00;1578.3215;6.9;True;False;False;False;False;False;True;False;False;False;False;False
2025-10-07 03:00:00;867.4267500000001;6.8;True;False;False;False;False;False;True;False;False;False;False;False
2025-10-07 04:00:00;1254.51775;6.8;True;False;False;False;False;False;True;False;False;False;False;False
2025-10-07 05:00:00;1057.3035;6.8;True;False;False;False;False;False;True;False;False;False;False;False
2025-10-07 06:00:00;1053.5655000000002;6.8;True;False;False;False;False;False;True;False;False;False;False;False
2025-10-07 07:00:00;1187.72425;6.9;True;False;False;False;False;False;True;False;False;False;False;False
2025-10-07 08:00:00;1376.434;7.1;True;False;False;False;False;False;True;False;False;False;False;False
2025-10-07 09:00:00;1267.0120000000002;7.2;True;False;False;False;False;False;True;False;False;False;False;False
2025-10-07 10:00:00;1260.854;7.4;True;False;False;False;False;False;True;False;False;False;False;False
2025-10-07 11:00:00;1333.5145;8.6;True;False;False;False;False;False;True;False;False;False;False;False
2025-10-07 12:00:00;1212.5045;8.8;True;False;False;False;False;False;True;False;False;False;False;False
2025-10-07 13:00:00;2128.26775;9.6;True;False;False;False;False;False;True;False;False;False;False;False
2025-10-07 14:00:00;3120.57575;9.9;True;False;False;False;False;False;True;False;False;False;False;False
2025-10-07 15:00:00;1528.88375;9.8;True;False;False;False;False;False;True;False;False;False;False;False
2025-10-07 16:00:00;2149.69375;9.5;True;False;False;False;False;False;True;False;False;False;False;False
2025-10-07 17:00:00;2235.4715;8.4;True;False;False;False;False;False;True;False;False;False;False;False
2025-10-07 18:00:00;1892.241;7.3;True;False;False;False;False;False;True;False;False;False;False;False
2025-10-07 19:00:00;2650.8827499999998;6.4;True;False;False;False;False;False;True;False;False;False;False;False
2025-10-07 20:00:00;1794.6032500000001;6.9;True;False;False;False;False;False;True;False;False;False;False;False
2025-10-07 21:00:00;1885.75;7.2;True;False;False;False;False;False;True;False;False;False;False;False
2025-10-07 22:00:00;1575.41675;7.2;True;False;False;False;False;False;True;False;False;False;False;False
2025-10-07 23:00:00;1758.28575;6.9;True;False;False;False;False;False;True;False;False;False;False;False
2025-10-08 00:00:00;976.42475;7.1;False;True;False;False;False;False;False;True;False;False;False;False
2025-10-08 01:00:00;1137.12725;7.1;False;True;False;False;False;False;False;True;False;False;False;False
2025-10-08 02:00:00;895.6447499999999;6.8;False;True;False;False;False;False;False;True;False;False;False;False
2025-10-08 03:00:00;1631.31325;7.6;False;True;False;False;False;False;False;True;False;False;False;False
2025-10-08 04:00:00;1161.5655;8.0;False;True;False;False;False;False;False;True;False;False;False;False
2025-10-08 05:00:00;1199.357;7.9;False;True;False;False;False;False;False;True;False;False;False;False
2025-10-08 06:00:00;1066.5895;8.2;False;True;False;False;False;False;False;True;False;False;False;False
2025-10-08 07:00:00;1468.8020000000001;8.0;False;True;False;False;False;False;False;True;False;False;False;False
2025-10-08 08:00:00;1531.976;8.1;False;True;False;False;False;False;False;True;False;False;False;False
2025-10-08 09:00:00;781.381;8.4;False;True;False;False;False;False;False;True;False;False;False;False
2025-10-08 10:00:00;1382.4415;8.6;False;True;False;False;False;False;False;True;False;False;False;False
2025-10-08 11:00:00;2348.4970000000003;8.8;False;True;False;False;False;False;False;True;False;False;False;False
2025-10-08 12:00:00;1525.35125;8.8;False;True;False;False;False;False;False;True;False;False;False;False
2025-10-08 13:00:00;3442.357;9.1;False;True;False;False;False;False;False;True;False;False;False;False
2025-10-08 14:00:00;1770.95525;9.6;False;True;False;False;False;False;False;True;False;False;False;False
2025-10-08 15:00:00;3611.1915;9.9;False;True;False;False;False;False;False;True;False;False;False;False
2025-10-08 16:00:00;1742.7005;9.9;False;True;False;False;False;False;False;True;False;False;False;False
2025-10-08 17:00:00;3337.57575;9.7;False;True;False;False;False;False;False;True;False;False;False;False
2025-10-08 18:00:00;1017.59375;9.5;False;True;False;False;False;False;False;True;False;False;False;False
2025-10-08 19:00:00;1735.9035000000001;9.9;False;True;False;False;False;False;False;True;False;False;False;False
2025-10-08 20:00:00;1313.8215;10.0;False;True;False;False;False;False;False;True;False;False;False;False
2025-10-08 21:00:00;1371.23025;10.1;False;True;False;False;False;False;False;True;False;False;False;False
2025-10-08 22:00:00;1647.502;10.1;False;True;False;False;False;False;False;True;False;False;False;False
2025-10-08 23:00:00;1595.9645;10.1;False;True;False;False;False;False;False;True;False;False;False;False
2025-10-09 00:00:00;3107.508;10.0;False;False;True;False;False;False;False;False;True;False;False;False
2025-10-09 01:00:00;2079.14675;10.1;False;False;True;False;False;False;False;False;True;False;False;False
2025-10-09 02:00:00;2479.74;10.1;False;False;True;False;False;False;False;False;True;False;False;False
2025-10-09 03:00:00;1074.83925;10.1;False;False;True;False;False;False;False;False;True;False;False;False
2025-10-09 04:00:00;1900.33925;9.9;False;False;True;False;False;False;False;False;True;False;False;False
2025-10-09 05:00:00;652.998;9.7;False;False;True;False;False;False;False;False;True;False;False;False
2025-10-09 06:00:00;949.0;9.4;False;False;True;False;False;False;False;False;True;False;False;False
2025-10-09 07:00:00;1662.2002499999999;9.2;False;False;True;False;False;False;False;False;True;False;False;False
2025-10-09 08:00:00;678.489;9.3;False;False;True;False;False;False;False;False;True;False;False;False
2025-10-09 09:00:00;1628.589;9.6;False;False;True;False;False;False;False;False;True;False;False;False
2025-10-09 10:00:00;1876.225;10.0;False;False;True;False;False;False;False;False;True;False;False;False
2025-10-09 11:00:00;1066.741;9.9;False;False;True;False;False;False;False;False;True;False;False;False
2025-10-09 12:00:00;658.18125;9.4;False;False;True;False;False;False;False;False;True;False;False;False
2025-10-09 13:00:00;3076.24125;8.9;False;False;True;False;False;False;False;False;True;False;False;False
2025-10-09 14:00:00;2500.72325;8.7;False;False;True;False;False;False;False;False;True;False;False;False
2025-10-09 15:00:00;1803.14275;8.8;False;False;True;False;False;False;False;False;True;False;False;False
2025-10-09 16:00:00;1939.08275;8.6;False;False;True;False;False;False;False;False;True;False;False;False
2025-10-09 17:00:00;2371.0060000000003;8.3;False;False;True;False;False;False;False;False;True;False;False;False
2025-10-09 18:00:00;1454.03125;7.3;False;False;True;False;False;False;False;False;True;False;False;False
2025-10-09 19:00:00;1513.81925;7.4;False;False;True;False;False;False;False;False;True;False;False;False
2025-10-09 20:00:00;1258.8609999999999;7.6;False;False;True;False;False;False;False;False;True;False;False;False
2025-10-09 21:00:00;1332.0297500000001;7.8;False;False;True;False;False;False;False;False;True;False;False;False
2025-10-09 22:00:00;2131.8015;7.8;False;False;True;False;False;False;False;False;True;False;False;False
2025-10-09 23:00:00;1454.96425;7.8;False;False;True;False;False;False;False;False;True;False;False;False
2025-10-10 00:00:00;1398.8015;7.8;False;False;False;True;False;False;False;False;False;True;False;False
2025-10-10 01:00:00;1214.03575;7.8;False;False;False;True;False;False;False;False;False;True;False;False
2025-10-10 02:00:00;606.8395;7.7;False;False;False;True;False;False;False;False;False;True;False;False
2025-10-10 03:00:00;1048.40675;7.5;False;False;False;True;False;False;False;False;False;True;False;False
2025-10-10 04:00:00;1050.389;7.3;False;False;False;True;False;False;False;False;False;True;False;False
2025-10-10 05:00:00;1116.02575;7.2;False;False;False;True;False;False;False;False;False;True;False;False
2025-10-10 06:00:00;1044.5774999999999;7.2;False;False;False;True;False;False;False;False;False;True;False;False
2025-10-10 07:00:00;1094.71825;7.1;False;False;False;True;False;False;False;False;False;True;False;False
2025-10-10 08:00:00;737.3957499999999;7.2;False;False;False;True;False;False;False;False;False;True;False;False
2025-10-10 09:00:00;1521.20975;7.3;False;False;False;True;False;False;False;False;False;True;False;False
2025-10-10 10:00:00;2803.009;7.6;False;False;False;True;False;False;False;False;False;True;False;False
2025-10-10 11:00:00;2237.61975;8.2;False;False;False;True;False;False;False;False;False;True;False;False
2025-10-10 12:00:00;2412.88675;8.8;False;False;False;True;False;False;False;False;False;True;False;False
2025-10-10 13:00:00;1763.299;8.1;False;False;False;True;False;False;False;False;False;True;False;False
2025-10-10 14:00:00;1736.5265;8.2;False;False;False;True;False;False;False;False;False;True;False;False
2025-10-10 15:00:00;1565.56225;7.9;False;False;False;True;False;False;False;False;False;True;False;False
2025-10-10 16:00:00;1584.93475;7.8;False;False;False;True;False;False;False;False;False;True;False;False
2025-10-10 17:00:00;1510.12875;7.8;False;False;False;True;False;False;False;False;False;True;False;False
2025-10-10 18:00:00;2138.37575;8.0;False;False;False;True;False;False;False;False;False;True;False;False
2025-10-10 19:00:00;2182.5395;8.2;False;False;False;True;False;False;False;False;False;True;False;False
2025-10-10 20:00:00;2420.51775;8.1;False;False;False;True;False;False;False;False;False;True;False;False
2025-10-10 21:00:00;2703.875;8.2;False;False;False;True;False;False;False;False;False;True;False;False
2025-10-10 22:00:00;2103.71225;8.2;False;False;False;True;False;False;False;False;False;True;False;False
2025-10-10 23:00:00;1518.4565;8.3;False;False;False;True;False;False;False;False;False;True;False;False
2025-10-11 00:00:00;1866.0197500000002;8.3;False;False;False;False;True;False;False;False;False;False;True;False
2025-10-11 01:00:00;1645.74625;8.3;False;False;False;False;True;False;False;False;False;False;True;False
2025-10-11 02:00:00;1615.3355000000001;8.2;False;False;False;False;True;False;False;False;False;False;True;False
2025-10-11 03:00:00;559.2975;8.4;False;False;False;False;True;False;False;False;False;False;True;False
2025-10-11 04:00:00;873.22025;8.6;False;False;False;False;True;False;False;False;False;False;True;False
2025-10-11 05:00:00;1099.80975;8.5;False;False;False;False;True;False;False;False;False;False;True;False
2025-10-11 06:00:00;1074.863;8.4;False;False;False;False;True;False;False;False;False;False;True;False
2025-10-11 07:00:00;884.1865;8.7;False;False;False;False;True;False;False;False;False;False;True;False
2025-10-11 08:00:00;875.235;8.8;False;False;False;False;True;False;False;False;False;False;True;False
2025-10-11 09:00:00;1519.92625;8.9;False;False;False;False;True;False;False;False;False;False;True;False
2025-10-11 10:00:00;2233.27825;9.1;False;False;False;False;True;False;False;False;False;False;True;False
2025-10-11 11:00:00;1787.69175;9.1;False;False;False;False;True;False;False;False;False;False;True;False
2025-10-11 12:00:00;1692.33025;9.1;False;False;False;False;True;False;False;False;False;False;True;False
2025-10-11 13:00:00;1833.2565;8.6;False;False;False;False;True;False;False;False;False;False;True;False
2025-10-11 14:00:00;3636.01375;9.0;False;False;False;False;True;False;False;False;False;False;True;False
2025-10-11 15:00:00;1190.15075;9.0;False;False;False;False;True;False;False;False;False;False;True;False
2025-10-11 16:00:00;1379.3975;8.9;False;False;False;False;True;False;False;False;False;False;True;False
2025-10-11 17:00:00;3273.40625;8.8;False;False;False;False;True;False;False;False;False;False;True;False
2025-10-11 18:00:00;2499.90975;8.4;False;False;False;False;True;False;False;False;False;False;True;False
2025-10-11 19:00:00;1051.54775;8.3;False;False;False;False;True;False;False;False;False;False;True;False
2025-10-11 20:00:00;2483.60325;8.0;False;False;False;False;True;False;False;False;False;False;True;False
2025-10-11 21:00:00;2256.1645;7.8;False;False;False;False;True;False;False;False;False;False;True;False
2025-10-11 22:00:00;1126.5715;7.9;False;False;False;False;True;False;False;False;False;False;True;False
2025-10-11 23:00:00;1624.16075;8.0;False;False;False;False;True;False;False;False;False;False;True;False
2025-10-12 00:00:00;1977.351;7.9;False;False;False;False;False;True;False;False;False;False;False;True
2025-10-12 01:00:00;1372.49425;8.0;False;False;False;False;False;True;False;False;False;False;False;True
2025-10-12 02:00:00;1051.5855000000001;7.9;False;False;False;False;False;True;False;False;False;False;False;True
2025-10-12 03:00:00;1175.625;7.6;False;False;False;False;False;True;False;False;False;False;False;True
2025-10-12 04:00:00;1119.8055;7.3;False;False;False;False;False;True;False;False;False;False;False;True
2025-10-12 05:00:00;533.33925;7.7;False;False;False;False;False;True;False;False;False;False;False;True
2025-10-12 06:00:00;1151.637;7.7;False;False;False;False;False;True;False;False;False;False;False;True
2025-10-12 07:00:00;1186.0832500000001;7.4;False;False;False;False;False;True;False;False;False;False;False;True
2025-10-12 08:00:00;1175.0;7.6;False;False;False;False;False;True;False;False;False;False;False;True
2025-10-12 09:00:00;2632.5315;7.9;False;False;False;False;False;True;False;False;False;False;False;True
2025-10-12 10:00:00;2202.7264999999998;8.5;False;False;False;False;False;True;False;False;False;False;False;True
2025-10-12 11:00:00;1837.374;8.8;False;False;False;False;False;True;False;False;False;False;False;True
2025-10-12 12:00:00;4540.6805;9.0;False;False;False;False;False;True;False;False;False;False;False;True
2025-10-12 13:00:00;1047.96025;8.8;False;False;False;False;False;True;False;False;False;False;False;True
2025-10-12 14:00:00;616.076;9.1;False;False;False;False;False;True;False;False;False;False;False;True
2025-10-12 15:00:00;1272.067;8.9;False;False;False;False;False;True;False;False;False;False;False;True
2025-10-12 16:00:00;2416.99875;8.2;False;False;False;False;False;True;False;False;False;False;False;True
2025-10-12 17:00:00;2400.77925;7.8;False;False;False;False;False;True;False;False;False;False;False;True
2025-10-12 18:00:00;3145.0205;7.7;False;False;False;False;False;True;False;False;False;False;False;True
2025-10-12 19:00:00;1898.9785;7.7;False;False;False;False;False;True;False;False;False;False;False;True
2025-10-12 20:00:00;3108.9285;7.7;False;False;False;False;False;True;False;False;False;False;False;True
2025-10-12 21:00:00;1522.8055;7.8;False;False;False;False;False;True;False;False;False;False;False;True
2025-10-12 22:00:00;1709.2820000000002;7.9;False;False;False;False;False;True;False;False;False;False;False;True
2025-10-12 23:00:00;1469.246;7.9;False;False;False;False;False;True;False;False;False;False;False;True
2025-10-13 00:00:00;883.41675;8.1;False;False;False;False;False;False;False;False;False;False;False;False
2025-10-13 01:00:00;1229.71425;8.0;False;False;False;False;False;False;False;False;False;False;False;False
2025-10-13 02:00:00;1615.16875;8.0;False;False;False;False;False;False;False;False;False;False;False;False
2025-10-13 03:00:00;1743.002;8.1;False;False;False;False;False;False;False;False;False;False;False;False
2025-10-13 04:00:00;1202.73425;8.1;False;False;False;False;False;False;False;False;False;False;False;False
2025-10-13 05:00:00;869.16075;8.0;False;False;False;False;False;False;False;False;False;False;False;False
2025-10-13 06:00:00;1186.002;8.0;False;False;False;False;False;False;False;False;False;False;False;False
2025-10-13 07:00:00;1189.949;7.6;False;False;False;False;False;False;False;False;False;False;False;False
2025-10-13 08:00:00;1327.79025;7.6;False;False;False;False;False;False;False;False;False;False;False;False
2025-10-13 09:00:00;2042.67875;8.0;False;False;False;False;False;False;False;False;False;False;False;False
2025-10-13 10:00:00;1007.78175;9.3;False;False;False;False;False;False;False;False;False;False;False;False
2025-10-13 11:00:00;1734.5;10.4;False;False;False;False;False;False;False;False;False;False;False;False
2025-10-13 12:00:00;1440.6195;10.6;False;False;False;False;False;False;False;False;False;False;False;False
2025-10-13 13:00:00;1535.25;10.2;False;False;False;False;False;False;False;False;False;False;False;False
2025-10-13 14:00:00;1688.865;10.4;False;False;False;False;False;False;False;False;False;False;False;False
2025-10-13 15:00:00;1045.1425;9.8;False;False;False;False;False;False;False;False;False;False;False;False
2025-10-13 16:00:00;3540.6605;8.9;False;False;False;False;False;False;False;False;False;False;False;False
2025-10-13 17:00:00;1224.4627500000001;7.4;False;False;False;False;False;False;False;False;False;False;False;False
2025-10-13 18:00:00;3027.58475;6.4;False;False;False;False;False;False;False;False;False;False;False;False
2025-10-13 19:00:00;1672.155;5.6;False;False;False;False;False;False;False;False;False;False;False;False
2025-10-13 20:00:00;1480.7024999999999;5.4;False;False;False;False;False;False;False;False;False;False;False;False
2025-10-13 21:00:00;1331.6785;5.1;False;False;False;False;False;False;False;False;False;False;False;False
2025-10-13 22:00:00;1083.625;5.0;False;False;False;False;False;False;False;False;False;False;False;False
2025-10-13 23:00:00;979.992;4.8;False;False;False;False;False;False;False;False;False;False;False;False
2025-10-14 00:00:00;3125.08925;4.4;True;False;False;False;False;False;True;False;False;False;False;False
2025-10-14 01:00:00;1635.73225;4.0;True;False;False;False;False;False;True;False;False;False;False;False
2025-10-14 02:00:00;1448.133;3.5;True;False;False;False;False;False;True;False;False;False;False;False
2025-10-14 03:00:00;1035.498;3.6;True;False;False;False;False;False;True;False;False;False;False;False
2025-10-14 04:00:00;1068.96825;3.3;True;False;False;False;False;False;True;False;False;False;False;False
2025-10-14 05:00:00;1862.3890000000001;3.4;True;False;False;False;False;False;True;False;False;False;False;False
2025-10-14 06:00:00;1786.4465;3.3;True;False;False;False;False;False;True;False;False;False;False;False
2025-10-14 07:00:00;1365.2939999999999;3.8;True;False;False;False;False;False;True;False;False;False;False;False
2025-10-14 08:00:00;1271.1825;5.6;True;False;False;False;False;False;True;False;False;False;False;False
2025-10-14 09:00:00;1274.5295;6.9;True;False;False;False;False;False;True;False;False;False;False;False
2025-10-14 10:00:00;2638.0477499999997;7.9;True;False;False;False;False;False;True;False;False;False;False;False
2025-10-14 11:00:00;1930.29925;8.2;True;False;False;False;False;False;True;False;False;False;False;False
2025-10-14 12:00:00;3786.5860000000002;8.6;True;False;False;False;False;False;True;False;False;False;False;False
2025-10-14 13:00:00;2598.00875;7.2;True;False;False;False;False;False;True;False;False;False;False;False
2025-10-14 14:00:00;2680.03375;6.9;True;False;False;False;False;False;True;False;False;False;False;False
2025-10-14 15:00:00;1684.33925;7.1;True;False;False;False;False;False;True;False;False;False;False;False
2025-10-14 16:00:00;2299.5915;6.9;True;False;False;False;False;False;True;False;False;False;False;False
2025-10-14 17:00:00;1404.56725;6.9;True;False;False;False;False;False;True;False;False;False;False;False
2025-10-14 18:00:00;2156.7174999999997;7.1;True;False;False;False;False;False;True;False;False;False;False;False
2025-10-14 19:00:00;1414.24;7.1;True;False;False;False;False;False;True;False;False;False;False;False
2025-10-14 20:00:00;3664.53575;7.2;True;False;False;False;False;False;True;False;False;False;False;False
2025-10-14 21:00:00;5792.20625;7.2;True;False;False;False;False;False;True;False;False;False;False;False
2025-10-14 22:00:00;3940.5635;7.3;True;False;False;False;False;False;True;False;False;False;False;False
2025-10-14 23:00:00;2401.05725;7.3;True;False;False;False;False;False;True;False;False;False;False;False
2025-10-15 00:00:00;1590.6667499999999;7.4;False;True;False;False;False;False;False;True;False;False;False;False
2025-10-15 01:00:00;1601.2105000000001;7.0;False;True;False;False;False;False;False;True;False;False;False;False
2025-10-15 02:00:00;1070.5497500000001;6.6;False;True;False;False;False;False;False;True;False;False;False;False
2025-10-15 03:00:00;1056.3455;6.2;False;True;False;False;False;False;False;True;False;False;False;False
2025-10-15 04:00:00;1017.0715;5.7;False;True;False;False;False;False;False;True;False;False;False;False
2025-10-15 05:00:00;1181.14275;4.9;False;True;False;False;False;False;False;True;False;False;False;False
2025-10-15 06:00:00;1160.5715;4.6;False;True;False;False;False;False;False;True;False;False;False;False
2025-10-15 07:00:00;1288.1885;4.6;False;True;False;False;False;False;False;True;False;False;False;False
2025-10-15 08:00:00;1337.97175;5.6;False;True;False;False;False;False;False;True;False;False;False;False
2025-10-15 09:00:00;1384.8805;6.5;False;True;False;False;False;False;False;True;False;False;False;False
2025-10-15 10:00:00;1813.23075;7.7;False;True;False;False;False;False;False;True;False;False;False;False
2025-10-15 11:00:00;1076.08925;8.2;False;True;False;False;False;False;False;True;False;False;False;False
2025-10-15 12:00:00;1728.71975;8.6;False;True;False;False;False;False;False;True;False;False;False;False
2025-10-15 13:00:00;2030.83925;8.2;False;True;False;False;False;False;False;True;False;False;False;False
2025-10-15 14:00:00;1597.74875;8.8;False;True;False;False;False;False;False;True;False;False;False;False
2025-10-15 15:00:00;843.266;8.6;False;True;False;False;False;False;False;True;False;False;False;False
2025-10-15 16:00:00;2707.2915000000003;8.1;False;True;False;False;False;False;False;True;False;False;False;False
2025-10-15 17:00:00;3900.067;6.5;False;True;False;False;False;False;False;True;False;False;False;False
2025-10-15 18:00:00;3653.2625;5.9;False;True;False;False;False;False;False;True;False;False;False;False
2025-10-15 19:00:00;1627.6467499999999;6.6;False;True;False;False;False;False;False;True;False;False;False;False
2025-10-15 20:00:00;1672.84725;6.0;False;True;False;False;False;False;False;True;False;False;False;False
2025-10-15 21:00:00;1117.0555;5.9;False;True;False;False;False;False;False;True;False;False;False;False
2025-10-15 22:00:00;1158.70825;5.9;False;True;False;False;False;False;False;True;False;False;False;False
2025-10-15 23:00:00;973.84125;5.9;False;True;False;False;False;False;False;True;False;False;False;False
2025-10-16 00:00:00;936.10725;5.8;False;False;True;False;False;False;False;False;True;False;False;False
2025-10-16 01:00:00;996.97225;5.8;False;False;True;False;False;False;False;False;True;False;False;False
2025-10-16 02:00:00;2210.7715;5.8;False;False;True;False;False;False;False;False;True;False;False;False
2025-10-16 03:00:00;1193.09125;5.8;False;False;True;False;False;False;False;False;True;False;False;False
2025-10-16 04:00:00;1179.8552499999998;5.7;False;False;True;False;False;False;False;False;True;False;False;False
2025-10-16 05:00:00;1471.6190000000001;5.7;False;False;True;False;False;False;False;False;True;False;False;False
2025-10-16 06:00:00;1183.3072499999998;5.7;False;False;True;False;False;False;False;False;True;False;False;False
2025-10-16 07:00:00;1155.6132499999999;6.1;False;False;True;False;False;False;False;False;True;False;False;False
2025-10-16 08:00:00;1274.1657500000001;6.4;False;False;True;False;False;False;False;False;True;False;False;False
2025-10-16 09:00:00;1435.707;7.1;False;False;True;False;False;False;False;False;True;False;False;False
2025-10-16 10:00:00;1766.4747499999999;7.3;False;False;True;False;False;False;False;False;True;False;False;False
2025-10-16 11:00:00;3237.2960000000003;7.2;False;False;True;False;False;False;False;False;True;False;False;False
2025-10-16 12:00:00;1777.3485;7.6;False;False;True;False;False;False;False;False;True;False;False;False
2025-10-16 13:00:00;1992.0135;7.3;False;False;True;False;False;False;False;False;True;False;False;False
2025-10-16 14:00:00;2189.772;7.4;False;False;True;False;False;False;False;False;True;False;False;False
2025-10-16 15:00:00;1389.81275;7.2;False;False;True;False;False;False;False;False;True;False;False;False
2025-10-16 16:00:00;889.2145;7.2;False;False;True;False;False;False;False;False;True;False;False;False
2025-10-16 17:00:00;1728.27925;6.7;False;False;True;False;False;False;False;False;True;False;False;False
2025-10-16 18:00:00;1560.799;6.6;False;False;True;False;False;False;False;False;True;False;False;False
2025-10-16 19:00:00;978.73225;6.8;False;False;True;False;False;False;False;False;True;False;False;False
2025-10-16 20:00:00;1936.1747500000001;6.6;False;False;True;False;False;False;False;False;True;False;False;False
2025-10-16 21:00:00;1930.746;6.8;False;False;True;False;False;False;False;False;True;False;False;False
2025-10-16 22:00:00;2433.774;6.6;False;False;True;False;False;False;False;False;True;False;False;False
2025-10-16 23:00:00;1452.0455;6.5;False;False;True;False;False;False;False;False;True;False;False;False
2025-10-17 00:00:00;1122.6367500000001;6.3;False;False;False;True;False;False;False;False;False;True;False;False
2025-10-17 01:00:00;1291.40475;6.7;False;False;False;True;False;False;False;False;False;True;False;False
2025-10-17 02:00:00;1173.53575;6.5;False;False;False;True;False;False;False;False;False;True;False;False
2025-10-17 03:00:00;1241.1547500000001;6.3;False;False;False;True;False;False;False;False;False;True;False;False
2025-10-17 04:00:00;1113.143;6.7;False;False;False;True;False;False;False;False;False;True;False;False
2025-10-17 05:00:00;1782.46625;6.4;False;False;False;True;False;False;False;False;False;True;False;False
2025-10-17 06:00:00;1103.30375;6.4;False;False;False;True;False;False;False;False;False;True;False;False
2025-10-17 07:00:00;1517.5217499999999;6.3;False;False;False;True;False;False;False;False;False;True;False;False
2025-10-17 08:00:00;1230.926;6.3;False;False;False;True;False;False;False;False;False;True;False;False
2025-10-17 09:00:00;1337.521;6.7;False;False;False;True;False;False;False;False;False;True;False;False
2025-10-17 10:00:00;1530.93575;7.1;False;False;False;True;False;False;False;False;False;True;False;False
2025-10-17 11:00:00;1516.73625;7.8;False;False;False;True;False;False;False;False;False;True;False;False
2025-10-17 12:00:00;2891.80575;7.8;False;False;False;True;False;False;False;False;False;True;False;False
2025-10-17 13:00:00;2311.4465;6.5;False;False;False;True;False;False;False;False;False;True;False;False
2025-10-17 14:00:00;2851.809;6.6;False;False;False;True;False;False;False;False;False;True;False;False
2025-10-17 15:00:00;2210.70075;6.8;False;False;False;True;False;False;False;False;False;True;False;False
2025-10-17 16:00:00;1590.01075;6.9;False;False;False;True;False;False;False;False;False;True;False;False
2025-10-17 17:00:00;1403.6064999999999;6.2;False;False;False;True;False;False;False;False;False;True;False;False
2025-10-17 18:00:00;3043.70075;6.1;False;False;False;True;False;False;False;False;False;True;False;False
2025-10-17 19:00:00;2572.69825;5.7;False;False;False;True;False;False;False;False;False;True;False;False
2025-10-17 20:00:00;3525.841;5.6;False;False;False;True;False;False;False;False;False;True;False;False
2025-10-17 21:00:00;3409.2202500000003;5.7;False;False;False;True;False;False;False;False;False;True;False;False
2025-10-17 22:00:00;1994.9365;5.8;False;False;False;True;False;False;False;False;False;True;False;False
2025-10-17 23:00:00;1991.4167499999999;5.3;False;False;False;True;False;False;False;False;False;True;False;False
2025-10-18 00:00:00;1584.125;4.7;False;False;False;False;True;False;False;False;False;False;True;False
2025-10-18 01:00:00;3694.3195;4.4;False;False;False;False;True;False;False;False;False;False;True;False
2025-10-18 02:00:00;3376.21025;4.2;False;False;False;False;True;False;False;False;False;False;True;False
2025-10-18 03:00:00;1275.3964999999998;3.8;False;False;False;False;True;False;False;False;False;False;True;False
2025-10-18 04:00:00;1203.6367500000001;3.2;False;False;False;False;True;False;False;False;False;False;True;False
2025-10-18 05:00:00;1169.31525;2.3;False;False;False;False;True;False;False;False;False;False;True;False
2025-10-18 06:00:00;1145.73225;2.2;False;False;False;False;True;False;False;False;False;False;True;False
2025-10-18 07:00:00;1820.1667499999999;2.0;False;False;False;False;True;False;False;False;False;False;True;False
2025-10-18 08:00:00;1677.6345;2.0;False;False;False;False;True;False;False;False;False;False;True;False
2025-10-18 09:00:00;1060.8176666666666;2.2;False;False;False;False;True;False;False;False;False;False;True;False
2025-10-18 10:00:00;1935.973;2.7;False;False;False;False;True;False;False;False;False;False;True;False
2025-10-18 11:00:00;2429.036;3.8;False;False;False;False;True;False;False;False;False;False;True;False
2025-10-18 12:00:00;2300.7875;4.9;False;False;False;False;True;False;False;False;False;False;True;False
2025-10-18 13:00:00;1796.13425;5.1;False;False;False;False;True;False;False;False;False;False;True;False
2025-10-18 14:00:00;2023.0715;4.9;False;False;False;False;True;False;False;False;False;False;True;False
2025-10-18 15:00:00;1668.56225;4.8;False;False;False;False;True;False;False;False;False;False;True;False
2025-10-18 16:00:00;1668.5475;4.4;False;False;False;False;True;False;False;False;False;False;True;False
2025-10-18 17:00:00;1711.3964999999998;2.8;False;False;False;False;True;False;False;False;False;False;True;False
2025-10-18 18:00:00;2320.31075;1.6;False;False;False;False;True;False;False;False;False;False;True;False
2025-10-18 19:00:00;1490.415;0.6;False;False;False;False;True;False;False;False;False;False;True;False
2025-10-18 20:00:00;2026.06675;0.6;False;False;False;False;True;False;False;False;False;False;True;False
2025-10-18 21:00:00;4778.762000000001;0.2;False;False;False;False;True;False;False;False;False;False;True;False
2025-10-18 22:00:00;2313.609;-0.1;False;False;False;False;True;False;False;False;False;False;True;False
2025-10-18 23:00:00;2340.14275;-0.6;False;False;False;False;True;False;False;False;False;False;True;False
2025-10-19 00:00:00;1076.7105000000001;-0.9;False;False;False;False;False;True;False;False;False;False;False;True
2025-10-19 01:00:00;1828.8135;-1.1;False;False;False;False;False;True;False;False;False;False;False;True
2025-10-19 02:00:00;1321.748;-0.9;False;False;False;False;False;True;False;False;False;False;False;True
2025-10-19 03:00:00;2035.92875;-0.4;False;False;False;False;False;True;False;False;False;False;False;True
2025-10-19 04:00:00;1263.51;-0.2;False;False;False;False;False;True;False;False;False;False;False;True
2025-10-19 05:00:00;2217.47225;-0.3;False;False;False;False;False;True;False;False;False;False;False;True
2025-10-19 06:00:00;2181.07325;-0.8;False;False;False;False;False;True;False;False;False;False;False;True
2025-10-19 07:00:00;1576.917;-0.8;False;False;False;False;False;True;False;False;False;False;False;True
2025-10-19 08:00:00;2203.72475;1.4;False;False;False;False;False;True;False;False;False;False;False;True
2025-10-19 09:00:00;2824.27125;3.0;False;False;False;False;False;True;False;False;False;False;False;True
2025-10-19 10:00:00;4063.6372499999998;4.3;False;False;False;False;False;True;False;False;False;False;False;True
2025-10-19 11:00:00;5195.6825;5.2;False;False;False;False;False;True;False;False;False;False;False;True
2025-10-19 12:00:00;4128.9105;5.7;False;False;False;False;False;True;False;False;False;False;False;True
2025-10-19 13:00:00;2038.183;6.0;False;False;False;False;False;True;False;False;False;False;False;True
2025-10-19 14:00:00;798.1670000000004;6.2;False;False;False;False;False;True;False;False;False;False;False;True
2025-10-19 15:00:00;2012.2540000000001;5.7;False;False;False;False;False;True;False;False;False;False;False;True
2025-10-19 16:00:00;1953.7262500000002;4.6;False;False;False;False;False;True;False;False;False;False;False;True
2025-10-19 17:00:00;2075.44825;2.7;False;False;False;False;False;True;False;False;False;False;False;True
2025-10-19 18:00:00;3042.889;2.2;False;False;False;False;False;True;False;False;False;False;False;True
2025-10-19 19:00:00;3487.0685;2.9;False;False;False;False;False;True;False;False;False;False;False;True
2025-10-19 20:00:00;2619.28175;2.9;False;False;False;False;False;True;False;False;False;False;False;True
2025-10-19 21:00:00;1792.1925;2.5;False;False;False;False;False;True;False;False;False;False;False;True
2025-10-19 22:00:00;2763.4145;2.2;False;False;False;False;False;True;False;False;False;False;False;True
2025-10-19 23:00:00;1814.6785;2.2;False;False;False;False;False;True;False;False;False;False;False;True
2025-10-20 00:00:00;1176.0752499999999;2.2;False;False;False;False;False;False;False;False;False;False;False;False
2025-10-20 01:00:00;1082.3295;1.9;False;False;False;False;False;False;False;False;False;False;False;False
2025-10-20 02:00:00;1724.1965;1.8;False;False;False;False;False;False;False;False;False;False;False;False
2025-10-20 03:00:00;1160.0832500000001;1.9;False;False;False;False;False;False;False;False;False;False;False;False
2025-10-20 04:00:00;1088.96625;1.8;False;False;False;False;False;False;False;False;False;False;False;False
2025-10-20 05:00:00;2384.0755;1.7;False;False;False;False;False;False;False;False;False;False;False;False
2025-10-20 06:00:00;2015.8235;1.8;False;False;False;False;False;False;False;False;False;False;False;False
2025-10-20 07:00:00;773.4645;1.7;False;False;False;False;False;False;False;False;False;False;False;False
2025-10-20 08:00:00;1115.4285;3.2;False;False;False;False;False;False;False;False;False;False;False;False
2025-10-20 09:00:00;1901.0529999999999;4.8;False;False;False;False;False;False;False;False;False;False;False;False
2025-10-20 10:00:00;2142.97475;5.9;False;False;False;False;False;False;False;False;False;False;False;False
2025-10-20 11:00:00;1459.1709999999998;7.1;False;False;False;False;False;False;False;False;False;False;False;False
2025-10-20 12:00:00;1705.4569999999999;7.8;False;False;False;False;False;False;False;False;False;False;False;False
2025-10-20 13:00:00;2627.40175;8.2;False;False;False;False;False;False;False;False;False;False;False;False
2025-10-20 14:00:00;1553.74375;8.6;False;False;False;False;False;False;False;False;False;False;False;False
2025-10-20 15:00:00;1202.1589999999997;8.2;False;False;False;False;False;False;False;False;False;False;False;False
2025-10-20 16:00:00;1619.14425;7.4;False;False;False;False;False;False;False;False;False;False;False;False
2025-10-20 17:00:00;4347.621;6.3;False;False;False;False;False;False;False;False;False;False;False;False
2025-10-20 18:00:00;3200.48825;5.8;False;False;False;False;False;False;False;False;False;False;False;False
2025-10-20 19:00:00;1558.71425;5.7;False;False;False;False;False;False;False;False;False;False;False;False
2025-10-20 20:00:00;1734.48425;5.1;False;False;False;False;False;False;False;False;False;False;False;False
2025-10-20 21:00:00;1207.6109999999999;4.7;False;False;False;False;False;False;False;False;False;False;False;False
2025-10-20 22:00:00;1161.85725;4.9;False;False;False;False;False;False;False;False;False;False;False;False
2025-10-20 23:00:00;943.20625;5.2;False;False;False;False;False;False;False;False;False;False;False;False
2025-10-21 00:00:00;1004.58925;5.2;True;False;False;False;False;False;True;False;False;False;False;False
2025-10-21 01:00:00;2769.1725;4.9;True;False;False;False;False;False;True;False;False;False;False;False
2025-10-21 02:00:00;1685.0217499999999;4.8;True;False;False;False;False;False;True;False;False;False;False;False
2025-10-21 03:00:00;1393.0117500000001;4.8;True;False;False;False;False;False;True;False;False;False;False;False
2025-10-21 04:00:00;1595.89475;4.8;True;False;False;False;False;False;True;False;False;False;False;False
2025-10-21 05:00:00;1061.35125;4.7;True;False;False;False;False;False;True;False;False;False;False;False
2025-10-21 06:00:00;1111.746;4.4;True;False;False;False;False;False;True;False;False;False;False;False
2025-10-21 07:00:00;497.21625;4.1;True;False;False;False;False;False;True;False;False;False;False;False
2025-10-21 08:00:00;620.3085;4.2;True;False;False;False;False;False;True;False;False;False;False;False
2025-10-21 09:00:00;1952.0;4.9;True;False;False;False;False;False;True;False;False;False;False;False
2025-10-21 10:00:00;3010.375666666667;6.9;True;False;False;False;False;False;True;False;False;False;False;False
2025-10-21 11:00:00;4805.13875;8.7;True;False;False;False;False;False;True;False;False;False;False;False
2025-10-21 12:00:00;4014.5237500000003;9.9;True;False;False;False;False;False;True;False;False;False;False;False
2025-10-21 13:00:00;2725.777;10.4;True;False;False;False;False;False;True;False;False;False;False;False
2025-10-21 14:00:00;2261.43625;10.8;True;False;False;False;False;False;True;False;False;False;False;False
2025-10-21 15:00:00;2059.969;11.0;True;False;False;False;False;False;True;False;False;False;False;False
2025-10-21 16:00:00;1742.0325;10.4;True;False;False;False;False;False;True;False;False;False;False;False
2025-10-21 17:00:00;3115.38375;9.4;True;False;False;False;False;False;True;False;False;False;False;False
2025-10-21 18:00:00;2834.34725;8.2;True;False;False;False;False;False;True;False;False;False;False;False
2025-10-21 19:00:00;3341.3705;7.9;True;False;False;False;False;False;True;False;False;False;False;False
2025-10-21 20:00:00;3630.1905;7.6;True;False;False;False;False;False;True;False;False;False;False;False
2025-10-21 21:00:00;3871.5835;7.2;True;False;False;False;False;False;True;False;False;False;False;False
2025-10-21 22:00:00;4564.58125;7.2;True;False;False;False;False;False;True;False;False;False;False;False
2025-10-21 23:00:00;2236.99625;6.6;True;False;False;False;False;False;True;False;False;False;False;False
2025-10-22 00:00:00;1179.33125;6.3;False;True;False;False;False;False;False;True;False;False;False;False
2025-10-22 01:00:00;1213.875;6.3;False;True;False;False;False;False;False;True;False;False;False;False
2025-10-22 02:00:00;1281.383;6.4;False;True;False;False;False;False;False;True;False;False;False;False
2025-10-22 03:00:00;1170.3890000000001;6.2;False;True;False;False;False;False;False;True;False;False;False;False
2025-10-22 04:00:00;1152.18475;6.2;False;True;False;False;False;False;False;True;False;False;False;False
2025-10-22 05:00:00;1205.6565;6.1;False;True;False;False;False;False;False;True;False;False;False;False
2025-10-22 06:00:00;1081.12125;6.2;False;True;False;False;False;False;False;True;False;False;False;False
2025-10-22 07:00:00;1161.78575;6.2;False;True;False;False;False;False;False;True;False;False;False;False
2025-10-22 08:00:00;1494.41625;6.7;False;True;False;False;False;False;False;True;False;False;False;False
2025-10-22 09:00:00;2918.25875;7.3;False;True;False;False;False;False;False;True;False;False;False;False
2025-10-22 10:00:00;2847.759;7.6;False;True;False;False;False;False;False;True;False;False;False;False
2025-10-22 11:00:00;711.25;7.3;False;True;False;False;False;False;False;True;False;False;False;False
2025-10-22 12:00:00;1159.80475;8.2;False;True;False;False;False;False;False;True;False;False;False;False
2025-10-22 13:00:00;1608.3595;8.2;False;True;False;False;False;False;False;True;False;False;False;False
2025-10-22 14:00:00;2056.9142500000003;8.4;False;True;False;False;False;False;False;True;False;False;False;False
2025-10-22 15:00:00;2505.469;8.4;False;True;False;False;False;False;False;True;False;False;False;False
2025-10-22 16:00:00;2954.0237500000003;8.2;False;True;False;False;False;False;False;True;False;False;False;False
2025-10-22 17:00:00;1607.3229999999999;8.1;False;True;False;False;False;False;False;True;False;False;False;False
2025-10-22 18:00:00;1349.298;7.7;False;True;False;False;False;False;False;True;False;False;False;False
2025-10-22 19:00:00;3313.25;8.2;False;True;False;False;False;False;False;True;False;False;False;False
2025-10-22 20:00:00;2539.12875;8.4;False;True;False;False;False;False;False;True;False;False;False;False
2025-10-22 21:00:00;3244.47025;8.4;False;True;False;False;False;False;False;True;False;False;False;False
2025-10-22 22:00:00;1543.6825;8.5;False;True;False;False;False;False;False;True;False;False;False;False
2025-10-22 23:00:00;1484.0535;8.4;False;True;False;False;False;False;False;True;False;False;False;False
2025-10-23 00:00:00;1134.6644999999999;8.3;False;False;True;False;False;False;False;False;True;False;False;False
2025-10-23 01:00:00;1305.5715;8.3;False;False;True;False;False;False;False;False;True;False;False;False
2025-10-23 02:00:00;2030.07125;8.4;False;False;True;False;False;False;False;False;True;False;False;False
2025-10-23 03:00:00;878.8355;8.1;False;False;True;False;False;False;False;False;True;False;False;False
2025-10-23 04:00:00;817.96625;7.8;False;False;True;False;False;False;False;False;True;False;False;False
2025-10-23 05:00:00;906.70625;7.8;False;False;True;False;False;False;False;False;True;False;False;False
2025-10-23 06:00:00;372.56525;7.8;False;False;True;False;False;False;False;False;True;False;False;False
2025-10-23 07:00:00;389.85325;8.2;False;False;True;False;False;False;False;False;True;False;False;False
2025-10-23 08:00:00;470.976;8.6;False;False;True;False;False;False;False;False;True;False;False;False
2025-10-23 09:00:00;3390.92875;9.4;False;False;True;False;False;False;False;False;True;False;False;False
2025-10-23 10:00:00;1404.97725;9.8;False;False;True;False;False;False;False;False;True;False;False;False
2025-10-23 11:00:00;1895.7165;11.4;False;False;True;False;False;False;False;False;True;False;False;False
2025-10-23 12:00:00;2171.5875;13.1;False;False;True;False;False;False;False;False;True;False;False;False
2025-10-23 13:00:00;4508.40175;12.1;False;False;True;False;False;False;False;False;True;False;False;False
2025-10-23 14:00:00;2802.51825;11.8;False;False;True;False;False;False;False;False;True;False;False;False
2025-10-23 15:00:00;1734.36125;10.9;False;False;True;False;False;False;False;False;True;False;False;False
2025-10-23 16:00:00;4012.996;10.4;False;False;True;False;False;False;False;False;True;False;False;False
2025-10-23 17:00:00;2667.23175;9.6;False;False;True;False;False;False;False;False;True;False;False;False
2025-10-23 18:00:00;2558.2259999999997;9.4;False;False;True;False;False;False;False;False;True;False;False;False
2025-10-23 19:00:00;2283.26975;8.6;False;False;True;False;False;False;False;False;True;False;False;False
2025-10-23 20:00:00;1489.0140000000001;7.9;False;False;True;False;False;False;False;False;True;False;False;False
2025-10-23 21:00:00;2065.375;7.3;False;False;True;False;False;False;False;False;True;False;False;False
2025-10-23 22:00:00;2895.53575;7.1;False;False;True;False;False;False;False;False;True;False;False;False
2025-10-23 23:00:00;3140.15275;6.8;False;False;True;False;False;False;False;False;True;False;False;False
2025-10-24 00:00:00;1326.2640000000001;6.4;False;False;False;True;False;False;False;False;False;True;False;False
2025-10-24 01:00:00;1417.91075;6.2;False;False;False;True;False;False;False;False;False;True;False;False
2025-10-24 02:00:00;1035.7559999999999;6.1;False;False;False;True;False;False;False;False;False;True;False;False
2025-10-24 03:00:00;1091.627;6.1;False;False;False;True;False;False;False;False;False;True;False;False
2025-10-24 04:00:00;998.41075;6.0;False;False;False;True;False;False;False;False;False;True;False;False
2025-10-24 05:00:00;945.33925;5.8;False;False;False;True;False;False;False;False;False;True;False;False
2025-10-24 06:00:00;1383.39275;5.7;False;False;False;True;False;False;False;False;False;True;False;False
2025-10-24 07:00:00;1315.1032500000001;5.6;False;False;False;True;False;False;False;False;False;True;False;False
2025-10-24 08:00:00;345.67475;5.0;False;False;False;True;False;False;False;False;False;True;False;False
2025-10-24 09:00:00;760.8242499999999;5.4;False;False;False;True;False;False;False;False;False;True;False;False
2025-10-24 10:00:00;2391.355;6.2;False;False;False;True;False;False;False;False;False;True;False;False
2025-10-24 11:00:00;1640.85725;6.8;False;False;False;True;False;False;False;False;False;True;False;False
2025-10-24 12:00:00;2038.39325;5.9;False;False;False;True;False;False;False;False;False;True;False;False
2025-10-24 13:00:00;1612.518;4.2;False;False;False;True;False;False;False;False;False;True;False;False
2025-10-24 14:00:00;2684.66525;3.8;False;False;False;True;False;False;False;False;False;True;False;False
2025-10-24 15:00:00;2170.884;4.1;False;False;False;True;False;False;False;False;False;True;False;False
2025-10-24 16:00:00;2085.30725;3.9;False;False;False;True;False;False;False;False;False;True;False;False
2025-10-24 17:00:00;2518.66975;3.6;False;False;False;True;False;False;False;False;False;True;False;False
2025-10-24 18:00:00;2115.57525;3.2;False;False;False;True;False;False;False;False;False;True;False;False
2025-10-24 19:00:00;827.21425;2.3;False;False;False;True;False;False;False;False;False;True;False;False
2025-10-24 20:00:00;2742.32525;2.2;False;False;False;True;False;False;False;False;False;True;False;False
2025-10-24 21:00:00;3603.41075;2.0;False;False;False;True;False;False;False;False;False;True;False;False
2025-10-24 22:00:00;2922.25;1.5;False;False;False;True;False;False;False;False;False;True;False;False
2025-10-24 23:00:00;2508.143;1.3;False;False;False;True;False;False;False;False;False;True;False;False
2025-10-25 00:00:00;1649.2855;1.1;False;False;False;False;True;False;False;False;False;False;True;False
2025-10-25 01:00:00;1967.6287499999999;1.5;False;False;False;False;True;False;False;False;False;False;True;False
2025-10-25 02:00:00;1829.734;1.2;False;False;False;False;True;False;False;False;False;False;True;False
2025-10-25 03:00:00;1321.1805;1.2;False;False;False;False;True;False;False;False;False;False;True;False
2025-10-25 04:00:00;1319.46425;1.2;False;False;False;False;True;False;False;False;False;False;True;False
2025-10-25 05:00:00;1430.35525;0.9;False;False;False;False;True;False;False;False;False;False;True;False
2025-10-25 06:00:00;1804.0140000000001;0.9;False;False;False;False;True;False;False;False;False;False;True;False
2025-10-25 07:00:00;1361.133;1.1;False;False;False;False;True;False;False;False;False;False;True;False
2025-10-25 08:00:00;1449.7525;2.3;False;False;False;False;True;False;False;False;False;False;True;False
2025-10-25 09:00:00;1794.23475;2.8;False;False;False;False;True;False;False;False;False;False;True;False
2025-10-25 10:00:00;2754.83075;2.7;False;False;False;False;True;False;False;False;False;False;True;False
2025-10-25 11:00:00;3544.4195;2.8;False;False;False;False;True;False;False;False;False;False;True;False
2025-10-25 12:00:00;1985.62075;4.3;False;False;False;False;True;False;False;False;False;False;True;False
2025-10-25 13:00:00;2013.21775;4.9;False;False;False;False;True;False;False;False;False;False;True;False
2025-10-25 14:00:00;2919.348;5.3;False;False;False;False;True;False;False;False;False;False;True;False
2025-10-25 15:00:00;2538.1862499999997;6.3;False;False;False;False;True;False;False;False;False;False;True;False
2025-10-25 16:00:00;3745.12025;4.9;False;False;False;False;True;False;False;False;False;False;True;False
2025-10-25 17:00:00;3983.9635;2.8;False;False;False;False;True;False;False;False;False;False;True;False
2025-10-25 18:00:00;1307.01225;2.8;False;False;False;False;True;False;False;False;False;False;True;False
2025-10-25 19:00:00;1092.0;4.2;False;False;False;False;True;False;False;False;False;False;True;False
2025-10-25 20:00:00;1579.3075;4.0;False;False;False;False;True;False;False;False;False;False;True;False
2025-10-25 21:00:00;2430.72825;4.2;False;False;False;False;True;False;False;False;False;False;True;False
2025-10-25 22:00:00;2066.8035;4.6;False;False;False;False;True;False;False;False;False;False;True;False
2025-10-25 23:00:00;2106.0475;4.2;False;False;False;False;True;False;False;False;False;False;True;False
2025-10-26 00:00:00;1456.23225;4.3;False;False;False;False;False;True;False;False;False;False;False;True
2025-10-26 01:00:00;1526.6885;4.5;False;False;False;False;False;True;False;False;False;False;False;True
2025-10-26 02:00:00;1227.29375;4.5;False;False;False;False;False;True;False;False;False;False;False;True
2025-10-26 03:00:00;1175.147;4.3;False;False;False;False;False;True;False;False;False;False;False;True
2025-10-26 04:00:00;1209.9859999999999;3.7;False;False;False;False;False;True;False;False;False;False;False;True
2025-10-26 05:00:00;1256.8272499999998;3.3;False;False;False;False;False;True;False;False;False;False;False;True
2025-10-26 06:00:00;1235.4047500000001;3.2;False;False;False;False;False;True;False;False;False;False;False;True
2025-10-26 07:00:00;1195.004;3.4;False;False;False;False;False;True;False;False;False;False;False;True
2025-10-26 08:00:00;2090.13375;3.8;False;False;False;False;False;True;False;False;False;False;False;True
2025-10-26 09:00:00;2489.876;3.7;False;False;False;False;False;True;False;False;False;False;False;True
2025-10-26 10:00:00;3140.0817500000003;4.3;False;False;False;False;False;True;False;False;False;False;False;True
2025-10-26 11:00:00;3716.29925;4.9;False;False;False;False;False;True;False;False;False;False;False;True
2025-10-26 12:00:00;2726.54075;4.3;False;False;False;False;False;True;False;False;False;False;False;True
2025-10-26 13:00:00;2062.86175;4.1;False;False;False;False;False;True;False;False;False;False;False;True
2025-10-26 14:00:00;3750.49975;4.9;False;False;False;False;False;True;False;False;False;False;False;True
2025-10-26 15:00:00;2608.4225;2.6;False;False;False;False;False;True;False;False;False;False;False;True
2025-10-26 16:00:00;2408.766;0.8;False;False;False;False;False;True;False;False;False;False;False;True
2025-10-26 17:00:00;2121.2960000000003;0.7;False;False;False;False;False;True;False;False;False;False;False;True
2025-10-26 18:00:00;2196.23225;1.5;False;False;False;False;False;True;False;False;False;False;False;True
2025-10-26 19:00:00;702.2302500000001;2.0;False;False;False;False;False;True;False;False;False;False;False;True
2025-10-26 20:00:00;1299.758;2.3;False;False;False;False;False;True;False;False;False;False;False;True
2025-10-26 21:00:00;1104.101;2.7;False;False;False;False;False;True;False;False;False;False;False;True
2025-10-26 22:00:00;3914.502;3.1;False;False;False;False;False;True;False;False;False;False;False;True
2025-10-26 23:00:00;2615.484;2.8;False;False;False;False;False;True;False;False;False;False;False;True
2025-10-27 00:00:00;1680.373;2.3;False;False;False;False;False;False;False;False;False;False;False;False
2025-10-27 01:00:00;2165.89875;1.6;False;False;False;False;False;False;False;False;False;False;False;False
2025-10-27 02:00:00;1573.5535;1.5;False;False;False;False;False;False;False;False;False;False;False;False
2025-10-27 03:00:00;1485.1785;1.0;False;False;False;False;False;False;False;False;False;False;False;False
2025-10-27 04:00:00;2061.33925;0.3;False;False;False;False;False;False;False;False;False;False;False;False
2025-10-27 05:00:00;1388.034;0.5;False;False;False;False;False;False;False;False;False;False;False;False
2025-10-27 06:00:00;1356.0832500000001;0.6;False;False;False;False;False;False;False;False;False;False;False;False
2025-10-27 07:00:00;2036.16625;1.0;False;False;False;False;False;False;False;False;False;False;False;False
2025-10-27 08:00:00;1902.939;1.2;False;False;False;False;False;False;False;False;False;False;False;False
2025-10-27 09:00:00;2021.67;1.8;False;False;False;False;False;False;False;False;False;False;False;False
2025-10-27 10:00:00;2549.58475;1.8;False;False;False;False;False;False;False;False;False;False;False;False
2025-10-27 11:00:00;3079.1985000000004;1.5;False;False;False;False;False;False;False;False;False;False;False;False
2025-10-27 12:00:00;2030.1705;2.0;False;False;False;False;False;False;False;False;False;False;False;False
2025-10-27 13:00:00;1764.2815;3.1;False;False;False;False;False;False;False;False;False;False;False;False
2025-10-27 14:00:00;2369.16975;2.4;False;False;False;False;False;False;False;False;False;False;False;False
2025-10-27 15:00:00;3369.79025;3.5;False;False;False;False;False;False;False;False;False;False;False;False
2025-10-27 16:00:00;2407.08925;3.8;False;False;False;False;False;False;False;False;False;False;False;False
2025-10-27 17:00:00;2644.77775;2.8;False;False;False;False;False;False;False;False;False;False;False;False
2025-10-27 18:00:00;3410.10725;2.8;False;False;False;False;False;False;False;False;False;False;False;False
2025-10-27 19:00:00;2164.59325;2.2;False;False;False;False;False;False;False;False;False;False;False;False
2025-10-27 20:00:00;5099.72825;2.5;False;False;False;False;False;False;False;False;False;False;False;False
2025-10-27 21:00:00;3039.1885;2.6;False;False;False;False;False;False;False;False;False;False;False;False
2025-10-27 22:00:00;2619.9167500000003;2.3;False;False;False;False;False;False;False;False;False;False;False;False
2025-10-27 23:00:00;2218.55375;2.5;False;False;False;False;False;False;False;False;False;False;False;False
2025-10-28 00:00:00;1801.504;2.5;True;False;False;False;False;False;True;False;False;False;False;False
2025-10-28 01:00:00;1774.55175;2.4;True;False;False;False;False;False;True;False;False;False;False;False
2025-10-28 02:00:00;1828.625;2.5;True;False;False;False;False;False;True;False;False;False;False;False
2025-10-28 03:00:00;1849.1965;2.6;True;False;False;False;False;False;True;False;False;False;False;False
2025-10-28 04:00:00;1787.9322499999998;2.3;True;False;False;False;False;False;True;False;False;False;False;False
2025-10-28 05:00:00;1265.143;2.1;True;False;False;False;False;False;True;False;False;False;False;False
2025-10-28 06:00:00;1211.4940000000001;2.2;True;False;False;False;False;False;True;False;False;False;False;False
2025-10-28 07:00:00;1872.1502500000001;2.2;True;False;False;False;False;False;True;False;False;False;False;False
2025-10-28 08:00:00;2305.46825;2.4;True;False;False;False;False;False;True;False;False;False;False;False
2025-10-28 09:00:00;2577.512;3.3;True;False;False;False;False;False;True;False;False;False;False;False
2025-10-28 10:00:00;3669.3035;4.1;True;False;False;False;False;False;True;False;False;False;False;False
2025-10-28 11:00:00;1396.5955;4.9;True;False;False;False;False;False;True;False;False;False;False;False
2025-10-28 12:00:00;2423.926;5.1;True;False;False;False;False;False;True;False;False;False;False;False
2025-10-28 13:00:00;1639.33825;4.0;True;False;False;False;False;False;True;False;False;False;False;False
2025-10-28 14:00:00;1405.115;4.1;True;False;False;False;False;False;True;False;False;False;False;False
2025-10-28 15:00:00;1128.67675;4.6;True;False;False;False;False;False;True;False;False;False;False;False
2025-10-28 16:00:00;1210.7145;5.1;True;False;False;False;False;False;True;False;False;False;False;False
2025-10-28 17:00:00;1179.72325;5.7;True;False;False;False;False;False;True;False;False;False;False;False
2025-10-28 18:00:00;346.71425;5.9;True;False;False;False;False;False;True;False;False;False;False;False
2025-10-28 19:00:00;1292.78575;6.1;True;False;False;False;False;False;True;False;False;False;False;False
2025-10-28 20:00:00;4076.889;6.0;True;False;False;False;False;False;True;False;False;False;False;False
2025-10-28 21:00:00;2670.39275;5.8;True;False;False;False;False;False;True;False;False;False;False;False
2025-10-28 22:00:00;2771.58925;6.4;True;False;False;False;False;False;True;False;False;False;False;False
2025-10-28 23:00:00;1911.232;5.8;True;False;False;False;False;False;True;False;False;False;False;False
2025-10-29 00:00:00;1713.21425;5.4;False;True;False;False;False;False;False;True;False;False;False;False
2025-10-29 01:00:00;1411.94625;4.9;False;True;False;False;False;False;False;True;False;False;False;False
2025-10-29 02:00:00;1129.1190000000001;4.7;False;True;False;False;False;False;False;True;False;False;False;False
2025-10-29 03:00:00;1147.2282500000001;4.3;False;True;False;False;False;False;False;True;False;False;False;False
2025-10-29 04:00:00;1133.2517500000001;3.8;False;True;False;False;False;False;False;True;False;False;False;False
2025-10-29 05:00:00;1547.21025;4.4;False;True;False;False;False;False;False;True;False;False;False;False
2025-10-29 06:00:00;1809.34925;4.5;False;True;False;False;False;False;False;True;False;False;False;False
2025-10-29 07:00:00;1353.3312500000002;4.1;False;True;False;False;False;False;False;True;False;False;False;False
2025-10-29 08:00:00;2456.058;5.3;False;True;False;False;False;False;False;True;False;False;False;False
2025-10-29 09:00:00;3031.65725;6.0;False;True;False;False;False;False;False;True;False;False;False;False
2025-10-29 10:00:00;3067.90325;6.7;False;True;False;False;False;False;False;True;False;False;False;False
2025-10-29 11:00:00;1723.8105;7.1;False;True;False;False;False;False;False;True;False;False;False;False
2025-10-29 12:00:00;2581.1594999999998;8.7;False;True;False;False;False;False;False;True;False;False;False;False
2025-10-29 13:00:00;3570.91625;9.2;False;True;False;False;False;False;False;True;False;False;False;False
2025-10-29 14:00:00;4094.3795;9.6;False;True;False;False;False;False;False;True;False;False;False;False
2025-10-29 15:00:00;2816.499;9.4;False;True;False;False;False;False;False;True;False;False;False;False
2025-10-29 16:00:00;697.45975;8.8;False;True;False;False;False;False;False;True;False;False;False;False
2025-10-29 17:00:00;929.7165;7.8;False;True;False;False;False;False;False;True;False;False;False;False
2025-10-29 18:00:00;1612.96825;7.4;False;True;False;False;False;False;False;True;False;False;False;False
2025-10-29 19:00:00;2383.10725;7.6;False;True;False;False;False;False;False;True;False;False;False;False
2025-10-29 20:00:00;5178.127;7.4;False;True;False;False;False;False;False;True;False;False;False;False
2025-10-29 21:00:00;2077.20025;6.9;False;True;False;False;False;False;False;True;False;False;False;False
2025-10-29 22:00:00;1883.9582500000001;6.8;False;True;False;False;False;False;False;True;False;False;False;False
2025-10-29 23:00:00;1710.77775;6.5;False;True;False;False;False;False;False;True;False;False;False;False
2025-10-30 00:00:00;1172.28375;6.1;False;False;True;False;False;False;False;False;True;False;False;False
2025-10-30 01:00:00;1041.7023333333334;6.3;False;False;True;False;False;False;False;False;True;False;False;False
2025-10-30 02:00:00;861.492;6.3;False;False;True;False;False;False;False;False;True;False;False;False
2025-10-30 03:00:00;915.08925;6.4;False;False;True;False;False;False;False;False;True;False;False;False
2025-10-30 04:00:00;1156.65475;5.4;False;False;True;False;False;False;False;False;True;False;False;False
2025-10-30 05:00:00;1938.365;5.2;False;False;True;False;False;False;False;False;True;False;False;False
2025-10-30 06:00:00;1290.53975;5.8;False;False;True;False;False;False;False;False;True;False;False;False
2025-10-30 07:00:00;1535.0795;5.7;False;False;True;False;False;False;False;False;True;False;False;False
2025-10-30 08:00:00;1688.62225;6.8;False;False;True;False;False;False;False;False;True;False;False;False
2025-10-30 09:00:00;2138.052;7.3;False;False;True;False;False;False;False;False;True;False;False;False
2025-10-30 10:00:00;1754.442;7.0;False;False;True;False;False;False;False;False;True;False;False;False
2025-10-30 11:00:00;1440.79;8.3;False;False;True;False;False;False;False;False;True;False;False;False
2025-10-30 12:00:00;557.0;8.4;False;False;True;False;False;False;False;False;True;False;False;False
2025-10-30 13:00:00;1686.2638333333334;8.1;False;False;True;False;False;False;False;False;True;False;False;False
2025-10-30 14:00:00;2815.527666666667;8.0;False;False;True;False;False;False;False;False;True;False;False;False
2025-10-30 15:00:00;4289.94725;7.3;False;False;True;False;False;False;False;False;True;False;False;False
2025-10-30 16:00:00;2729.6234999999997;6.3;False;False;True;False;False;False;False;False;True;False;False;False
2025-10-30 17:00:00;1407.2917499999999;5.3;False;False;True;False;False;False;False;False;True;False;False;False
2025-10-30 18:00:00;1131.35725;4.6;False;False;True;False;False;False;False;False;True;False;False;False
2025-10-30 19:00:00;1168.51775;3.8;False;False;True;False;False;False;False;False;True;False;False;False
2025-10-30 20:00:00;2236.258;4.1;False;False;True;False;False;False;False;False;True;False;False;False
2025-10-30 21:00:00;2056.25975;3.7;False;False;True;False;False;False;False;False;True;False;False;False
2025-10-30 22:00:00;2882.10725;3.6;False;False;True;False;False;False;False;False;True;False;False;False
2025-10-30 23:00:00;2005.89275;3.3;False;False;True;False;False;False;False;False;True;False;False;False
2025-10-31 00:00:00;2349.143;3.2;False;False;False;True;False;False;False;False;False;True;False;False
2025-10-31 01:00:00;1874.375;2.2;False;False;False;True;False;False;False;False;False;True;False;False
2025-10-31 02:00:00;1515.8395;1.9;False;False;False;True;False;False;False;False;False;True;False;False
2025-10-31 03:00:00;2023.625;2.5;False;False;False;True;False;False;False;False;False;True;False;False
2025-10-31 04:00:00;1159.97225;2.8;False;False;False;True;False;False;False;False;False;True;False;False
2025-10-31 05:00:00;1798.2082500000001;2.3;False;False;False;True;False;False;False;False;False;True;False;False
2025-10-31 06:00:00;1113.9465;1.5;False;False;False;True;False;False;False;False;False;True;False;False
2025-10-31 07:00:00;2350.42775;1.5;False;False;False;True;False;False;False;False;False;True;False;False
2025-10-31 08:00:00;2359.7160000000003;3.1;False;False;False;True;False;False;False;False;False;True;False;False
2025-10-31 09:00:00;2386.96375;4.9;False;False;False;True;False;False;False;False;False;True;False;False
2025-10-31 10:00:00;1842.8400000000001;6.4;False;False;False;True;False;False;False;False;False;True;False;False
2025-10-31 11:00:00;1966.1;7.6;False;False;False;True;False;False;False;False;False;True;False;False
2025-10-31 12:00:00;2305.05325;8.4;False;False;False;True;False;False;False;False;False;True;False;False
2025-10-31 13:00:00;1469.2365;8.5;False;False;False;True;False;False;False;False;False;True;False;False
2025-10-31 14:00:00;1729.09825;8.7;False;False;False;True;False;False;False;False;False;True;False;False
2025-10-31 15:00:00;1102.14275;7.9;False;False;False;True;False;False;False;False;False;True;False;False
2025-10-31 16:00:00;506.3775;5.8;False;False;False;True;False;False;False;False;False;True;False;False
2025-10-31 17:00:00;813.58375;4.7;False;False;False;True;False;False;False;False;False;True;False;False
2025-10-31 18:00:00;1312.48875;5.3;False;False;False;True;False;False;False;False;False;True;False;False
2025-10-31 19:00:00;3225.3795;6.1;False;False;False;True;False;False;False;False;False;True;False;False
2025-10-31 20:00:00;2364.0205;5.9;False;False;False;True;False;False;False;False;False;True;False;False
2025-10-31 21:00:00;1715.5;5.8;False;False;False;True;False;False;False;False;False;True;False;False
2025-10-31 22:00:00;1990.246;5.5;False;False;False;True;False;False;False;False;False;True;False;False
2025-10-31 23:00:00;1204.875;5.6;False;False;False;True;False;False;False;False;False;True;False;False
2025-11-01 00:00:00;1448.73025;5.9;False;False;False;False;True;False;False;False;False;False;True;False
2025-11-01 01:00:00;1115.4962500000001;5.8;False;False;False;False;True;False;False;False;False;False;True;False
2025-11-01 02:00:00;1009.6985;5.8;False;False;False;False;True;False;False;False;False;False;True;False
2025-11-01 03:00:00;1546.492;5.2;False;False;False;False;True;False;False;False;False;False;True;False
2025-11-01 04:00:00;1661.1665;5.1;False;False;False;False;True;False;False;False;False;False;True;False
2025-11-01 05:00:00;1847.8054000000002;5.2;False;False;False;False;True;False;False;False;False;False;True;False
2025-11-01 06:00:00;2034.4443;4.9;False;False;False;False;True;False;False;False;False;False;True;False
2025-11-01 07:00:00;2221.0832;4.6;False;False;False;False;True;False;False;False;False;False;True;False
2025-11-01 08:00:00;2407.7221000000004;6.2;False;False;False;False;True;False;False;False;False;False;True;False
2025-11-01 09:00:00;2594.3610000000003;8.4;False;False;False;False;True;False;False;False;False;False;True;False
2025-11-01 10:00:00;2699.368;9.9;False;False;False;False;True;False;False;False;False;False;True;False
2025-11-01 11:00:00;5417.78675;10.8;False;False;False;False;True;False;False;False;False;False;True;False
2025-11-01 12:00:00;2163.5515;11.6;False;False;False;False;True;False;False;False;False;False;True;False
2025-11-01 13:00:00;732.3097500000001;11.8;False;False;False;False;True;False;False;False;False;False;True;False
2025-11-01 14:00:00;2474.4955;11.5;False;False;False;False;True;False;False;False;False;False;True;False
2025-11-01 15:00:00;1250.882;10.7;False;False;False;False;True;False;False;False;False;False;True;False
2025-11-01 16:00:00;1160.70975;9.4;False;False;False;False;True;False;False;False;False;False;True;False
2025-11-01 17:00:00;1432.5439999999999;9.0;False;False;False;False;True;False;False;False;False;False;True;False
2025-11-01 18:00:00;914.509;8.9;False;False;False;False;True;False;False;False;False;False;True;False
2025-11-01 19:00:00;1277.945;8.8;False;False;False;False;True;False;False;False;False;False;True;False
2025-11-01 20:00:00;1644.0417499999999;8.4;False;False;False;False;True;False;False;False;False;False;True;False
2025-11-01 21:00:00;2699.16075;8.4;False;False;False;False;True;False;False;False;False;False;True;False
2025-11-01 22:00:00;2895.994;8.3;False;False;False;False;True;False;False;False;False;False;True;False
2025-11-01 23:00:00;3077.631;7.9;False;False;False;False;True;False;False;False;False;False;True;False
2025-11-02 00:00:00;930.84325;8.1;False;False;False;False;False;True;False;False;False;False;False;True
2025-11-02 01:00:00;1562.23225;7.9;False;False;False;False;False;True;False;False;False;False;False;True
2025-11-02 02:00:00;1610.9167499999999;8.1;False;False;False;False;False;True;False;False;False;False;False;True
2025-11-02 03:00:00;1198.643;7.9;False;False;False;False;False;True;False;False;False;False;False;True
2025-11-02 04:00:00;1146.99;7.9;False;False;False;False;False;True;False;False;False;False;False;True
2025-11-02 05:00:00;881.516;7.7;False;False;False;False;False;True;False;False;False;False;False;True
2025-11-02 06:00:00;539.9345;7.8;False;False;False;False;False;True;False;False;False;False;False;True
2025-11-02 07:00:00;1384.3865;8.1;False;False;False;False;False;True;False;False;False;False;False;True
2025-11-02 08:00:00;1177.789;8.3;False;False;False;False;False;True;False;False;False;False;False;True
2025-11-02 09:00:00;2057.25975;8.4;False;False;False;False;False;True;False;False;False;False;False;True
2025-11-02 10:00:00;3697.2657499999996;8.5;False;False;False;False;False;True;False;False;False;False;False;True
2025-11-02 11:00:00;2203.5525;8.7;False;False;False;False;False;True;False;False;False;False;False;True
2025-11-02 12:00:00;2918.295;8.9;False;False;False;False;False;True;False;False;False;False;False;True
2025-11-02 13:00:00;2444.721;8.9;False;False;False;False;False;True;False;False;False;False;False;True
2025-11-02 14:00:00;2605.982;8.5;False;False;False;False;False;True;False;False;False;False;False;True
2025-11-02 15:00:00;3581.1645;8.6;False;False;False;False;False;True;False;False;False;False;False;True
2025-11-02 16:00:00;1575.65875;8.1;False;False;False;False;False;True;False;False;False;False;False;True
2025-11-02 17:00:00;1116.2125;7.7;False;False;False;False;False;True;False;False;False;False;False;True
2025-11-02 18:00:00;1085.625;7.5;False;False;False;False;False;True;False;False;False;False;False;True
2025-11-02 19:00:00;1494.875;7.4;False;False;False;False;False;True;False;False;False;False;False;True
2025-11-02 20:00:00;2558.77575;7.3;False;False;False;False;False;True;False;False;False;False;False;True
2025-11-02 21:00:00;3876.3115;7.3;False;False;False;False;False;True;False;False;False;False;False;True
2025-11-02 22:00:00;2960.4305;7.0;False;False;False;False;False;True;False;False;False;False;False;True
2025-11-02 23:00:00;1467.8629999999998;6.7;False;False;False;False;False;True;False;False;False;False;False;True
2025-11-03 00:00:00;1370.395;6.6;False;False;False;False;False;False;False;False;False;False;False;False
2025-11-03 01:00:00;1373.232;6.2;False;False;False;False;False;False;False;False;False;False;False;False
2025-11-03 02:00:00;1170.258;6.2;False;False;False;False;False;False;False;False;False;False;False;False
2025-11-03 03:00:00;1173.29375;5.9;False;False;False;False;False;False;False;False;False;False;False;False
2025-11-03 04:00:00;1071.2975000000001;5.8;False;False;False;False;False;False;False;False;False;False;False;False
2025-11-03 05:00:00;1086.738;5.9;False;False;False;False;False;False;False;False;False;False;False;False
2025-11-03 06:00:00;459.9525;5.9;False;False;False;False;False;False;False;False;False;False;False;False
2025-11-03 07:00:00;584.986;6.0;False;False;False;False;False;False;False;False;False;False;False;False
2025-11-03 08:00:00;996.76775;5.7;False;False;False;False;False;False;False;False;False;False;False;False
2025-11-03 09:00:00;1636.78625;5.5;False;False;False;False;False;False;False;False;False;False;False;False
2025-11-03 10:00:00;3343.0455;5.3;False;False;False;False;False;False;False;False;False;False;False;False
2025-11-03 11:00:00;3148.5834999999997;5.2;False;False;False;False;False;False;False;False;False;False;False;False
2025-11-03 12:00:00;1408.19075;5.4;False;False;False;False;False;False;False;False;False;False;False;False
2025-11-03 13:00:00;1333.9895000000001;5.8;False;False;False;False;False;False;False;False;False;False;False;False
2025-11-03 14:00:00;1620.175;6.4;False;False;False;False;False;False;False;False;False;False;False;False
2025-11-03 15:00:00;2462.70775;6.5;False;False;False;False;False;False;False;False;False;False;False;False
2025-11-03 16:00:00;1900.35275;5.6;False;False;False;False;False;False;False;False;False;False;False;False
2025-11-03 17:00:00;1661.9070000000002;4.0;False;False;False;False;False;False;False;False;False;False;False;False
2025-11-03 18:00:00;4097.5675;3.7;False;False;False;False;False;False;False;False;False;False;False;False
2025-11-03 19:00:00;3709.20025;2.7;False;False;False;False;False;False;False;False;False;False;False;False
2025-11-03 20:00:00;2456.0;2.1;False;False;False;False;False;False;False;False;False;False;False;False
2025-11-03 21:00:00;2168.5655;2.0;False;False;False;False;False;False;False;False;False;False;False;False
2025-11-03 22:00:00;1415.395;2.3;False;False;False;False;False;False;False;False;False;False;False;False
2025-11-03 23:00:00;1617.4205;3.4;False;False;False;False;False;False;False;False;False;False;False;False
2025-11-04 00:00:00;1503.5795;2.2;True;False;False;False;False;False;True;False;False;False;False;False
2025-11-04 01:00:00;1113.1570000000002;3.5;True;False;False;False;False;False;True;False;False;False;False;False
2025-11-04 02:00:00;1552.42675;2.8;True;False;False;False;False;False;True;False;False;False;False;False
2025-11-04 03:00:00;2488.00975;2.8;True;False;False;False;False;False;True;False;False;False;False;False
2025-11-04 04:00:00;1895.5394999999999;2.5;True;False;False;False;False;False;True;False;False;False;False;False
2025-11-04 05:00:00;1908.6032500000001;2.2;True;False;False;False;False;False;True;False;False;False;False;False
2025-11-04 06:00:00;981.13675;2.2;True;False;False;False;False;False;True;False;False;False;False;False
2025-11-04 07:00:00;1220.0922500000001;1.6;True;False;False;False;False;False;True;False;False;False;False;False
2025-11-04 08:00:00;1434.5529999999999;3.5;True;False;False;False;False;False;True;False;False;False;False;False
2025-11-04 09:00:00;1895.0505;5.6;True;False;False;False;False;False;True;False;False;False;False;False
2025-11-04 10:00:00;3021.808;6.9;True;False;False;False;False;False;True;False;False;False;False;False
2025-11-04 11:00:00;2675.99425;7.9;True;False;False;False;False;False;True;False;False;False;False;False
2025-11-04 12:00:00;2252.87325;8.2;True;False;False;False;False;False;True;False;False;False;False;False
2025-11-04 13:00:00;3476.12;8.4;True;False;False;False;False;False;True;False;False;False;False;False
2025-11-04 14:00:00;2569.8705;8.2;True;False;False;False;False;False;True;False;False;False;False;False
2025-11-04 15:00:00;3344.40825;7.3;True;False;False;False;False;False;True;False;False;False;False;False
2025-11-04 16:00:00;1428.85625;5.9;True;False;False;False;False;False;True;False;False;False;False;False
2025-11-04 17:00:00;1659.74425;4.6;True;False;False;False;False;False;True;False;False;False;False;False
2025-11-04 18:00:00;3152.35125;4.1;True;False;False;False;False;False;True;False;False;False;False;False
2025-11-04 19:00:00;4738.79375;3.7;True;False;False;False;False;False;True;False;False;False;False;False
2025-11-04 20:00:00;3917.98425;3.3;True;False;False;False;False;False;True;False;False;False;False;False
2025-11-04 21:00:00;2162.45825;3.3;True;False;False;False;False;False;True;False;False;False;False;False
2025-11-04 22:00:00;1656.61875;3.6;True;False;False;False;False;False;True;False;False;False;False;False
2025-11-04 23:00:00;1494.05375;3.8;True;False;False;False;False;False;True;False;False;False;False;False
2025-11-05 00:00:00;1088.6390000000001;4.0;False;True;False;False;False;False;False;True;False;False;False;False
2025-11-05 01:00:00;1531.48225;4.0;False;True;False;False;False;False;False;True;False;False;False;False
2025-11-05 02:00:00;2512.6785;4.1;False;True;False;False;False;False;False;True;False;False;False;False
2025-11-05 03:00:00;1671.6825;4.1;False;True;False;False;False;False;False;True;False;False;False;False
2025-11-05 04:00:00;1255.71425;4.2;False;True;False;False;False;False;False;True;False;False;False;False
2025-11-05 05:00:00;1474.232;4.0;False;True;False;False;False;False;False;True;False;False;False;False
2025-11-05 06:00:00;1420.83125;3.8;False;True;False;False;False;False;False;True;False;False;False;False
2025-11-05 07:00:00;1258.8557500000002;3.8;False;True;False;False;False;False;False;True;False;False;False;False
2025-11-05 08:00:00;1412.2455;4.3;False;True;False;False;False;False;False;True;False;False;False;False
2025-11-05 09:00:00;1846.5819999999999;5.8;False;True;False;False;False;False;False;True;False;False;False;False
2025-11-05 10:00:00;1287.65725;7.8;False;True;False;False;False;False;False;True;False;False;False;False
2025-11-05 11:00:00;1465.6352500000003;9.1;False;True;False;False;False;False;False;True;False;False;False;False
2025-11-05 12:00:00;2152.0829999999996;10.1;False;True;False;False;False;False;False;True;False;False;False;False
2025-11-05 13:00:00;2356.13025;10.9;False;True;False;False;False;False;False;True;False;False;False;False
2025-11-05 14:00:00;1869.23325;11.0;False;True;False;False;False;False;False;True;False;False;False;False
2025-11-05 15:00:00;1275.49525;10.1;False;True;False;False;False;False;False;True;False;False;False;False
2025-11-05 16:00:00;2442.6335;7.9;False;True;False;False;False;False;False;True;False;False;False;False
2025-11-05 17:00:00;2313.64825;6.8;False;True;False;False;False;False;False;True;False;False;False;False
2025-11-05 18:00:00;3580.75;6.8;False;True;False;False;False;False;False;True;False;False;False;False
2025-11-05 19:00:00;2308.0715;6.5;False;True;False;False;False;False;False;True;False;False;False;False
2025-11-05 20:00:00;2615.33925;5.8;False;True;False;False;False;False;False;True;False;False;False;False
2025-11-05 21:00:00;4473.5;5.4;False;True;False;False;False;False;False;True;False;False;False;False
2025-11-05 22:00:00;2594.784;5.3;False;True;False;False;False;False;False;True;False;False;False;False
2025-11-05 23:00:00;2295.83325;5.2;False;True;False;False;False;False;False;True;False;False;False;False
2025-11-06 00:00:00;2164.88875;5.2;False;False;True;False;False;False;False;False;True;False;False;False
2025-11-06 01:00:00;1765.16875;5.1;False;False;True;False;False;False;False;False;True;False;False;False
2025-11-06 02:00:00;1507.0695;5.2;False;False;True;False;False;False;False;False;True;False;False;False
2025-11-06 03:00:00;1363.3712500000001;5.4;False;False;True;False;False;False;False;False;True;False;False;False
2025-11-06 04:00:00;330.33349999999996;5.5;False;False;True;False;False;False;False;False;True;False;False;False
2025-11-06 05:00:00;585.101875;5.5;False;False;True;False;False;False;False;False;True;False;False;False
2025-11-06 06:00:00;839.8702499999999;5.5;False;False;True;False;False;False;False;False;True;False;False;False
2025-11-06 07:00:00;1094.638625;5.7;False;False;True;False;False;False;False;False;True;False;False;False
2025-11-06 08:00:00;1349.407;6.6;False;False;True;False;False;False;False;False;True;False;False;False
2025-11-06 09:00:00;1406.81525;7.8;False;False;True;False;False;False;False;False;True;False;False;False
2025-11-06 10:00:00;4056.54825;8.3;False;False;True;False;False;False;False;False;True;False;False;False
2025-11-06 11:00:00;2233.42;9.1;False;False;True;False;False;False;False;False;True;False;False;False
2025-11-06 12:00:00;1163.2905;9.7;False;False;True;False;False;False;False;False;True;False;False;False
2025-11-06 13:00:00;2164.546;9.8;False;False;True;False;False;False;False;False;True;False;False;False
2025-11-06 14:00:00;2546.49925;9.9;False;False;True;False;False;False;False;False;True;False;False;False
2025-11-06 15:00:00;1387.15175;9.1;False;False;True;False;False;False;False;False;True;False;False;False
2025-11-06 16:00:00;1066.79925;8.1;False;False;True;False;False;False;False;False;True;False;False;False
2025-11-06 17:00:00;1204.0990000000002;7.4;False;False;True;False;False;False;False;False;True;False;False;False
2025-11-06 18:00:00;1463.8115;7.1;False;False;True;False;False;False;False;False;True;False;False;False
2025-11-06 19:00:00;1764.16775;6.9;False;False;True;False;False;False;False;False;True;False;False;False
2025-11-06 20:00:00;2547.25;6.4;False;False;True;False;False;False;False;False;True;False;False;False
2025-11-06 21:00:00;2434.96625;6.2;False;False;True;False;False;False;False;False;True;False;False;False
2025-11-06 22:00:00;1551.26775;6.1;False;False;True;False;False;False;False;False;True;False;False;False
2025-11-06 23:00:00;1530.73225;5.8;False;False;True;False;False;False;False;False;True;False;False;False
2025-11-07 00:00:00;1386.65875;5.4;False;False;False;True;False;False;False;False;False;True;False;False
2025-11-07 01:00:00;927.41075;5.6;False;False;False;True;False;False;False;False;False;True;False;False
2025-11-07 02:00:00;869.1725;5.6;False;False;False;True;False;False;False;False;False;True;False;False
2025-11-07 03:00:00;929.53375;5.3;False;False;False;True;False;False;False;False;False;True;False;False
2025-11-07 04:00:00;1176.22225;5.2;False;False;False;True;False;False;False;False;False;True;False;False
2025-11-07 05:00:00;1916.82125;5.1;False;False;False;True;False;False;False;False;False;True;False;False
2025-11-07 06:00:00;1633.8609999999999;4.9;False;False;False;True;False;False;False;False;False;True;False;False
2025-11-07 07:00:00;1756.145;5.1;False;False;False;True;False;False;False;False;False;True;False;False
2025-11-07 08:00:00;1199.0945000000002;5.6;False;False;False;True;False;False;False;False;False;True;False;False
2025-11-07 09:00:00;2121.8452500000003;6.2;False;False;False;True;False;False;False;False;False;True;False;False
2025-11-07 10:00:00;1337.396;7.1;False;False;False;True;False;False;False;False;False;True;False;False
2025-11-07 11:00:00;2099.3305;7.8;False;False;False;True;False;False;False;False;False;True;False;False
2025-11-07 12:00:00;2507.41225;8.6;False;False;False;True;False;False;False;False;False;True;False;False
2025-11-07 13:00:00;1520.8573333333334;8.9;False;False;False;True;False;False;False;False;False;True;False;False
2025-11-07 14:00:00;1204.69725;8.9;False;False;False;True;False;False;False;False;False;True;False;False
2025-11-07 15:00:00;1338.5884999999998;8.4;False;False;False;True;False;False;False;False;False;True;False;False
2025-11-07 16:00:00;1605.58725;7.6;False;False;False;True;False;False;False;False;False;True;False;False
2025-11-07 17:00:00;2123.7485;6.9;False;False;False;True;False;False;False;False;False;True;False;False
2025-11-07 18:00:00;3957.23475;6.7;False;False;False;True;False;False;False;False;False;True;False;False
2025-11-07 19:00:00;2713.63125;6.2;False;False;False;True;False;False;False;False;False;True;False;False
2025-11-07 20:00:00;3139.58925;5.8;False;False;False;True;False;False;False;False;False;True;False;False
2025-11-07 21:00:00;4187.20825;5.5;False;False;False;True;False;False;False;False;False;True;False;False
2025-11-07 22:00:00;1399.52;5.4;False;False;False;True;False;False;False;False;False;True;False;False
2025-11-07 23:00:00;1385.2282500000001;5.4;False;False;False;True;False;False;False;False;False;True;False;False
2025-11-08 00:00:00;1190.1865;5.4;False;False;False;False;True;False;False;False;False;False;True;False
2025-11-08 01:00:00;1200.234;6.1;False;False;False;False;True;False;False;False;False;False;True;False
2025-11-08 02:00:00;1154.51975;5.9;False;False;False;False;True;False;False;False;False;False;True;False
2025-11-08 03:00:00;2456.98025;5.8;False;False;False;False;True;False;False;False;False;False;True;False
2025-11-08 04:00:00;1265.762;5.7;False;False;False;False;True;False;False;False;False;False;True;False
2025-11-08 05:00:00;1150.375;5.3;False;False;False;False;True;False;False;False;False;False;True;False
2025-11-08 06:00:00;1552.58725;4.9;False;False;False;False;True;False;False;False;False;False;True;False
2025-11-08 07:00:00;1685.728;4.9;False;False;False;False;True;False;False;False;False;False;True;False
2025-11-08 08:00:00;1621.216;5.6;False;False;False;False;True;False;False;False;False;False;True;False
2025-11-08 09:00:00;1202.44975;7.0;False;False;False;False;True;False;False;False;False;False;True;False
2025-11-08 10:00:00;1268.234;7.7;False;False;False;False;True;False;False;False;False;False;True;False
2025-11-08 11:00:00;1726.3809999999999;8.5;False;False;False;False;True;False;False;False;False;False;True;False
2025-11-08 12:00:00;2811.10225;9.1;False;False;False;False;True;False;False;False;False;False;True;False
2025-11-08 13:00:00;1781.5575;9.8;False;False;False;False;True;False;False;False;False;False;True;False
2025-11-08 14:00:00;3192.0957500000004;9.9;False;False;False;False;True;False;False;False;False;False;True;False
2025-11-08 15:00:00;1619.39875;9.4;False;False;False;False;True;False;False;False;False;False;True;False
2025-11-08 16:00:00;2897.22375;7.2;False;False;False;False;True;False;False;False;False;False;True;False
2025-11-08 17:00:00;3213.6905;5.4;False;False;False;False;True;False;False;False;False;False;True;False
2025-11-08 18:00:00;3311.5834999999997;5.1;False;False;False;False;True;False;False;False;False;False;True;False
2025-11-08 19:00:00;880.135;5.6;False;False;False;False;True;False;False;False;False;False;True;False
2025-11-08 20:00:00;2344.15275;5.7;False;False;False;False;True;False;False;False;False;False;True;False
2025-11-08 21:00:00;4729.21425;6.1;False;False;False;False;True;False;False;False;False;False;True;False
2025-11-08 22:00:00;2180.7045;5.9;False;False;False;False;True;False;False;False;False;False;True;False
2025-11-08 23:00:00;2612.03175;5.7;False;False;False;False;True;False;False;False;False;False;True;False
2025-11-09 00:00:00;2176.9145;5.5;False;False;False;False;False;True;False;False;False;False;False;True
2025-11-09 01:00:00;1098.0572499999998;5.7;False;False;False;False;False;True;False;False;False;False;False;True
2025-11-09 02:00:00;952.5735;5.6;False;False;False;False;False;True;False;False;False;False;False;True
2025-11-09 03:00:00;942.3965;5.4;False;False;False;False;False;True;False;False;False;False;False;True
2025-11-09 04:00:00;3360.96425;5.2;False;False;False;False;False;True;False;False;False;False;False;True
2025-11-09 05:00:00;1347.391;5.2;False;False;False;False;False;True;False;False;False;False;False;True
2025-11-09 06:00:00;1742.46025;5.2;False;False;False;False;False;True;False;False;False;False;False;True
2025-11-09 07:00:00;1928.78625;4.8;False;False;False;False;False;True;False;False;False;False;False;True
2025-11-09 08:00:00;1585.8757500000002;4.8;False;False;False;False;False;True;False;False;False;False;False;True
2025-11-09 09:00:00;1904.635;5.0;False;False;False;False;False;True;False;False;False;False;False;True
2025-11-09 10:00:00;3420.509;5.4;False;False;False;False;False;True;False;False;False;False;False;True
2025-11-09 11:00:00;2788.0875;5.7;False;False;False;False;False;True;False;False;False;False;False;True
2025-11-09 12:00:00;3176.0495;5.4;False;False;False;False;False;True;False;False;False;False;False;True
2025-11-09 13:00:00;1961.56225;5.1;False;False;False;False;False;True;False;False;False;False;False;True
2025-11-09 14:00:00;1635.665;4.8;False;False;False;False;False;True;False;False;False;False;False;True
2025-11-09 15:00:00;1297.253;4.6;False;False;False;False;False;True;False;False;False;False;False;True
2025-11-09 16:00:00;3508.7442499999997;4.3;False;False;False;False;False;True;False;False;False;False;False;True
2025-11-09 17:00:00;1214.125;4.2;False;False;False;False;False;True;False;False;False;False;False;True
2025-11-09 18:00:00;1333.04375;4.2;False;False;False;False;False;True;False;False;False;False;False;True
2025-11-09 19:00:00;845.79575;4.3;False;False;False;False;False;True;False;False;False;False;False;True
2025-11-09 20:00:00;1774.1865;4.3;False;False;False;False;False;True;False;False;False;False;False;True
2025-11-09 21:00:00;3662.04375;4.2;False;False;False;False;False;True;False;False;False;False;False;True
2025-11-09 22:00:00;1915.385;4.2;False;False;False;False;False;True;False;False;False;False;False;True
2025-11-09 23:00:00;1984.4405000000002;4.2;False;False;False;False;False;True;False;False;False;False;False;True
2025-11-10 00:00:00;1532.28575;4.1;False;False;False;False;False;False;False;False;False;False;False;False
2025-11-10 01:00:00;2183.58925;4.0;False;False;False;False;False;False;False;False;False;False;False;False
2025-11-10 02:00:00;1636.0952499999999;4.0;False;False;False;False;False;False;False;False;False;False;False;False
2025-11-10 03:00:00;1589.4605000000001;4.0;False;False;False;False;False;False;False;False;False;False;False;False
2025-11-10 04:00:00;1156.90275;4.1;False;False;False;False;False;False;False;False;False;False;False;False
2025-11-10 05:00:00;1269.6547500000001;4.1;False;False;False;False;False;False;False;False;False;False;False;False
2025-11-10 06:00:00;1140.9502499999999;4.2;False;False;False;False;False;False;False;False;False;False;False;False
2025-11-10 07:00:00;1162.0535;4.3;False;False;False;False;False;False;False;False;False;False;False;False
2025-11-10 08:00:00;766.3375;4.5;False;False;False;False;False;False;False;False;False;False;False;False
2025-11-10 09:00:00;1684.8719999999998;4.8;False;False;False;False;False;False;False;False;False;False;False;False
2025-11-10 10:00:00;1720.61125;5.0;False;False;False;False;False;False;False;False;False;False;False;False
2025-11-10 11:00:00;1389.09725;5.2;False;False;False;False;False;False;False;False;False;False;False;False
2025-11-10 12:00:00;1495.86175;5.3;False;False;False;False;False;False;False;False;False;False;False;False
2025-11-10 13:00:00;1982.37075;5.6;False;False;False;False;False;False;False;False;False;False;False;False
2025-11-10 14:00:00;1972.92075;5.7;False;False;False;False;False;False;False;False;False;False;False;False
2025-11-10 15:00:00;2418.65975;5.6;False;False;False;False;False;False;False;False;False;False;False;False
2025-11-10 16:00:00;3491.14975;5.6;False;False;False;False;False;False;False;False;False;False;False;False
2025-11-10 17:00:00;2373.57525;5.3;False;False;False;False;False;False;False;False;False;False;False;False
2025-11-10 18:00:00;2732.889;5.3;False;False;False;False;False;False;False;False;False;False;False;False
2025-11-10 19:00:00;2264.629;5.2;False;False;False;False;False;False;False;False;False;False;False;False
2025-11-10 20:00:00;2339.105;5.1;False;False;False;False;False;False;False;False;False;False;False;False
2025-11-10 21:00:00;2406.12675;4.7;False;False;False;False;False;False;False;False;False;False;False;False
2025-11-10 22:00:00;1193.3035;4.2;False;False;False;False;False;False;False;False;False;False;False;False
2025-11-10 23:00:00;1038.77775;3.5;False;False;False;False;False;False;False;False;False;False;False;False
2025-11-11 00:00:00;1406.5832500000001;3.5;True;False;False;False;False;False;True;False;False;False;False;False
2025-11-11 01:00:00;1159.0237499999998;2.8;True;False;False;False;False;False;True;False;False;False;False;False
2025-11-11 02:00:00;1114.143;3.5;True;False;False;False;False;False;True;False;False;False;False;False
2025-11-11 03:00:00;1444.17675;3.5;True;False;False;False;False;False;True;False;False;False;False;False
2025-11-11 04:00:00;2064.3115;3.5;True;False;False;False;False;False;True;False;False;False;False;False
2025-11-11 05:00:00;1708.0140000000001;3.6;True;False;False;False;False;False;True;False;False;False;False;False
2025-11-11 06:00:00;1597.31775;3.6;True;False;False;False;False;False;True;False;False;False;False;False
2025-11-11 07:00:00;1393.9940000000001;3.4;True;False;False;False;False;False;True;False;False;False;False;False
2025-11-11 08:00:00;1456.913;3.3;True;False;False;False;False;False;True;False;False;False;False;False
2025-11-11 09:00:00;1752.258;3.4;True;False;False;False;False;False;True;False;False;False;False;False
2025-11-11 10:00:00;1799.80175;3.4;True;False;False;False;False;False;True;False;False;False;False;False
2025-11-11 11:00:00;2156.47175;3.5;True;False;False;False;False;False;True;False;False;False;False;False
2025-11-11 12:00:00;1876.358;3.5;True;False;False;False;False;False;True;False;False;False;False;False
2025-11-11 13:00:00;2567.91975;3.7;True;False;False;False;False;False;True;False;False;False;False;False
2025-11-11 14:00:00;1903.54675;4.1;True;False;False;False;False;False;True;False;False;False;False;False
2025-11-11 15:00:00;1721.90975;4.4;True;False;False;False;False;False;True;False;False;False;False;False
2025-11-11 16:00:00;1292.83225;4.6;True;False;False;False;False;False;True;False;False;False;False;False
2025-11-11 17:00:00;2190.0615;4.5;True;False;False;False;False;False;True;False;False;False;False;False
2025-11-11 18:00:00;3437.47425;4.2;True;False;False;False;False;False;True;False;False;False;False;False
2025-11-11 19:00:00;3682.7975;3.8;True;False;False;False;False;False;True;False;False;False;False;False
2025-11-11 20:00:00;5093.74;4.2;True;False;False;False;False;False;True;False;False;False;False;False
2025-11-11 21:00:00;4808.5395;3.7;True;False;False;False;False;False;True;False;False;False;False;False
2025-11-11 22:00:00;2722.54975;4.1;True;False;False;False;False;False;True;False;False;False;False;False
2025-11-11 23:00:00;2205.0355;4.1;True;False;False;False;False;False;True;False;False;False;False;False
2025-11-12 00:00:00;2152.5695;4.1;False;True;False;False;False;False;False;True;False;False;False;False
2025-11-12 01:00:00;2232.875;3.5;False;True;False;False;False;False;False;True;False;False;False;False
2025-11-12 02:00:00;4055.0;2.7;False;True;False;False;False;False;False;True;False;False;False;False
2025-11-12 03:00:00;1994.611;1.8;False;True;False;False;False;False;False;True;False;False;False;False
2025-11-12 04:00:00;2151.264;1.8;False;True;False;False;False;False;False;True;False;False;False;False
2025-11-12 05:00:00;1440.008;2.2;False;True;False;False;False;False;False;True;False;False;False;False
2025-11-12 06:00:00;1093.95025;2.2;False;True;False;False;False;False;False;True;False;False;False;False
2025-11-12 07:00:00;560.98425;2.2;False;True;False;False;False;False;False;True;False;False;False;False
2025-11-12 08:00:00;1160.1837500000001;2.8;False;True;False;False;False;False;False;True;False;False;False;False
2025-11-12 09:00:00;4423.57425;3.8;False;True;False;False;False;False;False;True;False;False;False;False
2025-11-12 10:00:00;1756.27575;4.4;False;True;False;False;False;False;False;True;False;False;False;False
2025-11-12 11:00:00;1512.6875;5.2;False;True;False;False;False;False;False;True;False;False;False;False
2025-11-12 12:00:00;2258.6875;6.7;False;True;False;False;False;False;False;True;False;False;False;False
2025-11-12 13:00:00;1811.8944999999999;7.1;False;True;False;False;False;False;False;True;False;False;False;False
2025-11-12 14:00:00;1413.13425;6.8;False;True;False;False;False;False;False;True;False;False;False;False
2025-11-12 15:00:00;2287.359;6.2;False;True;False;False;False;False;False;True;False;False;False;False
2025-11-12 16:00:00;2005.75225;4.8;False;True;False;False;False;False;False;True;False;False;False;False
2025-11-12 17:00:00;2186.12475;4.1;False;True;False;False;False;False;False;True;False;False;False;False
2025-11-12 18:00:00;2035.1107499999998;4.0;False;True;False;False;False;False;False;True;False;False;False;False
2025-11-12 19:00:00;2116.8795;4.6;False;True;False;False;False;False;False;True;False;False;False;False
2025-11-12 20:00:00;2321.10725;3.9;False;True;False;False;False;False;False;True;False;False;False;False
2025-11-12 21:00:00;2410.58725;3.7;False;True;False;False;False;False;False;True;False;False;False;False
2025-11-12 22:00:00;1892.1725000000001;3.7;False;True;False;False;False;False;False;True;False;False;False;False
2025-11-12 23:00:00;1467.09725;3.5;False;True;False;False;False;False;False;True;False;False;False;False
2025-11-13 00:00:00;1343.3690000000001;3.5;False;False;True;False;False;False;False;False;True;False;False;False
2025-11-13 01:00:00;1153.9070000000002;3.8;False;False;True;False;False;False;False;False;True;False;False;False
2025-11-13 02:00:00;1103.127;3.7;False;False;True;False;False;False;False;False;True;False;False;False
2025-11-13 03:00:00;1102.625;3.5;False;False;True;False;False;False;False;False;True;False;False;False
2025-11-13 04:00:00;1469.141;3.6;False;False;True;False;False;False;False;False;True;False;False;False
2025-11-13 05:00:00;1778.026;3.2;False;False;True;False;False;False;False;False;True;False;False;False
2025-11-13 06:00:00;1397.5;3.0;False;False;True;False;False;False;False;False;True;False;False;False
2025-11-13 07:00:00;1133.14675;2.7;False;False;True;False;False;False;False;False;True;False;False;False
2025-11-13 08:00:00;1674.241;3.3;False;False;True;False;False;False;False;False;True;False;False;False
2025-11-13 09:00:00;2866.567;5.1;False;False;True;False;False;False;False;False;True;False;False;False
2025-11-13 10:00:00;1239.625;7.2;False;False;True;False;False;False;False;False;True;False;False;False
2025-11-13 11:00:00;1423.1505000000002;8.1;False;False;True;False;False;False;False;False;True;False;False;False
2025-11-13 12:00:00;1247.79925;9.0;False;False;True;False;False;False;False;False;True;False;False;False
2025-11-13 13:00:00;1217.3754999999999;7.8;False;False;True;False;False;False;False;False;True;False;False;False
2025-11-13 14:00:00;1315.6485;7.5;False;False;True;False;False;False;False;False;True;False;False;False
2025-11-13 15:00:00;1193.69;6.8;False;False;True;False;False;False;False;False;True;False;False;False
2025-11-13 16:00:00;1584.0104999999999;5.9;False;False;True;False;False;False;False;False;True;False;False;False
2025-11-13 17:00:00;1592.12675;5.7;False;False;True;False;False;False;False;False;True;False;False;False
2025-11-13 18:00:00;2455.3305;5.8;False;False;True;False;False;False;False;False;True;False;False;False
2025-11-13 19:00:00;1972.1815000000001;5.7;False;False;True;False;False;False;False;False;True;False;False;False
2025-11-13 20:00:00;2022.01975;5.6;False;False;True;False;False;False;False;False;True;False;False;False
2025-11-13 21:00:00;1984.274;5.8;False;False;True;False;False;False;False;False;True;False;False;False
2025-11-13 22:00:00;1983.3632499999999;5.7;False;False;True;False;False;False;False;False;True;False;False;False
2025-11-13 23:00:00;1397.359;5.8;False;False;True;False;False;False;False;False;True;False;False;False
2025-11-14 00:00:00;1338.70425;5.8;False;False;False;True;False;False;False;False;False;True;False;False
2025-11-14 01:00:00;1345.351;5.8;False;False;False;True;False;False;False;False;False;True;False;False
2025-11-14 02:00:00;1749.25;5.7;False;False;False;True;False;False;False;False;False;True;False;False
2025-11-14 03:00:00;1714.04375;5.3;False;False;False;True;False;False;False;False;False;True;False;False
2025-11-14 04:00:00;1349.8890000000001;5.4;False;False;False;True;False;False;False;False;False;True;False;False
2025-11-14 05:00:00;1357.1287499999999;5.4;False;False;False;True;False;False;False;False;False;True;False;False
2025-11-14 06:00:00;1270.1844999999998;6.3;False;False;False;True;False;False;False;False;False;True;False;False
2025-11-14 07:00:00;398.91025;6.2;False;False;False;True;False;False;False;False;False;True;False;False
2025-11-14 08:00:00;957.13925;6.0;False;False;False;True;False;False;False;False;False;True;False;False
2025-11-14 09:00:00;942.10925;7.3;False;False;False;True;False;False;False;False;False;True;False;False
2025-11-14 10:00:00;1448.256;9.1;False;False;False;True;False;False;False;False;False;True;False;False
2025-11-14 11:00:00;1543.3580000000002;9.9;False;False;False;True;False;False;False;False;False;True;False;False
2025-11-14 12:00:00;626.2452499999999;10.9;False;False;False;True;False;False;False;False;False;True;False;False
2025-11-14 13:00:00;2151.44175;9.4;False;False;False;True;False;False;False;False;False;True;False;False
2025-11-14 14:00:00;1180.1585;8.8;False;False;False;True;False;False;False;False;False;True;False;False
2025-11-14 15:00:00;1080.59325;8.1;False;False;False;True;False;False;False;False;False;True;False;False
2025-11-14 16:00:00;1920.4033125;6.6;False;False;False;True;False;False;False;False;False;True;False;False
2025-11-14 17:00:00;2760.2133750000003;5.6;False;False;False;True;False;False;False;False;False;True;False;False
2025-11-14 18:00:00;3600.0234375000005;4.8;False;False;False;True;False;False;False;False;False;True;False;False
2025-11-14 19:00:00;4439.833500000001;3.8;False;False;False;True;False;False;False;False;False;True;False;False
2025-11-14 20:00:00;2991.784;3.5;False;False;False;True;False;False;False;False;False;True;False;False
2025-11-14 21:00:00;2595.498;3.2;False;False;False;True;False;False;False;False;False;True;False;False
2025-11-14 22:00:00;1951.90675;3.2;False;False;False;True;False;False;False;False;False;True;False;False
2025-11-14 23:00:00;1708.373;3.5;False;False;False;True;False;False;False;False;False;True;False;False
2025-11-15 00:00:00;2633.27;3.5;False;False;False;False;True;False;False;False;False;False;True;False
2025-11-15 01:00:00;2070.17475;3.5;False;False;False;False;True;False;False;False;False;False;True;False
2025-11-15 02:00:00;1864.4167499999999;3.8;False;False;False;False;True;False;False;False;False;False;True;False
2025-11-15 03:00:00;1616.5394999999999;4.0;False;False;False;False;True;False;False;False;False;False;True;False
2025-11-15 04:00:00;1594.4225000000001;4.8;False;False;False;False;True;False;False;False;False;False;True;False
2025-11-15 05:00:00;1510.002;4.8;False;False;False;False;True;False;False;False;False;False;True;False
2025-11-15 06:00:00;1025.1805;5.0;False;False;False;False;True;False;False;False;False;False;True;False
2025-11-15 07:00:00;1944.28025;5.1;False;False;False;False;True;False;False;False;False;False;True;False
2025-11-15 08:00:00;2480.4325;5.2;False;False;False;False;True;False;False;False;False;False;True;False
2025-11-15 09:00:00;1430.03325;6.4;False;False;False;False;True;False;False;False;False;False;True;False
2025-11-15 10:00:00;1493.20825;7.9;False;False;False;False;True;False;False;False;False;False;True;False
2025-11-15 11:00:00;1652.34725;8.5;False;False;False;False;True;False;False;False;False;False;True;False
2025-11-15 12:00:00;2492.374;8.6;False;False;False;False;True;False;False;False;False;False;True;False
2025-11-15 13:00:00;1389.84525;8.8;False;False;False;False;True;False;False;False;False;False;True;False
2025-11-15 14:00:00;2128.26625;9.0;False;False;False;False;True;False;False;False;False;False;True;False
2025-11-15 15:00:00;1013.122;8.2;False;False;False;False;True;False;False;False;False;False;True;False
2025-11-15 16:00:00;1019.6895000000001;6.6;False;False;False;False;True;False;False;False;False;False;True;False
2025-11-15 17:00:00;1012.3315;5.7;False;False;False;False;True;False;False;False;False;False;True;False
2025-11-15 18:00:00;769.71825;5.1;False;False;False;False;True;False;False;False;False;False;True;False
2025-11-15 19:00:00;1530.14875;5.2;False;False;False;False;True;False;False;False;False;False;True;False
2025-11-15 20:00:00;3827.42875;6.0;False;False;False;False;True;False;False;False;False;False;True;False
2025-11-15 21:00:00;1515.8274999999999;5.8;False;False;False;False;True;False;False;False;False;False;True;False
2025-11-15 22:00:00;1517.45625;5.3;False;False;False;False;True;False;False;False;False;False;True;False
2025-11-15 23:00:00;1191.1109999999999;5.2;False;False;False;False;True;False;False;False;False;False;True;False
2025-11-16 00:00:00;1960.0320000000002;4.8;False;False;False;False;False;True;False;False;False;False;False;True
2025-11-16 01:00:00;3652.32525;4.6;False;False;False;False;False;True;False;False;False;False;False;True
2025-11-16 02:00:00;1917.31775;4.8;False;False;False;False;False;True;False;False;False;False;False;True
2025-11-16 03:00:00;1412.53975;4.4;False;False;False;False;False;True;False;False;False;False;False;True
2025-11-16 04:00:00;1580.5237499999998;3.8;False;False;False;False;False;True;False;False;False;False;False;True
2025-11-16 05:00:00;1524.84725;3.6;False;False;False;False;False;True;False;False;False;False;False;True
2025-11-16 06:00:00;1537.2640000000001;3.6;False;False;False;False;False;True;False;False;False;False;False;True
2025-11-16 07:00:00;1531.03125;3.5;False;False;False;False;False;True;False;False;False;False;False;True
2025-11-16 08:00:00;1168.558;3.7;False;False;False;False;False;True;False;False;False;False;False;True
2025-11-16 09:00:00;1466.304;3.8;False;False;False;False;False;True;False;False;False;False;False;True
2025-11-16 10:00:00;1707.06;4.1;False;False;False;False;False;True;False;False;False;False;False;True
2025-11-16 11:00:00;1713.7345;4.6;False;False;False;False;False;True;False;False;False;False;False;True
2025-11-16 12:00:00;1215.17075;5.1;False;False;False;False;False;True;False;False;False;False;False;True
2025-11-16 13:00:00;2556.2225;4.7;False;False;False;False;False;True;False;False;False;False;False;True
2025-11-16 14:00:00;1378.656;4.8;False;False;False;False;False;True;False;False;False;False;False;True
2025-11-16 15:00:00;1359.83475;4.6;False;False;False;False;False;True;False;False;False;False;False;True
2025-11-16 16:00:00;464.46975;3.9;False;False;False;False;False;True;False;False;False;False;False;True
2025-11-16 17:00:00;664.389;3.8;False;False;False;False;False;True;False;False;False;False;False;True
2025-11-16 18:00:00;613.0;3.6;False;False;False;False;False;True;False;False;False;False;False;True
2025-11-16 19:00:00;3957.039666666667;3.5;False;False;False;False;False;True;False;False;False;False;False;True
2025-11-16 20:00:00;3931.9485;4.1;False;False;False;False;False;True;False;False;False;False;False;True
2025-11-16 21:00:00;3707.89275;4.5;False;False;False;False;False;True;False;False;False;False;False;True
2025-11-16 22:00:00;1606.5752499999999;4.7;False;False;False;False;False;True;False;False;False;False;False;True
2025-11-16 23:00:00;1344.1965;4.4;False;False;False;False;False;True;False;False;False;False;False;True
2025-11-17 00:00:00;1488.9525;4.0;False;False;False;False;False;False;False;False;False;False;False;False
2025-11-17 01:00:00;1380.6665;4.6;False;False;False;False;False;False;False;False;False;False;False;False
2025-11-17 02:00:00;1198.17675;5.0;False;False;False;False;False;False;False;False;False;False;False;False
2025-11-17 03:00:00;1093.39275;5.1;False;False;False;False;False;False;False;False;False;False;False;False
2025-11-17 04:00:00;1034.25;4.2;False;False;False;False;False;False;False;False;False;False;False;False
2025-11-17 05:00:00;937.25;3.2;False;False;False;False;False;False;False;False;False;False;False;False
2025-11-17 06:00:00;1780.96625;2.2;False;False;False;False;False;False;False;False;False;False;False;False
2025-11-17 07:00:00;2864.53775;1.2;False;False;False;False;False;False;False;False;False;False;False;False
2025-11-17 08:00:00;470.17875000000004;0.8;False;False;False;False;False;False;False;False;False;False;False;False
2025-11-17 09:00:00;1217.23;0.3;False;False;False;False;False;False;False;False;False;False;False;False
2025-11-17 10:00:00;6088.792;-0.1;False;False;False;False;False;False;False;False;False;False;False;False
2025-11-17 11:00:00;4680.54925;-0.2;False;False;False;False;False;False;False;False;False;False;False;False
2025-11-17 12:00:00;2760.50675;0.0;False;False;False;False;False;False;False;False;False;False;False;False
2025-11-17 13:00:00;3073.38675;-0.1;False;False;False;False;False;False;False;False;False;False;False;False
2025-11-17 14:00:00;2520.1295;-0.1;False;False;False;False;False;False;False;False;False;False;False;False
2025-11-17 15:00:00;1783.4865;0.3;False;False;False;False;False;False;False;False;False;False;False;False
2025-11-17 16:00:00;4807.85125;0.2;False;False;False;False;False;False;False;False;False;False;False;False
2025-11-17 17:00:00;3504.268;0.1;False;False;False;False;False;False;False;False;False;False;False;False
2025-11-17 18:00:00;3545.9545;-0.1;False;False;False;False;False;False;False;False;False;False;False;False
2025-11-17 19:00:00;2481.26775;-0.7;False;False;False;False;False;False;False;False;False;False;False;False
2025-11-17 20:00:00;2921.4605;-1.1;False;False;False;False;False;False;False;False;False;False;False;False
2025-11-17 21:00:00;1813.4073333333333;-1.0;False;False;False;False;False;False;False;False;False;False;False;False
2025-11-17 22:00:00;2711.756;-1.2;False;False;False;False;False;False;False;False;False;False;False;False
2025-11-17 23:00:00;3819.65675;-1.4;False;False;False;False;False;False;False;False;False;False;False;False
2025-11-18 00:00:00;2750.90075;-1.6;True;False;False;False;False;False;True;False;False;False;False;False
2025-11-18 01:00:00;1753.4605000000001;-1.6;True;False;False;False;False;False;True;False;False;False;False;False
2025-11-18 02:00:00;1691.3215;-2.1;True;False;False;False;False;False;True;False;False;False;False;False
2025-11-18 03:00:00;1223.0475000000001;-2.2;True;False;False;False;False;False;True;False;False;False;False;False
2025-11-18 04:00:00;2030.76575;-2.0;True;False;False;False;False;False;True;False;False;False;False;False
2025-11-18 05:00:00;2134.77775;-2.2;True;False;False;False;False;False;True;False;False;False;False;False
2025-11-18 06:00:00;2257.40275;-2.4;True;False;False;False;False;False;True;False;False;False;False;False
2025-11-18 07:00:00;2093.78175;-2.2;True;False;False;False;False;False;True;False;False;False;False;False
2025-11-18 08:00:00;1669.8715000000002;-2.5;True;False;False;False;False;False;True;False;False;False;False;False
2025-11-18 09:00:00;2349.85;-2.0;True;False;False;False;False;False;True;False;False;False;False;False
2025-11-18 10:00:00;2769.5099999999998;-1.5;True;False;False;False;False;False;True;False;False;False;False;False
2025-11-18 11:00:00;2727.70525;-0.6;True;False;False;False;False;False;True;False;False;False;False;False
2025-11-18 12:00:00;2775.71775;-0.3;True;False;False;False;False;False;True;False;False;False;False;False
2025-11-18 13:00:00;2459.26525;-0.4;True;False;False;False;False;False;True;False;False;False;False;False
2025-11-18 14:00:00;2172.97325;0.0;True;False;False;False;False;False;True;False;False;False;False;False
2025-11-18 15:00:00;1717.35275;0.2;True;False;False;False;False;False;True;False;False;False;False;False
2025-11-18 16:00:00;1658.02675;-0.2;True;False;False;False;False;False;True;False;False;False;False;False
2025-11-18 17:00:00;1773.0394999999999;-0.7;True;False;False;False;False;False;True;False;False;False;False;False
2025-11-18 18:00:00;2514.4505;-1.0;True;False;False;False;False;False;True;False;False;False;False;False
2025-11-18 19:00:00;2415.2005;-1.5;True;False;False;False;False;False;True;False;False;False;False;False
2025-11-18 20:00:00;5446.8275;-1.8;True;False;False;False;False;False;True;False;False;False;False;False
2025-11-18 21:00:00;4440.367;-2.5;True;False;False;False;False;False;True;False;False;False;False;False
2025-11-18 22:00:00;3204.3295;-2.6;True;False;False;False;False;False;True;False;False;False;False;False
2025-11-18 23:00:00;3021.79175;-3.0;True;False;False;False;False;False;True;False;False;False;False;False
2025-11-19 00:00:00;2243.32325;-3.0;False;True;False;False;False;False;False;True;False;False;False;False
2025-11-19 01:00:00;2429.4385;-3.4;False;True;False;False;False;False;False;True;False;False;False;False
2025-11-19 02:00:00;1645.9782500000001;-3.5;False;True;False;False;False;False;False;True;False;False;False;False
2025-11-19 03:00:00;2148.22625;-3.7;False;True;False;False;False;False;False;True;False;False;False;False
2025-11-19 04:00:00;1538.48025;-4.1;False;True;False;False;False;False;False;True;False;False;False;False
2025-11-19 05:00:00;1700.59725;-4.3;False;True;False;False;False;False;False;True;False;False;False;False
2025-11-19 06:00:00;2280.1825;-4.4;False;True;False;False;False;False;False;True;False;False;False;False
2025-11-19 07:00:00;2386.77975;-4.2;False;True;False;False;False;False;False;True;False;False;False;False
2025-11-19 08:00:00;1040.90375;-3.9;False;True;False;False;False;False;False;True;False;False;False;False
2025-11-19 09:00:00;2769.50475;-3.5;False;True;False;False;False;False;False;True;False;False;False;False
2025-11-19 10:00:00;2374.42825;-3.0;False;True;False;False;False;False;False;True;False;False;False;False
2025-11-19 11:00:00;2921.15875;-2.3;False;True;False;False;False;False;False;True;False;False;False;False
2025-11-19 12:00:00;2411.5119999999997;-1.7;False;True;False;False;False;False;False;True;False;False;False;False
2025-11-19 13:00:00;1660.84825;-1.5;False;True;False;False;False;False;False;True;False;False;False;False
2025-11-19 14:00:00;2503.848;-0.9;False;True;False;False;False;False;False;True;False;False;False;False
2025-11-19 15:00:00;1209.989;-0.9;False;True;False;False;False;False;False;True;False;False;False;False
2025-11-19 16:00:00;1128.1055000000001;-1.2;False;True;False;False;False;False;False;True;False;False;False;False
2025-11-19 17:00:00;1241.4325;-1.6;False;True;False;False;False;False;False;True;False;False;False;False
2025-11-19 18:00:00;3961.74625;-2.5;False;True;False;False;False;False;False;True;False;False;False;False
2025-11-19 19:00:00;3978.42875;-2.7;False;True;False;False;False;False;False;True;False;False;False;False
2025-11-19 20:00:00;3105.117;-3.3;False;True;False;False;False;False;False;True;False;False;False;False
2025-11-19 21:00:00;3975.8135;-3.3;False;True;False;False;False;False;False;True;False;False;False;False
2025-11-19 22:00:00;2372.16075;-3.3;False;True;False;False;False;False;False;True;False;False;False;False
2025-11-19 23:00:00;2427.7934999999998;-3.2;False;True;False;False;False;False;False;True;False;False;False;False
2025-11-20 00:00:00;1839.53575;-3.0;False;False;True;False;False;False;False;False;True;False;False;False
2025-11-20 01:00:00;1814.492;-3.2;False;False;True;False;False;False;False;False;True;False;False;False
2025-11-20 02:00:00;2248.4045;-3.1;False;False;True;False;False;False;False;False;True;False;False;False
2025-11-20 03:00:00;1316.375;-3.0;False;False;True;False;False;False;False;False;True;False;False;False
2025-11-20 04:00:00;2845.85525;-2.8;False;False;True;False;False;False;False;False;True;False;False;False
2025-11-20 05:00:00;2580.474;-2.7;False;False;True;False;False;False;False;False;True;False;False;False
2025-11-20 06:00:00;1758.4167499999999;-2.5;False;False;True;False;False;False;False;False;True;False;False;False
2025-11-20 07:00:00;1866.3175;-2.8;False;False;True;False;False;False;False;False;True;False;False;False
2025-11-20 08:00:00;1840.8690000000001;-2.9;False;False;True;False;False;False;False;False;True;False;False;False
2025-11-20 09:00:00;1746.7165;-2.3;False;False;True;False;False;False;False;False;True;False;False;False
2025-11-20 10:00:00;2356.34625;-2.2;False;False;True;False;False;False;False;False;True;False;False;False
2025-11-20 11:00:00;2770.708;-1.7;False;False;True;False;False;False;False;False;True;False;False;False
2025-11-20 12:00:00;3302.2995;-1.5;False;False;True;False;False;False;False;False;True;False;False;False
2025-11-20 13:00:00;3044.691;-1.2;False;False;True;False;False;False;False;False;True;False;False;False
2025-11-20 14:00:00;2334.6605;-0.9;False;False;True;False;False;False;False;False;True;False;False;False
2025-11-20 15:00:00;2792.6445;-0.8;False;False;True;False;False;False;False;False;True;False;False;False
2025-11-20 16:00:00;3254.6845000000003;-1.3;False;False;True;False;False;False;False;False;True;False;False;False
2025-11-20 17:00:00;2309.4525;-1.4;False;False;True;False;False;False;False;False;True;False;False;False
2025-11-20 18:00:00;1901.8252499999999;-1.7;False;False;True;False;False;False;False;False;True;False;False;False
2025-11-20 19:00:00;3543.12325;-2.7;False;False;True;False;False;False;False;False;True;False;False;False
2025-11-20 20:00:00;3979.1925;-3.4;False;False;True;False;False;False;False;False;True;False;False;False
2025-11-20 21:00:00;3205.002;-3.7;False;False;True;False;False;False;False;False;True;False;False;False
2025-11-20 22:00:00;3927.8055;-3.2;False;False;True;False;False;False;False;False;True;False;False;False
2025-11-20 23:00:00;3505.03375;-3.3;False;False;True;False;False;False;False;False;True;False;False;False
2025-11-21 00:00:00;3517.9225;-3.8;False;False;False;True;False;False;False;False;False;True;False;False
2025-11-21 01:00:00;3579.1645;-4.1;False;False;False;True;False;False;False;False;False;True;False;False
2025-11-21 02:00:00;3428.65675;-4.5;False;False;False;True;False;False;False;False;False;True;False;False
2025-11-21 03:00:00;2756.41875;-5.1;False;False;False;True;False;False;False;False;False;True;False;False
2025-11-21 04:00:00;3625.232;-5.3;False;False;False;True;False;False;False;False;False;True;False;False
2025-11-21 05:00:00;3693.11325;-5.8;False;False;False;True;False;False;False;False;False;True;False;False
2025-11-21 06:00:00;3764.3827499999998;-6.4;False;False;False;True;False;False;False;False;False;True;False;False
2025-11-21 07:00:00;3949.3395;-7.1;False;False;False;True;False;False;False;False;False;True;False;False
2025-11-21 08:00:00;795.4835;-7.0;False;False;False;True;False;False;False;False;False;True;False;False
2025-11-21 09:00:00;3268.746;-5.2;False;False;False;True;False;False;False;False;False;True;False;False
2025-11-21 10:00:00;2456.4995;-4.2;False;False;False;True;False;False;False;False;False;True;False;False
2025-11-21 11:00:00;3012.9875;-3.6;False;False;False;True;False;False;False;False;False;True;False;False
2025-11-21 12:00:00;2580.416;-3.3;False;False;False;True;False;False;False;False;False;True;False;False
2025-11-21 13:00:00;3245.6372499999998;-3.4;False;False;False;True;False;False;False;False;False;True;False;False
2025-11-21 14:00:00;3226.8395;-3.8;False;False;False;True;False;False;False;False;False;True;False;False
2025-11-21 15:00:00;4690.061;-4.2;False;False;False;True;False;False;False;False;False;True;False;False
2025-11-21 16:00:00;2967.6885;-5.1;False;False;False;True;False;False;False;False;False;True;False;False
2025-11-21 17:00:00;1704.90075;-5.4;False;False;False;True;False;False;False;False;False;True;False;False
2025-11-21 18:00:00;1489.2420000000002;-5.5;False;False;False;True;False;False;False;False;False;True;False;False
2025-11-21 19:00:00;4025.16275;-4.8;False;False;False;True;False;False;False;False;False;True;False;False
2025-11-21 20:00:00;3991.4385;-4.9;False;False;False;True;False;False;False;False;False;True;False;False
2025-11-21 21:00:00;3808.74825;-5.1;False;False;False;True;False;False;False;False;False;True;False;False
2025-11-21 22:00:00;3942.44825;-5.0;False;False;False;True;False;False;False;False;False;True;False;False
2025-11-21 23:00:00;3877.6885;-5.0;False;False;False;True;False;False;False;False;False;True;False;False
2025-11-22 00:00:00;4043.5335;-5.1;False;False;False;False;True;False;False;False;False;False;True;False
2025-11-22 01:00:00;2958.9145;-4.9;False;False;False;False;True;False;False;False;False;False;True;False
2025-11-22 02:00:00;3017.756;-4.9;False;False;False;False;True;False;False;False;False;False;True;False
2025-11-22 03:00:00;2604.89675;-5.1;False;False;False;False;True;False;False;False;False;False;True;False
2025-11-22 04:00:00;2955.16075;-5.2;False;False;False;False;True;False;False;False;False;False;True;False
2025-11-22 05:00:00;3538.77975;-5.3;False;False;False;False;True;False;False;False;False;False;True;False
2025-11-22 06:00:00;3118.494;-5.3;False;False;False;False;True;False;False;False;False;False;True;False
2025-11-22 07:00:00;2610.30175;-5.7;False;False;False;False;True;False;False;False;False;False;True;False
2025-11-22 08:00:00;4011.3075;-5.6;False;False;False;False;True;False;False;False;False;False;True;False
2025-11-22 09:00:00;3304.0445;-5.7;False;False;False;False;True;False;False;False;False;False;True;False
2025-11-22 10:00:00;3455.303;-4.9;False;False;False;False;True;False;False;False;False;False;True;False
2025-11-22 11:00:00;4007.27475;-4.2;False;False;False;False;True;False;False;False;False;False;True;False
2025-11-22 12:00:00;4328.944750000001;-3.8;False;False;False;False;True;False;False;False;False;False;True;False
2025-11-22 13:00:00;3751.7625;-4.5;False;False;False;False;True;False;False;False;False;False;True;False
2025-11-22 14:00:00;3580.80775;-4.4;False;False;False;False;True;False;False;False;False;False;True;False
2025-11-22 15:00:00;3285.5535;-4.8;False;False;False;False;True;False;False;False;False;False;True;False
2025-11-22 16:00:00;3401.9627499999997;-6.6;False;False;False;False;True;False;False;False;False;False;True;False
2025-11-22 17:00:00;3809.232;-8.4;False;False;False;False;True;False;False;False;False;False;True;False
2025-11-22 18:00:00;3004.0190000000002;-9.3;False;False;False;False;True;False;False;False;False;False;True;False
2025-11-22 19:00:00;3853.9225;-8.6;False;False;False;False;True;False;False;False;False;False;True;False
2025-11-22 20:00:00;5030.02575;-10.1;False;False;False;False;True;False;False;False;False;False;True;False
2025-11-22 21:00:00;5939.92875;-10.8;False;False;False;False;True;False;False;False;False;False;True;False
2025-11-22 22:00:00;5130.3085;-11.4;False;False;False;False;True;False;False;False;False;False;True;False
2025-11-22 23:00:00;4561.7145;-11.9;False;False;False;False;True;False;False;False;False;False;True;False
2025-11-23 00:00:00;4228.82025;-11.3;False;False;False;False;False;True;False;False;False;False;False;True
2025-11-23 01:00:00;4310.29725;-10.8;False;False;False;False;False;True;False;False;False;False;False;True
2025-11-23 02:00:00;4131.97725;-11.1;False;False;False;False;False;True;False;False;False;False;False;True
2025-11-23 03:00:00;3880.99825;-10.3;False;False;False;False;False;True;False;False;False;False;False;True
2025-11-23 04:00:00;3944.85375;-9.9;False;False;False;False;False;True;False;False;False;False;False;True
2025-11-23 05:00:00;4022.341;-9.9;False;False;False;False;False;True;False;False;False;False;False;True
2025-11-23 06:00:00;4117.95175;-9.9;False;False;False;False;False;True;False;False;False;False;False;True
2025-11-23 07:00:00;4576.64675;-9.0;False;False;False;False;False;True;False;False;False;False;False;True
2025-11-23 08:00:00;4611.2495;-10.1;False;False;False;False;False;True;False;False;False;False;False;True
2025-11-23 09:00:00;4356.34475;-7.8;False;False;False;False;False;True;False;False;False;False;False;True
2025-11-23 10:00:00;3436.4252500000002;-4.8;False;False;False;False;False;True;False;False;False;False;False;True
2025-11-23 11:00:00;5441.392750000001;-3.8;False;False;False;False;False;True;False;False;False;False;False;True
2025-11-23 12:00:00;4056.5824999999995;-3.8;False;False;False;False;False;True;False;False;False;False;False;True
2025-11-23 13:00:00;4510.1885;-3.5;False;False;False;False;False;True;False;False;False;False;False;True
2025-11-23 14:00:00;3223.9402499999997;-4.4;False;False;False;False;False;True;False;False;False;False;False;True
2025-11-23 15:00:00;2858.7435;-5.4;False;False;False;False;False;True;False;False;False;False;False;True
2025-11-23 16:00:00;2347.03475;-7.6;False;False;False;False;False;True;False;False;False;False;False;True
2025-11-23 17:00:00;1572.11175;-7.9;False;False;False;False;False;True;False;False;False;False;False;True
2025-11-23 18:00:00;860.7429999999999;-7.9;False;False;False;False;False;True;False;False;False;False;False;True
2025-11-23 19:00:00;1773.3885;-7.6;False;False;False;False;False;True;False;False;False;False;False;True
2025-11-23 20:00:00;5126.2685;-8.1;False;False;False;False;False;True;False;False;False;False;False;True
2025-11-23 21:00:00;3957.317;-8.1;False;False;False;False;False;True;False;False;False;False;False;True
2025-11-23 22:00:00;4164.31125;-7.7;False;False;False;False;False;True;False;False;False;False;False;True
2025-11-23 23:00:00;4223.1990000000005;-7.2;False;False;False;False;False;True;False;False;False;False;False;True
2025-11-24 00:00:00;3792.08575;-6.8;False;False;False;False;False;False;False;False;False;False;False;False
2025-11-24 01:00:00;4070.0855;-6.3;False;False;False;False;False;False;False;False;False;False;False;False
2025-11-24 02:00:00;3493.06675;-6.2;False;False;False;False;False;False;False;False;False;False;False;False
2025-11-24 03:00:00;3306.5165;-6.0;False;False;False;False;False;False;False;False;False;False;False;False
2025-11-24 04:00:00;3495.223;-5.8;False;False;False;False;False;False;False;False;False;False;False;False
2025-11-24 05:00:00;3361.21025;-5.2;False;False;False;False;False;False;False;False;False;False;False;False
2025-11-24 06:00:00;3974.3317500000003;-4.9;False;False;False;False;False;False;False;False;False;False;False;False
2025-11-24 07:00:00;3363.15925;-5.2;False;False;False;False;False;False;False;False;False;False;False;False
2025-11-24 08:00:00;3232.1755000000003;-5.2;False;False;False;False;False;False;False;False;False;False;False;False
2025-11-24 09:00:00;3736.96875;-4.8;False;False;False;False;False;False;False;False;False;False;False;False
2025-11-24 10:00:00;3754.91625;-4.2;False;False;False;False;False;False;False;False;False;False;False;False
2025-11-24 11:00:00;3528.7245000000003;-3.6;False;False;False;False;False;False;False;False;False;False;False;False
2025-11-24 12:00:00;4509.5830000000005;-3.0;False;False;False;False;False;False;False;False;False;False;False;False
2025-11-24 13:00:00;4271.3355;-3.0;False;False;False;False;False;False;False;False;False;False;False;False
2025-11-24 14:00:00;3787.4167500000003;-3.0;False;False;False;False;False;False;False;False;False;False;False;False
2025-11-24 15:00:00;5868.25925;-2.9;False;False;False;False;False;False;False;False;False;False;False;False
2025-11-24 16:00:00;5624.65;-3.0;False;False;False;False;False;False;False;False;False;False;False;False
2025-11-24 17:00:00;3754.5375;-3.0;False;False;False;False;False;False;False;False;False;False;False;False
2025-11-24 18:00:00;2215.96675;-2.8;False;False;False;False;False;False;False;False;False;False;False;False
2025-11-24 19:00:00;2912.9775;-2.8;False;False;False;False;False;False;False;False;False;False;False;False
2025-11-24 20:00:00;4449.17575;-2.7;False;False;False;False;False;False;False;False;False;False;False;False
2025-11-24 21:00:00;3925.051;-2.8;False;False;False;False;False;False;False;False;False;False;False;False
2025-11-24 22:00:00;4027.6515;-2.2;False;False;False;False;False;False;False;False;False;False;False;False
2025-11-24 23:00:00;3738.55975;-1.7;False;False;False;False;False;False;False;False;False;False;False;False
2025-11-25 00:00:00;2929.0567499999997;-1.5;True;False;False;False;False;False;True;False;False;False;False;False
2025-11-25 01:00:00;3103.7082499999997;-1.5;True;False;False;False;False;False;True;False;False;False;False;False
2025-11-25 02:00:00;2854.4272499999997;-1.5;True;False;False;False;False;False;True;False;False;False;False;False
2025-11-25 03:00:00;2913.567;-1.8;True;False;False;False;False;False;True;False;False;False;False;False
2025-11-25 04:00:00;2964.2295000000004;-1.6;True;False;False;False;False;False;True;False;False;False;False;False
2025-11-25 05:00:00;3274.3665;-1.6;True;False;False;False;False;False;True;False;False;False;False;False
2025-11-25 06:00:00;2906.781;-1.7;True;False;False;False;False;False;True;False;False;False;False;False
2025-11-25 07:00:00;2626.3335;-1.9;True;False;False;False;False;False;True;False;False;False;False;False
2025-11-25 08:00:00;4008.73;-1.1;True;False;False;False;False;False;True;False;False;False;False;False
2025-11-25 09:00:00;3296.23325;-0.6;True;False;False;False;False;False;True;False;False;False;False;False
2025-11-25 10:00:00;3746.74975;0.7;True;False;False;False;False;False;True;False;False;False;False;False
2025-11-25 11:00:00;2883.7915;1.6;True;False;False;False;False;False;True;False;False;False;False;False
2025-11-25 12:00:00;1465.0787500000001;2.0;True;False;False;False;False;False;True;False;False;False;False;False
2025-11-25 13:00:00;2533.9835000000003;1.6;True;False;False;False;False;False;True;False;False;False;False;False
2025-11-25 14:00:00;3115.2925;0.9;True;False;False;False;False;False;True;False;False;False;False;False
2025-11-25 15:00:00;2212.13325;0.6;True;False;False;False;False;False;True;False;False;False;False;False
2025-11-25 16:00:00;4946.46175;-0.2;True;False;False;False;False;False;True;False;False;False;False;False
2025-11-25 17:00:00;4601.7915;-0.8;True;False;False;False;False;False;True;False;False;False;False;False
2025-11-25 18:00:00;3015.3275;-1.0;True;False;False;False;False;False;True;False;False;False;False;False
2025-11-25 19:00:00;4525.7805;-1.2;True;False;False;False;False;False;True;False;False;False;False;False
2025-11-25 20:00:00;3307.40425;-1.5;True;False;False;False;False;False;True;False;False;False;False;False
2025-11-25 21:00:00;3526.98325;-1.8;True;False;False;False;False;False;True;False;False;False;False;False
2025-11-25 22:00:00;2799.5967499999997;-2.0;True;False;False;False;False;False;True;False;False;False;False;False
2025-11-25 23:00:00;3089.07975;-2.1;True;False;False;False;False;False;True;False;False;False;False;False
2025-11-26 00:00:00;2656.3047500000002;-2.2;False;True;False;False;False;False;False;True;False;False;False;False
2025-11-26 01:00:00;2558.54975;-2.5;False;True;False;False;False;False;False;True;False;False;False;False
2025-11-26 02:00:00;2414.6655;-2.8;False;True;False;False;False;False;False;True;False;False;False;False
2025-11-26 03:00:00;3141.5805;-3.0;False;True;False;False;False;False;False;True;False;False;False;False
2025-11-26 04:00:00;2667.5550000000003;-3.2;False;True;False;False;False;False;False;True;False;False;False;False
2025-11-26 05:00:00;2753.2285;-3.2;False;True;False;False;False;False;False;True;False;False;False;False
2025-11-26 06:00:00;2634.15025;-3.2;False;True;False;False;False;False;False;True;False;False;False;False
2025-11-26 07:00:00;3385.5417500000003;-3.5;False;True;False;False;False;False;False;True;False;False;False;False
2025-11-26 08:00:00;3798.6415;-3.6;False;True;False;False;False;False;False;True;False;False;False;False
2025-11-26 09:00:00;2794.6385;-3.6;False;True;False;False;False;False;False;True;False;False;False;False
2025-11-26 10:00:00;2792.40825;-3.5;False;True;False;False;False;False;False;True;False;False;False;False
2025-11-26 11:00:00;3926.68975;-3.3;False;True;False;False;False;False;False;True;False;False;False;False
2025-11-26 12:00:00;3403.129;-3.2;False;True;False;False;False;False;False;True;False;False;False;False
2025-11-26 13:00:00;4406.590749999999;-3.3;False;True;False;False;False;False;False;True;False;False;False;False
2025-11-26 14:00:00;3461.1855;-3.4;False;True;False;False;False;False;False;True;False;False;False;False
2025-11-26 15:00:00;2868.3775;-3.3;False;True;False;False;False;False;False;True;False;False;False;False
2025-11-26 16:00:00;3357.1635;-3.2;False;True;False;False;False;False;False;True;False;False;False;False
2025-11-26 17:00:00;3880.1582500000004;-3.0;False;True;False;False;False;False;False;True;False;False;False;False
2025-11-26 18:00:00;4030.97925;-2.7;False;True;False;False;False;False;False;True;False;False;False;False
2025-11-26 19:00:00;3390.46325;-2.5;False;True;False;False;False;False;False;True;False;False;False;False
2025-11-26 20:00:00;4395.96675;-2.3;False;True;False;False;False;False;False;True;False;False;False;False
2025-11-26 21:00:00;3394.226;-2.1;False;True;False;False;False;False;False;True;False;False;False;False
2025-11-26 22:00:00;3409.979;-1.9;False;True;False;False;False;False;False;True;False;False;False;False
2025-11-26 23:00:00;2449.18925;-1.9;False;True;False;False;False;False;False;True;False;False;False;False
2025-11-27 00:00:00;3007.98175;-1.9;False;False;True;False;False;False;False;False;True;False;False;False
2025-11-27 01:00:00;2654.2055;-1.8;False;False;True;False;False;False;False;False;True;False;False;False
2025-11-27 02:00:00;2387.0434999999998;-2.0;False;False;True;False;False;False;False;False;True;False;False;False
2025-11-27 03:00:00;1956.8155000000002;-2.2;False;False;True;False;False;False;False;False;True;False;False;False
2025-11-27 04:00:00;2510.3862500000005;-2.5;False;False;True;False;False;False;False;False;True;False;False;False
2025-11-27 05:00:00;2612.41;-2.9;False;False;True;False;False;False;False;False;True;False;False;False
2025-11-27 06:00:00;2584.176;-2.9;False;False;True;False;False;False;False;False;True;False;False;False
2025-11-27 07:00:00;2374.8849999999998;-2.2;False;False;True;False;False;False;False;False;True;False;False;False
2025-11-27 08:00:00;3653.337;-2.2;False;False;True;False;False;False;False;False;True;False;False;False
2025-11-27 09:00:00;3234.402;-2.1;False;False;True;False;False;False;False;False;True;False;False;False
2025-11-27 10:00:00;2829.4015;-1.5;False;False;True;False;False;False;False;False;True;False;False;False
2025-11-27 11:00:00;3249.8835;-1.2;False;False;True;False;False;False;False;False;True;False;False;False
2025-11-27 12:00:00;2422.4444999999996;-1.0;False;False;True;False;False;False;False;False;True;False;False;False
2025-11-27 13:00:00;3970.9015;-1.1;False;False;True;False;False;False;False;False;True;False;False;False
2025-11-27 14:00:00;3537.9187500000003;-0.9;False;False;True;False;False;False;False;False;True;False;False;False
2025-11-27 15:00:00;3041.42275;-1.9;False;False;True;False;False;False;False;False;True;False;False;False
2025-11-27 16:00:00;2936.479;-3.4;False;False;True;False;False;False;False;False;True;False;False;False
2025-11-27 17:00:00;3382.8035;-4.1;False;False;True;False;False;False;False;False;True;False;False;False
2025-11-27 18:00:00;2075.237;-3.2;False;False;True;False;False;False;False;False;True;False;False;False
2025-11-27 19:00:00;4537.210499999999;-2.5;False;False;True;False;False;False;False;False;True;False;False;False
2025-11-27 20:00:00;3599.7867499999998;-3.0;False;False;True;False;False;False;False;False;True;False;False;False
2025-11-27 21:00:00;3074.796;-3.3;False;False;True;False;False;False;False;False;True;False;False;False
2025-11-27 22:00:00;2859.4505;-3.7;False;False;True;False;False;False;False;False;True;False;False;False
2025-11-27 23:00:00;2747.0905;-4.2;False;False;True;False;False;False;False;False;True;False;False;False
2025-11-28 00:00:00;3236.77;-4.6;False;False;False;True;False;False;False;False;False;True;False;False
2025-11-28 01:00:00;3094.6705;-4.3;False;False;False;True;False;False;False;False;False;True;False;False
2025-11-28 02:00:00;3127.657;-4.7;False;False;False;True;False;False;False;False;False;True;False;False
2025-11-28 03:00:00;3483.0;-4.9;False;False;False;True;False;False;False;False;False;True;False;False
2025-11-28 04:00:00;3482.695258064516;-5.2;False;False;False;True;False;False;False;False;False;True;False;False
2025-11-28 05:00:00;3482.390516129032;-5.4;False;False;False;True;False;False;False;False;False;True;False;False
2025-11-28 06:00:00;3482.0857741935483;-5.6;False;False;False;True;False;False;False;False;False;True;False;False
2025-11-28 07:00:00;3481.7810322580644;-5.3;False;False;False;True;False;False;False;False;False;True;False;False
2025-11-28 08:00:00;3481.4762903225806;-4.6;False;False;False;True;False;False;False;False;False;True;False;False
2025-11-28 09:00:00;3481.1715483870967;-3.5;False;False;False;True;False;False;False;False;False;True;False;False
2025-11-28 10:00:00;3480.866806451613;-2.2;False;False;False;True;False;False;False;False;False;True;False;False
2025-11-28 11:00:00;3480.5620645161293;-1.6;False;False;False;True;False;False;False;False;False;True;False;False
2025-11-28 12:00:00;3480.2573225806455;-0.6;False;False;False;True;False;False;False;False;False;True;False;False
2025-11-28 13:00:00;3479.9525806451616;0.2;False;False;False;True;False;False;False;False;False;True;False;False
2025-11-28 14:00:00;3479.6478387096777;0.1;False;False;False;True;False;False;False;False;False;True;False;False
2025-11-28 15:00:00;3479.343096774194;-1.0;False;False;False;True;False;False;False;False;False;True;False;False
2025-11-28 16:00:00;3479.03835483871;-2.8;False;False;False;True;False;False;False;False;False;True;False;False
2025-11-28 17:00:00;3478.733612903226;-3.2;False;False;False;True;False;False;False;False;False;True;False;False
2025-11-28 18:00:00;3478.428870967742;-3.2;False;False;False;True;False;False;False;False;False;True;False;False
2025-11-28 19:00:00;3478.124129032258;-2.5;False;False;False;True;False;False;False;False;False;True;False;False
2025-11-28 20:00:00;3477.8193870967743;-2.4;False;False;False;True;False;False;False;False;False;True;False;False
2025-11-28 21:00:00;3477.5146451612904;-2.4;False;False;False;True;False;False;False;False;False;True;False;False
2025-11-28 22:00:00;3477.2099032258066;-2.2;False;False;False;True;False;False;False;False;False;True;False;False
2025-11-28 23:00:00;3476.9051612903227;-1.8;False;False;False;True;False;False;False;False;False;True;False;False
2025-11-29 00:00:00;3476.600419354839;-1.4;False;False;False;False;True;False;False;False;False;False;True;False
2025-11-29 01:00:00;3476.295677419355;-1.5;False;False;False;False;True;False;False;False;False;False;True;False
2025-11-29 02:00:00;3475.990935483871;-1.5;False;False;False;False;True;False;False;False;False;False;True;False
2025-11-29 03:00:00;3475.6861935483876;-1.6;False;False;False;False;True;False;False;False;False;False;True;False
2025-11-29 04:00:00;3475.3814516129037;-1.8;False;False;False;False;True;False;False;False;False;False;True;False
2025-11-29 05:00:00;3475.07670967742;-1.6;False;False;False;False;True;False;False;False;False;False;True;False
2025-11-29 06:00:00;3474.771967741936;-1.0;False;False;False;False;True;False;False;False;False;False;True;False
2025-11-29 07:00:00;3474.467225806452;-0.9;False;False;False;False;True;False;False;False;False;False;True;False
2025-11-29 08:00:00;3474.162483870968;-0.6;False;False;False;False;True;False;False;False;False;False;True;False
2025-11-29 09:00:00;3473.8577419354842;-0.2;False;False;False;False;True;False;False;False;False;False;True;False
2025-11-29 10:00:00;3473.5530000000003;0.3;False;False;False;False;True;False;False;False;False;False;True;False
2025-11-29 11:00:00;3948.2832499999995;0.9;False;False;False;False;True;False;False;False;False;False;True;False
2025-11-29 12:00:00;3645.4757500000005;1.2;False;False;False;False;True;False;False;False;False;False;True;False
2025-11-29 13:00:00;1605.27475;1.5;False;False;False;False;True;False;False;False;False;False;True;False
2025-11-29 14:00:00;2262.64775;0.6;False;False;False;False;True;False;False;False;False;False;True;False
2025-11-29 15:00:00;2305.1415;0.5;False;False;False;False;True;False;False;False;False;False;True;False
2025-11-29 16:00:00;2041.845;0.3;False;False;False;False;True;False;False;False;False;False;True;False
2025-11-29 17:00:00;3301.56675;0.6;False;False;False;False;True;False;False;False;False;False;True;False
2025-11-29 18:00:00;3710.68975;0.3;False;False;False;False;True;False;False;False;False;False;True;False
2025-11-29 19:00:00;3044.636;0.0;False;False;False;False;True;False;False;False;False;False;True;False
2025-11-29 20:00:00;2572.6045;-0.1;False;False;False;False;True;False;False;False;False;False;True;False
2025-11-29 21:00:00;4266.2522500000005;0.0;False;False;False;False;True;False;False;False;False;False;True;False
2025-11-29 22:00:00;3460.50425;0.6;False;False;False;False;True;False;False;False;False;False;True;False
2025-11-29 23:00:00;2420.77625;0.4;False;False;False;False;True;False;False;False;False;False;True;False
2025-11-30 00:00:00;2321.6235;0.2;False;False;False;False;False;True;False;False;False;False;False;True
2025-11-30 01:00:00;2363.2225;0.5;False;False;False;False;False;True;False;False;False;False;False;True
2025-11-30 02:00:00;2399.975;0.6;False;False;False;False;False;True;False;False;False;False;False;True
2025-11-30 03:00:00;2250.55725;0.4;False;False;False;False;False;True;False;False;False;False;False;True
2025-11-30 04:00:00;2395.4335;0.6;False;False;False;False;False;True;False;False;False;False;False;True
2025-11-30 05:00:00;2388.3655;0.8;False;False;False;False;False;True;False;False;False;False;False;True
2025-11-30 06:00:00;3321.0145;0.8;False;False;False;False;False;True;False;False;False;False;False;True
2025-11-30 07:00:00;4206.50075;1.2;False;False;False;False;False;True;False;False;False;False;False;True
2025-11-30 08:00:00;3751.533;1.1;False;False;False;False;False;True;False;False;False;False;False;True
2025-11-30 09:00:00;3407.973;1.3;False;False;False;False;False;True;False;False;False;False;False;True
2025-11-30 10:00:00;3847.0;2.0;False;False;False;False;False;True;False;False;False;False;False;True
2025-11-30 11:00:00;4493.732;2.3;False;False;False;False;False;True;False;False;False;False;False;True
2025-11-30 12:00:00;2950.52225;2.3;False;False;False;False;False;True;False;False;False;False;False;True
2025-11-30 13:00:00;3367.063;2.5;False;False;False;False;False;True;False;False;False;False;False;True
2025-11-30 14:00:00;2177.06225;1.6;False;False;False;False;False;True;False;False;False;False;False;True
2025-11-30 15:00:00;2793.40675;1.0;False;False;False;False;False;True;False;False;False;False;False;True
2025-11-30 16:00:00;2180.2200000000003;0.7;False;False;False;False;False;True;False;False;False;False;False;True
2025-11-30 17:00:00;2502.059;0.9;False;False;False;False;False;True;False;False;False;False;False;True
2025-11-30 18:00:00;2931.3807500000003;1.0;False;False;False;False;False;True;False;False;False;False;False;True
2025-11-30 19:00:00;2510.6525;1.1;False;False;False;False;False;True;False;False;False;False;False;True
2025-11-30 20:00:00;2463.117;0.9;False;False;False;False;False;True;False;False;False;False;False;True
2025-11-30 21:00:00;2957.9445;0.9;False;False;False;False;False;True;False;False;False;False;False;True
2025-11-30 22:00:00;3002.28325;0.9;False;False;False;False;False;True;False;False;False;False;False;True
2025-11-30 23:00:00;2928.83365625;0.8;False;False;False;False;False;True;False;False;False;False;False;True
2025-12-01 00:00:00;2855.3840625000003;0.6;False;False;False;False;False;False;False;False;False;False;False;False
2025-12-01 01:00:00;2781.93446875;0.2;False;False;False;False;False;False;False;False;False;False;False;False
2025-12-01 02:00:00;2708.484875;0.2;False;False;False;False;False;False;False;False;False;False;False;False
2025-12-01 03:00:00;2635.03528125;0.4;False;False;False;False;False;False;False;False;False;False;False;False
2025-12-01 04:00:00;2561.5856875;0.6;False;False;False;False;False;False;False;False;False;False;False;False
2025-12-01 05:00:00;2488.1360937500003;0.8;False;False;False;False;False;False;False;False;False;False;False;False
2025-12-01 06:00:00;2414.6865000000003;1.0;False;False;False;False;False;False;False;False;False;False;False;False
2025-12-01 07:00:00;2173.9942499999997;1.1;False;False;False;False;False;False;False;False;False;False;False;False
2025-12-01 08:00:00;2052.185;0.9;False;False;False;False;False;False;False;False;False;False;False;False
2025-12-01 09:00:00;2139.78025;1.0;False;False;False;False;False;False;False;False;False;False;False;False
2025-12-01 10:00:00;1878.9082500000002;1.2;False;False;False;False;False;False;False;False;False;False;False;False
2025-12-01 11:00:00;2984.65775;1.2;False;False;False;False;False;False;False;False;False;False;False;False
2025-12-01 12:00:00;2983.3525;1.4;False;False;False;False;False;False;False;False;False;False;False;False
2025-12-01 13:00:00;2234.9195;1.4;False;False;False;False;False;False;False;False;False;False;False;False
2025-12-01 14:00:00;2032.875;0.9;False;False;False;False;False;False;False;False;False;False;False;False
2025-12-01 15:00:00;2288.1667500000003;0.6;False;False;False;False;False;False;False;False;False;False;False;False
2025-12-01 16:00:00;2478.9865;0.4;False;False;False;False;False;False;False;False;False;False;False;False
2025-12-01 17:00:00;2599.578;-0.2;False;False;False;False;False;False;False;False;False;False;False;False
2025-12-01 18:00:00;2876.99725;-0.3;False;False;False;False;False;False;False;False;False;False;False;False
2025-12-01 19:00:00;2589.1665;0.1;False;False;False;False;False;False;False;False;False;False;False;False
2025-12-01 20:00:00;3801.933;0.0;False;False;False;False;False;False;False;False;False;False;False;False
2025-12-01 21:00:00;4293.9245;-0.2;False;False;False;False;False;False;False;False;False;False;False;False
2025-12-01 22:00:00;3116.576;0.0;False;False;False;False;False;False;False;False;False;False;False;False
2025-12-01 23:00:00;2043.0607499999999;0.2;False;False;False;False;False;False;False;False;False;False;False;False
2025-12-02 00:00:00;2705.1585;0.2;True;False;False;False;False;False;True;False;False;False;False;False
2025-12-02 01:00:00;2422.43325;-0.1;True;False;False;False;False;False;True;False;False;False;False;False
2025-12-02 02:00:00;2594.12025;-0.2;True;False;False;False;False;False;True;False;False;False;False;False
2025-12-02 03:00:00;2126.4965;-0.6;True;False;False;False;False;False;True;False;False;False;False;False
2025-12-02 04:00:00;2735.605;-0.6;True;False;False;False;False;False;True;False;False;False;False;False
2025-12-02 05:00:00;3276.53675;-0.6;True;False;False;False;False;False;True;False;False;False;False;False
2025-12-02 06:00:00;1920.51075;-0.5;True;False;False;False;False;False;True;False;False;False;False;False
2025-12-02 07:00:00;2141.97275;-0.8;True;False;False;False;False;False;True;False;False;False;False;False
2025-12-02 08:00:00;2372.5245;-0.8;True;False;False;False;False;False;True;False;False;False;False;False
2025-12-02 09:00:00;2414.906;-0.4;True;False;False;False;False;False;True;False;False;False;False;False
2025-12-02 10:00:00;2418.421;-0.4;True;False;False;False;False;False;True;False;False;False;False;False
2025-12-02 11:00:00;2149.27125;-0.6;True;False;False;False;False;False;True;False;False;False;False;False
2025-12-02 12:00:00;2287.923;-0.6;True;False;False;False;False;False;True;False;False;False;False;False
2025-12-02 13:00:00;3353.5344999999998;-0.6;True;False;False;False;False;False;True;False;False;False;False;False
2025-12-02 14:00:00;2947.4555;-0.8;True;False;False;False;False;False;True;False;False;False;False;False
2025-12-02 15:00:00;2423.75825;-1.0;True;False;False;False;False;False;True;False;False;False;False;False
2025-12-02 16:00:00;3800.3199999999997;-1.1;True;False;False;False;False;False;True;False;False;False;False;False
2025-12-02 17:00:00;2868.38475;-1.1;True;False;False;False;False;False;True;False;False;False;False;False
2025-12-02 18:00:00;4068.8615;-1.1;True;False;False;False;False;False;True;False;False;False;False;False
2025-12-02 19:00:00;2958.5744999999997;-1.1;True;False;False;False;False;False;True;False;False;False;False;False
2025-12-02 20:00:00;2881.5657499999998;-1.4;True;False;False;False;False;False;True;False;False;False;False;False
2025-12-02 21:00:00;3353.67825;-1.4;True;False;False;False;False;False;True;False;False;False;False;False
2025-12-02 22:00:00;2725.31025;-1.4;True;False;False;False;False;False;True;False;False;False;False;False
2025-12-02 23:00:00;2175.15925;-1.5;True;False;False;False;False;False;True;False;False;False;False;False
2025-12-03 00:00:00;2810.71075;-1.7;False;True;False;False;False;False;False;True;False;False;False;False
2025-12-03 01:00:00;2515.39775;-1.9;False;True;False;False;False;False;False;True;False;False;False;False
2025-12-03 02:00:00;2261.3995;-2.0;False;True;False;False;False;False;False;True;False;False;False;False
2025-12-03 03:00:00;3253.45975;-2.3;False;True;False;False;False;False;False;True;False;False;False;False
2025-12-03 04:00:00;2590.8542500000003;-2.5;False;True;False;False;False;False;False;True;False;False;False;False
2025-12-03 05:00:00;2216.47075;-2.7;False;True;False;False;False;False;False;True;False;False;False;False
2025-12-03 06:00:00;1956.5987499999999;-2.7;False;True;False;False;False;False;False;True;False;False;False;False
2025-12-03 07:00:00;2655.3427500000003;-3.0;False;True;False;False;False;False;False;True;False;False;False;False
2025-12-03 08:00:00;2350.358;-3.0;False;True;False;False;False;False;False;True;False;False;False;False
2025-12-03 09:00:00;3438.7665;-2.7;False;True;False;False;False;False;False;True;False;False;False;False
2025-12-03 10:00:00;2980.2915;-2.3;False;True;False;False;False;False;False;True;False;False;False;False
2025-12-03 11:00:00;2216.4385;-1.7;False;True;False;False;False;False;False;True;False;False;False;False
2025-12-03 12:00:00;2533.954;-1.1;False;True;False;False;False;False;False;True;False;False;False;False
2025-12-03 13:00:00;2955.5085;-0.1;False;True;False;False;False;False;False;True;False;False;False;False
2025-12-03 14:00:00;2619.00025;-0.2;False;True;False;False;False;False;False;True;False;False;False;False
2025-12-03 15:00:00;2377.52925;-0.2;False;True;False;False;False;False;False;True;False;False;False;False
2025-12-03 16:00:00;2744.1;-0.6;False;True;False;False;False;False;False;True;False;False;False;False
2025-12-03 17:00:00;3492.717;-0.9;False;True;False;False;False;False;False;True;False;False;False;False
2025-12-03 18:00:00;3593.6749999999997;-1.1;False;True;False;False;False;False;False;True;False;False;False;False
2025-12-03 19:00:00;2521.08125;-0.3;False;True;False;False;False;False;False;True;False;False;False;False
2025-12-03 20:00:00;2695.3067499999997;-0.1;False;True;False;False;False;False;False;True;False;False;False;False
2025-12-03 21:00:00;2536.441;0.1;False;True;False;False;False;False;False;True;False;False;False;False
2025-12-03 22:00:00;2591.479;0.1;False;True;False;False;False;False;False;True;False;False;False;False
2025-12-03 23:00:00;2186.36675;0.1;False;True;False;False;False;False;False;True;False;False;False;False
2025-12-04 00:00:00;3161.9887499999995;0.1;False;False;True;False;False;False;False;False;True;False;False;False
2025-12-04 01:00:00;2672.13175;0.0;False;False;True;False;False;False;False;False;True;False;False;False
2025-12-04 02:00:00;1816.0115;0.1;False;False;True;False;False;False;False;False;True;False;False;False
2025-12-04 03:00:00;1928.7185000000002;0.0;False;False;True;False;False;False;False;False;True;False;False;False
2025-12-04 04:00:00;2033.0570000000002;0.0;False;False;True;False;False;False;False;False;True;False;False;False
2025-12-04 05:00:00;2007.669;-0.2;False;False;True;False;False;False;False;False;True;False;False;False
2025-12-04 06:00:00;3142.38425;-0.2;False;False;True;False;False;False;False;False;True;False;False;False
2025-12-04 07:00:00;2583.9335;-0.6;False;False;True;False;False;False;False;False;True;False;False;False
2025-12-04 08:00:00;2398.38175;-0.4;False;False;True;False;False;False;False;False;True;False;False;False
2025-12-04 09:00:00;2502.14325;-0.2;False;False;True;False;False;False;False;False;True;False;False;False
2025-12-04 10:00:00;2544.7484999999997;0.1;False;False;True;False;False;False;False;False;True;False;False;False
2025-12-04 11:00:00;3044.5860000000002;0.2;False;False;True;False;False;False;False;False;True;False;False;False
2025-12-04 12:00:00;4795.76725;0.6;False;False;True;False;False;False;False;False;True;False;False;False
2025-12-04 13:00:00;4015.76375;1.1;False;False;True;False;False;False;False;False;True;False;False;False
2025-12-04 14:00:00;1748.8705;1.2;False;False;True;False;False;False;False;False;True;False;False;False
2025-12-04 15:00:00;2183.76;1.0;False;False;True;False;False;False;False;False;True;False;False;False
2025-12-04 16:00:00;3226.5455;1.0;False;False;True;False;False;False;False;False;True;False;False;False
2025-12-04 17:00:00;3628.9342500000002;1.0;False;False;True;False;False;False;False;False;True;False;False;False
2025-12-04 18:00:00;5729.2645;1.4;False;False;True;False;False;False;False;False;True;False;False;False
2025-12-04 19:00:00;4415.513;2.5;False;False;True;False;False;False;False;False;True;False;False;False
2025-12-04 20:00:00;4533.72625;2.1;False;False;True;False;False;False;False;False;True;False;False;False
2025-12-04 21:00:00;3174.6805;2.0;False;False;True;False;False;False;False;False;True;False;False;False
2025-12-04 22:00:00;2014.6415000000002;1.9;False;False;True;False;False;False;False;False;True;False;False;False
2025-12-04 23:00:00;2034.531;2.1;False;False;True;False;False;False;False;False;True;False;False;False
2025-12-05 00:00:00;2079.93525;2.7;False;False;False;True;False;False;False;False;False;True;False;False
2025-12-05 01:00:00;2241.73025;3.0;False;False;False;True;False;False;False;False;False;True;False;False
2025-12-05 02:00:00;2110.29225;3.5;False;False;False;True;False;False;False;False;False;True;False;False
2025-12-05 03:00:00;1841.5225;3.3;False;False;False;True;False;False;False;False;False;True;False;False
2025-12-05 04:00:00;1543.761;3.2;False;False;False;True;False;False;False;False;False;True;False;False
2025-12-05 05:00:00;2627.5195000000003;3.3;False;False;False;True;False;False;False;False;False;True;False;False
2025-12-05 06:00:00;3232.42575;3.3;False;False;False;True;False;False;False;False;False;True;False;False
2025-12-05 07:00:00;1767.4320000000002;3.1;False;False;False;True;False;False;False;False;False;True;False;False
2025-12-05 08:00:00;1848.6170000000002;3.3;False;False;False;True;False;False;False;False;False;True;False;False
2025-12-05 09:00:00;1819.869;3.2;False;False;False;True;False;False;False;False;False;True;False;False
2025-12-05 10:00:00;2088.3976666666667;3.1;False;False;False;True;False;False;False;False;False;True;False;False
2025-12-05 11:00:00;1781.5905;3.0;False;False;False;True;False;False;False;False;False;True;False;False
2025-12-05 12:00:00;4480.794;2.8;False;False;False;True;False;False;False;False;False;True;False;False
2025-12-05 13:00:00;3390.28375;2.7;False;False;False;True;False;False;False;False;False;True;False;False
2025-12-05 14:00:00;3574.7555;2.4;False;False;False;True;False;False;False;False;False;True;False;False
2025-12-05 15:00:00;2749.78125;2.0;False;False;False;True;False;False;False;False;False;True;False;False
2025-12-05 16:00:00;2341.795;1.8;False;False;False;True;False;False;False;False;False;True;False;False
2025-12-05 17:00:00;2596.138;1.9;False;False;False;True;False;False;False;False;False;True;False;False
2025-12-05 18:00:00;2859.46675;1.8;False;False;False;True;False;False;False;False;False;True;False;False
2025-12-05 19:00:00;2479.10025;2.0;False;False;False;True;False;False;False;False;False;True;False;False
2025-12-05 20:00:00;3284.8065;1.5;False;False;False;True;False;False;False;False;False;True;False;False
2025-12-05 21:00:00;2670.2455;1.4;False;False;False;True;False;False;False;False;False;True;False;False
2025-12-05 22:00:00;2010.98475;1.1;False;False;False;True;False;False;False;False;False;True;False;False
2025-12-05 23:00:00;3913.913;0.9;False;False;False;True;False;False;False;False;False;True;False;False
2025-12-06 00:00:00;2443.6;0.8;False;False;False;False;True;False;False;False;False;False;True;False
2025-12-06 01:00:00;1879.02675;0.9;False;False;False;False;True;False;False;False;False;False;True;False
2025-12-06 02:00:00;1801.13325;0.8;False;False;False;False;True;False;False;False;False;False;True;False
2025-12-06 03:00:00;1950.6682500000002;0.7;False;False;False;False;True;False;False;False;False;False;True;False
2025-12-06 04:00:00;1825.2667500000002;0.5;False;False;False;False;True;False;False;False;False;False;True;False
2025-12-06 05:00:00;1854.317;0.3;False;False;False;False;True;False;False;False;False;False;True;False
2025-12-06 06:00:00;2218.4165000000003;0.1;False;False;False;False;True;False;False;False;False;False;True;False
2025-12-06 07:00:00;2229.192;0.1;False;False;False;False;True;False;False;False;False;False;True;False
2025-12-06 08:00:00;2561.40825;-0.2;False;False;False;False;True;False;False;False;False;False;True;False
2025-12-06 09:00:00;2408.156;-0.2;False;False;False;False;True;False;False;False;False;False;True;False
2025-12-06 10:00:00;2209.91175;0.1;False;False;False;False;True;False;False;False;False;False;True;False
2025-12-06 11:00:00;2316.0732500000004;0.5;False;False;False;False;True;False;False;False;False;False;True;False
2025-12-06 12:00:00;3916.450750000001;0.9;False;False;False;False;True;False;False;False;False;False;True;False
2025-12-06 13:00:00;2800.55875;0.7;False;False;False;False;True;False;False;False;False;False;True;False
2025-12-06 14:00:00;5234.12875;0.8;False;False;False;False;True;False;False;False;False;False;True;False
2025-12-06 15:00:00;2961.11125;0.2;False;False;False;False;True;False;False;False;False;False;True;False
2025-12-06 16:00:00;2608.90825;-0.1;False;False;False;False;True;False;False;False;False;False;True;False
2025-12-06 17:00:00;2450.365;-0.1;False;False;False;False;True;False;False;False;False;False;True;False
2025-12-06 18:00:00;2573.28575;-0.1;False;False;False;False;True;False;False;False;False;False;True;False
2025-12-06 19:00:00;2285.999;0.2;False;False;False;False;True;False;False;False;False;False;True;False
2025-12-06 20:00:00;2172.06175;0.2;False;False;False;False;True;False;False;False;False;False;True;False
2025-12-06 21:00:00;2766.415;-0.3;False;False;False;False;True;False;False;False;False;False;True;False
2025-12-06 22:00:00;2770.3605;-0.6;False;False;False;False;True;False;False;False;False;False;True;False
2025-12-06 23:00:00;3487.8745;-0.2;False;False;False;False;True;False;False;False;False;False;True;False
2025-12-07 00:00:00;3955.203;0.2;False;False;False;False;False;True;False;False;False;False;False;True
2025-12-07 01:00:00;3754.57725;0.4;False;False;False;False;False;True;False;False;False;False;False;True
2025-12-07 02:00:00;1967.28825;0.9;False;False;False;False;False;True;False;False;False;False;False;True
2025-12-07 03:00:00;2017.5594999999996;1.2;False;False;False;False;False;True;False;False;False;False;False;True
2025-12-07 04:00:00;1846.0455000000002;1.3;False;False;False;False;False;True;False;False;False;False;False;True
2025-12-07 05:00:00;1828.991;1.1;False;False;False;False;False;True;False;False;False;False;False;True
2025-12-07 06:00:00;1914.4337500000001;1.1;False;False;False;False;False;True;False;False;False;False;False;True
2025-12-07 07:00:00;2350.8985000000002;1.8;False;False;False;False;False;True;False;False;False;False;False;True
2025-12-07 08:00:00;1797.7985;1.6;False;False;False;False;False;True;False;False;False;False;False;True
2025-12-07 09:00:00;3049.2325;1.6;False;False;False;False;False;True;False;False;False;False;False;True
2025-12-07 10:00:00;5972.73725;2.4;False;False;False;False;False;True;False;False;False;False;False;True
2025-12-07 11:00:00;2994.3940000000002;3.0;False;False;False;False;False;True;False;False;False;False;False;True
2025-12-07 12:00:00;2042.4962500000001;3.2;False;False;False;False;False;True;False;False;False;False;False;True
2025-12-07 13:00:00;2254.87725;3.2;False;False;False;False;False;True;False;False;False;False;False;True
2025-12-07 14:00:00;2021.8042499999997;3.0;False;False;False;False;False;True;False;False;False;False;False;True
2025-12-07 15:00:00;2295.7255;2.5;False;False;False;False;False;True;False;False;False;False;False;True
2025-12-07 16:00:00;3264.17625;2.2;False;False;False;False;False;True;False;False;False;False;False;True
2025-12-07 17:00:00;5150.839;2.0;False;False;False;False;False;True;False;False;False;False;False;True
2025-12-07 18:00:00;2503.91325;2.1;False;False;False;False;False;True;False;False;False;False;False;True
2025-12-07 19:00:00;3447.2073333333333;2.4;False;False;False;False;False;True;False;False;False;False;False;True
2025-12-07 20:00:00;2720.403;2.0;False;False;False;False;False;True;False;False;False;False;False;True
2025-12-07 21:00:00;3221.78375;2.0;False;False;False;False;False;True;False;False;False;False;False;True
2025-12-07 22:00:00;3223.4695;2.1;False;False;False;False;False;True;False;False;False;False;False;True
2025-12-07 23:00:00;2344.2825;2.4;False;False;False;False;False;True;False;False;False;False;False;True
2025-12-08 00:00:00;2506.03575;2.8;False;False;False;False;False;False;False;False;False;False;False;False
2025-12-08 01:00:00;3365.54725;2.7;False;False;False;False;False;False;False;False;False;False;False;False
2025-12-08 02:00:00;1786.2759999999998;2.9;False;False;False;False;False;False;False;False;False;False;False;False
2025-12-08 03:00:00;1652.0642500000001;3.2;False;False;False;False;False;False;False;False;False;False;False;False
2025-12-08 04:00:00;1563.78475;3.2;False;False;False;False;False;False;False;False;False;False;False;False
2025-12-08 05:00:00;1636.659;2.9;False;False;False;False;False;False;False;False;False;False;False;False
2025-12-08 06:00:00;1680.97625;2.8;False;False;False;False;False;False;False;False;False;False;False;False
2025-12-08 07:00:00;2393.66375;2.9;False;False;False;False;False;False;False;False;False;False;False;False
2025-12-08 08:00:00;2553.22575;2.8;False;False;False;False;False;False;False;False;False;False;False;False
2025-12-08 09:00:00;1771.96975;3.0;False;False;False;False;False;False;False;False;False;False;False;False
2025-12-08 10:00:00;1842.9719999999998;4.3;False;False;False;False;False;False;False;False;False;False;False;False
2025-12-08 11:00:00;1697.8744999999997;5.2;False;False;False;False;False;False;False;False;False;False;False;False
2025-12-08 12:00:00;1984.3020000000001;6.3;False;False;False;False;False;False;False;False;False;False;False;False
2025-12-08 13:00:00;3677.9075000000003;7.3;False;False;False;False;False;False;False;False;False;False;False;False
2025-12-08 14:00:00;2664.7815;7.1;False;False;False;False;False;False;False;False;False;False;False;False
2025-12-08 15:00:00;2048.96775;6.4;False;False;False;False;False;False;False;False;False;False;False;False
2025-12-08 16:00:00;2603.878;5.9;False;False;False;False;False;False;False;False;False;False;False;False
2025-12-08 17:00:00;3562.474;6.2;False;False;False;False;False;False;False;False;False;False;False;False
2025-12-08 18:00:00;4019.0022500000005;6.1;False;False;False;False;False;False;False;False;False;False;False;False
2025-12-08 19:00:00;1728.8935000000001;6.7;False;False;False;False;False;False;False;False;False;False;False;False
2025-12-08 20:00:00;2471.9565;6.3;False;False;False;False;False;False;False;False;False;False;False;False
2025-12-08 21:00:00;3261.82125;6.7;False;False;False;False;False;False;False;False;False;False;False;False
2025-12-08 22:00:00;1127.07375;6.6;False;False;False;False;False;False;False;False;False;False;False;False
2025-12-08 23:00:00;1411.8612500000002;6.6;False;False;False;False;False;False;False;False;False;False;False;False
2025-12-09 00:00:00;1667.6747500000001;6.9;True;False;False;False;False;False;True;False;False;False;False;False
2025-12-09 01:00:00;1719.5835;7.1;True;False;False;False;False;False;True;False;False;False;False;False
2025-12-09 02:00:00;1763.625;7.3;True;False;False;False;False;False;True;False;False;False;False;False
2025-12-09 03:00:00;2843.54725;7.2;True;False;False;False;False;False;True;False;False;False;False;False
2025-12-09 04:00:00;1056.1837500000001;6.9;True;False;False;False;False;False;True;False;False;False;False;False
2025-12-09 05:00:00;1298.72475;7.2;True;False;False;False;False;False;True;False;False;False;False;False
2025-12-09 06:00:00;1116.73325;7.2;True;False;False;False;False;False;True;False;False;False;False;False
2025-12-09 07:00:00;1485.17825;7.7;True;False;False;False;False;False;True;False;False;False;False;False
2025-12-09 08:00:00;1179.05975;7.5;True;False;False;False;False;False;True;False;False;False;False;False
2025-12-09 09:00:00;2467.12325;7.6;True;False;False;False;False;False;True;False;False;False;False;False
2025-12-09 10:00:00;2086.9755;7.8;True;False;False;False;False;False;True;False;False;False;False;False
2025-12-09 11:00:00;2864.0625;8.2;True;False;False;False;False;False;True;False;False;False;False;False
2025-12-09 12:00:00;2032.7855000000004;8.2;True;False;False;False;False;False;True;False;False;False;False;False
2025-12-09 13:00:00;1124.7255;8.0;True;False;False;False;False;False;True;False;False;False;False;False
2025-12-09 14:00:00;1794.9025;7.9;True;False;False;False;False;False;True;False;False;False;False;False
2025-12-09 15:00:00;2616.23325;7.4;True;False;False;False;False;False;True;False;False;False;False;False
2025-12-09 16:00:00;2651.1915;6.8;True;False;False;False;False;False;True;False;False;False;False;False
2025-12-09 17:00:00;3313.7697500000004;6.6;True;False;False;False;False;False;True;False;False;False;False;False
2025-12-09 18:00:00;3594.658;6.5;True;False;False;False;False;False;True;False;False;False;False;False
2025-12-09 19:00:00;1728.4585;6.9;True;False;False;False;False;False;True;False;False;False;False;False
2025-12-09 20:00:00;2283.62025;7.2;True;False;False;False;False;False;True;False;False;False;False;False
2025-12-09 21:00:00;2337.99975;7.1;True;False;False;False;False;False;True;False;False;False;False;False
2025-12-09 22:00:00;1155.46675;7.1;True;False;False;False;False;False;True;False;False;False;False;False
2025-12-09 23:00:00;1441.65575;6.8;True;False;False;False;False;False;True;False;False;False;False;False
2025-12-10 00:00:00;2746.933;6.6;False;True;False;False;False;False;False;True;False;False;False;False
2025-12-10 01:00:00;2221.5655;6.3;False;True;False;False;False;False;False;True;False;False;False;False
2025-12-10 02:00:00;981.3556666666667;6.1;False;True;False;False;False;False;False;True;False;False;False;False
2025-12-10 03:00:00;995.7178472222222;5.8;False;True;False;False;False;False;False;True;False;False;False;False
2025-12-10 04:00:00;1010.0800277777778;5.4;False;True;False;False;False;False;False;True;False;False;False;False
2025-12-10 05:00:00;1024.4422083333334;5.1;False;True;False;False;False;False;False;True;False;False;False;False
2025-12-10 06:00:00;1038.8043888888888;4.8;False;True;False;False;False;False;False;True;False;False;False;False
2025-12-10 07:00:00;1053.1665694444443;4.7;False;True;False;False;False;False;False;True;False;False;False;False
2025-12-10 08:00:00;1067.52875;4.4;False;True;False;False;False;False;False;True;False;False;False;False
2025-12-10 09:00:00;644.75925;4.8;False;True;False;False;False;False;False;True;False;False;False;False
2025-12-10 10:00:00;699.6295;5.6;False;True;False;False;False;False;False;True;False;False;False;False
2025-12-10 11:00:00;976.5657500000001;6.4;False;True;False;False;False;False;False;True;False;False;False;False
2025-12-10 12:00:00;1405.6677499999998;6.8;False;True;False;False;False;False;False;True;False;False;False;False
2025-12-10 13:00:00;1095.86825;6.8;False;True;False;False;False;False;False;True;False;False;False;False
2025-12-10 14:00:00;667.6287500000001;7.2;False;True;False;False;False;False;False;True;False;False;False;False
2025-12-10 15:00:00;2120.74375;6.9;False;True;False;False;False;False;False;True;False;False;False;False
2025-12-10 16:00:00;2161.0445;6.0;False;True;False;False;False;False;False;True;False;False;False;False
2025-12-10 17:00:00;1960.4109166666667;6.0;False;True;False;False;False;False;False;True;False;False;False;False
2025-12-10 18:00:00;1759.7773333333332;6.1;False;True;False;False;False;False;False;True;False;False;False;False
2025-12-10 19:00:00;1559.14375;6.2;False;True;False;False;False;False;False;True;False;False;False;False
2025-12-10 20:00:00;1358.5101666666665;6.4;False;True;False;False;False;False;False;True;False;False;False;False
2025-12-10 21:00:00;1157.8765833333332;6.4;False;True;False;False;False;False;False;True;False;False;False;False
2025-12-10 22:00:00;957.243;6.2;False;True;False;False;False;False;False;True;False;False;False;False
2025-12-10 23:00:00;3566.2915000000003;6.3;False;True;False;False;False;False;False;True;False;False;False;False
2025-12-11 00:00:00;3319.2625;6.4;False;False;True;False;False;False;False;False;True;False;False;False
2025-12-11 01:00:00;2718.86675;6.4;False;False;True;False;False;False;False;False;True;False;False;False
2025-12-11 02:00:00;2145.7512500000003;6.5;False;False;True;False;False;False;False;False;True;False;False;False
2025-12-11 03:00:00;1972.0749999999998;6.2;False;False;True;False;False;False;False;False;True;False;False;False
2025-12-11 04:00:00;1737.8045;6.0;False;False;True;False;False;False;False;False;True;False;False;False
2025-12-11 05:00:00;1930.10825;5.8;False;False;True;False;False;False;False;False;True;False;False;False
2025-12-11 06:00:00;1390.6245000000001;5.4;False;False;True;False;False;False;False;False;True;False;False;False
2025-12-11 07:00:00;2028.258;5.6;False;False;True;False;False;False;False;False;True;False;False;False
2025-12-11 08:00:00;1440.6107499999998;5.6;False;False;True;False;False;False;False;False;True;False;False;False
2025-12-11 09:00:00;1245.69825;5.8;False;False;True;False;False;False;False;False;True;False;False;False
2025-12-11 10:00:00;2064.0535;6.0;False;False;True;False;False;False;False;False;True;False;False;False
2025-12-11 11:00:00;2389.4275;6.1;False;False;True;False;False;False;False;False;True;False;False;False
2025-12-11 12:00:00;2050.61175;6.2;False;False;True;False;False;False;False;False;True;False;False;False
2025-12-11 13:00:00;3719.85875;6.4;False;False;True;False;False;False;False;False;True;False;False;False
2025-12-11 14:00:00;1473.302;6.6;False;False;True;False;False;False;False;False;True;False;False;False
2025-12-11 15:00:00;1978.9279999999999;5.8;False;False;True;False;False;False;False;False;True;False;False;False
2025-12-11 16:00:00;2880.241;3.7;False;False;True;False;False;False;False;False;True;False;False;False
2025-12-11 17:00:00;4723.7415;3.0;False;False;True;False;False;False;False;False;True;False;False;False
2025-12-11 18:00:00;2739.09425;2.8;False;False;True;False;False;False;False;False;True;False;False;False
2025-12-11 19:00:00;2645.098;3.2;False;False;True;False;False;False;False;False;True;False;False;False
2025-12-11 20:00:00;2287.29675;2.3;False;False;True;False;False;False;False;False;True;False;False;False
2025-12-11 21:00:00;2191.172;2.0;False;False;True;False;False;False;False;False;True;False;False;False
2025-12-11 22:00:00;2080.83325;1.8;False;False;True;False;False;False;False;False;True;False;False;False
2025-12-11 23:00:00;2351.79525;1.6;False;False;True;False;False;False;False;False;True;False;False;False
2025-12-12 00:00:00;1956.3049999999998;2.3;False;False;False;True;False;False;False;False;False;True;False;False
2025-12-12 01:00:00;2795.53925;2.8;False;False;False;True;False;False;False;False;False;True;False;False
2025-12-12 02:00:00;2632.2145;2.7;False;False;False;True;False;False;False;False;False;True;False;False
2025-12-12 03:00:00;1918.922;3.0;False;False;False;True;False;False;False;False;False;True;False;False
2025-12-12 04:00:00;1844.46675;3.4;False;False;False;True;False;False;False;False;False;True;False;False
2025-12-12 05:00:00;1988.28775;2.0;False;False;False;True;False;False;False;False;False;True;False;False
2025-12-12 06:00:00;1865.2835;3.0;False;False;False;True;False;False;False;False;False;True;False;False
2025-12-12 07:00:00;2134.45975;3.0;False;False;False;True;False;False;False;False;False;True;False;False
2025-12-12 08:00:00;1881.825;0.9;False;False;False;True;False;False;False;False;False;True;False;False
2025-12-12 09:00:00;2916.6597500000003;1.6;False;False;False;True;False;False;False;False;False;True;False;False
2025-12-12 10:00:00;2126.375;3.0;False;False;False;True;False;False;False;False;False;True;False;False
2025-12-12 11:00:00;1981.1084999999998;4.6;False;False;False;True;False;False;False;False;False;True;False;False
2025-12-12 12:00:00;3884.2085;5.7;False;False;False;True;False;False;False;False;False;True;False;False
2025-12-12 13:00:00;3547.750142857143;4.8;False;False;False;True;False;False;False;False;False;True;False;False
2025-12-12 14:00:00;3211.2917857142857;4.6;False;False;False;True;False;False;False;False;False;True;False;False
2025-12-12 15:00:00;2874.8334285714286;3.7;False;False;False;True;False;False;False;False;False;True;False;False
2025-12-12 16:00:00;2538.3750714285716;2.0;False;False;False;True;False;False;False;False;False;True;False;False
2025-12-12 17:00:00;2201.9167142857145;1.8;False;False;False;True;False;False;False;False;False;True;False;False
2025-12-12 18:00:00;1865.4583571428573;1.0;False;False;False;True;False;False;False;False;False;True;False;False
2025-12-12 19:00:00;1529.0;0.8;False;False;False;True;False;False;False;False;False;True;False;False
2025-12-12 20:00:00;3176.25325;0.9;False;False;False;True;False;False;False;False;False;True;False;False
2025-12-12 21:00:00;3015.9615000000003;0.2;False;False;False;True;False;False;False;False;False;True;False;False
2025-12-12 22:00:00;3117.6335;-0.1;False;False;False;True;False;False;False;False;False;True;False;False
2025-12-12 23:00:00;3510.79125;-0.1;False;False;False;True;False;False;False;False;False;True;False;False
2025-12-13 00:00:00;2918.79;-0.9;False;False;False;False;True;False;False;False;False;False;True;False
2025-12-13 01:00:00;1920.1473333333333;-1.3;False;False;False;False;True;False;False;False;False;False;True;False
2025-12-13 02:00:00;2142.989016666667;-0.9;False;False;False;False;True;False;False;False;False;False;True;False
2025-12-13 03:00:00;2365.8307;-0.6;False;False;False;False;True;False;False;False;False;False;True;False
2025-12-13 04:00:00;2588.6723833333335;-0.6;False;False;False;False;True;False;False;False;False;False;True;False
2025-12-13 05:00:00;2811.5140666666666;-0.6;False;False;False;False;True;False;False;False;False;False;True;False
2025-12-13 06:00:00;3034.35575;-0.8;False;False;False;False;True;False;False;False;False;False;True;False
2025-12-13 07:00:00;2395.43975;-0.9;False;False;False;False;True;False;False;False;False;False;True;False
2025-12-13 08:00:00;2177.79325;-1.0;False;False;False;False;True;False;False;False;False;False;True;False
2025-12-13 09:00:00;2067.10925;-0.4;False;False;False;False;True;False;False;False;False;False;True;False
2025-12-13 10:00:00;2123.68375;0.9;False;False;False;False;True;False;False;False;False;False;True;False
2025-12-13 11:00:00;2643.21425;2.0;False;False;False;False;True;False;False;False;False;False;True;False
2025-12-13 12:00:00;3459.2737500000003;3.0;False;False;False;False;True;False;False;False;False;False;True;False
2025-12-13 13:00:00;2564.2670000000003;1.6;False;False;False;False;True;False;False;False;False;False;True;False
2025-12-13 14:00:00;2644.7514;1.6;False;False;False;False;True;False;False;False;False;False;True;False
2025-12-13 15:00:00;2725.2358;1.1;False;False;False;False;True;False;False;False;False;False;True;False
2025-12-13 16:00:00;2805.7202;0.1;False;False;False;False;True;False;False;False;False;False;True;False
2025-12-13 17:00:00;2886.2046;-0.2;False;False;False;False;True;False;False;False;False;False;True;False
2025-12-13 18:00:00;2966.689;-0.3;False;False;False;False;True;False;False;False;False;False;True;False
2025-12-13 19:00:00;3097.8514999999998;-0.9;False;False;False;False;True;False;False;False;False;False;True;False
2025-12-13 20:00:00;3148.51675;-0.8;False;False;False;False;True;False;False;False;False;False;True;False
2025-12-13 21:00:00;3751.20025;-0.6;False;False;False;False;True;False;False;False;False;False;True;False
2025-12-13 22:00:00;4133.6;-0.5;False;False;False;False;True;False;False;False;False;False;True;False
2025-12-13 23:00:00;3219.091;-0.3;False;False;False;False;True;False;False;False;False;False;True;False
2025-12-14 00:00:00;3069.3332499999997;-0.2;False;False;False;False;False;True;False;False;False;False;False;True
2025-12-14 01:00:00;3101.23325;-0.2;False;False;False;False;False;True;False;False;False;False;False;True
2025-12-14 02:00:00;1776.1;-0.2;False;False;False;False;False;True;False;False;False;False;False;True
2025-12-14 03:00:00;2067.5125;-0.1;False;False;False;False;False;True;False;False;False;False;False;True
2025-12-14 04:00:00;1887.21675;-0.2;False;False;False;False;False;True;False;False;False;False;False;True
2025-12-14 05:00:00;1732.0365000000002;-0.3;False;False;False;False;False;True;False;False;False;False;False;True
2025-12-14 06:00:00;1751.7335;-0.3;False;False;False;False;False;True;False;False;False;False;False;True
2025-12-14 07:00:00;2930.83325;-0.3;False;False;False;False;False;True;False;False;False;False;False;True
2025-12-14 08:00:00;2139.39975;-0.2;False;False;False;False;False;True;False;False;False;False;False;True
2025-12-14 09:00:00;2946.8897500000003;-0.1;False;False;False;False;False;True;False;False;False;False;False;True
2025-12-14 10:00:00;1689.7835;0.2;False;False;False;False;False;True;False;False;False;False;False;True
2025-12-14 11:00:00;2576.3815;0.2;False;False;False;False;False;True;False;False;False;False;False;True
2025-12-14 12:00:00;1834.27125;0.3;False;False;False;False;False;True;False;False;False;False;False;True
2025-12-14 13:00:00;1593.23475;0.2;False;False;False;False;False;True;False;False;False;False;False;True
2025-12-14 14:00:00;1737.6482500000002;0.0;False;False;False;False;False;True;False;False;False;False;False;True
2025-12-14 15:00:00;1520.1084999999998;-0.2;False;False;False;False;False;True;False;False;False;False;False;True
2025-12-14 16:00:00;3581.2712500000002;-0.5;False;False;False;False;False;True;False;False;False;False;False;True
2025-12-14 17:00:00;4092.41475;-0.6;False;False;False;False;False;True;False;False;False;False;False;True
2025-12-14 18:00:00;3843.2650000000003;-0.7;False;False;False;False;False;True;False;False;False;False;False;True
2025-12-14 19:00:00;3285.40575;-0.6;False;False;False;False;False;True;False;False;False;False;False;True
2025-12-14 20:00:00;3064.563;-0.6;False;False;False;False;False;True;False;False;False;False;False;True
2025-12-14 21:00:00;2624.5205;-0.8;False;False;False;False;False;True;False;False;False;False;False;True
2025-12-14 22:00:00;3104.588333333333;-0.9;False;False;False;False;False;True;False;False;False;False;False;True
2025-12-14 23:00:00;3822.76;-0.9;False;False;False;False;False;True;False;False;False;False;False;True
2025-12-15 00:00:00;3280.6440000000002;-0.9;False;False;False;False;False;False;False;False;False;False;False;False
2025-12-15 01:00:00;4277.189;-0.9;False;False;False;False;False;False;False;False;False;False;False;False
2025-12-15 02:00:00;6469.095499999999;-1.1;False;False;False;False;False;False;False;False;False;False;False;False
2025-12-15 03:00:00;1717.9189999999999;-1.2;False;False;False;False;False;False;False;False;False;False;False;False
2025-12-15 04:00:00;1947.9702499999999;-1.4;False;False;False;False;False;False;False;False;False;False;False;False
2025-12-15 05:00:00;2220.8959999999997;-1.2;False;False;False;False;False;False;False;False;False;False;False;False
2025-12-15 06:00:00;2554.775;-1.2;False;False;False;False;False;False;False;False;False;False;False;False
2025-12-15 07:00:00;3805.471;-1.5;False;False;False;False;False;False;False;False;False;False;False;False
2025-12-15 08:00:00;1678.2617500000001;-2.1;False;False;False;False;False;False;False;False;False;False;False;False
2025-12-15 09:00:00;1177.27925;-1.9;False;False;False;False;False;False;False;False;False;False;False;False
2025-12-15 10:00:00;2430.5855;-1.6;False;False;False;False;False;False;False;False;False;False;False;False
2025-12-15 11:00:00;847.654;-0.9;False;False;False;False;False;False;False;False;False;False;False;False
2025-12-15 12:00:00;1161.0490909090909;-0.2;False;False;False;False;False;False;False;False;False;False;False;False
2025-12-15 13:00:00;1474.4441818181817;-0.2;False;False;False;False;False;False;False;False;False;False;False;False
2025-12-15 14:00:00;1787.8392727272728;0.1;False;False;False;False;False;False;False;False;False;False;False;False
2025-12-15 15:00:00;2101.234363636364;-0.6;False;False;False;False;False;False;False;False;False;False;False;False
2025-12-15 16:00:00;2414.629454545455;-1.4;False;False;False;False;False;False;False;False;False;False;False;False
2025-12-15 17:00:00;2728.0245454545457;-2.0;False;False;False;False;False;False;False;False;False;False;False;False
2025-12-15 18:00:00;3041.4196363636365;-1.8;False;False;False;False;False;False;False;False;False;False;False;False
2025-12-15 19:00:00;3354.8147272727274;-1.8;False;False;False;False;False;False;False;False;False;False;False;False
2025-12-15 20:00:00;3668.2098181818183;-1.9;False;False;False;False;False;False;False;False;False;False;False;False
2025-12-15 21:00:00;3981.604909090909;-2.3;False;False;False;False;False;False;False;False;False;False;False;False
2025-12-15 22:00:00;4295.0;-2.3;False;False;False;False;False;False;False;False;False;False;False;False
2025-12-15 23:00:00;4114.062541666666;-2.5;False;False;False;False;False;False;False;False;False;False;False;False
2025-12-16 00:00:00;3933.1250833333334;-2.2;True;False;False;False;False;False;True;False;False;False;False;False
2025-12-16 01:00:00;3752.187625;-2.8;True;False;False;False;False;False;True;False;False;False;False;False
2025-12-16 02:00:00;3571.2501666666667;-2.8;True;False;False;False;False;False;True;False;False;False;False;False
2025-12-16 03:00:00;3390.3127083333334;-3.3;True;False;False;False;False;False;True;False;False;False;False;False
2025-12-16 04:00:00;3209.37525;-3.0;True;False;False;False;False;False;True;False;False;False;False;False
2025-12-16 05:00:00;3028.4377916666667;-3.2;True;False;False;False;False;False;True;False;False;False;False;False
2025-12-16 06:00:00;2847.5003333333334;-2.9;True;False;False;False;False;False;True;False;False;False;False;False
2025-12-16 07:00:00;2081.9522500000003;-3.2;True;False;False;False;False;False;True;False;False;False;False;False
2025-12-16 08:00:00;2939.7397499999997;-3.2;True;False;False;False;False;False;True;False;False;False;False;False
2025-12-16 09:00:00;2124.0;-3.2;True;False;False;False;False;False;True;False;False;False;False;False
2025-12-16 10:00:00;1386.43125;-2.2;True;False;False;False;False;False;True;False;False;False;False;False
2025-12-16 11:00:00;648.8625;-0.8;True;False;False;False;False;False;True;False;False;False;False;False
2025-12-16 12:00:00;1231.75425;-0.2;True;False;False;False;False;False;True;False;False;False;False;False
2025-12-16 13:00:00;1289.73875;0.4;True;False;False;False;False;False;True;False;False;False;False;False
2025-12-16 14:00:00;3797.3154999999997;-0.8;True;False;False;False;False;False;True;False;False;False;False;False
2025-12-16 15:00:00;4316.10625;-1.5;True;False;False;False;False;False;True;False;False;False;False;False
2025-12-16 16:00:00;2180.33875;-3.2;True;False;False;False;False;False;True;False;False;False;False;False
2025-12-16 17:00:00;2014.10825;-3.4;True;False;False;False;False;False;True;False;False;False;False;False
2025-12-16 18:00:00;4478.0065;-2.8;True;False;False;False;False;False;True;False;False;False;False;False
2025-12-16 19:00:00;3231.0955;-3.0;True;False;False;False;False;False;True;False;False;False;False;False
2025-12-16 20:00:00;4013.80825;-3.0;True;False;False;False;False;False;True;False;False;False;False;False
2025-12-16 21:00:00;3678.8525;-2.8;True;False;False;False;False;False;True;False;False;False;False;False
2025-12-16 22:00:00;3318.7690000000002;-2.2;True;False;False;False;False;False;True;False;False;False;False;False
2025-12-16 23:00:00;2203.8585;-1.8;True;False;False;False;False;False;True;False;False;False;False;False
2025-12-17 00:00:00;3022.34775;-1.8;False;True;False;False;False;False;False;True;False;False;False;False
2025-12-17 01:00:00;2570.2925;-1.5;False;True;False;False;False;False;False;True;False;False;False;False
2025-12-17 02:00:00;3344.0885;-1.7;False;True;False;False;False;False;False;True;False;False;False;False
2025-12-17 03:00:00;8361.381000000001;-1.5;False;True;False;False;False;False;False;True;False;False;False;False
2025-12-17 04:00:00;2166.9185;-1.9;False;True;False;False;False;False;False;True;False;False;False;False
2025-12-17 05:00:00;2611.01775;-1.7;False;True;False;False;False;False;False;True;False;False;False;False
2025-12-17 06:00:00;2978.32925;-1.8;False;True;False;False;False;False;False;True;False;False;False;False
2025-12-17 07:00:00;3633.54775;-1.8;False;True;False;False;False;False;False;True;False;False;False;False
2025-12-17 08:00:00;1351.266;-2.3;False;True;False;False;False;False;False;True;False;False;False;False
2025-12-17 09:00:00;1174.8555000000001;-2.2;False;True;False;False;False;False;False;True;False;False;False;False
2025-12-17 10:00:00;1634.93725;-1.8;False;True;False;False;False;False;False;True;False;False;False;False
2025-12-17 11:00:00;2737.333;-1.3;False;True;False;False;False;False;False;True;False;False;False;False
2025-12-17 12:00:00;3182.8;-0.9;False;True;False;False;False;False;False;True;False;False;False;False
2025-12-17 13:00:00;3332.160907894737;-1.3;False;True;False;False;False;False;False;True;False;False;False;False
2025-12-17 14:00:00;3481.5218157894737;-1.5;False;True;False;False;False;False;False;True;False;False;False;False
2025-12-17 15:00:00;3630.8827236842108;-2.2;False;True;False;False;False;False;False;True;False;False;False;False
2025-12-17 16:00:00;3780.2436315789473;-2.5;False;True;False;False;False;False;False;True;False;False;False;False
2025-12-17 17:00:00;3929.6045394736843;-2.5;False;True;False;False;False;False;False;True;False;False;False;False
2025-12-17 18:00:00;4078.9654473684213;-2.7;False;True;False;False;False;False;False;True;False;False;False;False
2025-12-17 19:00:00;4228.326355263158;-2.2;False;True;False;False;False;False;False;True;False;False;False;False
2025-12-17 20:00:00;4377.687263157895;-1.5;False;True;False;False;False;False;False;True;False;False;False;False
2025-12-17 21:00:00;4527.048171052632;-1.2;False;True;False;False;False;False;False;True;False;False;False;False
2025-12-17 22:00:00;4676.4090789473685;-1.0;False;True;False;False;False;False;False;True;False;False;False;False
2025-12-17 23:00:00;4825.769986842106;-0.6;False;True;False;False;False;False;False;True;False;False;False;False
2025-12-18 00:00:00;4975.1308947368425;-0.1;False;False;True;False;False;False;False;False;True;False;False;False
2025-12-18 01:00:00;5124.491802631579;-0.6;False;False;True;False;False;False;False;False;True;False;False;False
2025-12-18 02:00:00;5273.8527105263165;-0.4;False;False;True;False;False;False;False;False;True;False;False;False
2025-12-18 03:00:00;5423.213618421052;-0.6;False;False;True;False;False;False;False;False;True;False;False;False
2025-12-18 04:00:00;5572.57452631579;-0.3;False;False;True;False;False;False;False;False;True;False;False;False
2025-12-18 05:00:00;5721.935434210527;-0.1;False;False;True;False;False;False;False;False;True;False;False;False
2025-12-18 06:00:00;5871.296342105263;-0.2;False;False;True;False;False;False;False;False;True;False;False;False
2025-12-18 07:00:00;6020.65725;-0.3;False;False;True;False;False;False;False;False;True;False;False;False
2025-12-18 08:00:00;1405.94575;-0.1;False;False;True;False;False;False;False;False;True;False;False;False
2025-12-18 09:00:00;559.2112500000001;0.4;False;False;True;False;False;False;False;False;True;False;False;False
2025-12-18 10:00:00;2422.81375;1.5;False;False;True;False;False;False;False;False;True;False;False;False
2025-12-18 11:00:00;3105.59825;1.9;False;False;True;False;False;False;False;False;True;False;False;False
2025-12-18 12:00:00;7332.70975;2.1;False;False;True;False;False;False;False;False;True;False;False;False
2025-12-18 13:00:00;2872.182;2.2;False;False;True;False;False;False;False;False;True;False;False;False
2025-12-18 14:00:00;1922.9045;2.4;False;False;True;False;False;False;False;False;True;False;False;False
2025-12-18 15:00:00;2417.99275;1.8;False;False;True;False;False;False;False;False;True;False;False;False
2025-12-18 16:00:00;1235.618;0.9;False;False;True;False;False;False;False;False;True;False;False;False
2025-12-18 17:00:00;1482.35375;0.7;False;False;True;False;False;False;False;False;True;False;False;False
2025-12-18 18:00:00;3419.4392500000004;0.9;False;False;True;False;False;False;False;False;True;False;False;False
2025-12-18 19:00:00;3305.3832500000003;1.0;False;False;True;False;False;False;False;False;True;False;False;False
2025-12-18 20:00:00;4007.5195;1.4;False;False;True;False;False;False;False;False;True;False;False;False
2025-12-18 21:00:00;3595.93225;1.4;False;False;True;False;False;False;False;False;True;False;False;False
2025-12-18 22:00:00;3626.1085;1.5;False;False;True;False;False;False;False;False;True;False;False;False
2025-12-18 23:00:00;4107.6525;1.6;False;False;True;False;False;False;False;False;True;False;False;False
2025-12-19 00:00:00;7770.190250000001;1.2;False;False;False;True;False;False;False;False;False;True;False;False
2025-12-19 01:00:00;5156.11175;0.8;False;False;False;True;False;False;False;False;False;True;False;False
2025-12-19 02:00:00;3081.9849999999997;0.6;False;False;False;True;False;False;False;False;False;True;False;False
2025-12-19 03:00:00;3091.2025;0.4;False;False;False;True;False;False;False;False;False;True;False;False
2025-12-19 04:00:00;2408.76525;0.5;False;False;False;True;False;False;False;False;False;True;False;False
2025-12-19 05:00:00;3639.7827500000003;0.6;False;False;False;True;False;False;False;False;False;True;False;False
2025-12-19 06:00:00;3508.067;0.2;False;False;False;True;False;False;False;False;False;True;False;False
2025-12-19 07:00:00;3950.9030000000002;-0.4;False;False;False;True;False;False;False;False;False;True;False;False
2025-12-19 08:00:00;3269.5144999999998;-0.4;False;False;False;True;False;False;False;False;False;True;False;False
2025-12-19 09:00:00;3575.23575;-0.3;False;False;False;True;False;False;False;False;False;True;False;False
2025-12-19 10:00:00;3700.589;-0.2;False;False;False;True;False;False;False;False;False;True;False;False
2025-12-19 11:00:00;4201.251;0.6;False;False;False;True;False;False;False;False;False;True;False;False
2025-12-19 12:00:00;2779.36925;1.5;False;False;False;True;False;False;False;False;False;True;False;False
2025-12-19 13:00:00;2591.64175;1.6;False;False;False;True;False;False;False;False;False;True;False;False
2025-12-19 14:00:00;4236.2837500000005;1.5;False;False;False;True;False;False;False;False;False;True;False;False
2025-12-19 15:00:00;4710.875;0.6;False;False;False;True;False;False;False;False;False;True;False;False
2025-12-19 16:00:00;4683.1455000000005;-0.3;False;False;False;True;False;False;False;False;False;True;False;False
2025-12-19 17:00:00;1957.14025;-0.8;False;False;False;True;False;False;False;False;False;True;False;False
2025-12-19 18:00:00;2981.8064999999997;-1.0;False;False;False;True;False;False;False;False;False;True;False;False
2025-12-19 19:00:00;4516.76175;-0.9;False;False;False;True;False;False;False;False;False;True;False;False
2025-12-19 20:00:00;4271.871;-1.0;False;False;False;True;False;False;False;False;False;True;False;False
2025-12-19 21:00:00;3797.62425;-0.6;False;False;False;True;False;False;False;False;False;True;False;False
2025-12-19 22:00:00;3951.717;-0.6;False;False;False;True;False;False;False;False;False;True;False;False
2025-12-19 23:00:00;2983.4135;-0.2;False;False;False;True;False;False;False;False;False;True;False;False
2025-12-20 00:00:00;2538.913;-0.1;False;False;False;False;True;False;False;False;False;False;True;False
2025-12-20 01:00:00;4202.9665;0.0;False;False;False;False;True;False;False;False;False;False;True;False
2025-12-20 02:00:00;8965.955249999999;-0.1;False;False;False;False;True;False;False;False;False;False;True;False
2025-12-20 03:00:00;3282.6510000000003;0.1;False;False;False;False;True;False;False;False;False;False;True;False
2025-12-20 04:00:00;3875.9477500000003;0.6;False;False;False;False;True;False;False;False;False;False;True;False
2025-12-20 05:00:00;3441.8672500000002;0.9;False;False;False;False;True;False;False;False;False;False;True;False
2025-12-20 06:00:00;2669.2165;1.0;False;False;False;False;True;False;False;False;False;False;True;False
2025-12-20 07:00:00;2999.3100000000004;0.9;False;False;False;False;True;False;False;False;False;False;True;False
2025-12-20 08:00:00;3069.1535;1.6;False;False;False;False;True;False;False;False;False;False;True;False
2025-12-20 09:00:00;6207.0;2.5;False;False;False;False;True;False;False;False;False;False;True;False
2025-12-20 10:00:00;2451.78575;3.0;False;False;False;False;True;False;False;False;False;False;True;False
2025-12-20 11:00:00;2713.108;4.3;False;False;False;False;True;False;False;False;False;False;True;False
2025-12-20 12:00:00;4145.641;5.2;False;False;False;False;True;False;False;False;False;False;True;False
2025-12-20 13:00:00;4062.3995;4.9;False;False;False;False;True;False;False;False;False;False;True;False
2025-12-20 14:00:00;2739.505;5.3;False;False;False;False;True;False;False;False;False;False;True;False
2025-12-20 15:00:00;2172.6235;4.8;False;False;False;False;True;False;False;False;False;False;True;False
2025-12-20 16:00:00;1423.029;2.3;False;False;False;False;True;False;False;False;False;False;True;False
2025-12-20 17:00:00;1186.968;1.6;False;False;False;False;True;False;False;False;False;False;True;False
2025-12-20 18:00:00;3467.6365;1.5;False;False;False;False;True;False;False;False;False;False;True;False
2025-12-20 19:00:00;4275.79525;1.6;False;False;False;False;True;False;False;False;False;False;True;False
2025-12-20 20:00:00;4237.97875;1.8;False;False;False;False;True;False;False;False;False;False;True;False
2025-12-20 21:00:00;2893.518;1.8;False;False;False;False;True;False;False;False;False;False;True;False
2025-12-20 22:00:00;3198.6345;1.2;False;False;False;False;True;False;False;False;False;False;True;False
2025-12-20 23:00:00;4138.81475;1.4;False;False;False;False;True;False;False;False;False;False;True;False
2025-12-21 00:00:00;2409.7415;1.7;False;False;False;False;False;True;False;False;False;False;False;True
2025-12-21 01:00:00;3814.263;2.8;False;False;False;False;False;True;False;False;False;False;False;True
2025-12-21 02:00:00;3590.12475;2.3;False;False;False;False;False;True;False;False;False;False;False;True
2025-12-21 03:00:00;2829.026;2.2;False;False;False;False;False;True;False;False;False;False;False;True
2025-12-21 04:00:00;2303.0515;2.0;False;False;False;False;False;True;False;False;False;False;False;True
2025-12-21 05:00:00;2252.367;1.8;False;False;False;False;False;True;False;False;False;False;False;True
2025-12-21 06:00:00;2721.711;1.7;False;False;False;False;False;True;False;False;False;False;False;True
2025-12-21 07:00:00;2643.5434999999998;2.5;False;False;False;False;False;True;False;False;False;False;False;True
2025-12-21 08:00:00;2584.24925;1.6;False;False;False;False;False;True;False;False;False;False;False;True
2025-12-21 09:00:00;4044.43575;2.8;False;False;False;False;False;True;False;False;False;False;False;True
2025-12-21 10:00:00;1565.4355;4.2;False;False;False;False;False;True;False;False;False;False;False;True
2025-12-21 11:00:00;2816.878;5.7;False;False;False;False;False;True;False;False;False;False;False;True
2025-12-21 12:00:00;1249.4592499999999;6.9;False;False;False;False;False;True;False;False;False;False;False;True
2025-12-21 13:00:00;1217.1;6.6;False;False;False;False;False;True;False;False;False;False;False;True
2025-12-21 14:00:00;1378.69175;7.1;False;False;False;False;False;True;False;False;False;False;False;True
2025-12-21 15:00:00;1195.306;6.0;False;False;False;False;False;True;False;False;False;False;False;True
2025-12-21 16:00:00;955.894;4.2;False;False;False;False;False;True;False;False;False;False;False;True
2025-12-21 17:00:00;2485.85325;3.5;False;False;False;False;False;True;False;False;False;False;False;True
2025-12-21 18:00:00;3497.2962500000003;3.0;False;False;False;False;False;True;False;False;False;False;False;True
2025-12-21 19:00:00;4181.937;3.2;False;False;False;False;False;True;False;False;False;False;False;True
2025-12-21 20:00:00;4707.18375;3.0;False;False;False;False;False;True;False;False;False;False;False;True
2025-12-21 21:00:00;3969.1712500000003;2.4;False;False;False;False;False;True;False;False;False;False;False;True
2025-12-21 22:00:00;3678.82325;2.0;False;False;False;False;False;True;False;False;False;False;False;True
2025-12-21 23:00:00;3608.9002499999997;1.8;False;False;False;False;False;True;False;False;False;False;False;True
2025-12-22 00:00:00;2915.0565;1.6;False;False;False;False;False;False;False;False;False;False;False;False
2025-12-22 01:00:00;2548.2435;1.5;False;False;False;False;False;False;False;False;False;False;False;False
2025-12-22 02:00:00;2232.0992499999998;1.5;False;False;False;False;False;False;False;False;False;False;False;False
2025-12-22 03:00:00;9567.17625;1.5;False;False;False;False;False;False;False;False;False;False;False;False
2025-12-22 04:00:00;2910.3715;1.1;False;False;False;False;False;False;False;False;False;False;False;False
2025-12-22 05:00:00;2520.50625;0.9;False;False;False;False;False;False;False;False;False;False;False;False
2025-12-22 06:00:00;3192.28025;0.9;False;False;False;False;False;False;False;False;False;False;False;False
2025-12-22 07:00:00;3488.30425;1.5;False;False;False;False;False;False;False;False;False;False;False;False
2025-12-22 08:00:00;3426.1949999999997;1.5;False;False;False;False;False;False;False;False;False;False;False;False
2025-12-22 09:00:00;3023.71425;1.6;False;False;False;False;False;False;False;False;False;False;False;False
2025-12-22 10:00:00;2866.0945;1.6;False;False;False;False;False;False;False;False;False;False;False;False
2025-12-22 11:00:00;2268.2585;0.9;False;False;False;False;False;False;False;False;False;False;False;False
2025-12-22 12:00:00;3301.984;0.8;False;False;False;False;False;False;False;False;False;False;False;False
2025-12-22 13:00:00;3547.57625;0.9;False;False;False;False;False;False;False;False;False;False;False;False
2025-12-22 14:00:00;2896.92125;1.0;False;False;False;False;False;False;False;False;False;False;False;False
2025-12-22 15:00:00;5871.51375;0.8;False;False;False;False;False;False;False;False;False;False;False;False
2025-12-22 16:00:00;1730.5235;0.6;False;False;False;False;False;False;False;False;False;False;False;False
2025-12-22 17:00:00;3051.303;0.6;False;False;False;False;False;False;False;False;False;False;False;False
2025-12-22 18:00:00;4219.568499999999;0.6;False;False;False;False;False;False;False;False;False;False;False;False
2025-12-22 19:00:00;3238.7560000000003;0.6;False;False;False;False;False;False;False;False;False;False;False;False
2025-12-22 20:00:00;3223.38375;0.6;False;False;False;False;False;False;False;False;False;False;False;False
2025-12-22 21:00:00;4317.0740000000005;0.4;False;False;False;False;False;False;False;False;False;False;False;False
2025-12-22 22:00:00;4596.594;0.3;False;False;False;False;False;False;False;False;False;False;False;False
2025-12-22 23:00:00;3827.277;0.2;False;False;False;False;False;False;False;False;False;False;False;False
2025-12-23 00:00:00;3326.473;0.3;True;False;False;False;False;False;True;False;False;False;False;False
2025-12-23 01:00:00;3530.52075;0.5;True;False;False;False;False;False;True;False;False;False;False;False
2025-12-23 02:00:00;2224.61025;0.4;True;False;False;False;False;False;True;False;False;False;False;False
2025-12-23 03:00:00;3007.70775;0.4;True;False;False;False;False;False;True;False;False;False;False;False
2025-12-23 04:00:00;5519.1605;0.3;True;False;False;False;False;False;True;False;False;False;False;False
2025-12-23 05:00:00;6316.11525;0.3;True;False;False;False;False;False;True;False;False;False;False;False
2025-12-23 06:00:00;3193.17375;0.4;True;False;False;False;False;False;True;False;False;False;False;False
2025-12-23 07:00:00;3430.2662499999997;0.5;True;False;False;False;False;False;True;False;False;False;False;False
2025-12-23 08:00:00;2773.25675;0.2;True;False;False;False;False;False;True;False;False;False;False;False
2025-12-23 09:00:00;2950.28575;0.2;True;False;False;False;False;False;True;False;False;False;False;False
2025-12-23 10:00:00;3686.31425;0.5;True;False;False;False;False;False;True;False;False;False;False;False
2025-12-23 11:00:00;2181.6504999999997;1.0;True;False;False;False;False;False;True;False;False;False;False;False
2025-12-23 12:00:00;1414.4395;1.1;True;False;False;False;False;False;True;False;False;False;False;False
2025-12-23 13:00:00;1133.062;0.2;True;False;False;False;False;False;True;False;False;False;False;False
2025-12-23 14:00:00;2475.4880000000003;-0.6;True;False;False;False;False;False;True;False;False;False;False;False
2025-12-23 15:00:00;5893.1005000000005;-1.3;True;False;False;False;False;False;True;False;False;False;False;False
2025-12-23 16:00:00;6806.9169999999995;-2.0;True;False;False;False;False;False;True;False;False;False;False;False
2025-12-23 17:00:00;5115.60125;-2.4;True;False;False;False;False;False;True;False;False;False;False;False
2025-12-23 18:00:00;4430.53475;-2.6;True;False;False;False;False;False;True;False;False;False;False;False
2025-12-23 19:00:00;4475.29125;-2.9;True;False;False;False;False;False;True;False;False;False;False;False
2025-12-23 20:00:00;4365.845;-3.0;True;False;False;False;False;False;True;False;False;False;False;False
2025-12-23 21:00:00;4968.6990000000005;-3.0;True;False;False;False;False;False;True;False;False;False;False;False
2025-12-23 22:00:00;4708.7585;-3.1;True;False;False;False;False;False;True;False;False;False;False;False
2025-12-23 23:00:00;4903.478;-3.5;True;False;False;False;False;False;True;False;False;False;False;False
2025-12-24 00:00:00;3240.58025;-3.8;False;True;False;False;False;False;False;True;False;False;False;False
2025-12-24 01:00:00;3387.68825;-3.5;False;True;False;False;False;False;False;True;False;False;False;False
2025-12-24 02:00:00;3354.747;-3.3;False;True;False;False;False;False;False;True;False;False;False;False
2025-12-24 03:00:00;2698.8225;-3.2;False;True;False;False;False;False;False;True;False;False;False;False
2025-12-24 04:00:00;7665.2085;-3.0;False;True;False;False;False;False;False;True;False;False;False;False
2025-12-24 05:00:00;4699.94925;-3.2;False;True;False;False;False;False;False;True;False;False;False;False
2025-12-24 06:00:00;2570.67225;-3.2;False;True;False;False;False;False;False;True;False;False;False;False
2025-12-24 07:00:00;3233.08775;-3.7;False;True;False;False;False;False;False;True;False;False;False;False
2025-12-24 08:00:00;2686.6310000000003;-4.3;False;True;False;False;False;False;False;True;False;False;False;False
2025-12-24 09:00:00;1682.8912500000001;-4.8;False;True;False;False;False;False;False;True;False;False;False;False
2025-12-24 10:00:00;1452.917;-5.2;False;True;False;False;False;False;False;True;False;False;False;False
2025-12-24 11:00:00;4243.231;-5.7;False;True;False;False;False;False;False;True;False;False;False;False
2025-12-24 12:00:00;9107.767249999999;-6.0;False;True;False;False;False;False;False;True;False;False;False;False
2025-12-24 13:00:00;5374.825;-6.2;False;True;False;False;False;False;False;True;False;False;False;False
2025-12-24 14:00:00;2614.1635;-6.2;False;True;False;False;False;False;False;True;False;False;False;False
2025-12-24 15:00:00;3369.70325;-6.5;False;True;False;False;False;False;False;True;False;False;False;False
2025-12-24 16:00:00;3968.79;-6.7;False;True;False;False;False;False;False;True;False;False;False;False
2025-12-24 17:00:00;1264.55;-6.9;False;True;False;False;False;False;False;True;False;False;False;False
2025-12-24 18:00:00;3914.90025;-7.1;False;True;False;False;False;False;False;True;False;False;False;False
2025-12-24 19:00:00;4659.7;-7.5;False;True;False;False;False;False;False;True;False;False;False;False
2025-12-24 20:00:00;4061.513;-7.7;False;True;False;False;False;False;False;True;False;False;False;False
2025-12-24 21:00:00;3829.053;-7.6;False;True;False;False;False;False;False;True;False;False;False;False
2025-12-24 22:00:00;3499.3545000000004;-7.4;False;True;False;False;False;False;False;True;False;False;False;False
2025-12-24 23:00:00;4213.61675;-7.1;False;True;False;False;False;False;False;True;False;False;False;False
2025-12-25 00:00:00;3384.2690000000002;-6.7;False;False;True;False;False;False;False;False;True;False;False;False
2025-12-25 01:00:00;3294.38175;-7.4;False;False;True;False;False;False;False;False;True;False;False;False
2025-12-25 02:00:00;3560.886;-7.2;False;False;True;False;False;False;False;False;True;False;False;False
2025-12-25 03:00:00;3209.7435;-6.8;False;False;True;False;False;False;False;False;True;False;False;False
2025-12-25 04:00:00;3585.72375;-6.3;False;False;True;False;False;False;False;False;True;False;False;False
2025-12-25 05:00:00;3660.07225;-6.1;False;False;True;False;False;False;False;False;True;False;False;False
2025-12-25 06:00:00;3172.675;-6.0;False;False;True;False;False;False;False;False;True;False;False;False
2025-12-25 07:00:00;3323.429;-5.7;False;False;True;False;False;False;False;False;True;False;False;False
2025-12-25 08:00:00;3017.43;-5.5;False;False;True;False;False;False;False;False;True;False;False;False
2025-12-25 09:00:00;2699.475;-4.8;False;False;True;False;False;False;False;False;True;False;False;False
2025-12-25 10:00:00;2442.27025;-3.0;False;False;True;False;False;False;False;False;True;False;False;False
2025-12-25 11:00:00;2148.93825;-1.5;False;False;True;False;False;False;False;False;True;False;False;False
2025-12-25 12:00:00;2349.2375;-0.4;False;False;True;False;False;False;False;False;True;False;False;False
2025-12-25 13:00:00;3503.21425;-0.4;False;False;True;False;False;False;False;False;True;False;False;False
2025-12-25 14:00:00;2712.647;-0.5;False;False;True;False;False;False;False;False;True;False;False;False
2025-12-25 15:00:00;2473.7795;-1.8;False;False;True;False;False;False;False;False;True;False;False;False
2025-12-25 16:00:00;3625.5865;-4.4;False;False;True;False;False;False;False;False;True;False;False;False
2025-12-25 17:00:00;3543.94025;-4.8;False;False;True;False;False;False;False;False;True;False;False;False
2025-12-25 18:00:00;3567.013;-4.9;False;False;True;False;False;False;False;False;True;False;False;False
2025-12-25 19:00:00;3797.1537500000004;-4.8;False;False;True;False;False;False;False;False;True;False;False;False
2025-12-25 20:00:00;1504.0635;-3.8;False;False;True;False;False;False;False;False;True;False;False;False
2025-12-25 21:00:00;1543.573;-3.5;False;False;True;False;False;False;False;False;True;False;False;False
2025-12-25 22:00:00;2759.0699999999997;-3.4;False;False;True;False;False;False;False;False;True;False;False;False
2025-12-25 23:00:00;3945.518;-3.7;False;False;True;False;False;False;False;False;True;False;False;False
2025-12-26 00:00:00;3845.932;-3.7;False;False;False;True;False;False;False;False;False;True;False;False
2025-12-26 01:00:00;3402.51075;-3.7;False;False;False;True;False;False;False;False;False;True;False;False
2025-12-26 02:00:00;3269.084;-3.2;False;False;False;True;False;False;False;False;False;True;False;False
2025-12-26 03:00:00;2827.109;-3.7;False;False;False;True;False;False;False;False;False;True;False;False
2025-12-26 04:00:00;3885.383;-3.6;False;False;False;True;False;False;False;False;False;True;False;False
2025-12-26 05:00:00;3084.52575;-3.2;False;False;False;True;False;False;False;False;False;True;False;False
2025-12-26 06:00:00;3490.978;-2.5;False;False;False;True;False;False;False;False;False;True;False;False
2025-12-26 07:00:00;2901.1875;-1.6;False;False;False;True;False;False;False;False;False;True;False;False
2025-12-26 08:00:00;3128.63325;-1.4;False;False;False;True;False;False;False;False;False;True;False;False
2025-12-26 09:00:00;2913.047;-1.2;False;False;False;True;False;False;False;False;False;True;False;False
2025-12-26 10:00:00;1922.3812500000001;1.0;False;False;False;True;False;False;False;False;False;True;False;False
2025-12-26 11:00:00;1556.53475;3.9;False;False;False;True;False;False;False;False;False;True;False;False
2025-12-26 12:00:00;3006.7125;4.8;False;False;False;True;False;False;False;False;False;True;False;False
2025-12-26 13:00:00;3082.68825;4.3;False;False;False;True;False;False;False;False;False;True;False;False
2025-12-26 14:00:00;2352.024;3.2;False;False;False;True;False;False;False;False;False;True;False;False
2025-12-26 15:00:00;3477.02025;1.4;False;False;False;True;False;False;False;False;False;True;False;False
2025-12-26 16:00:00;3067.9555;-1.4;False;False;False;True;False;False;False;False;False;True;False;False
2025-12-26 17:00:00;1481.1132499999999;-2.0;False;False;False;True;False;False;False;False;False;True;False;False
2025-12-26 18:00:00;1358.63175;-1.9;False;False;False;True;False;False;False;False;False;True;False;False
2025-12-26 19:00:00;3030.2740000000003;-1.7;False;False;False;True;False;False;False;False;False;True;False;False
2025-12-26 20:00:00;3290.45425;-1.5;False;False;False;True;False;False;False;False;False;True;False;False
2025-12-26 21:00:00;4485.30975;-2.0;False;False;False;True;False;False;False;False;False;True;False;False
2025-12-26 22:00:00;3830.493;-2.7;False;False;False;True;False;False;False;False;False;True;False;False
2025-12-26 23:00:00;4437.912;-3.2;False;False;False;True;False;False;False;False;False;True;False;False
2025-12-27 00:00:00;3335.765;-3.5;False;False;False;False;True;False;False;False;False;False;True;False
2025-12-27 01:00:00;3634.0285;-3.6;False;False;False;False;True;False;False;False;False;False;True;False
2025-12-27 02:00:00;3259.38325;-3.2;False;False;False;False;True;False;False;False;False;False;True;False
2025-12-27 03:00:00;4410.3814999999995;-3.2;False;False;False;False;True;False;False;False;False;False;True;False
2025-12-27 04:00:00;2703.35925;-3.7;False;False;False;False;True;False;False;False;False;False;True;False
2025-12-27 05:00:00;2792.57575;-3.7;False;False;False;False;True;False;False;False;False;False;True;False
2025-12-27 06:00:00;3656.7659999999996;-3.5;False;False;False;False;True;False;False;False;False;False;True;False
2025-12-27 07:00:00;3318.60025;-3.3;False;False;False;False;True;False;False;False;False;False;True;False
2025-12-27 08:00:00;3788.18325;-3.3;False;False;False;False;True;False;False;False;False;False;True;False
2025-12-27 09:00:00;3453.1755;-2.0;False;False;False;False;True;False;False;False;False;False;True;False
2025-12-27 10:00:00;3062.3265;0.1;False;False;False;False;True;False;False;False;False;False;True;False
2025-12-27 11:00:00;1725.5855;0.6;False;False;False;False;True;False;False;False;False;False;True;False
2025-12-27 12:00:00;5098.7665;1.2;False;False;False;False;True;False;False;False;False;False;True;False
2025-12-27 13:00:00;3168.739;1.8;False;False;False;False;True;False;False;False;False;False;True;False
2025-12-27 14:00:00;2217.93975;2.0;False;False;False;False;True;False;False;False;False;False;True;False
2025-12-27 15:00:00;3706.87975;1.0;False;False;False;False;True;False;False;False;False;False;True;False
2025-12-27 16:00:00;1283.46675;-1.1;False;False;False;False;True;False;False;False;False;False;True;False
2025-12-27 17:00:00;1525.384;-2.2;False;False;False;False;True;False;False;False;False;False;True;False
2025-12-27 18:00:00;2997.0702499999998;-3.5;False;False;False;False;True;False;False;False;False;False;True;False
2025-12-27 19:00:00;1878.02225;-4.2;False;False;False;False;True;False;False;False;False;False;True;False
2025-12-27 20:00:00;2698.67625;-3.5;False;False;False;False;True;False;False;False;False;False;True;False
2025-12-27 21:00:00;3741.68025;-2.5;False;False;False;False;True;False;False;False;False;False;True;False
2025-12-27 22:00:00;4195.8555;-2.1;False;False;False;False;True;False;False;False;False;False;True;False
2025-12-27 23:00:00;4716.03275;-1.9;False;False;False;False;True;False;False;False;False;False;True;False
2025-12-28 00:00:00;3483.3325;-1.6;False;False;False;False;False;True;False;False;False;False;False;True
2025-12-28 01:00:00;3290.55725;-1.9;False;False;False;False;False;True;False;False;False;False;False;True
2025-12-28 02:00:00;3829.96675;-2.0;False;False;False;False;False;True;False;False;False;False;False;True
2025-12-28 03:00:00;3630.66925;-2.7;False;False;False;False;False;True;False;False;False;False;False;True
2025-12-28 04:00:00;3186.6997499999998;-2.9;False;False;False;False;False;True;False;False;False;False;False;True
2025-12-28 05:00:00;1503.1;-3.1;False;False;False;False;False;True;False;False;False;False;False;True
2025-12-28 06:00:00;1606.2242727272726;-3.5;False;False;False;False;False;True;False;False;False;False;False;True
2025-12-28 07:00:00;1709.3485454545453;-4.0;False;False;False;False;False;True;False;False;False;False;False;True
2025-12-28 08:00:00;1812.4728181818182;-4.1;False;False;False;False;False;True;False;False;False;False;False;True
2025-12-28 09:00:00;1915.5970909090909;-3.8;False;False;False;False;False;True;False;False;False;False;False;True
2025-12-28 10:00:00;2018.7213636363635;-3.8;False;False;False;False;False;True;False;False;False;False;False;True
2025-12-28 11:00:00;2121.8456363636365;-3.7;False;False;False;False;False;True;False;False;False;False;False;True
2025-12-28 12:00:00;2224.969909090909;-3.7;False;False;False;False;False;True;False;False;False;False;False;True
2025-12-28 13:00:00;2328.094181818182;-4.0;False;False;False;False;False;True;False;False;False;False;False;True
2025-12-28 14:00:00;2431.2184545454547;-3.8;False;False;False;False;False;True;False;False;False;False;False;True
2025-12-28 15:00:00;2534.342727272727;-4.0;False;False;False;False;False;True;False;False;False;False;False;True
2025-12-28 16:00:00;2637.467;-4.6;False;False;False;False;False;True;False;False;False;False;False;True
2025-12-28 17:00:00;2490.96;-5.2;False;False;False;False;False;True;False;False;False;False;False;True
2025-12-28 18:00:00;1768.357;-5.4;False;False;False;False;False;True;False;False;False;False;False;True
2025-12-28 19:00:00;3154.95825;-5.2;False;False;False;False;False;True;False;False;False;False;False;True
2025-12-28 20:00:00;3912.4837500000003;-5.3;False;False;False;False;False;True;False;False;False;False;False;True
2025-12-28 21:00:00;5177.92825;-5.4;False;False;False;False;False;True;False;False;False;False;False;True
2025-12-28 22:00:00;4307.18325;-5.4;False;False;False;False;False;True;False;False;False;False;False;True
2025-12-28 23:00:00;3023.9865;-5.2;False;False;False;False;False;True;False;False;False;False;False;True
2025-12-29 00:00:00;3123.26925;-5.0;False;False;False;False;False;False;False;False;False;False;False;False
2025-12-29 01:00:00;2406.4205;-4.5;False;False;False;False;False;False;False;False;False;False;False;False
2025-12-29 02:00:00;3080.19975;-3.7;False;False;False;False;False;False;False;False;False;False;False;False
2025-12-29 03:00:00;2154.1234999999997;-3.7;False;False;False;False;False;False;False;False;False;False;False;False
2025-12-29 04:00:00;3177.57425;-4.0;False;False;False;False;False;False;False;False;False;False;False;False
2025-12-29 05:00:00;2295.25675;-4.3;False;False;False;False;False;False;False;False;False;False;False;False
2025-12-29 06:00:00;2429.909;-4.8;False;False;False;False;False;False;False;False;False;False;False;False
2025-12-29 07:00:00;3086.1925;-4.6;False;False;False;False;False;False;False;False;False;False;False;False
2025-12-29 08:00:00;3422.91625;-3.9;False;False;False;False;False;False;False;False;False;False;False;False
2025-12-29 09:00:00;3931.8905;-3.7;False;False;False;False;False;False;False;False;False;False;False;False
2025-12-29 10:00:00;3879.47125;-3.2;False;False;False;False;False;False;False;False;False;False;False;False
2025-12-29 11:00:00;3977.0612499999997;-2.8;False;False;False;False;False;False;False;False;False;False;False;False
2025-12-29 12:00:00;8324.289499999999;-2.2;False;False;False;False;False;False;False;False;False;False;False;False
2025-12-29 13:00:00;5338.62575;-2.0;False;False;False;False;False;False;False;False;False;False;False;False
2025-12-29 14:00:00;3182.75925;-1.9;False;False;False;False;False;False;False;False;False;False;False;False
2025-12-29 15:00:00;2372.36025;-1.9;False;False;False;False;False;False;False;False;False;False;False;False
2025-12-29 16:00:00;3200.3585000000003;-2.2;False;False;False;False;False;False;False;False;False;False;False;False
2025-12-29 17:00:00;3275.234;-2.0;False;False;False;False;False;False;False;False;False;False;False;False
2025-12-29 18:00:00;2597.975;-1.9;False;False;False;False;False;False;False;False;False;False;False;False
2025-12-29 19:00:00;2115.67475;-1.7;False;False;False;False;False;False;False;False;False;False;False;False
2025-12-29 20:00:00;1355.45;-1.6;False;False;False;False;False;False;False;False;False;False;False;False
2025-12-29 21:00:00;1165.8;-1.5;False;False;False;False;False;False;False;False;False;False;False;False
2025-12-29 22:00:00;3269.13575;-1.8;False;False;False;False;False;False;False;False;False;False;False;False
2025-12-29 23:00:00;4205.8907500000005;-2.0;False;False;False;False;False;False;False;False;False;False;False;False
2025-12-30 00:00:00;3432.6667500000003;-2.1;True;False;False;False;False;False;True;False;False;False;False;False
2025-12-30 01:00:00;4363.16475;-3.2;True;False;False;False;False;False;True;False;False;False;False;False
2025-12-30 02:00:00;3896.9667499999996;-3.8;True;False;False;False;False;False;True;False;False;False;False;False
2025-12-30 03:00:00;2571.38325;-4.2;True;False;False;False;False;False;True;False;False;False;False;False
2025-12-30 04:00:00;3371.46825;-5.2;True;False;False;False;False;False;True;False;False;False;False;False
2025-12-30 05:00:00;3338.6277499999997;-6.2;True;False;False;False;False;False;True;False;False;False;False;False
2025-12-30 06:00:00;3228.83675;-6.8;True;False;False;False;False;False;True;False;False;False;False;False
2025-12-30 07:00:00;2708.9525;-6.4;True;False;False;False;False;False;True;False;False;False;False;False
2025-12-30 08:00:00;3322.2805;-6.6;True;False;False;False;False;False;True;False;False;False;False;False
2025-12-30 09:00:00;4000.941;-6.2;True;False;False;False;False;False;True;False;False;False;False;False
2025-12-30 10:00:00;4343.35475;-5.8;True;False;False;False;False;False;True;False;False;False;False;False
2025-12-30 11:00:00;3886.67125;-5.6;True;False;False;False;False;False;True;False;False;False;False;False
2025-12-30 12:00:00;5786.866;-5.1;True;False;False;False;False;False;True;False;False;False;False;False
2025-12-30 13:00:00;10081.0265;-5.3;True;False;False;False;False;False;True;False;False;False;False;False
2025-12-30 14:00:00;4229.07975;-5.5;True;False;False;False;False;False;True;False;False;False;False;False
2025-12-30 15:00:00;3420.1835;-5.9;True;False;False;False;False;False;True;False;False;False;False;False
2025-12-30 16:00:00;3152.0445;-6.0;True;False;False;False;False;False;True;False;False;False;False;False
2025-12-30 17:00:00;1317.2305000000001;-6.6;True;False;False;False;False;False;True;False;False;False;False;False
2025-12-30 18:00:00;1269.802;-7.3;True;False;False;False;False;False;True;False;False;False;False;False
2025-12-30 19:00:00;2455.5702499999998;-6.8;True;False;False;False;False;False;True;False;False;False;False;False
2025-12-30 20:00:00;3876.2335000000003;-7.2;True;False;False;False;False;False;True;False;False;False;False;False
2025-12-30 21:00:00;3614.9515;-7.2;True;False;False;False;False;False;True;False;False;False;False;False
2025-12-30 22:00:00;3080.98025;-7.6;True;False;False;False;False;False;True;False;False;False;False;False
2025-12-30 23:00:00;3286.3695;-7.8;True;False;False;False;False;False;True;False;False;False;False;False
2025-12-31 00:00:00;3278.217;-7.8;False;True;False;False;False;False;False;True;False;False;False;False
2025-12-31 01:00:00;2982.54575;-7.9;False;True;False;False;False;False;False;True;False;False;False;False
2025-12-31 02:00:00;3831.3235;-7.9;False;True;False;False;False;False;False;True;False;False;False;False
2025-12-31 03:00:00;4555.66975;-7.9;False;True;False;False;False;False;False;True;False;False;False;False
2025-12-31 04:00:00;8527.36675;-8.0;False;True;False;False;False;False;False;True;False;False;False;False
2025-12-31 05:00:00;3405.4252500000002;-8.1;False;True;False;False;False;False;False;True;False;False;False;False
2025-12-31 06:00:00;3853.0955;-8.2;False;True;False;False;False;False;False;True;False;False;False;False
2025-12-31 07:00:00;4286.972;-8.6;False;True;False;False;False;False;False;True;False;False;False;False
2025-12-31 08:00:00;4142.81975;-8.1;False;True;False;False;False;False;False;True;False;False;False;False
2025-12-31 09:00:00;4212.3965;-8.8;False;True;False;False;False;False;False;True;False;False;False;False
2025-12-31 10:00:00;4364.27075;-8.6;False;True;False;False;False;False;False;True;False;False;False;False
2025-12-31 11:00:00;3683.76575;-6.3;False;True;False;False;False;False;False;True;False;False;False;False
2025-12-31 12:00:00;3022.93575;-5.8;False;True;False;False;False;False;False;True;False;False;False;False
2025-12-31 13:00:00;3908.072;-5.7;False;True;False;False;False;False;False;True;False;False;False;False
2025-12-31 14:00:00;3055.07375;-5.7;False;True;False;False;False;False;False;True;False;False;False;False
2025-12-31 15:00:00;3441.71025;-5.4;False;True;False;False;False;False;False;True;False;False;False;False
2025-12-31 16:00:00;1927.31075;-4.0;False;True;False;False;False;False;False;True;False;False;False;False
2025-12-31 17:00:00;1183.37225;-2.7;False;True;False;False;False;False;False;True;False;False;False;False
2025-12-31 18:00:00;4897.17;-2.5;False;True;False;False;False;False;False;True;False;False;False;False
2025-12-31 19:00:00;4173.35625;-2.2;False;True;False;False;False;False;False;True;False;False;False;False
2025-12-31 20:00:00;4225.57625;-2.2;False;True;False;False;False;False;False;True;False;False;False;False
2025-12-31 21:00:00;3517.364;-2.0;False;True;False;False;False;False;False;True;False;False;False;False
2025-12-31 22:00:00;3398.5175;-1.9;False;True;False;False;False;False;False;True;False;False;False;False
2025-12-31 23:00:00;4788.57775;-1.9;False;True;False;False;False;False;False;True;False;False;False;False
2026-01-01 00:00:00;5040.87325;-1.8;False;False;True;False;False;False;False;False;True;False;False;False
2026-01-01 01:00:00;3470.911;-1.6;False;False;True;False;False;False;False;False;True;False;False;False
2026-01-01 02:00:00;608.4585;-1.6;False;False;True;False;False;False;False;False;True;False;False;False
2026-01-01 03:00:00;4214.62475;-1.7;False;False;True;False;False;False;False;False;True;False;False;False
2026-01-01 04:00:00;4126.6497500000005;-1.5;False;False;True;False;False;False;False;False;True;False;False;False
2026-01-01 05:00:00;3048.9275;-1.5;False;False;True;False;False;False;False;False;True;False;False;False
2026-01-01 06:00:00;4284.12175;-1.8;False;False;True;False;False;False;False;False;True;False;False;False
2026-01-01 07:00:00;3537.1220000000003;-2.0;False;False;True;False;False;False;False;False;True;False;False;False
2026-01-01 08:00:00;4334.99425;-2.5;False;False;True;False;False;False;False;False;True;False;False;False
2026-01-01 09:00:00;3799.77625;-3.0;False;False;True;False;False;False;False;False;True;False;False;False
2026-01-01 10:00:00;10663.844000000001;-3.1;False;False;True;False;False;False;False;False;True;False;False;False
2026-01-01 11:00:00;4738.48325;-3.2;False;False;True;False;False;False;False;False;True;False;False;False
2026-01-01 12:00:00;4473.1665;-3.5;False;False;True;False;False;False;False;False;True;False;False;False
2026-01-01 13:00:00;3851.5499999999997;-3.3;False;False;True;False;False;False;False;False;True;False;False;False
2026-01-01 14:00:00;4600.391750000001;-3.5;False;False;True;False;False;False;False;False;True;False;False;False
2026-01-01 15:00:00;4800.4794999999995;-3.8;False;False;True;False;False;False;False;False;True;False;False;False
2026-01-01 16:00:00;4873.2755;-3.8;False;False;True;False;False;False;False;False;True;False;False;False
2026-01-01 17:00:00;5162.50725;-3.8;False;False;True;False;False;False;False;False;True;False;False;False
2026-01-01 18:00:00;5020.9580000000005;-3.9;False;False;True;False;False;False;False;False;True;False;False;False
2026-01-01 19:00:00;5172.67425;-3.8;False;False;True;False;False;False;False;False;True;False;False;False
2026-01-01 20:00:00;1564.86575;-3.5;False;False;True;False;False;False;False;False;True;False;False;False
2026-01-01 21:00:00;2578.242;-3.3;False;False;True;False;False;False;False;False;True;False;False;False
2026-01-01 22:00:00;4584.3305;-3.2;False;False;True;False;False;False;False;False;True;False;False;False
2026-01-01 23:00:00;4316.1915;-3.3;False;False;True;False;False;False;False;False;True;False;False;False
2026-01-02 00:00:00;4545.78325;-3.3;False;False;False;True;False;False;False;False;False;True;False;False
2026-01-02 01:00:00;4433.69075;-3.6;False;False;False;True;False;False;False;False;False;True;False;False
2026-01-02 02:00:00;4447.87875;-3.5;False;False;False;True;False;False;False;False;False;True;False;False
2026-01-02 03:00:00;10890.5515;-3.2;False;False;False;True;False;False;False;False;False;True;False;False
2026-01-02 04:00:00;4948.37475;-3.4;False;False;False;True;False;False;False;False;False;True;False;False
2026-01-02 05:00:00;4483.71025;-3.3;False;False;False;True;False;False;False;False;False;True;False;False
2026-01-02 06:00:00;3973.0085000000004;-3.2;False;False;False;True;False;False;False;False;False;True;False;False
2026-01-02 07:00:00;2127.7905;-3.1;False;False;False;True;False;False;False;False;False;True;False;False
2026-01-02 08:00:00;3898.926;-2.9;False;False;False;True;False;False;False;False;False;True;False;False
2026-01-02 09:00:00;4380.563;-2.9;False;False;False;True;False;False;False;False;False;True;False;False
2026-01-02 10:00:00;3538.97975;-2.9;False;False;False;True;False;False;False;False;False;True;False;False
2026-01-02 11:00:00;4728.69175;-2.3;False;False;False;True;False;False;False;False;False;True;False;False
2026-01-02 12:00:00;8233.5765;-2.3;False;False;False;True;False;False;False;False;False;True;False;False
2026-01-02 13:00:00;9023.339;-2.2;False;False;False;True;False;False;False;False;False;True;False;False
2026-01-02 14:00:00;4435.67225;-2.5;False;False;False;True;False;False;False;False;False;True;False;False
2026-01-02 15:00:00;4862.9495;-3.3;False;False;False;True;False;False;False;False;False;True;False;False
2026-01-02 16:00:00;2163.6904999999997;-3.8;False;False;False;True;False;False;False;False;False;True;False;False
2026-01-02 17:00:00;1257.9495;-4.1;False;False;False;True;False;False;False;False;False;True;False;False
2026-01-02 18:00:00;3451.1082499999998;-4.9;False;False;False;True;False;False;False;False;False;True;False;False
2026-01-02 19:00:00;2449.90525;-5.1;False;False;False;True;False;False;False;False;False;True;False;False
2026-01-02 20:00:00;2546.062;-4.9;False;False;False;True;False;False;False;False;False;True;False;False
2026-01-02 21:00:00;4264.95175;-5.6;False;False;False;True;False;False;False;False;False;True;False;False
2026-01-02 22:00:00;3978.92175;-5.5;False;False;False;True;False;False;False;False;False;True;False;False
2026-01-02 23:00:00;3601.4355;-5.1;False;False;False;True;False;False;False;False;False;True;False;False
2026-01-03 00:00:00;4455.62;-5.4;False;False;False;False;True;False;False;False;False;False;True;False
2026-01-03 01:00:00;3122.3165;-5.1;False;False;False;False;True;False;False;False;False;False;True;False
2026-01-03 02:00:00;3720.4245;-4.8;False;False;False;False;True;False;False;False;False;False;True;False
2026-01-03 03:00:00;4090.31375;-5.4;False;False;False;False;True;False;False;False;False;False;True;False
2026-01-03 04:00:00;4105.1044999999995;-5.2;False;False;False;False;True;False;False;False;False;False;True;False
2026-01-03 05:00:00;9290.283500000001;-5.9;False;False;False;False;True;False;False;False;False;False;True;False
2026-01-03 06:00:00;3476.0382499999996;-5.8;False;False;False;False;True;False;False;False;False;False;True;False
2026-01-03 07:00:00;4286.8605;-6.3;False;False;False;False;True;False;False;False;False;False;True;False
2026-01-03 08:00:00;3194.5195;-7.8;False;False;False;False;True;False;False;False;False;False;True;False
2026-01-03 09:00:00;3113.5657499999998;-7.6;False;False;False;False;True;False;False;False;False;False;True;False
2026-01-03 10:00:00;5199.88325;-5.8;False;False;False;False;True;False;False;False;False;False;True;False
2026-01-03 11:00:00;4265.013;-4.6;False;False;False;False;True;False;False;False;False;False;True;False
2026-01-03 12:00:00;4986.10625;-4.2;False;False;False;False;True;False;False;False;False;False;True;False
2026-01-03 13:00:00;4370.9619999999995;-3.7;False;False;False;False;True;False;False;False;False;False;True;False
2026-01-03 14:00:00;3683.76075;-3.9;False;False;False;False;True;False;False;False;False;False;True;False
2026-01-03 15:00:00;4787.44575;-4.5;False;False;False;False;True;False;False;False;False;False;True;False
2026-01-03 16:00:00;5372.4515;-5.1;False;False;False;False;True;False;False;False;False;False;True;False
2026-01-03 17:00:00;4735.06325;-5.3;False;False;False;False;True;False;False;False;False;False;True;False
2026-01-03 18:00:00;1688.1835;-5.4;False;False;False;False;True;False;False;False;False;False;True;False
2026-01-03 19:00:00;1651.4075;-5.9;False;False;False;False;True;False;False;False;False;False;True;False
2026-01-03 20:00:00;3014.808;-6.2;False;False;False;False;True;False;False;False;False;False;True;False
2026-01-03 21:00:00;4012.53475;-6.6;False;False;False;False;True;False;False;False;False;False;True;False
2026-01-03 22:00:00;3585.65725;-6.6;False;False;False;False;True;False;False;False;False;False;True;False
2026-01-03 23:00:00;3588.299;-6.6;False;False;False;False;True;False;False;False;False;False;True;False
2026-01-04 00:00:00;3613.1192499999997;-6.4;False;False;False;False;False;True;False;False;False;False;False;True
2026-01-04 01:00:00;3326.20725;-5.6;False;False;False;False;False;True;False;False;False;False;False;True
2026-01-04 02:00:00;3492.6475;-5.9;False;False;False;False;False;True;False;False;False;False;False;True
2026-01-04 03:00:00;3601.63025;-6.6;False;False;False;False;False;True;False;False;False;False;False;True
2026-01-04 04:00:00;7958.26325;-6.7;False;False;False;False;False;True;False;False;False;False;False;True
2026-01-04 05:00:00;5174.727;-7.1;False;False;False;False;False;True;False;False;False;False;False;True
2026-01-04 06:00:00;3526.1952499999998;-7.1;False;False;False;False;False;True;False;False;False;False;False;True
2026-01-04 07:00:00;3518.20475;-6.8;False;False;False;False;False;True;False;False;False;False;False;True
2026-01-04 08:00:00;4466.16975;-6.8;False;False;False;False;False;True;False;False;False;False;False;True
2026-01-04 09:00:00;3779.7889999999998;-6.1;False;False;False;False;False;True;False;False;False;False;False;True
2026-01-04 10:00:00;4805.65825;-5.5;False;False;False;False;False;True;False;False;False;False;False;True
2026-01-04 11:00:00;5354.09175;-5.3;False;False;False;False;False;True;False;False;False;False;False;True
2026-01-04 12:00:00;4171.0655;-5.1;False;False;False;False;False;True;False;False;False;False;False;True
2026-01-04 13:00:00;3299.07975;-4.9;False;False;False;False;False;True;False;False;False;False;False;True
2026-01-04 14:00:00;4136.29375;-4.8;False;False;False;False;False;True;False;False;False;False;False;True
2026-01-04 15:00:00;3877.4655000000002;-5.0;False;False;False;False;False;True;False;False;False;False;False;True
2026-01-04 16:00:00;4437.31675;-4.8;False;False;False;False;False;True;False;False;False;False;False;True
2026-01-04 17:00:00;4858.904;-5.7;False;False;False;False;False;True;False;False;False;False;False;True
2026-01-04 18:00:00;1990.72075;-6.2;False;False;False;False;False;True;False;False;False;False;False;True
2026-01-04 19:00:00;1124.86925;-6.4;False;False;False;False;False;True;False;False;False;False;False;True
2026-01-04 20:00:00;2393.39325;-6.8;False;False;False;False;False;True;False;False;False;False;False;True
2026-01-04 21:00:00;4430.74575;-7.9;False;False;False;False;False;True;False;False;False;False;False;True
2026-01-04 22:00:00;2965.495;-8.4;False;False;False;False;False;True;False;False;False;False;False;True
2026-01-04 23:00:00;4377.767;-8.9;False;False;False;False;False;True;False;False;False;False;False;True
2026-01-05 00:00:00;4388.724749999999;-9.6;False;False;False;False;False;False;False;False;False;False;False;False
2026-01-05 01:00:00;4274.75;-6.5;False;False;False;False;False;False;False;False;False;False;False;False
2026-01-05 02:00:00;5396.256249999999;-6.2;False;False;False;False;False;False;False;False;False;False;False;False
2026-01-05 03:00:00;10789.84925;-6.6;False;False;False;False;False;False;False;False;False;False;False;False
2026-01-05 04:00:00;4744.6945;-6.7;False;False;False;False;False;False;False;False;False;False;False;False
2026-01-05 05:00:00;4419.00475;-7.2;False;False;False;False;False;False;False;False;False;False;False;False
2026-01-05 06:00:00;3286.5095;-8.0;False;False;False;False;False;False;False;False;False;False;False;False
2026-01-05 07:00:00;4554.887500000001;-8.0;False;False;False;False;False;False;False;False;False;False;False;False
2026-01-05 08:00:00;2510.313;-8.6;False;False;False;False;False;False;False;False;False;False;False;False
2026-01-05 09:00:00;1472.495;-7.4;False;False;False;False;False;False;False;False;False;False;False;False
2026-01-05 10:00:00;2886.483;-6.7;False;False;False;False;False;False;False;False;False;False;False;False
2026-01-05 11:00:00;4450.89425;-6.2;False;False;False;False;False;False;False;False;False;False;False;False
2026-01-05 12:00:00;7196.04575;-5.8;False;False;False;False;False;False;False;False;False;False;False;False
2026-01-05 13:00:00;8369.43975;-5.8;False;False;False;False;False;False;False;False;False;False;False;False
2026-01-05 14:00:00;3564.5727500000003;-6.0;False;False;False;False;False;False;False;False;False;False;False;False
2026-01-05 15:00:00;3595.1132500000003;-6.7;False;False;False;False;False;False;False;False;False;False;False;False
2026-01-05 16:00:00;4120.844;-8.8;False;False;False;False;False;False;False;False;False;False;False;False
2026-01-05 17:00:00;3620.225;-10.4;False;False;False;False;False;False;False;False;False;False;False;False
2026-01-05 18:00:00;1608.54325;-11.6;False;False;False;False;False;False;False;False;False;False;False;False
2026-01-05 19:00:00;2316.267;-11.5;False;False;False;False;False;False;False;False;False;False;False;False
2026-01-05 20:00:00;4781.4662499999995;-10.4;False;False;False;False;False;False;False;False;False;False;False;False
2026-01-05 21:00:00;3673.063;-11.3;False;False;False;False;False;False;False;False;False;False;False;False
2026-01-05 22:00:00;3199.4635;-11.9;False;False;False;False;False;False;False;False;False;False;False;False
2026-01-05 23:00:00;4235.51925;-11.4;False;False;False;False;False;False;False;False;False;False;False;False
2026-01-06 00:00:00;4635.014;-11.2;True;False;False;False;False;False;True;False;False;False;False;False
2026-01-06 01:00:00;4311.76725;-10.1;True;False;False;False;False;False;True;False;False;False;False;False
2026-01-06 02:00:00;4456.673000000001;-8.9;True;False;False;False;False;False;True;False;False;False;False;False
2026-01-06 03:00:00;7030.9705;-9.1;True;False;False;False;False;False;True;False;False;False;False;False
2026-01-06 04:00:00;6252.87175;-9.6;True;False;False;False;False;False;True;False;False;False;False;False
2026-01-06 05:00:00;4848.8369999999995;-10.1;True;False;False;False;False;False;True;False;False;False;False;False
2026-01-06 06:00:00;4323.7252499999995;-11.9;True;False;False;False;False;False;True;False;False;False;False;False
2026-01-06 07:00:00;3948.77225;-12.9;True;False;False;False;False;False;True;False;False;False;False;False
2026-01-06 08:00:00;2381.2785;-13.8;True;False;False;False;False;False;True;False;False;False;False;False
2026-01-06 09:00:00;1282.77875;-13.4;True;False;False;False;False;False;True;False;False;False;False;False
2026-01-06 10:00:00;1872.9750000000001;-9.9;True;False;False;False;False;False;True;False;False;False;False;False
2026-01-06 11:00:00;4282.287;-7.7;True;False;False;False;False;False;True;False;False;False;False;False
2026-01-06 12:00:00;4767.61675;-6.6;True;False;False;False;False;False;True;False;False;False;False;False
2026-01-06 13:00:00;4600.775;-6.6;True;False;False;False;False;False;True;False;False;False;False;False
2026-01-06 14:00:00;4631.93325;-6.6;True;False;False;False;False;False;True;False;False;False;False;False
2026-01-06 15:00:00;4546.5;-7.0;True;False;False;False;False;False;True;False;False;False;False;False
2026-01-06 16:00:00;3902.78025;-7.6;True;False;False;False;False;False;True;False;False;False;False;False
2026-01-06 17:00:00;1073.3332500000001;-8.0;True;False;False;False;False;False;True;False;False;False;False;False
2026-01-06 18:00:00;2045.75;-8.8;True;False;False;False;False;False;True;False;False;False;False;False
2026-01-06 19:00:00;2691.19575;-10.7;True;False;False;False;False;False;True;False;False;False;False;False
2026-01-06 20:00:00;5271.7835;-10.6;True;False;False;False;False;False;True;False;False;False;False;False
2026-01-06 21:00:00;4520.3075;-10.7;True;False;False;False;False;False;True;False;False;False;False;False
2026-01-06 22:00:00;4042.12325;-10.9;True;False;False;False;False;False;True;False;False;False;False;False
2026-01-06 23:00:00;4307.0;-12.9;True;False;False;False;False;False;True;False;False;False;False;False
2026-01-07 00:00:00;4083.30825;-13.2;False;True;False;False;False;False;False;True;False;False;False;False
2026-01-07 01:00:00;4027.2285;-12.0;False;True;False;False;False;False;False;True;False;False;False;False
2026-01-07 02:00:00;3794.65575;-10.8;False;True;False;False;False;False;False;True;False;False;False;False
2026-01-07 03:00:00;5857.82425;-9.6;False;True;False;False;False;False;False;True;False;False;False;False
2026-01-07 04:00:00;6754.1767500000005;-9.1;False;True;False;False;False;False;False;True;False;False;False;False
2026-01-07 05:00:00;4155.2165;-8.9;False;True;False;False;False;False;False;True;False;False;False;False
2026-01-07 06:00:00;4175.435750000001;-9.5;False;True;False;False;False;False;False;True;False;False;False;False
2026-01-07 07:00:00;4335.340749999999;-9.5;False;True;False;False;False;False;False;True;False;False;False;False
2026-01-07 08:00:00;4051.3215;-9.9;False;True;False;False;False;False;False;True;False;False;False;False
2026-01-07 09:00:00;4062.2774746376813;-9.2;False;True;False;False;False;False;False;True;False;False;False;False
2026-01-07 10:00:00;4073.233449275362;-8.4;False;True;False;False;False;False;False;True;False;False;False;False
2026-01-07 11:00:00;4084.1894239130434;-7.9;False;True;False;False;False;False;False;True;False;False;False;False
2026-01-07 12:00:00;4095.1453985507246;-7.7;False;True;False;False;False;False;False;True;False;False;False;False
2026-01-07 13:00:00;4106.101373188406;-7.9;False;True;False;False;False;False;False;True;False;False;False;False
2026-01-07 14:00:00;4117.057347826087;-8.1;False;True;False;False;False;False;False;True;False;False;False;False
2026-01-07 15:00:00;4128.013322463768;-8.6;False;True;False;False;False;False;False;True;False;False;False;False
2026-01-07 16:00:00;4138.969297101449;-9.4;False;True;False;False;False;False;False;True;False;False;False;False
2026-01-07 17:00:00;4149.92527173913;-10.4;False;True;False;False;False;False;False;True;False;False;False;False
2026-01-07 18:00:00;4160.881246376812;-10.6;False;True;False;False;False;False;False;True;False;False;False;False
2026-01-07 19:00:00;4171.837221014493;-11.4;False;True;False;False;False;False;False;True;False;False;False;False
2026-01-07 20:00:00;4182.793195652173;-11.3;False;True;False;False;False;False;False;True;False;False;False;False
2026-01-07 21:00:00;4193.749170289855;-11.6;False;True;False;False;False;False;False;True;False;False;False;False
2026-01-07 22:00:00;4204.705144927536;-11.7;False;True;False;False;False;False;False;True;False;False;False;False
2026-01-07 23:00:00;4215.661119565218;-11.6;False;True;False;False;False;False;False;True;False;False;False;False
2026-01-08 00:00:00;4226.617094202898;-11.6;False;False;True;False;False;False;False;False;True;False;False;False
2026-01-08 01:00:00;4237.573068840579;-12.2;False;False;True;False;False;False;False;False;True;False;False;False
2026-01-08 02:00:00;4248.529043478261;-12.5;False;False;True;False;False;False;False;False;True;False;False;False
2026-01-08 03:00:00;4259.485018115942;-13.4;False;False;True;False;False;False;False;False;True;False;False;False
2026-01-08 04:00:00;4270.440992753623;-14.8;False;False;True;False;False;False;False;False;True;False;False;False
2026-01-08 05:00:00;4281.396967391304;-15.2;False;False;True;False;False;False;False;False;True;False;False;False
2026-01-08 06:00:00;4292.352942028985;-15.1;False;False;True;False;False;False;False;False;True;False;False;False
2026-01-08 07:00:00;4303.308916666667;-15.4;False;False;True;False;False;False;False;False;True;False;False;False
2026-01-08 08:00:00;4314.264891304348;-15.5;False;False;True;False;False;False;False;False;True;False;False;False
2026-01-08 09:00:00;4325.2208659420285;-14.7;False;False;True;False;False;False;False;False;True;False;False;False
2026-01-08 10:00:00;4336.17684057971;-11.0;False;False;True;False;False;False;False;False;True;False;False;False
2026-01-08 11:00:00;4347.132815217391;-8.9;False;False;True;False;False;False;False;False;True;False;False;False
2026-01-08 12:00:00;4358.088789855072;-8.4;False;False;True;False;False;False;False;False;True;False;False;False
2026-01-08 13:00:00;4369.0447644927535;-7.8;False;False;True;False;False;False;False;False;True;False;False;False
2026-01-08 14:00:00;4380.000739130434;-7.2;False;False;True;False;False;False;False;False;True;False;False;False
2026-01-08 15:00:00;4390.956713768115;-7.4;False;False;True;False;False;False;False;False;True;False;False;False
2026-01-08 16:00:00;4401.912688405797;-8.6;False;False;True;False;False;False;False;False;True;False;False;False
2026-01-08 17:00:00;4412.868663043478;-10.5;False;False;True;False;False;False;False;False;True;False;False;False
2026-01-08 18:00:00;4423.824637681159;-10.6;False;False;True;False;False;False;False;False;True;False;False;False
2026-01-08 19:00:00;4434.78061231884;-9.2;False;False;True;False;False;False;False;False;True;False;False;False
2026-01-08 20:00:00;4445.736586956521;-8.0;False;False;True;False;False;False;False;False;True;False;False;False
2026-01-08 21:00:00;4456.692561594203;-7.5;False;False;True;False;False;False;False;False;True;False;False;False
2026-01-08 22:00:00;4467.648536231884;-7.4;False;False;True;False;False;False;False;False;True;False;False;False
2026-01-08 23:00:00;4478.604510869564;-7.6;False;False;True;False;False;False;False;False;True;False;False;False
2026-01-09 00:00:00;4489.560485507246;-7.9;False;False;False;True;False;False;False;False;False;True;False;False
2026-01-09 01:00:00;4500.516460144927;-8.1;False;False;False;True;False;False;False;False;False;True;False;False
2026-01-09 02:00:00;4511.472434782609;-7.9;False;False;False;True;False;False;False;False;False;True;False;False
2026-01-09 03:00:00;4522.428409420289;-8.6;False;False;False;True;False;False;False;False;False;True;False;False
2026-01-09 04:00:00;4533.38438405797;-8.9;False;False;False;True;False;False;False;False;False;True;False;False
2026-01-09 05:00:00;4544.340358695652;-8.9;False;False;False;True;False;False;False;False;False;True;False;False
2026-01-09 06:00:00;4555.296333333333;-7.6;False;False;False;True;False;False;False;False;False;True;False;False
2026-01-09 07:00:00;2991.40075;-7.4;False;False;False;True;False;False;False;False;False;True;False;False
2026-01-09 08:00:00;1535.5925;-7.4;False;False;False;True;False;False;False;False;False;True;False;False
2026-01-09 09:00:00;2705.016;-7.6;False;False;False;True;False;False;False;False;False;True;False;False
2026-01-09 10:00:00;3407.871;-7.4;False;False;False;True;False;False;False;False;False;True;False;False
2026-01-09 11:00:00;4573.663;-6.7;False;False;False;True;False;False;False;False;False;True;False;False
2026-01-09 12:00:00;4525.9915;-6.3;False;False;False;True;False;False;False;False;False;True;False;False
2026-01-09 13:00:00;4240.35825;-6.4;False;False;False;True;False;False;False;False;False;True;False;False
2026-01-09 14:00:00;4167.48325;-5.8;False;False;False;True;False;False;False;False;False;True;False;False
2026-01-09 15:00:00;4392.88325;-5.9;False;False;False;True;False;False;False;False;False;True;False;False
2026-01-09 16:00:00;3952.2735000000002;-6.3;False;False;False;True;False;False;False;False;False;True;False;False
2026-01-09 17:00:00;3921.4278620689656;-6.2;False;False;False;True;False;False;False;False;False;True;False;False
2026-01-09 18:00:00;3890.5822241379315;-5.9;False;False;False;True;False;False;False;False;False;True;False;False
2026-01-09 19:00:00;3859.736586206897;-5.7;False;False;False;True;False;False;False;False;False;True;False;False
2026-01-09 20:00:00;3828.8909482758622;-5.2;False;False;False;True;False;False;False;False;False;True;False;False
2026-01-09 21:00:00;3798.0453103448276;-5.1;False;False;False;True;False;False;False;False;False;True;False;False
2026-01-09 22:00:00;3767.1996724137935;-4.6;False;False;False;True;False;False;False;False;False;True;False;False
2026-01-09 23:00:00;3736.354034482759;-4.2;False;False;False;True;False;False;False;False;False;True;False;False
2026-01-10 00:00:00;3705.508396551724;-4.1;False;False;False;False;True;False;False;False;False;False;True;False
2026-01-10 01:00:00;3674.6627586206896;-3.5;False;False;False;False;True;False;False;False;False;False;True;False
2026-01-10 02:00:00;3643.8171206896554;-3.7;False;False;False;False;True;False;False;False;False;False;True;False
2026-01-10 03:00:00;3612.971482758621;-3.8;False;False;False;False;True;False;False;False;False;False;True;False
2026-01-10 04:00:00;3582.125844827586;-4.0;False;False;False;False;True;False;False;False;False;False;True;False
2026-01-10 05:00:00;3551.280206896552;-4.8;False;False;False;False;True;False;False;False;False;False;True;False
2026-01-10 06:00:00;3520.4345689655174;-5.9;False;False;False;False;True;False;False;False;False;False;True;False
2026-01-10 07:00:00;3489.588931034483;-7.8;False;False;False;False;True;False;False;False;False;False;True;False
2026-01-10 08:00:00;3458.743293103448;-8.6;False;False;False;False;True;False;False;False;False;False;True;False
2026-01-10 09:00:00;3427.897655172414;-8.5;False;False;False;False;True;False;False;False;False;False;True;False
2026-01-10 10:00:00;3397.0520172413794;-8.2;False;False;False;False;True;False;False;False;False;False;True;False
2026-01-10 11:00:00;3366.206379310345;-7.9;False;False;False;False;True;False;False;False;False;False;True;False
2026-01-10 12:00:00;3335.3607413793106;-7.1;False;False;False;False;True;False;False;False;False;False;True;False
2026-01-10 13:00:00;3304.515103448276;-7.2;False;False;False;False;True;False;False;False;False;False;True;False
2026-01-10 14:00:00;3273.6694655172414;-7.8;False;False;False;False;True;False;False;False;False;False;True;False
2026-01-10 15:00:00;3242.823827586207;-8.5;False;False;False;False;True;False;False;False;False;False;True;False
2026-01-10 16:00:00;3211.978189655172;-9.1;False;False;False;False;True;False;False;False;False;False;True;False
2026-01-10 17:00:00;3181.132551724138;-10.6;False;False;False;False;True;False;False;False;False;False;True;False
2026-01-10 18:00:00;3150.2869137931034;-11.6;False;False;False;False;True;False;False;False;False;False;True;False
2026-01-10 19:00:00;3119.4412758620692;-11.0;False;False;False;False;True;False;False;False;False;False;True;False
2026-01-10 20:00:00;3088.5956379310346;-10.6;False;False;False;False;True;False;False;False;False;False;True;False
2026-01-10 21:00:00;3057.75;-10.4;False;False;False;False;True;False;False;False;False;False;True;False
2026-01-10 22:00:00;4188.807333333333;-9.9;False;False;False;False;True;False;False;False;False;False;True;False
2026-01-10 23:00:00;3874.59275;-9.6;False;False;False;False;True;False;False;False;False;False;True;False
2026-01-11 00:00:00;3867.268;-9.3;False;False;False;False;False;True;False;False;False;False;False;True
2026-01-11 01:00:00;3017.3497500000003;-8.9;False;False;False;False;False;True;False;False;False;False;False;True
2026-01-11 02:00:00;3159.22525;-8.4;False;False;False;False;False;True;False;False;False;False;False;True
2026-01-11 03:00:00;2813.349;-8.1;False;False;False;False;False;True;False;False;False;False;False;True
2026-01-11 04:00:00;3879.7185;-8.1;False;False;False;False;False;True;False;False;False;False;False;True
2026-01-11 05:00:00;2821.2405;-8.6;False;False;False;False;False;True;False;False;False;False;False;True
2026-01-11 06:00:00;3743.88925;-9.6;False;False;False;False;False;True;False;False;False;False;False;True
2026-01-11 07:00:00;3537.0585;-9.9;False;False;False;False;False;True;False;False;False;False;False;True
2026-01-11 08:00:00;3602.27525;-10.9;False;False;False;False;False;True;False;False;False;False;False;True
2026-01-11 09:00:00;3938.6325;-11.0;False;False;False;False;False;True;False;False;False;False;False;True
2026-01-11 10:00:00;3481.0687500000004;-11.0;False;False;False;False;False;True;False;False;False;False;False;True
2026-01-11 11:00:00;4342.825;-10.8;False;False;False;False;False;True;False;False;False;False;False;True
2026-01-11 12:00:00;3837.5917499999996;-10.5;False;False;False;False;False;True;False;False;False;False;False;True
2026-01-11 13:00:00;4214.956;-9.6;False;False;False;False;False;True;False;False;False;False;False;True
2026-01-11 14:00:00;4893.2845;-9.8;False;False;False;False;False;True;False;False;False;False;False;True
2026-01-11 15:00:00;3670.0634999999997;-10.3;False;False;False;False;False;True;False;False;False;False;False;True
2026-01-11 16:00:00;1815.0415;-11.0;False;False;False;False;False;True;False;False;False;False;False;True
2026-01-11 17:00:00;1181.69775;-11.2;False;False;False;False;False;True;False;False;False;False;False;True
2026-01-11 18:00:00;2520.6025;-11.4;False;False;False;False;False;True;False;False;False;False;False;True
2026-01-11 19:00:00;3865.47375;-11.5;False;False;False;False;False;True;False;False;False;False;False;True
2026-01-11 20:00:00;2562.8285;-11.6;False;False;False;False;False;True;False;False;False;False;False;True
2026-01-11 21:00:00;4109.58325;-11.8;False;False;False;False;False;True;False;False;False;False;False;True
2026-01-11 22:00:00;4301.02025;-11.9;False;False;False;False;False;True;False;False;False;False;False;True
2026-01-11 23:00:00;3896.03725;-12.1;False;False;False;False;False;True;False;False;False;False;False;True
2026-01-12 00:00:00;3981.9359999999997;-12.4;False;False;False;False;False;False;False;False;False;False;False;False
2026-01-12 01:00:00;3511.841;-13.1;False;False;False;False;False;False;False;False;False;False;False;False
2026-01-12 02:00:00;6547.3585;-13.2;False;False;False;False;False;False;False;False;False;False;False;False
2026-01-12 03:00:00;11169.733;-13.5;False;False;False;False;False;False;False;False;False;False;False;False
2026-01-12 04:00:00;10801.901333333333;-13.1;False;False;False;False;False;False;False;False;False;False;False;False
2026-01-12 05:00:00;10434.069666666666;-12.4;False;False;False;False;False;False;False;False;False;False;False;False
2026-01-12 06:00:00;10066.238;-11.9;False;False;False;False;False;False;False;False;False;False;False;False
2026-01-12 07:00:00;9698.406333333332;-11.1;False;False;False;False;False;False;False;False;False;False;False;False
2026-01-12 08:00:00;9330.574666666667;-11.9;False;False;False;False;False;False;False;False;False;False;False;False
2026-01-12 09:00:00;8962.743;-12.0;False;False;False;False;False;False;False;False;False;False;False;False
2026-01-12 10:00:00;8594.911333333333;-8.6;False;False;False;False;False;False;False;False;False;False;False;False
2026-01-12 11:00:00;8227.079666666667;-6.4;False;False;False;False;False;False;False;False;False;False;False;False
2026-01-12 12:00:00;7859.248;-6.7;False;False;False;False;False;False;False;False;False;False;False;False
2026-01-12 13:00:00;7491.416333333333;-6.5;False;False;False;False;False;False;False;False;False;False;False;False
2026-01-12 14:00:00;7123.584666666667;-6.4;False;False;False;False;False;False;False;False;False;False;False;False
2026-01-12 15:00:00;6755.753;-6.6;False;False;False;False;False;False;False;False;False;False;False;False
2026-01-12 16:00:00;6387.921333333333;-6.6;False;False;False;False;False;False;False;False;False;False;False;False
2026-01-12 17:00:00;6020.089666666667;-6.3;False;False;False;False;False;False;False;False;False;False;False;False
2026-01-12 18:00:00;5652.258;-6.4;False;False;False;False;False;False;False;False;False;False;False;False
2026-01-12 19:00:00;5284.426333333333;-6.2;False;False;False;False;False;False;False;False;False;False;False;False
2026-01-12 20:00:00;4916.594666666666;-5.9;False;False;False;False;False;False;False;False;False;False;False;False
2026-01-12 21:00:00;4548.762999999999;-6.2;False;False;False;False;False;False;False;False;False;False;False;False
2026-01-12 22:00:00;4180.931333333333;-6.0;False;False;False;False;False;False;False;False;False;False;False;False
2026-01-12 23:00:00;3554.33875;-5.6;False;False;False;False;False;False;False;False;False;False;False;False
2026-01-13 00:00:00;3915.0914999999995;-5.0;True;False;False;False;False;False;True;False;False;False;False;False
2026-01-13 01:00:00;4222.52075;-5.2;True;False;False;False;False;False;True;False;False;False;False;False
2026-01-13 02:00:00;4969.19225;-4.8;True;False;False;False;False;False;True;False;False;False;False;False
2026-01-13 03:00:00;9306.40175;-4.6;True;False;False;False;False;False;True;False;False;False;False;False
2026-01-13 04:00:00;3971.44425;-4.2;True;False;False;False;False;False;True;False;False;False;False;False
2026-01-13 05:00:00;3149.67025;-3.2;True;False;False;False;False;False;True;False;False;False;False;False
2026-01-13 06:00:00;3537.25;-2.3;True;False;False;False;False;False;True;False;False;False;False;False
2026-01-13 07:00:00;3179.67825;-1.9;True;False;False;False;False;False;True;False;False;False;False;False
2026-01-13 08:00:00;2050.81775;-1.3;True;False;False;False;False;False;True;False;False;False;False;False
2026-01-13 09:00:00;1515.96775;-0.7;True;False;False;False;False;False;True;False;False;False;False;False
2026-01-13 10:00:00;1642.76225;0.1;True;False;False;False;False;False;True;False;False;False;False;False
2026-01-13 11:00:00;3344.9025;0.5;True;False;False;False;False;False;True;False;False;False;False;False
2026-01-13 12:00:00;1788.5165000000002;1.4;True;False;False;False;False;False;True;False;False;False;False;False
2026-01-13 13:00:00;2626.4475;1.4;True;False;False;False;False;False;True;False;False;False;False;False
2026-01-13 14:00:00;3232.8665;1.9;True;False;False;False;False;False;True;False;False;False;False;False
2026-01-13 15:00:00;3523.6645;1.6;True;False;False;False;False;False;True;False;False;False;False;False
2026-01-13 16:00:00;3001.3695;0.6;True;False;False;False;False;False;True;False;False;False;False;False
2026-01-13 17:00:00;2969.2881439393936;0.4;True;False;False;False;False;False;True;False;False;False;False;False
2026-01-13 18:00:00;2937.2067878787875;0.3;True;False;False;False;False;False;True;False;False;False;False;False
2026-01-13 19:00:00;2905.125431818182;0.8;True;False;False;False;False;False;True;False;False;False;False;False
2026-01-13 20:00:00;2873.0440757575757;0.8;True;False;False;False;False;False;True;False;False;False;False;False
2026-01-13 21:00:00;2840.9627196969695;0.6;True;False;False;False;False;False;True;False;False;False;False;False
2026-01-13 22:00:00;2808.8813636363634;0.3;True;False;False;False;False;False;True;False;False;False;False;False
2026-01-13 23:00:00;2776.8000075757573;0.2;True;False;False;False;False;False;True;False;False;False;False;False
2026-01-14 00:00:00;2744.7186515151516;0.3;False;True;False;False;False;False;False;True;False;False;False;False
2026-01-14 01:00:00;2712.6372954545454;0.6;False;True;False;False;False;False;False;True;False;False;False;False
2026-01-14 02:00:00;2680.5559393939393;0.9;False;True;False;False;False;False;False;True;False;False;False;False
2026-01-14 03:00:00;2648.474583333333;0.8;False;True;False;False;False;False;False;True;False;False;False;False
2026-01-14 04:00:00;2616.393227272727;0.9;False;True;False;False;False;False;False;True;False;False;False;False
2026-01-14 05:00:00;2584.3118712121213;0.6;False;True;False;False;False;False;False;True;False;False;False;False
2026-01-14 06:00:00;2552.230515151515;0.3;False;True;False;False;False;False;False;True;False;False;False;False
2026-01-14 07:00:00;2520.149159090909;0.2;False;True;False;False;False;False;False;True;False;False;False;False
2026-01-14 08:00:00;2488.067803030303;0.1;False;True;False;False;False;False;False;True;False;False;False;False
2026-01-14 09:00:00;2455.9864469696968;0.1;False;True;False;False;False;False;False;True;False;False;False;False
2026-01-14 10:00:00;2423.905090909091;0.3;False;True;False;False;False;False;False;True;False;False;False;False
2026-01-14 11:00:00;2391.8237348484845;0.6;False;True;False;False;False;False;False;True;False;False;False;False
2026-01-14 12:00:00;2359.742378787879;1.0;False;True;False;False;False;False;False;True;False;False;False;False
2026-01-14 13:00:00;2327.6610227272727;1.4;False;True;False;False;False;False;False;True;False;False;False;False
2026-01-14 14:00:00;2295.5796666666665;0.9;False;True;False;False;False;False;False;True;False;False;False;False
2026-01-14 15:00:00;2263.4983106060604;0.6;False;True;False;False;False;False;False;True;False;False;False;False
2026-01-14 16:00:00;2231.4169545454542;0.4;False;True;False;False;False;False;False;True;False;False;False;False
2026-01-14 17:00:00;2199.3355984848486;0.6;False;True;False;False;False;False;False;True;False;False;False;False
2026-01-14 18:00:00;2167.2542424242424;0.7;False;True;False;False;False;False;False;True;False;False;False;False
2026-01-14 19:00:00;2135.1728863636363;0.9;False;True;False;False;False;False;False;True;False;False;False;False
2026-01-14 20:00:00;2103.09153030303;1.0;False;True;False;False;False;False;False;True;False;False;False;False
2026-01-14 21:00:00;2071.010174242424;1.1;False;True;False;False;False;False;False;True;False;False;False;False
2026-01-14 22:00:00;2038.928818181818;1.1;False;True;False;False;False;False;False;True;False;False;False;False
2026-01-14 23:00:00;2006.8474621212122;1.2;False;True;False;False;False;False;False;True;False;False;False;False
2026-01-15 00:00:00;1974.766106060606;1.4;False;False;True;False;False;False;False;False;True;False;False;False
2026-01-15 01:00:00;1942.68475;1.5;False;False;True;False;False;False;False;False;True;False;False;False
2026-01-15 02:00:00;1910.603393939394;1.5;False;False;True;False;False;False;False;False;True;False;False;False
2026-01-15 03:00:00;1878.5220378787878;1.8;False;False;True;False;False;False;False;False;True;False;False;False
2026-01-15 04:00:00;1846.440681818182;1.8;False;False;True;False;False;False;False;False;True;False;False;False
2026-01-15 05:00:00;1814.3593257575758;1.8;False;False;True;False;False;False;False;False;True;False;False;False
2026-01-15 06:00:00;1782.2779696969696;1.8;False;False;True;False;False;False;False;False;True;False;False;False
2026-01-15 07:00:00;1750.1966136363637;1.5;False;False;True;False;False;False;False;False;True;False;False;False
2026-01-15 08:00:00;1718.1152575757576;1.4;False;False;True;False;False;False;False;False;True;False;False;False
2026-01-15 09:00:00;1686.0339015151515;1.3;False;False;True;False;False;False;False;False;True;False;False;False
2026-01-15 10:00:00;1653.9525454545455;1.8;False;False;True;False;False;False;False;False;True;False;False;False
2026-01-15 11:00:00;1621.8711893939394;2.5;False;False;True;False;False;False;False;False;True;False;False;False
2026-01-15 12:00:00;1589.7898333333333;2.7;False;False;True;False;False;False;False;False;True;False;False;False
2026-01-15 13:00:00;1557.7084772727274;2.8;False;False;True;False;False;False;False;False;True;False;False;False
2026-01-15 14:00:00;1525.6271212121212;2.8;False;False;True;False;False;False;False;False;True;False;False;False
2026-01-15 15:00:00;1493.5457651515153;2.3;False;False;True;False;False;False;False;False;True;False;False;False
2026-01-15 16:00:00;1461.4644090909092;1.8;False;False;True;False;False;False;False;False;True;False;False;False
2026-01-15 17:00:00;1429.383053030303;1.7;False;False;True;False;False;False;False;False;True;False;False;False
2026-01-15 18:00:00;1397.301696969697;1.5;False;False;True;False;False;False;False;False;True;False;False;False
2026-01-15 19:00:00;1365.220340909091;1.8;False;False;True;False;False;False;False;False;True;False;False;False
2026-01-15 20:00:00;1333.138984848485;1.9;False;False;True;False;False;False;False;False;True;False;False;False
2026-01-15 21:00:00;1301.057628787879;1.7;False;False;True;False;False;False;False;False;True;False;False;False
2026-01-15 22:00:00;1268.9762727272728;1.6;False;False;True;False;False;False;False;False;True;False;False;False
2026-01-15 23:00:00;1236.8949166666669;1.8;False;False;True;False;False;False;False;False;True;False;False;False
2026-01-16 00:00:00;1204.8135606060607;2.0;False;False;False;True;False;False;False;False;False;True;False;False
2026-01-16 01:00:00;1172.7322045454546;1.5;False;False;False;True;False;False;False;False;False;True;False;False
2026-01-16 02:00:00;1140.6508484848487;1.3;False;False;False;True;False;False;False;False;False;True;False;False
2026-01-16 03:00:00;1108.5694924242425;1.3;False;False;False;True;False;False;False;False;False;True;False;False
2026-01-16 04:00:00;1076.4881363636364;1.2;False;False;False;True;False;False;False;False;False;True;False;False
2026-01-16 05:00:00;1044.4067803030305;1.0;False;False;False;True;False;False;False;False;False;True;False;False
2026-01-16 06:00:00;1012.3254242424243;1.1;False;False;False;True;False;False;False;False;False;True;False;False
2026-01-16 07:00:00;980.2440681818184;0.9;False;False;False;True;False;False;False;False;False;True;False;False
2026-01-16 08:00:00;948.1627121212123;0.4;False;False;False;True;False;False;False;False;False;True;False;False
2026-01-16 09:00:00;916.0813560606061;0.2;False;False;False;True;False;False;False;False;False;True;False;False
2026-01-16 10:00:00;884.0;0.4;False;False;False;True;False;False;False;False;False;True;False;False
2026-01-16 11:00:00;1453.702;1.0;False;False;False;True;False;False;False;False;False;True;False;False
2026-01-16 12:00:00;1254.70625;1.6;False;False;False;True;False;False;False;False;False;True;False;False
2026-01-16 13:00:00;1208.0745;2.0;False;False;False;True;False;False;False;False;False;True;False;False
2026-01-16 14:00:00;1489.2415;2.8;False;False;False;True;False;False;False;False;False;True;False;False
2026-01-16 15:00:00;1337.7462500000001;2.7;False;False;False;True;False;False;False;False;False;True;False;False
2026-01-16 16:00:00;1695.4225000000001;0.9;False;False;False;True;False;False;False;False;False;True;False;False
2026-01-16 17:00:00;1281.4245;-0.6;False;False;False;True;False;False;False;False;False;True;False;False
2026-01-16 18:00:00;3543.8940000000002;-0.7;False;False;False;True;False;False;False;False;False;True;False;False
2026-01-16 19:00:00;3366.9846666666667;-0.9;False;False;False;True;False;False;False;False;False;True;False;False
2026-01-16 20:00:00;4729.474;-0.9;False;False;False;True;False;False;False;False;False;True;False;False
2026-01-16 21:00:00;4741.5517500000005;-0.9;False;False;False;True;False;False;False;False;False;True;False;False
2026-01-16 22:00:00;4175.458250000001;-1.0;False;False;False;True;False;False;False;False;False;True;False;False
2026-01-16 23:00:00;661.0;-1.1;False;False;False;True;False;False;False;False;False;True;False;False
2026-01-17 00:00:00;2577.54975;-0.9;False;False;False;False;True;False;False;False;False;False;True;False
2026-01-17 01:00:00;2863.5924999999997;-0.8;False;False;False;False;True;False;False;False;False;False;True;False
2026-01-17 02:00:00;2514.9002499999997;-0.6;False;False;False;False;True;False;False;False;False;False;True;False
2026-01-17 03:00:00;9342.38525;-0.6;False;False;False;False;True;False;False;False;False;False;True;False
2026-01-17 04:00:00;3194.3745;0.2;False;False;False;False;True;False;False;False;False;False;True;False
2026-01-17 05:00:00;2575.0682500000003;1.2;False;False;False;False;True;False;False;False;False;False;True;False
2026-01-17 06:00:00;2754.3740000000003;1.2;False;False;False;False;True;False;False;False;False;False;True;False
2026-01-17 07:00:00;2851.4505;1.0;False;False;False;False;True;False;False;False;False;False;True;False
2026-01-17 08:00:00;2431.4275000000002;1.0;False;False;False;False;True;False;False;False;False;False;True;False
2026-01-17 09:00:00;2095.0295;1.0;False;False;False;False;True;False;False;False;False;False;True;False
2026-01-17 10:00:00;2249.05;1.1;False;False;False;False;True;False;False;False;False;False;True;False
2026-01-17 11:00:00;2770.888;1.1;False;False;False;False;True;False;False;False;False;False;True;False
2026-01-17 12:00:00;4129.0535;1.2;False;False;False;False;True;False;False;False;False;False;True;False
2026-01-17 13:00:00;2749.0465;1.5;False;False;False;False;True;False;False;False;False;False;True;False
2026-01-17 14:00:00;3040.6145;1.5;False;False;False;False;True;False;False;False;False;False;True;False
2026-01-17 15:00:00;5613.65275;1.0;False;False;False;False;True;False;False;False;False;False;True;False
2026-01-17 16:00:00;4637.42025;0.8;False;False;False;False;True;False;False;False;False;False;True;False
2026-01-17 17:00:00;3310.9205;1.1;False;False;False;False;True;False;False;False;False;False;True;False
2026-01-17 18:00:00;1280.087;1.3;False;False;False;False;True;False;False;False;False;False;True;False
2026-01-17 19:00:00;1115.08375;1.3;False;False;False;False;True;False;False;False;False;False;True;False
2026-01-17 20:00:00;2108.571;0.9;False;False;False;False;True;False;False;False;False;False;True;False
2026-01-17 21:00:00;2982.6165;0.6;False;False;False;False;True;False;False;False;False;False;True;False
2026-01-17 22:00:00;4145.845;0.2;False;False;False;False;True;False;False;False;False;False;True;False
2026-01-17 23:00:00;2920.0095;-0.2;False;False;False;False;True;False;False;False;False;False;True;False
2026-01-18 00:00:00;3487.464;-0.3;False;False;False;False;False;True;False;False;False;False;False;True
2026-01-18 01:00:00;2360.45825;-0.7;False;False;False;False;False;True;False;False;False;False;False;True
2026-01-18 02:00:00;2870.0209999999997;-0.7;False;False;False;False;False;True;False;False;False;False;False;True
2026-01-18 03:00:00;1955.9015;-0.9;False;False;False;False;False;True;False;False;False;False;False;True
2026-01-18 04:00:00;3522.5702499999998;-1.2;False;False;False;False;False;True;False;False;False;False;False;True
2026-01-18 05:00:00;1996.1495;-1.6;False;False;False;False;False;True;False;False;False;False;False;True
2026-01-18 06:00:00;2764.52025;-1.7;False;False;False;False;False;True;False;False;False;False;False;True
2026-01-18 07:00:00;2111.16675;-1.5;False;False;False;False;False;True;False;False;False;False;False;True
2026-01-18 08:00:00;2581.71425;-2.0;False;False;False;False;False;True;False;False;False;False;False;True
2026-01-18 09:00:00;1991.0974999999999;-1.5;False;False;False;False;False;True;False;False;False;False;False;True
2026-01-18 10:00:00;1844.96575;-0.8;False;False;False;False;False;True;False;False;False;False;False;True
2026-01-18 11:00:00;1947.963;0.1;False;False;False;False;False;True;False;False;False;False;False;True
2026-01-18 12:00:00;3558.63;0.9;False;False;False;False;False;True;False;False;False;False;False;True
2026-01-18 13:00:00;3423.35825;1.9;False;False;False;False;False;True;False;False;False;False;False;True
2026-01-18 14:00:00;3716.4804999999997;1.6;False;False;False;False;False;True;False;False;False;False;False;True
2026-01-18 15:00:00;2429.1585;1.0;False;False;False;False;False;True;False;False;False;False;False;True
2026-01-18 16:00:00;3761.66425;-0.3;False;False;False;False;False;True;False;False;False;False;False;True
2026-01-18 17:00:00;2566.6;-0.9;False;False;False;False;False;True;False;False;False;False;False;True
2026-01-18 18:00:00;2122.6905;-1.2;False;False;False;False;False;True;False;False;False;False;False;True
2026-01-18 19:00:00;1606.675;-1.6;False;False;False;False;False;True;False;False;False;False;False;True
2026-01-18 20:00:00;1322.8215;-1.8;False;False;False;False;False;True;False;False;False;False;False;True
2026-01-18 21:00:00;3341.6132500000003;-2.4;False;False;False;False;False;True;False;False;False;False;False;True
2026-01-18 22:00:00;3420.92425;-2.6;False;False;False;False;False;True;False;False;False;False;False;True
2026-01-18 23:00:00;2390.5825;-2.8;False;False;False;False;False;True;False;False;False;False;False;True
2026-01-19 00:00:00;2708.83875;-3.0;False;False;False;False;False;False;False;False;False;False;False;False
2026-01-19 01:00:00;3057.92875;-3.6;False;False;False;False;False;False;False;False;False;False;False;False
2026-01-19 02:00:00;2572.434;-3.5;False;False;False;False;False;False;False;False;False;False;False;False
2026-01-19 03:00:00;2189.51425;-3.8;False;False;False;False;False;False;False;False;False;False;False;False
2026-01-19 04:00:00;8250.679250000001;-4.1;False;False;False;False;False;False;False;False;False;False;False;False
2026-01-19 05:00:00;5705.6355;-4.2;False;False;False;False;False;False;False;False;False;False;False;False
2026-01-19 06:00:00;2653.04025;-4.4;False;False;False;False;False;False;False;False;False;False;False;False
2026-01-19 07:00:00;3970.0027499999997;-4.6;False;False;False;False;False;False;False;False;False;False;False;False
2026-01-19 08:00:00;1686.894;-4.1;False;False;False;False;False;False;False;False;False;False;False;False
2026-01-19 09:00:00;1636.2514999999999;-3.7;False;False;False;False;False;False;False;False;False;False;False;False
2026-01-19 10:00:00;1598.70175;-3.3;False;False;False;False;False;False;False;False;False;False;False;False
2026-01-19 11:00:00;2905.1862499999997;-2.5;False;False;False;False;False;False;False;False;False;False;False;False
2026-01-19 12:00:00;3020.6655;-1.8;False;False;False;False;False;False;False;False;False;False;False;False
2026-01-19 13:00:00;3619.56075;-1.2;False;False;False;False;False;False;False;False;False;False;False;False
2026-01-19 14:00:00;3292.06275;-1.8;False;False;False;False;False;False;False;False;False;False;False;False
2026-01-19 15:00:00;2167.51425;-2.5;False;False;False;False;False;False;False;False;False;False;False;False
2026-01-19 16:00:00;3062.69825;-3.5;False;False;False;False;False;False;False;False;False;False;False;False
2026-01-19 17:00:00;2712.96;-4.2;False;False;False;False;False;False;False;False;False;False;False;False
2026-01-19 18:00:00;1711.96675;-4.6;False;False;False;False;False;False;False;False;False;False;False;False
2026-01-19 19:00:00;2410.5952500000003;-4.9;False;False;False;False;False;False;False;False;False;False;False;False
2026-01-19 20:00:00;4154.70825;-5.2;False;False;False;False;False;False;False;False;False;False;False;False
2026-01-19 21:00:00;3182.4494999999997;-5.6;False;False;False;False;False;False;False;False;False;False;False;False
2026-01-19 22:00:00;2892.693;-5.6;False;False;False;False;False;False;False;False;False;False;False;False
2026-01-19 23:00:00;3079.608;-5.8;False;False;False;False;False;False;False;False;False;False;False;False
2026-01-20 00:00:00;3324.11425;-5.8;True;False;False;False;False;False;True;False;False;False;False;False
2026-01-20 01:00:00;3196.69175;-5.6;True;False;False;False;False;False;True;False;False;False;False;False
2026-01-20 02:00:00;3564.13325;-5.7;True;False;False;False;False;False;True;False;False;False;False;False
2026-01-20 03:00:00;7336.658;-5.9;True;False;False;False;False;False;True;False;False;False;False;False
2026-01-20 04:00:00;5746.47725;-6.1;True;False;False;False;False;False;True;False;False;False;False;False
2026-01-20 05:00:00;2898.6175000000003;-6.4;True;False;False;False;False;False;True;False;False;False;False;False
2026-01-20 06:00:00;3033.74375;-6.5;True;False;False;False;False;False;True;False;False;False;False;False
2026-01-20 07:00:00;2232.4665;-6.7;True;False;False;False;False;False;True;False;False;False;False;False
2026-01-20 08:00:00;1608.8355000000001;-6.8;True;False;False;False;False;False;True;False;False;False;False;False
2026-01-20 09:00:00;1655.693;-6.3;True;False;False;False;False;False;True;False;False;False;False;False
2026-01-20 10:00:00;1783.7995;-5.7;True;False;False;False;False;False;True;False;False;False;False;False
2026-01-20 11:00:00;3924.44725;-4.6;True;False;False;False;False;False;True;False;False;False;False;False
2026-01-20 12:00:00;6013.8935;-3.9;True;False;False;False;False;False;True;False;False;False;False;False
2026-01-20 13:00:00;3274.38825;-3.7;True;False;False;False;False;False;True;False;False;False;False;False
2026-01-20 14:00:00;3281.3047500000002;-3.8;True;False;False;False;False;False;True;False;False;False;False;False
2026-01-20 15:00:00;2185.52225;-4.0;True;False;False;False;False;False;True;False;False;False;False;False
2026-01-20 16:00:00;2565.17325;-5.2;True;False;False;False;False;False;True;False;False;False;False;False
2026-01-20 17:00:00;1584.08075;-6.0;True;False;False;False;False;False;True;False;False;False;False;False
2026-01-20 18:00:00;2313.1189999999997;-6.6;True;False;False;False;False;False;True;False;False;False;False;False
2026-01-20 19:00:00;3254.337;-6.8;True;False;False;False;False;False;True;False;False;False;False;False
2026-01-20 20:00:00;4163.027;-7.3;True;False;False;False;False;False;True;False;False;False;False;False
2026-01-20 21:00:00;3972.6565;-7.7;True;False;False;False;False;False;True;False;False;False;False;False
2026-01-20 22:00:00;3771.60525;-7.9;True;False;False;False;False;False;True;False;False;False;False;False
2026-01-20 23:00:00;3864.2335000000003;-7.9;True;False;False;False;False;False;True;False;False;False;False;False
2026-01-21 00:00:00;6453.69775;-7.8;False;True;False;False;False;False;False;True;False;False;False;False
2026-01-21 01:00:00;8007.232;-8.3;False;True;False;False;False;False;False;True;False;False;False;False
2026-01-21 02:00:00;3005.8;-8.1;False;True;False;False;False;False;False;True;False;False;False;False
2026-01-21 03:00:00;3117.41975;-8.1;False;True;False;False;False;False;False;True;False;False;False;False
2026-01-21 04:00:00;3537.92;-8.1;False;True;False;False;False;False;False;True;False;False;False;False
2026-01-21 05:00:00;3387.10275;-8.1;False;True;False;False;False;False;False;True;False;False;False;False
2026-01-21 06:00:00;2911.00825;-8.0;False;True;False;False;False;False;False;True;False;False;False;False
2026-01-21 07:00:00;3030.2455;-8.6;False;True;False;False;False;False;False;True;False;False;False;False
2026-01-21 08:00:00;1947.0095000000001;-8.9;False;True;False;False;False;False;False;True;False;False;False;False
2026-01-21 09:00:00;1559.91525;-7.9;False;True;False;False;False;False;False;True;False;False;False;False
2026-01-21 10:00:00;1582.9585;-6.4;False;True;False;False;False;False;False;True;False;False;False;False
2026-01-21 11:00:00;5624.052;-5.2;False;True;False;False;False;False;False;True;False;False;False;False
2026-01-21 12:00:00;3502.279;-4.0;False;True;False;False;False;False;False;True;False;False;False;False
2026-01-21 13:00:00;3642.7415;-3.3;False;True;False;False;False;False;False;True;False;False;False;False
2026-01-21 14:00:00;3443.20825;-3.0;False;True;False;False;False;False;False;True;False;False;False;False
2026-01-21 15:00:00;2767.14175;-3.5;False;True;False;False;False;False;False;True;False;False;False;False
2026-01-21 16:00:00;2495.575;-4.8;False;True;False;False;False;False;False;True;False;False;False;False
2026-01-21 17:00:00;1553.90025;-5.7;False;True;False;False;False;False;False;True;False;False;False;False
2026-01-21 18:00:00;2622.892;-5.8;False;True;False;False;False;False;False;True;False;False;False;False
2026-01-21 19:00:00;5043.75125;-6.2;False;True;False;False;False;False;False;True;False;False;False;False
2026-01-21 20:00:00;4514.99425;-6.2;False;True;False;False;False;False;False;True;False;False;False;False
2026-01-21 21:00:00;3905.21425;-6.3;False;True;False;False;False;False;False;True;False;False;False;False
2026-01-21 22:00:00;4084.417;-6.6;False;True;False;False;False;False;False;True;False;False;False;False
2026-01-21 23:00:00;3505.25175;-6.7;False;True;False;False;False;False;False;True;False;False;False;False
2026-01-22 00:00:00;4382.88325;-6.8;False;False;True;False;False;False;False;False;True;False;False;False
2026-01-22 01:00:00;3667.35;-7.9;False;False;True;False;False;False;False;False;True;False;False;False
2026-01-22 02:00:00;3949.475;-7.3;False;False;True;False;False;False;False;False;True;False;False;False
2026-01-22 03:00:00;10229.0315;-7.4;False;False;True;False;False;False;False;False;True;False;False;False
2026-01-22 04:00:00;4186.2045;-7.7;False;False;True;False;False;False;False;False;True;False;False;False
2026-01-22 05:00:00;3207.893;-7.9;False;False;True;False;False;False;False;False;True;False;False;False
2026-01-22 06:00:00;3835.1765;-7.8;False;False;True;False;False;False;False;False;True;False;False;False
2026-01-22 07:00:00;3352.723;-8.5;False;False;True;False;False;False;False;False;True;False;False;False
2026-01-22 08:00:00;1664.1165;-8.2;False;False;True;False;False;False;False;False;True;False;False;False
2026-01-22 09:00:00;1636.5625;-6.7;False;False;True;False;False;False;False;False;True;False;False;False
2026-01-22 10:00:00;2046.3287500000001;-4.2;False;False;True;False;False;False;False;False;True;False;False;False
2026-01-22 11:00:00;2461.153;-3.0;False;False;True;False;False;False;False;False;True;False;False;False
2026-01-22 12:00:00;3364.2580000000003;-2.4;False;False;True;False;False;False;False;False;True;False;False;False
2026-01-22 13:00:00;4000.9615000000003;-2.4;False;False;True;False;False;False;False;False;True;False;False;False
2026-01-22 14:00:00;3067.0035;-2.7;False;False;True;False;False;False;False;False;True;False;False;False
2026-01-22 15:00:00;2576.46075;-3.1;False;False;True;False;False;False;False;False;True;False;False;False
2026-01-22 16:00:00;4892.33125;-4.4;False;False;True;False;False;False;False;False;True;False;False;False
2026-01-22 17:00:00;4693.0;-6.6;False;False;True;False;False;False;False;False;True;False;False;False
2026-01-22 18:00:00;1508.59825;-7.3;False;False;True;False;False;False;False;False;True;False;False;False
2026-01-22 19:00:00;3586.56575;-8.0;False;False;True;False;False;False;False;False;True;False;False;False
2026-01-22 20:00:00;5436.4;-7.3;False;False;True;False;False;False;False;False;True;False;False;False
2026-01-22 21:00:00;3945.58875;-7.0;False;False;True;False;False;False;False;False;True;False;False;False
2026-01-22 22:00:00;3972.6965;-6.7;False;False;True;False;False;False;False;False;True;False;False;False
2026-01-22 23:00:00;2663.9855;-6.3;False;False;True;False;False;False;False;False;True;False;False;False
2026-01-23 00:00:00;3361.3070000000002;-6.1;False;False;False;True;False;False;False;False;False;True;False;False
2026-01-23 01:00:00;3379.777;-6.6;False;False;False;True;False;False;False;False;False;True;False;False
2026-01-23 02:00:00;3830.91175;-6.3;False;False;False;True;False;False;False;False;False;True;False;False
2026-01-23 03:00:00;3616.4825;-6.5;False;False;False;True;False;False;False;False;False;True;False;False
2026-01-23 04:00:00;3049.2912499999998;-6.7;False;False;False;True;False;False;False;False;False;True;False;False
2026-01-23 05:00:00;3813.81625;-6.8;False;False;False;True;False;False;False;False;False;True;False;False
2026-01-23 06:00:00;2841.50725;-6.9;False;False;False;True;False;False;False;False;False;True;False;False
2026-01-23 07:00:00;3103.87025;-6.6;False;False;False;True;False;False;False;False;False;True;False;False
2026-01-23 08:00:00;768.3729999999999;-6.3;False;False;False;True;False;False;False;False;False;True;False;False
2026-01-23 09:00:00;1197.0845;-5.8;False;False;False;True;False;False;False;False;False;True;False;False
2026-01-23 10:00:00;2176.22575;-5.2;False;False;False;True;False;False;False;False;False;True;False;False
2026-01-23 11:00:00;2018.05825;-4.6;False;False;False;True;False;False;False;False;False;True;False;False
2026-01-23 12:00:00;3823.25725;-4.0;False;False;False;True;False;False;False;False;False;True;False;False
2026-01-23 13:00:00;2267.96125;-4.1;False;False;False;True;False;False;False;False;False;True;False;False
2026-01-23 14:00:00;3227.2332499999998;-3.9;False;False;False;True;False;False;False;False;False;True;False;False
2026-01-23 15:00:00;2640.10975;-3.8;False;False;False;True;False;False;False;False;False;True;False;False
2026-01-23 16:00:00;4200.918250000001;-3.8;False;False;False;True;False;False;False;False;False;True;False;False
2026-01-23 17:00:00;4447.987;-3.8;False;False;False;True;False;False;False;False;False;True;False;False
2026-01-23 18:00:00;3950.9937500000005;-3.7;False;False;False;True;False;False;False;False;False;True;False;False
2026-01-23 19:00:00;3119.7999999999997;-3.9;False;False;False;True;False;False;False;False;False;True;False;False
2026-01-23 20:00:00;3737.9497499999998;-3.8;False;False;False;True;False;False;False;False;False;True;False;False
2026-01-23 21:00:00;3837.417;-3.8;False;False;False;True;False;False;False;False;False;True;False;False
2026-01-23 22:00:00;3223.48975;-3.8;False;False;False;True;False;False;False;False;False;True;False;False
2026-01-23 23:00:00;2826.59125;-3.7;False;False;False;True;False;False;False;False;False;True;False;False
2026-01-24 00:00:00;2617.28325;-3.5;False;False;False;False;True;False;False;False;False;False;True;False
2026-01-24 01:00:00;3046.392;-3.7;False;False;False;False;True;False;False;False;False;False;True;False
2026-01-24 02:00:00;3411.9126666666666;-3.1;False;False;False;False;True;False;False;False;False;False;True;False
2026-01-24 03:00:00;3279.8165;-2.8;False;False;False;False;True;False;False;False;False;False;True;False
2026-01-24 04:00:00;8942.909;-2.7;False;False;False;False;True;False;False;False;False;False;True;False
2026-01-24 05:00:00;2873.6;-2.5;False;False;False;False;True;False;False;False;False;False;True;False
2026-01-24 06:00:00;2907.33075;-2.5;False;False;False;False;True;False;False;False;False;False;True;False
2026-01-24 07:00:00;2344.75825;-2.3;False;False;False;False;True;False;False;False;False;False;True;False
2026-01-24 08:00:00;2895.19;-2.0;False;False;False;False;True;False;False;False;False;False;True;False
2026-01-24 09:00:00;2724.8959999999997;-1.6;False;False;False;False;True;False;False;False;False;False;True;False
2026-01-24 10:00:00;3051.5860000000002;-1.1;False;False;False;False;True;False;False;False;False;False;True;False
2026-01-24 11:00:00;4045.4545;-0.9;False;False;False;False;True;False;False;False;False;False;True;False
2026-01-24 12:00:00;4242.175;-0.6;False;False;False;False;True;False;False;False;False;False;True;False
2026-01-24 13:00:00;2191.865;-0.6;False;False;False;False;True;False;False;False;False;False;True;False
2026-01-24 14:00:00;3155.72575;-0.6;False;False;False;False;True;False;False;False;False;False;True;False
2026-01-24 15:00:00;2857.89175;-0.7;False;False;False;False;True;False;False;False;False;False;True;False
2026-01-24 16:00:00;4150.89725;-1.1;False;False;False;False;True;False;False;False;False;False;True;False
2026-01-24 17:00:00;2078.33525;-1.5;False;False;False;False;True;False;False;False;False;False;True;False
2026-01-24 18:00:00;1338.91775;-1.5;False;False;False;False;True;False;False;False;False;False;True;False
2026-01-24 19:00:00;1198.7295;-1.5;False;False;False;False;True;False;False;False;False;False;True;False
2026-01-24 20:00:00;4323.9585;-1.5;False;False;False;False;True;False;False;False;False;False;True;False
2026-01-24 21:00:00;3607.17925;-1.5;False;False;False;False;True;False;False;False;False;False;True;False
2026-01-24 22:00:00;3738.1285;-1.6;False;False;False;False;True;False;False;False;False;False;True;False
2026-01-24 23:00:00;3432.4435;-1.5;False;False;False;False;True;False;False;False;False;False;True;False
2026-01-25 00:00:00;3474.86325;-1.4;False;False;False;False;False;True;False;False;False;False;False;True
2026-01-25 01:00:00;10338.446;-1.6;False;False;False;False;False;True;False;False;False;False;False;True
2026-01-25 02:00:00;4876.31775;-1.2;False;False;False;False;False;True;False;False;False;False;False;True
2026-01-25 03:00:00;2848.43075;-1.4;False;False;False;False;False;True;False;False;False;False;False;True
2026-01-25 04:00:00;2864.0395;-1.7;False;False;False;False;False;True;False;False;False;False;False;True
2026-01-25 05:00:00;3195.018;-1.6;False;False;False;False;False;True;False;False;False;False;False;True
2026-01-25 06:00:00;3292.8005;-0.9;False;False;False;False;False;True;False;False;False;False;False;True
2026-01-25 07:00:00;2937.50875;-0.7;False;False;False;False;False;True;False;False;False;False;False;True
2026-01-25 08:00:00;2647.8955;-0.1;False;False;False;False;False;True;False;False;False;False;False;True
2026-01-25 09:00:00;2964.2960000000003;0.7;False;False;False;False;False;True;False;False;False;False;False;True
2026-01-25 10:00:00;5071.992749999999;1.0;False;False;False;False;False;True;False;False;False;False;False;True
2026-01-25 11:00:00;4951.524;1.1;False;False;False;False;False;True;False;False;False;False;False;True
2026-01-25 12:00:00;4321.067777777778;0.9;False;False;False;False;False;True;False;False;False;False;False;True
2026-01-25 13:00:00;3690.611555555556;1.2;False;False;False;False;False;True;False;False;False;False;False;True
2026-01-25 14:00:00;3060.1553333333336;1.3;False;False;False;False;False;True;False;False;False;False;False;True
2026-01-25 15:00:00;2769.689;1.1;False;False;False;False;False;True;False;False;False;False;False;True
2026-01-25 16:00:00;2504.441;1.7;False;False;False;False;False;True;False;False;False;False;False;True
2026-01-25 17:00:00;2337.443;2.5;False;False;False;False;False;True;False;False;False;False;False;True
2026-01-25 18:00:00;1329.7435;2.9;False;False;False;False;False;True;False;False;False;False;False;True
2026-01-25 19:00:00;958.94425;3.9;False;False;False;False;False;True;False;False;False;False;False;True
2026-01-25 20:00:00;3723.2195;4.8;False;False;False;False;False;True;False;False;False;False;False;True
2026-01-25 21:00:00;2804.4895;4.5;False;False;False;False;False;True;False;False;False;False;False;True
2026-01-25 22:00:00;3094.9155;3.7;False;False;False;False;False;True;False;False;False;False;False;True
2026-01-25 23:00:00;2390.568;3.0;False;False;False;False;False;True;False;False;False;False;False;True
2026-01-26 00:00:00;3275.88325;3.1;False;False;False;False;False;False;False;False;False;False;False;False
2026-01-26 01:00:00;2851.2757500000002;3.0;False;False;False;False;False;False;False;False;False;False;False;False
2026-01-26 02:00:00;2314.45425;2.0;False;False;False;False;False;False;False;False;False;False;False;False
2026-01-26 03:00:00;2804.119;1.3;False;False;False;False;False;False;False;False;False;False;False;False
2026-01-26 04:00:00;4683.6815;1.0;False;False;False;False;False;False;False;False;False;False;False;False
2026-01-26 05:00:00;7121.5785;0.3;False;False;False;False;False;False;False;False;False;False;False;False
2026-01-26 06:00:00;2888.82075;-0.9;False;False;False;False;False;False;False;False;False;False;False;False
2026-01-26 07:00:00;2724.2235;-0.8;False;False;False;False;False;False;False;False;False;False;False;False
2026-01-26 08:00:00;2969.2285;-1.5;False;False;False;False;False;False;False;False;False;False;False;False
2026-01-26 09:00:00;1335.06025;-1.7;False;False;False;False;False;False;False;False;False;False;False;False
2026-01-26 10:00:00;1394.074;-1.4;False;False;False;False;False;False;False;False;False;False;False;False
2026-01-26 11:00:00;1888.0195;-1.1;False;False;False;False;False;False;False;False;False;False;False;False
2026-01-26 12:00:00;2427.02325;-0.9;False;False;False;False;False;False;False;False;False;False;False;False
2026-01-26 13:00:00;4181.6585;-1.2;False;False;False;False;False;False;False;False;False;False;False;False
2026-01-26 14:00:00;9062.25675;-0.9;False;False;False;False;False;False;False;False;False;False;False;False
2026-01-26 15:00:00;3903.01175;-0.7;False;False;False;False;False;False;False;False;False;False;False;False
2026-01-26 16:00:00;4612.6585;-0.9;False;False;False;False;False;False;False;False;False;False;False;False
2026-01-26 17:00:00;1489.599;-1.2;False;False;False;False;False;False;False;False;False;False;False;False
2026-01-26 18:00:00;1453.99025;-1.6;False;False;False;False;False;False;False;False;False;False;False;False
2026-01-26 19:00:00;2424.01675;-1.6;False;False;False;False;False;False;False;False;False;False;False;False
2026-01-26 20:00:00;4279.203;-1.9;False;False;False;False;False;False;False;False;False;False;False;False
2026-01-26 21:00:00;3742.166;-2.3;False;False;False;False;False;False;False;False;False;False;False;False
2026-01-26 22:00:00;4314.9745;-2.7;False;False;False;False;False;False;False;False;False;False;False;False
2026-01-26 23:00:00;2969.2475;-3.0;False;False;False;False;False;False;False;False;False;False;False;False
2026-01-27 00:00:00;2830.2262499999997;-3.2;True;False;False;False;False;False;True;False;False;False;False;False
2026-01-27 01:00:00;5745.7072499999995;-3.8;True;False;False;False;False;False;True;False;False;False;False;False
2026-01-27 02:00:00;7749.391750000001;-4.0;True;False;False;False;False;False;True;False;False;False;False;False
2026-01-27 03:00:00;2912.998;-4.3;True;False;False;False;False;False;True;False;False;False;False;False
2026-01-27 04:00:00;2666.39175;-4.2;True;False;False;False;False;False;True;False;False;False;False;False
2026-01-27 05:00:00;2944.2352499999997;-4.2;True;False;False;False;False;False;True;False;False;False;False;False
2026-01-27 06:00:00;3158.1730000000002;-4.2;True;False;False;False;False;False;True;False;False;False;False;False
2026-01-27 07:00:00;3149.65825;-4.2;True;False;False;False;False;False;True;False;False;False;False;False
2026-01-27 08:00:00;1616.9605;-4.1;True;False;False;False;False;False;True;False;False;False;False;False
2026-01-27 09:00:00;2616.49775;-4.1;True;False;False;False;False;False;True;False;False;False;False;False
2026-01-27 10:00:00;2729.15175;-3.8;True;False;False;False;False;False;True;False;False;False;False;False
2026-01-27 11:00:00;5356.0235;-3.5;True;False;False;False;False;False;True;False;False;False;False;False
2026-01-27 12:00:00;11451.53025;-3.2;True;False;False;False;False;False;True;False;False;False;False;False
2026-01-27 13:00:00;5500.358249999999;-3.5;True;False;False;False;False;False;True;False;False;False;False;False
2026-01-27 14:00:00;4612.58125;-3.5;True;False;False;False;False;False;True;False;False;False;False;False
2026-01-27 15:00:00;5938.0225;-3.5;True;False;False;False;False;False;True;False;False;False;False;False
2026-01-27 16:00:00;3105.564;-3.6;True;False;False;False;False;False;True;False;False;False;False;False
2026-01-27 17:00:00;1416.34275;-3.6;True;False;False;False;False;False;True;False;False;False;False;False
2026-01-27 18:00:00;1339.04225;-3.5;True;False;False;False;False;False;True;False;False;False;False;False
2026-01-27 19:00:00;2343.7375;-3.2;True;False;False;False;False;False;True;False;False;False;False;False
2026-01-27 20:00:00;4555.15975;-4.1;True;False;False;False;False;False;True;False;False;False;False;False
2026-01-27 21:00:00;4213.807;-4.0;True;False;False;False;False;False;True;False;False;False;False;False
2026-01-27 22:00:00;3972.5910000000003;-4.0;True;False;False;False;False;False;True;False;False;False;False;False
2026-01-27 23:00:00;2477.69175;-5.1;True;False;False;False;False;False;True;False;False;False;False;False
2026-01-28 00:00:00;2930.86175;-5.7;False;True;False;False;False;False;False;True;False;False;False;False
2026-01-28 01:00:00;2799.0625;-9.1;False;True;False;False;False;False;False;True;False;False;False;False
2026-01-28 02:00:00;3590.7619999999997;-9.8;False;True;False;False;False;False;False;True;False;False;False;False
2026-01-28 03:00:00;9406.183;-10.2;False;True;False;False;False;False;False;True;False;False;False;False
2026-01-28 04:00:00;2997.6800000000003;-9.4;False;True;False;False;False;False;False;True;False;False;False;False
2026-01-28 05:00:00;3240.33125;-8.1;False;True;False;False;False;False;False;True;False;False;False;False
2026-01-28 06:00:00;3348.44825;-7.2;False;True;False;False;False;False;False;True;False;False;False;False
2026-01-28 07:00:00;2778.99475;-5.4;False;True;False;False;False;False;False;True;False;False;False;False
2026-01-28 08:00:00;2019.89275;-5.7;False;True;False;False;False;False;False;True;False;False;False;False
2026-01-28 09:00:00;1608.47275;-3.3;False;True;False;False;False;False;False;True;False;False;False;False
2026-01-28 10:00:00;1443.50225;-2.0;False;True;False;False;False;False;False;True;False;False;False;False
2026-01-28 11:00:00;1912.0010000000002;-0.9;False;True;False;False;False;False;False;True;False;False;False;False
2026-01-28 12:00:00;2226.36375;-0.2;False;True;False;False;False;False;False;True;False;False;False;False
2026-01-28 13:00:00;2679.598;0.2;False;True;False;False;False;False;False;True;False;False;False;False
2026-01-28 14:00:00;2315.9745000000003;0.1;False;True;False;False;False;False;False;True;False;False;False;False
2026-01-28 15:00:00;2226.184;-0.6;False;True;False;False;False;False;False;True;False;False;False;False
2026-01-28 16:00:00;2161.29975;-1.6;False;True;False;False;False;False;False;True;False;False;False;False
2026-01-28 17:00:00;4316.18625;-2.5;False;True;False;False;False;False;False;True;False;False;False;False
2026-01-28 18:00:00;4462.1295;-3.2;False;True;False;False;False;False;False;True;False;False;False;False
2026-01-28 19:00:00;3273.2574999999997;-2.8;False;True;False;False;False;False;False;True;False;False;False;False
2026-01-28 20:00:00;4066.16375;-2.8;False;True;False;False;False;False;False;True;False;False;False;False
2026-01-28 21:00:00;3350.2929999999997;-2.8;False;True;False;False;False;False;False;True;False;False;False;False
2026-01-28 22:00:00;3015.4384999999997;-3.0;False;True;False;False;False;False;False;True;False;False;False;False
2026-01-28 23:00:00;2959.08775;-3.3;False;True;False;False;False;False;False;True;False;False;False;False
2026-01-29 00:00:00;3130.11525;-3.3;False;False;True;False;False;False;False;False;True;False;False;False
2026-01-29 01:00:00;2990.9015;-3.5;False;False;True;False;False;False;False;False;True;False;False;False
2026-01-29 02:00:00;3271.22725;-3.9;False;False;True;False;False;False;False;False;True;False;False;False
2026-01-29 03:00:00;8301.43275;-4.0;False;False;True;False;False;False;False;False;True;False;False;False
2026-01-29 04:00:00;5797.1615;-3.5;False;False;True;False;False;False;False;False;True;False;False;False
2026-01-29 05:00:00;3075.1525;-3.3;False;False;True;False;False;False;False;False;True;False;False;False
2026-01-29 06:00:00;2983.33675;-3.5;False;False;True;False;False;False;False;False;True;False;False;False
2026-01-29 07:00:00;2837.7265;-3.4;False;False;True;False;False;False;False;False;True;False;False;False
2026-01-29 08:00:00;2428.4445;-3.5;False;False;True;False;False;False;False;False;True;False;False;False
2026-01-29 09:00:00;1777.62225;-3.4;False;False;True;False;False;False;False;False;True;False;False;False
2026-01-29 10:00:00;1595.1435000000001;-3.0;False;False;True;False;False;False;False;False;True;False;False;False
2026-01-29 11:00:00;1849.1195;-2.0;False;False;True;False;False;False;False;False;True;False;False;False
2026-01-29 12:00:00;3234.1555;-1.4;False;False;True;False;False;False;False;False;True;False;False;False
2026-01-29 13:00:00;3161.515;-1.3;False;False;True;False;False;False;False;False;True;False;False;False
2026-01-29 14:00:00;3518.00425;-1.2;False;False;True;False;False;False;False;False;True;False;False;False
2026-01-29 15:00:00;3492.9167500000003;-1.5;False;False;True;False;False;False;False;False;True;False;False;False
2026-01-29 16:00:00;3804.5987499999997;-1.8;False;False;True;False;False;False;False;False;True;False;False;False
2026-01-29 17:00:00;3045.3945000000003;-2.2;False;False;True;False;False;False;False;False;True;False;False;False
2026-01-29 18:00:00;3831.81075;-2.6;False;False;True;False;False;False;False;False;True;False;False;False
2026-01-29 19:00:00;4592.51725;-2.8;False;False;True;False;False;False;False;False;True;False;False;False
2026-01-29 20:00:00;3198.797;-3.0;False;False;True;False;False;False;False;False;True;False;False;False
2026-01-29 21:00:00;3905.9085;-3.0;False;False;True;False;False;False;False;False;True;False;False;False
2026-01-29 22:00:00;2584.36575;-3.0;False;False;True;False;False;False;False;False;True;False;False;False
2026-01-29 23:00:00;2977.50875;-3.1;False;False;True;False;False;False;False;False;True;False;False;False
2026-01-30 00:00:00;2930.24125;-3.0;False;False;False;True;False;False;False;False;False;True;False;False
2026-01-30 01:00:00;3045.52575;-3.0;False;False;False;True;False;False;False;False;False;True;False;False
2026-01-30 02:00:00;3382.7780000000002;-3.0;False;False;False;True;False;False;False;False;False;True;False;False
2026-01-30 03:00:00;4877.475;-3.0;False;False;False;True;False;False;False;False;False;True;False;False
2026-01-30 04:00:00;7184.0145;-3.2;False;False;False;True;False;False;False;False;False;True;False;False
2026-01-30 05:00:00;2823.625;-3.2;False;False;False;True;False;False;False;False;False;True;False;False
2026-01-30 06:00:00;2810.375;-3.1;False;False;False;True;False;False;False;False;False;True;False;False
2026-01-30 07:00:00;2582.439;-3.1;False;False;False;True;False;False;False;False;False;True;False;False
2026-01-30 08:00:00;3056.4035;-2.9;False;False;False;True;False;False;False;False;False;True;False;False
2026-01-30 09:00:00;2043.91075;-2.2;False;False;False;True;False;False;False;False;False;True;False;False
2026-01-30 10:00:00;1563.28725;-1.8;False;False;False;True;False;False;False;False;False;True;False;False
2026-01-30 11:00:00;1122.7984999999999;-1.4;False;False;False;True;False;False;False;False;False;True;False;False
2026-01-30 12:00:00;3690.8682500000004;-0.9;False;False;False;True;False;False;False;False;False;True;False;False
2026-01-30 13:00:00;5804.923;-0.8;False;False;False;True;False;False;False;False;False;True;False;False
2026-01-30 14:00:00;5189.948666666666;-0.5;False;False;False;True;False;False;False;False;False;True;False;False
2026-01-30 15:00:00;4574.974333333334;-0.9;False;False;False;True;False;False;False;False;False;True;False;False
2026-01-30 16:00:00;3960.0;-1.4;False;False;False;True;False;False;False;False;False;True;False;False
2026-01-30 17:00:00;4621.1582499999995;-2.2;False;False;False;True;False;False;False;False;False;True;False;False
2026-01-30 18:00:00;3331.67425;-2.5;False;False;False;True;False;False;False;False;False;True;False;False
2026-01-30 19:00:00;2540.9429999999998;-2.7;False;False;False;True;False;False;False;False;False;True;False;False
2026-01-30 20:00:00;3665.7712500000002;-2.8;False;False;False;True;False;False;False;False;False;True;False;False
2026-01-30 21:00:00;2802.63575;-3.0;False;False;False;True;False;False;False;False;False;True;False;False
2026-01-30 22:00:00;3011.39175;-3.2;False;False;False;True;False;False;False;False;False;True;False;False
2026-01-30 23:00:00;2593.54575;-3.2;False;False;False;True;False;False;False;False;False;True;False;False
2026-01-31 00:00:00;3173.0025;-3.4;False;False;False;False;True;False;False;False;False;False;True;False
2026-01-31 01:00:00;6597.21375;-3.7;False;False;False;False;True;False;False;False;False;False;True;False
2026-01-31 02:00:00;7921.98475;-3.8;False;False;False;False;True;False;False;False;False;False;True;False
2026-01-31 03:00:00;3333.3925;-3.7;False;False;False;False;True;False;False;False;False;False;True;False
2026-01-31 04:00:00;2831.95575;-3.7;False;False;False;False;True;False;False;False;False;False;True;False
2026-01-31 05:00:00;2722.07625;-3.8;False;False;False;False;True;False;False;False;False;False;True;False
2026-01-31 06:00:00;3374.0775;-3.8;False;False;False;False;True;False;False;False;False;False;True;False
2026-01-31 07:00:00;3364.704;-4.1;False;False;False;False;True;False;False;False;False;False;True;False
2026-01-31 08:00:00;3445.0995000000003;-4.0;False;False;False;False;True;False;False;False;False;False;True;False
2026-01-31 09:00:00;3920.9764999999998;-3.4;False;False;False;False;True;False;False;False;False;False;True;False
2026-01-31 10:00:00;4163.31775;-2.4;False;False;False;False;True;False;False;False;False;False;True;False
2026-01-31 11:00:00;3555.5337499999996;-1.5;False;False;False;False;True;False;False;False;False;False;True;False
2026-01-31 12:00:00;3749.754;-1.0;False;False;False;False;True;False;False;False;False;False;True;False
2026-01-31 13:00:00;3063.06675;-0.9;False;False;False;False;True;False;False;False;False;False;True;False
2026-01-31 14:00:00;3147.809;-0.4;False;False;False;False;True;False;False;False;False;False;True;False
2026-01-31 15:00:00;3885.0820000000003;-0.8;False;False;False;False;True;False;False;False;False;False;True;False
2026-01-31 16:00:00;2784.793;-2.0;False;False;False;False;True;False;False;False;False;False;True;False
2026-01-31 17:00:00;2600.56525;-3.8;False;False;False;False;True;False;False;False;False;False;True;False
2026-01-31 18:00:00;1455.0594999999998;-4.7;False;False;False;False;True;False;False;False;False;False;True;False
2026-01-31 19:00:00;1669.7565;-4.7;False;False;False;False;True;False;False;False;False;False;True;False
2026-01-31 20:00:00;3178.35475;-4.7;False;False;False;False;True;False;False;False;False;False;True;False
2026-01-31 21:00:00;4102.47225;-4.7;False;False;False;False;True;False;False;False;False;False;True;False
2026-01-31 22:00:00;4452.82625;-4.9;False;False;False;False;True;False;False;False;False;False;True;False
2026-01-31 23:00:00;1587.8345;-4.8;False;False;False;False;True;False;False;False;False;False;True;False
2026-02-01 00:00:00;1227.2925;-4.6;False;False;False;False;False;True;False;False;False;False;False;True
2026-02-01 01:00:00;986.55825;-4.8;False;False;False;False;False;True;False;False;False;False;False;True
2026-02-01 02:00:00;523.318;-5.4;False;False;False;False;False;True;False;False;False;False;False;True
2026-02-01 03:00:00;7161.07725;-5.8;False;False;False;False;False;True;False;False;False;False;False;True
2026-02-01 04:00:00;1430.25075;-5.8;False;False;False;False;False;True;False;False;False;False;False;True
2026-02-01 05:00:00;880.14075;-5.4;False;False;False;False;False;True;False;False;False;False;False;True
2026-02-01 06:00:00;644.876;-5.3;False;False;False;False;False;True;False;False;False;False;False;True
2026-02-01 07:00:00;2792.2562500000004;-5.8;False;False;False;False;False;True;False;False;False;False;False;True
2026-02-01 08:00:00;4272.2787499999995;-5.6;False;False;False;False;False;True;False;False;False;False;False;True
2026-02-01 09:00:00;4592.31375;-5.2;False;False;False;False;False;True;False;False;False;False;False;True
2026-02-01 10:00:00;3981.61525;-4.8;False;False;False;False;False;True;False;False;False;False;False;True
2026-02-01 11:00:00;3781.45825;-4.3;False;False;False;False;False;True;False;False;False;False;False;True
2026-02-01 12:00:00;3869.89425;-3.6;False;False;False;False;False;True;False;False;False;False;False;True
2026-02-01 13:00:00;4018.35825;-3.8;False;False;False;False;False;True;False;False;False;False;False;True
2026-02-01 14:00:00;3076.93725;-3.3;False;False;False;False;False;True;False;False;False;False;False;True
2026-02-01 15:00:00;3178.0415;-3.0;False;False;False;False;False;True;False;False;False;False;False;True
2026-02-01 16:00:00;4035.065;-3.8;False;False;False;False;False;True;False;False;False;False;False;True
2026-02-01 17:00:00;3197.51675;-4.9;False;False;False;False;False;True;False;False;False;False;False;True
2026-02-01 18:00:00;3538.085;-5.6;False;False;False;False;False;True;False;False;False;False;False;True
2026-02-01 19:00:00;1767.21275;-7.0;False;False;False;False;False;True;False;False;False;False;False;True
2026-02-01 20:00:00;765.9282499999999;-6.5;False;False;False;False;False;True;False;False;False;False;False;True
2026-02-01 21:00:00;4070.45725;-6.8;False;False;False;False;False;True;False;False;False;False;False;True
2026-02-01 22:00:00;3704.6875;-6.6;False;False;False;False;False;True;False;False;False;False;False;True
2026-02-01 23:00:00;4307.6215;-6.8;False;False;False;False;False;True;False;False;False;False;False;True
2026-02-02 00:00:00;4194.2355;-6.7;False;False;False;False;False;False;False;False;False;False;False;False
2026-02-02 01:00:00;3838.329;-7.2;False;False;False;False;False;False;False;False;False;False;False;False
2026-02-02 02:00:00;10449.9845;-6.8;False;False;False;False;False;False;False;False;False;False;False;False
2026-02-02 03:00:00;3959.9735;-6.8;False;False;False;False;False;False;False;False;False;False;False;False
2026-02-02 04:00:00;3680.04675;-6.5;False;False;False;False;False;False;False;False;False;False;False;False
2026-02-02 05:00:00;2860.968;-7.2;False;False;False;False;False;False;False;False;False;False;False;False
2026-02-02 06:00:00;3718.45075;-7.0;False;False;False;False;False;False;False;False;False;False;False;False
2026-02-02 07:00:00;4215.94275;-8.1;False;False;False;False;False;False;False;False;False;False;False;False
2026-02-02 08:00:00;3462.487;-8.4;False;False;False;False;False;False;False;False;False;False;False;False
2026-02-02 09:00:00;3232.0434999999998;-5.0;False;False;False;False;False;False;False;False;False;False;False;False
2026-02-02 10:00:00;3610.1595;-4.0;False;False;False;False;False;False;False;False;False;False;False;False
2026-02-02 11:00:00;3164.79775;-3.6;False;False;False;False;False;False;False;False;False;False;False;False
2026-02-02 12:00:00;3015.96075;-3.1;False;False;False;False;False;False;False;False;False;False;False;False
2026-02-02 13:00:00;3505.06;-2.5;False;False;False;False;False;False;False;False;False;False;False;False
2026-02-02 14:00:00;2569.98425;-1.9;False;False;False;False;False;False;False;False;False;False;False;False
2026-02-02 15:00:00;4047.13025;-1.1;False;False;False;False;False;False;False;False;False;False;False;False
2026-02-02 16:00:00;2412.50925;-1.2;False;False;False;False;False;False;False;False;False;False;False;False
2026-02-02 17:00:00;1805.41025;-1.7;False;False;False;False;False;False;False;False;False;False;False;False
2026-02-02 18:00:00;4575.9605;-2.2;False;False;False;False;False;False;False;False;False;False;False;False
2026-02-02 19:00:00;4602.8735;-2.6;False;False;False;False;False;False;False;False;False;False;False;False
2026-02-02 20:00:00;4762.2609999999995;-2.3;False;False;False;False;False;False;False;False;False;False;False;False
2026-02-02 21:00:00;2763.79025;-2.2;False;False;False;False;False;False;False;False;False;False;False;False
2026-02-02 22:00:00;3169.4809999999998;-2.2;False;False;False;False;False;False;False;False;False;False;False;False
2026-02-02 23:00:00;2885.26125;-2.2;False;False;False;False;False;False;False;False;False;False;False;False
2026-02-03 00:00:00;3208.07325;-2.2;True;False;False;False;False;False;True;False;False;False;False;False
2026-02-03 01:00:00;2903.31075;-2.8;True;False;False;False;False;False;True;False;False;False;False;False
2026-02-03 02:00:00;2636.27025;-2.8;True;False;False;False;False;False;True;False;False;False;False;False
2026-02-03 03:00:00;4453.54975;-3.0;True;False;False;False;False;False;True;False;False;False;False;False
2026-02-03 04:00:00;9483.72125;-3.2;True;False;False;False;False;False;True;False;False;False;False;False
2026-02-03 05:00:00;3059.3895;-3.2;True;False;False;False;False;False;True;False;False;False;False;False
2026-02-03 06:00:00;3382.07525;-3.3;True;False;False;False;False;False;True;False;False;False;False;False
2026-02-03 07:00:00;2953.84925;-3.7;True;False;False;False;False;False;True;False;False;False;False;False
2026-02-03 08:00:00;2925.94175;-3.9;True;False;False;False;False;False;True;False;False;False;False;False
2026-02-03 09:00:00;1968.57325;-3.8;True;False;False;False;False;False;True;False;False;False;False;False
2026-02-03 10:00:00;1668.00025;-3.5;True;False;False;False;False;False;True;False;False;False;False;False
2026-02-03 11:00:00;2815.4927500000003;-2.9;True;False;False;False;False;False;True;False;False;False;False;False
2026-02-03 12:00:00;3223.5252499999997;-2.7;True;False;False;False;False;False;True;False;False;False;False;False
2026-02-03 13:00:00;3071.254;-2.8;True;False;False;False;False;False;True;False;False;False;False;False
2026-02-03 14:00:00;4405.00475;-3.0;True;False;False;False;False;False;True;False;False;False;False;False
2026-02-03 15:00:00;3314.20825;-3.2;True;False;False;False;False;False;True;False;False;False;False;False
2026-02-03 16:00:00;4089.6887500000003;-2.9;True;False;False;False;False;False;True;False;False;False;False;False
2026-02-03 17:00:00;5296.46825;-2.8;True;False;False;False;False;False;True;False;False;False;False;False
2026-02-03 18:00:00;5559.15675;-3.0;True;False;False;False;False;False;True;False;False;False;False;False
2026-02-03 19:00:00;3708.947;-2.8;True;False;False;False;False;False;True;False;False;False;False;False
2026-02-03 20:00:00;3665.57175;-2.9;True;False;False;False;False;False;True;False;False;False;False;False
2026-02-03 21:00:00;3451.28325;-3.1;True;False;False;False;False;False;True;False;False;False;False;False
2026-02-03 22:00:00;3417.2;-3.4;True;False;False;False;False;False;True;False;False;False;False;False
2026-02-03 23:00:00;4015.31775;-3.7;True;False;False;False;False;False;True;False;False;False;False;False
2026-02-04 00:00:00;3004.00075;-3.7;False;True;False;False;False;False;False;True;False;False;False;False
2026-02-04 01:00:00;3396.32175;-3.8;False;True;False;False;False;False;False;True;False;False;False;False
2026-02-04 02:00:00;3114.4585;-3.7;False;True;False;False;False;False;False;True;False;False;False;False
2026-02-04 03:00:00;5541.77675;-3.7;False;True;False;False;False;False;False;True;False;False;False;False
2026-02-04 04:00:00;7657.13825;-3.7;False;True;False;False;False;False;False;True;False;False;False;False
2026-02-04 05:00:00;2969.459;-3.8;False;True;False;False;False;False;False;True;False;False;False;False
2026-02-04 06:00:00;3460.4515;-3.6;False;True;False;False;False;False;False;True;False;False;False;False
2026-02-04 07:00:00;3202.308;-3.6;False;True;False;False;False;False;False;True;False;False;False;False
2026-02-04 08:00:00;3820.9244999999996;-3.2;False;True;False;False;False;False;False;True;False;False;False;False
2026-02-04 09:00:00;1858.385;-2.7;False;True;False;False;False;False;False;True;False;False;False;False
2026-02-04 10:00:00;1493.9365;-1.5;False;True;False;False;False;False;False;True;False;False;False;False
2026-02-04 11:00:00;1066.6545;-0.2;False;True;False;False;False;False;False;True;False;False;False;False
2026-02-04 12:00:00;1995.6992500000001;1.2;False;True;False;False;False;False;False;True;False;False;False;False
2026-02-04 13:00:00;2293.1165;2.7;False;True;False;False;False;False;False;True;False;False;False;False
2026-02-04 14:00:00;1509.115;3.5;False;True;False;False;False;False;False;True;False;False;False;False
2026-02-04 15:00:00;1973.9917500000001;3.2;False;True;False;False;False;False;False;True;False;False;False;False
2026-02-04 16:00:00;3078.45675;1.2;False;True;False;False;False;False;False;True;False;False;False;False
2026-02-04 17:00:00;3129.0935;-0.3;False;True;False;False;False;False;False;True;False;False;False;False
2026-02-04 18:00:00;3145.325;-0.6;False;True;False;False;False;False;False;True;False;False;False;False
2026-02-04 19:00:00;2937.0585;0.4;False;True;False;False;False;False;False;True;False;False;False;False
2026-02-04 20:00:00;2372.80775;1.9;False;True;False;False;False;False;False;True;False;False;False;False
2026-02-04 21:00:00;2626.7202500000003;3.0;False;True;False;False;False;False;False;True;False;False;False;False
2026-02-04 22:00:00;3097.12075;3.2;False;True;False;False;False;False;False;True;False;False;False;False
2026-02-04 23:00:00;2449.88025;3.5;False;True;False;False;False;False;False;True;False;False;False;False
2026-02-05 00:00:00;2383.21975;3.5;False;False;True;False;False;False;False;False;True;False;False;False
2026-02-05 01:00:00;3876.3995;2.7;False;False;True;False;False;False;False;False;True;False;False;False
2026-02-05 02:00:00;8633.53375;3.0;False;False;True;False;False;False;False;False;True;False;False;False
2026-02-05 03:00:00;2315.732;2.5;False;False;True;False;False;False;False;False;True;False;False;False
2026-02-05 04:00:00;2232.333;2.5;False;False;True;False;False;False;False;False;True;False;False;False
2026-02-05 05:00:00;2300.081;3.0;False;False;True;False;False;False;False;False;True;False;False;False
2026-02-05 06:00:00;2752.14525;2.3;False;False;True;False;False;False;False;False;True;False;False;False
2026-02-05 07:00:00;2298.05525;2.1;False;False;True;False;False;False;False;False;True;False;False;False
2026-02-05 08:00:00;2834.9455;2.4;False;False;True;False;False;False;False;False;True;False;False;False
2026-02-05 09:00:00;2759.3775;2.8;False;False;True;False;False;False;False;False;True;False;False;False
2026-02-05 10:00:00;2497.649;3.2;False;False;True;False;False;False;False;False;True;False;False;False
2026-02-05 11:00:00;4141.40675;3.4;False;False;True;False;False;False;False;False;True;False;False;False
2026-02-05 12:00:00;2575.22475;2.7;False;False;True;False;False;False;False;False;True;False;False;False
2026-02-05 13:00:00;2470.5062500000004;2.7;False;False;True;False;False;False;False;False;True;False;False;False
2026-02-05 14:00:00;2264.16225;3.3;False;False;True;False;False;False;False;False;True;False;False;False
2026-02-05 15:00:00;3023.16775;3.5;False;False;True;False;False;False;False;False;True;False;False;False
2026-02-05 16:00:00;3118.76075;3.0;False;False;True;False;False;False;False;False;True;False;False;False
2026-02-05 17:00:00;1399.3625;2.7;False;False;True;False;False;False;False;False;True;False;False;False
2026-02-05 18:00:00;1245.4092500000002;2.3;False;False;True;False;False;False;False;False;True;False;False;False
2026-02-05 19:00:00;1500.8807499999998;2.6;False;False;True;False;False;False;False;False;True;False;False;False
2026-02-05 20:00:00;2892.934;2.9;False;False;True;False;False;False;False;False;True;False;False;False
2026-02-05 21:00:00;2691.11;2.8;False;False;True;False;False;False;False;False;True;False;False;False
2026-02-05 22:00:00;2040.70725;2.5;False;False;True;False;False;False;False;False;True;False;False;False
2026-02-05 23:00:00;2318.614;2.3;False;False;True;False;False;False;False;False;True;False;False;False
2026-02-06 00:00:00;2417.388;2.2;False;False;False;True;False;False;False;False;False;True;False;False
2026-02-06 01:00:00;5853.2697499999995;2.2;False;False;False;True;False;False;False;False;False;True;False;False
2026-02-06 02:00:00;7099.00325;2.0;False;False;False;True;False;False;False;False;False;True;False;False
2026-02-06 03:00:00;1992.28475;1.7;False;False;False;True;False;False;False;False;False;True;False;False
2026-02-06 04:00:00;2169.0465;1.4;False;False;False;True;False;False;False;False;False;True;False;False
2026-02-06 05:00:00;2554.76825;1.3;False;False;False;True;False;False;False;False;False;True;False;False
2026-02-06 06:00:00;2481.44725;1.4;False;False;False;True;False;False;False;False;False;True;False;False
2026-02-06 07:00:00;2538.6355000000003;1.4;False;False;False;True;False;False;False;False;False;True;False;False
2026-02-06 08:00:00;2438.71125;1.7;False;False;False;True;False;False;False;False;False;True;False;False
2026-02-06 09:00:00;3304.65575;2.2;False;False;False;True;False;False;False;False;False;True;False;False
2026-02-06 10:00:00;2122.4625;2.7;False;False;False;True;False;False;False;False;False;True;False;False
2026-02-06 11:00:00;2378.555;3.0;False;False;False;True;False;False;False;False;False;True;False;False
2026-02-06 12:00:00;2972.8244999999997;2.7;False;False;False;True;False;False;False;False;False;True;False;False
2026-02-06 13:00:00;2833.24825;2.1;False;False;False;True;False;False;False;False;False;True;False;False
2026-02-06 14:00:00;3653.3275000000003;2.4;False;False;False;True;False;False;False;False;False;True;False;False
2026-02-06 15:00:00;3565.4141481481483;2.5;False;False;False;True;False;False;False;False;False;True;False;False
2026-02-06 16:00:00;3477.5007962962964;2.3;False;False;False;True;False;False;False;False;False;True;False;False
2026-02-06 17:00:00;3389.587444444445;1.5;False;False;False;True;False;False;False;False;False;True;False;False
2026-02-06 18:00:00;3301.674092592593;1.4;False;False;False;True;False;False;False;False;False;True;False;False
2026-02-06 19:00:00;3213.760740740741;1.5;False;False;False;True;False;False;False;False;False;True;False;False
2026-02-06 20:00:00;3125.8473888888893;1.2;False;False;False;True;False;False;False;False;False;True;False;False
2026-02-06 21:00:00;3037.9340370370373;1.0;False;False;False;True;False;False;False;False;False;True;False;False
2026-02-06 22:00:00;2950.0206851851854;1.0;False;False;False;True;False;False;False;False;False;True;False;False
2026-02-06 23:00:00;2862.1073333333334;0.9;False;False;False;True;False;False;False;False;False;True;False;False
2026-02-07 00:00:00;2774.1939814814814;0.9;False;False;False;False;True;False;False;False;False;False;True;False
2026-02-07 01:00:00;2686.28062962963;0.8;False;False;False;False;True;False;False;False;False;False;True;False
2026-02-07 02:00:00;2598.367277777778;0.6;False;False;False;False;True;False;False;False;False;False;True;False
2026-02-07 03:00:00;2510.453925925926;0.4;False;False;False;False;True;False;False;False;False;False;True;False
2026-02-07 04:00:00;2422.5405740740744;0.3;False;False;False;False;True;False;False;False;False;False;True;False
2026-02-07 05:00:00;2334.6272222222224;0.2;False;False;False;False;True;False;False;False;False;False;True;False
2026-02-07 06:00:00;2246.7138703703704;0.2;False;False;False;False;True;False;False;False;False;False;True;False
2026-02-07 07:00:00;2158.8005185185184;0.1;False;False;False;False;True;False;False;False;False;False;True;False
2026-02-07 08:00:00;2070.8871666666664;-0.1;False;False;False;False;True;False;False;False;False;False;True;False
2026-02-07 09:00:00;1982.973814814815;0.2;False;False;False;False;True;False;False;False;False;False;True;False
2026-02-07 10:00:00;1895.060462962963;1.2;False;False;False;False;True;False;False;False;False;False;True;False
2026-02-07 11:00:00;1807.147111111111;2.0;False;False;False;False;True;False;False;False;False;False;True;False
2026-02-07 12:00:00;1719.2337592592592;1.6;False;False;False;False;True;False;False;False;False;False;True;False
2026-02-07 13:00:00;1631.3204074074074;2.5;False;False;False;False;True;False;False;False;False;False;True;False
2026-02-07 14:00:00;1543.4070555555554;2.5;False;False;False;False;True;False;False;False;False;False;True;False
2026-02-07 15:00:00;1455.4937037037034;2.3;False;False;False;False;True;False;False;False;False;False;True;False
2026-02-07 16:00:00;1367.5803518518514;1.5;False;False;False;False;True;False;False;False;False;False;True;False
2026-02-07 17:00:00;1279.667;0.9;False;False;False;False;True;False;False;False;False;False;True;False
2026-02-07 18:00:00;1953.8337500000002;0.8;False;False;False;False;True;False;False;False;False;False;True;False
2026-02-07 19:00:00;1765.97475;1.2;False;False;False;False;True;False;False;False;False;False;True;False
2026-02-07 20:00:00;4467.39375;1.1;False;False;False;False;True;False;False;False;False;False;True;False
2026-02-07 21:00:00;4329.76425;1.1;False;False;False;False;True;False;False;False;False;False;True;False
2026-02-07 22:00:00;2769.21075;1.1;False;False;False;False;True;False;False;False;False;False;True;False
2026-02-07 23:00:00;2518.1585;1.0;False;False;False;False;True;False;False;False;False;False;True;False
2026-02-08 00:00:00;2938.06875;0.9;False;False;False;False;False;True;False;False;False;False;False;True
2026-02-08 01:00:00;2957.5335;0.9;False;False;False;False;False;True;False;False;False;False;False;True
2026-02-08 02:00:00;1970.8017499999999;0.9;False;False;False;False;False;True;False;False;False;False;False;True
2026-02-08 03:00:00;2352.781;0.7;False;False;False;False;False;True;False;False;False;False;False;True
2026-02-08 04:00:00;2566.9445;0.6;False;False;False;False;False;True;False;False;False;False;False;True
2026-02-08 05:00:00;5443.2755;0.4;False;False;False;False;False;True;False;False;False;False;False;True
2026-02-08 06:00:00;7615.89775;0.4;False;False;False;False;False;True;False;False;False;False;False;True
2026-02-08 07:00:00;2673.54275;-0.1;False;False;False;False;False;True;False;False;False;False;False;True
2026-02-08 08:00:00;2860.30725;0.0;False;False;False;False;False;True;False;False;False;False;False;True
2026-02-08 09:00:00;2509.27975;0.1;False;False;False;False;False;True;False;False;False;False;False;True
2026-02-08 10:00:00;4170.696;0.3;False;False;False;False;False;True;False;False;False;False;False;True
2026-02-08 11:00:00;3804.00225;1.0;False;False;False;False;False;True;False;False;False;False;False;True
2026-02-08 12:00:00;3340.1997499999998;1.1;False;False;False;False;False;True;False;False;False;False;False;True
2026-02-08 13:00:00;2958.89475;1.0;False;False;False;False;False;True;False;False;False;False;False;True
2026-02-08 14:00:00;2485.91225;0.4;False;False;False;False;False;True;False;False;False;False;False;True
2026-02-08 15:00:00;2433.2377500000002;0.3;False;False;False;False;False;True;False;False;False;False;False;True
2026-02-08 16:00:00;3126.25625;0.0;False;False;False;False;False;True;False;False;False;False;False;True
2026-02-08 17:00:00;2524.86925;-0.6;False;False;False;False;False;True;False;False;False;False;False;True
2026-02-08 18:00:00;1442.9769999999999;-0.9;False;False;False;False;False;True;False;False;False;False;False;True
2026-02-08 19:00:00;1167.52475;-1.1;False;False;False;False;False;True;False;False;False;False;False;True
2026-02-08 20:00:00;1759.7279999999998;-1.1;False;False;False;False;False;True;False;False;False;False;False;True
2026-02-08 21:00:00;4569.61725;-1.0;False;False;False;False;False;True;False;False;False;False;False;True
2026-02-08 22:00:00;3223.9255000000003;-1.0;False;False;False;False;False;True;False;False;False;False;False;True
2026-02-08 23:00:00;2572.21625;-1.1;False;False;False;False;False;True;False;False;False;False;False;True
2026-02-09 00:00:00;2426.5875;-1.3;False;False;False;False;False;False;False;False;False;False;False;False
2026-02-09 01:00:00;5675.360000000001;-1.4;False;False;False;False;False;False;False;False;False;False;False;False
2026-02-09 02:00:00;7042.39825;-1.4;False;False;False;False;False;False;False;False;False;False;False;False
2026-02-09 03:00:00;2665.25875;-1.1;False;False;False;False;False;False;False;False;False;False;False;False
2026-02-09 04:00:00;2046.94275;-1.2;False;False;False;False;False;False;False;False;False;False;False;False
2026-02-09 05:00:00;3460.09725;-1.5;False;False;False;False;False;False;False;False;False;False;False;False
2026-02-09 06:00:00;2797.14275;-2.7;False;False;False;False;False;False;False;False;False;False;False;False
2026-02-09 07:00:00;2621.5142499999997;-1.9;False;False;False;False;False;False;False;False;False;False;False;False
2026-02-09 08:00:00;1611.1225;-2.0;False;False;False;False;False;False;False;False;False;False;False;False
2026-02-09 09:00:00;1299.3515;-0.8;False;False;False;False;False;False;False;False;False;False;False;False
2026-02-09 10:00:00;1234.83675;0.3;False;False;False;False;False;False;False;False;False;False;False;False
2026-02-09 11:00:00;1076.96625;1.2;False;False;False;False;False;False;False;False;False;False;False;False
2026-02-09 12:00:00;1330.88475;1.5;False;False;False;False;False;False;False;False;False;False;False;False
2026-02-09 13:00:00;5124.29725;2.2;False;False;False;False;False;False;False;False;False;False;False;False
2026-02-09 14:00:00;6262.6085;1.4;False;False;False;False;False;False;False;False;False;False;False;False
2026-02-09 15:00:00;2310.15;0.8;False;False;False;False;False;False;False;False;False;False;False;False
2026-02-09 16:00:00;2418.0679999999998;0.4;False;False;False;False;False;False;False;False;False;False;False;False
2026-02-09 17:00:00;1465.66075;-0.3;False;False;False;False;False;False;False;False;False;False;False;False
2026-02-09 18:00:00;1167.3525;-1.1;False;False;False;False;False;False;False;False;False;False;False;False
2026-02-09 19:00:00;1203.9875;-1.4;False;False;False;False;False;False;False;False;False;False;False;False
2026-02-09 20:00:00;2409.4225;-2.4;False;False;False;False;False;False;False;False;False;False;False;False
2026-02-09 21:00:00;3058.4565000000002;-2.5;False;False;False;False;False;False;False;False;False;False;False;False
2026-02-09 22:00:00;3274.3424999999997;-1.9;False;False;False;False;False;False;False;False;False;False;False;False
2026-02-09 23:00:00;3204.72675;-1.5;False;False;False;False;False;False;False;False;False;False;False;False
2026-02-10 00:00:00;2312.257;-1.5;True;False;False;False;False;False;True;False;False;False;False;False
2026-02-10 01:00:00;3508.53925;-1.1;True;False;False;False;False;False;True;False;False;False;False;False
2026-02-10 02:00:00;9471.00375;-0.8;True;False;False;False;False;False;True;False;False;False;False;False
2026-02-10 03:00:00;2507.72925;-0.7;True;False;False;False;False;False;True;False;False;False;False;False
2026-02-10 04:00:00;2972.55975;-0.7;True;False;False;False;False;False;True;False;False;False;False;False
2026-02-10 05:00:00;2895.0945;-0.6;True;False;False;False;False;False;True;False;False;False;False;False
2026-02-10 06:00:00;3762.63;-0.6;True;False;False;False;False;False;True;False;False;False;False;False
2026-02-10 07:00:00;1682.6095;-0.7;True;False;False;False;False;False;True;False;False;False;False;False
2026-02-10 08:00:00;1487.9195;-0.8;True;False;False;False;False;False;True;False;False;False;False;False
2026-02-10 09:00:00;1356.7002499999999;-0.8;True;False;False;False;False;False;True;False;False;False;False;False
2026-02-10 10:00:00;1364.98375;-1.1;True;False;False;False;False;False;True;False;False;False;False;False
2026-02-10 11:00:00;2677.8999999999996;-0.9;True;False;False;False;False;False;True;False;False;False;False;False
2026-02-10 12:00:00;5330.548999999999;-0.5;True;False;False;False;False;False;True;False;False;False;False;False
2026-02-10 13:00:00;7740.893;-0.3;True;False;False;False;False;False;True;False;False;False;False;False
2026-02-10 14:00:00;3047.54425;-0.4;True;False;False;False;False;False;True;False;False;False;False;False
2026-02-10 15:00:00;2543.38475;-0.4;True;False;False;False;False;False;True;False;False;False;False;False
2026-02-10 16:00:00;2576.1895;-0.6;True;False;False;False;False;False;True;False;False;False;False;False
2026-02-10 17:00:00;1441.75025;-0.9;True;False;False;False;False;False;True;False;False;False;False;False
2026-02-10 18:00:00;2448.04275;-1.0;True;False;False;False;False;False;True;False;False;False;False;False
2026-02-10 19:00:00;3875.02825;-1.3;True;False;False;False;False;False;True;False;False;False;False;False
2026-02-10 20:00:00;4273.53175;-1.2;True;False;False;False;False;False;True;False;False;False;False;False
2026-02-10 21:00:00;2881.09475;-1.2;True;False;False;False;False;False;True;False;False;False;False;False
2026-02-10 22:00:00;2286.139;-1.4;True;False;False;False;False;False;True;False;False;False;False;False
2026-02-10 23:00:00;3057.192;-1.6;True;False;False;False;False;False;True;False;False;False;False;False
2026-02-11 00:00:00;2366.50825;-1.9;False;True;False;False;False;False;False;True;False;False;False;False
2026-02-11 01:00:00;2711.8525;-1.7;False;True;False;False;False;False;False;True;False;False;False;False
2026-02-11 02:00:00;2083.15775;-1.7;False;True;False;False;False;False;False;True;False;False;False;False
2026-02-11 03:00:00;7272.171249999999;-1.8;False;True;False;False;False;False;False;True;False;False;False;False
2026-02-11 04:00:00;5434.1665;-1.7;False;True;False;False;False;False;False;True;False;False;False;False
2026-02-11 05:00:00;2676.95;-1.7;False;True;False;False;False;False;False;True;False;False;False;False
2026-02-11 06:00:00;2365.938;-1.6;False;True;False;False;False;False;False;True;False;False;False;False
2026-02-11 07:00:00;2581.7135;-1.4;False;True;False;False;False;False;False;True;False;False;False;False
2026-02-11 08:00:00;1127.592;-1.4;False;True;False;False;False;False;False;True;False;False;False;False
2026-02-11 09:00:00;1450.99825;-1.1;False;True;False;False;False;False;False;True;False;False;False;False
2026-02-11 10:00:00;1053.50825;-0.6;False;True;False;False;False;False;False;True;False;False;False;False
2026-02-11 11:00:00;1313.9562500000002;-0.2;False;True;False;False;False;False;False;True;False;False;False;False
2026-02-11 12:00:00;1881.077;0.4;False;True;False;False;False;False;False;True;False;False;False;False
2026-02-11 13:00:00;1769.6616;0.3;False;True;False;False;False;False;False;True;False;False;False;False
2026-02-11 14:00:00;1658.2462;0.4;False;True;False;False;False;False;False;True;False;False;False;False
2026-02-11 15:00:00;1546.8308;0.3;False;True;False;False;False;False;False;True;False;False;False;False
2026-02-11 16:00:00;1435.4153999999999;0.3;False;True;False;False;False;False;False;True;False;False;False;False
2026-02-11 17:00:00;1324.0;0.3;False;True;False;False;False;False;False;True;False;False;False;False
2026-02-11 18:00:00;3859.5245;0.6;False;True;False;False;False;False;False;True;False;False;False;False
2026-02-11 19:00:00;3982.69175;1.4;False;True;False;False;False;False;False;True;False;False;False;False
2026-02-11 20:00:00;3578.161;1.8;False;True;False;False;False;False;False;True;False;False;False;False
2026-02-11 21:00:00;2482.21025;1.9;False;True;False;False;False;False;False;True;False;False;False;False
2026-02-11 22:00:00;2358.59375;2.0;False;True;False;False;False;False;False;True;False;False;False;False
2026-02-11 23:00:00;2322.409;2.0;False;True;False;False;False;False;False;True;False;False;False;False
2026-02-12 00:00:00;2297.366;2.1;False;False;True;False;False;False;False;False;True;False;False;False
2026-02-12 01:00:00;2377.4665;2.7;False;False;True;False;False;False;False;False;True;False;False;False
2026-02-12 02:00:00;2831.687;2.5;False;False;True;False;False;False;False;False;True;False;False;False
2026-02-12 03:00:00;8695.4135;2.8;False;False;True;False;False;False;False;False;True;False;False;False
2026-02-12 04:00:00;1987.54675;2.7;False;False;True;False;False;False;False;False;True;False;False;False
2026-02-12 05:00:00;2928.7385;2.4;False;False;True;False;False;False;False;False;True;False;False;False
2026-02-12 06:00:00;2122.9925;2.0;False;False;True;False;False;False;False;False;True;False;False;False
2026-02-12 07:00:00;2361.626;2.5;False;False;True;False;False;False;False;False;True;False;False;False
2026-02-12 08:00:00;1438.9365;2.2;False;False;True;False;False;False;False;False;True;False;False;False
2026-02-12 09:00:00;1270.03575;2.5;False;False;True;False;False;False;False;False;True;False;False;False
2026-02-12 10:00:00;2899.148;2.8;False;False;True;False;False;False;False;False;True;False;False;False
2026-02-12 11:00:00;2259.904;3.2;False;False;True;False;False;False;False;False;True;False;False;False
2026-02-12 12:00:00;3730.4475;3.8;False;False;True;False;False;False;False;False;True;False;False;False
2026-02-12 13:00:00;2592.3052500000003;3.5;False;False;True;False;False;False;False;False;True;False;False;False
2026-02-12 14:00:00;2267.415;3.8;False;False;True;False;False;False;False;False;True;False;False;False
2026-02-12 15:00:00;1829.4367499999998;3.6;False;False;True;False;False;False;False;False;True;False;False;False
2026-02-12 16:00:00;2174.851;3.4;False;False;True;False;False;False;False;False;True;False;False;False
2026-02-12 17:00:00;1283.104;2.7;False;False;True;False;False;False;False;False;True;False;False;False
2026-02-12 18:00:00;1123.89125;2.8;False;False;True;False;False;False;False;False;True;False;False;False
2026-02-12 19:00:00;2336.82875;3.0;False;False;True;False;False;False;False;False;True;False;False;False
2026-02-12 20:00:00;3613.59775;3.0;False;False;True;False;False;False;False;False;True;False;False;False
2026-02-12 21:00:00;3065.22725;2.4;False;False;True;False;False;False;False;False;True;False;False;False
2026-02-12 22:00:00;2475.28875;2.5;False;False;True;False;False;False;False;False;True;False;False;False
2026-02-12 23:00:00;2045.159;2.3;False;False;True;False;False;False;False;False;True;False;False;False
2026-02-13 00:00:00;2855.48325;2.3;False;False;False;True;False;False;False;False;False;True;False;False
2026-02-13 01:00:00;2102.1375;2.4;False;False;False;True;False;False;False;False;False;True;False;False
2026-02-13 02:00:00;2721.5535;2.2;False;False;False;True;False;False;False;False;False;True;False;False
2026-02-13 03:00:00;6990.2795;2.3;False;False;False;True;False;False;False;False;False;True;False;False
2026-02-13 04:00:00;5398.90175;2.1;False;False;False;True;False;False;False;False;False;True;False;False
2026-02-13 05:00:00;1950.3455;1.8;False;False;False;True;False;False;False;False;False;True;False;False
2026-02-13 06:00:00;2676.62925;1.4;False;False;False;True;False;False;False;False;False;True;False;False
2026-02-13 07:00:00;1920.24575;1.1;False;False;False;True;False;False;False;False;False;True;False;False
2026-02-13 08:00:00;1326.058;1.1;False;False;False;True;False;False;False;False;False;True;False;False
2026-02-13 09:00:00;1320.70625;2.0;False;False;False;True;False;False;False;False;False;True;False;False
2026-02-13 10:00:00;1067.4502499999999;2.7;False;False;False;True;False;False;False;False;False;True;False;False
2026-02-13 11:00:00;2372.29825;2.0;False;False;False;True;False;False;False;False;False;True;False;False
2026-02-13 12:00:00;5641.722;2.2;False;False;False;True;False;False;False;False;False;True;False;False
2026-02-13 13:00:00;6678.251;2.6;False;False;False;True;False;False;False;False;False;True;False;False
2026-02-13 14:00:00;2665.3395;2.5;False;False;False;True;False;False;False;False;False;True;False;False
2026-02-13 15:00:00;2386.2709999999997;2.2;False;False;False;True;False;False;False;False;False;True;False;False
2026-02-13 16:00:00;2296.78125;1.5;False;False;False;True;False;False;False;False;False;True;False;False
2026-02-13 17:00:00;1758.141;1.0;False;False;False;True;False;False;False;False;False;True;False;False
2026-02-13 18:00:00;1284.726;0.8;False;False;False;True;False;False;False;False;False;True;False;False
2026-02-13 19:00:00;1137.8685;0.2;False;False;False;True;False;False;False;False;False;True;False;False
2026-02-13 20:00:00;1823.4615;0.0;False;False;False;True;False;False;False;False;False;True;False;False
2026-02-13 21:00:00;3449.1785;-0.1;False;False;False;True;False;False;False;False;False;True;False;False
2026-02-13 22:00:00;2324.8064999999997;-0.3;False;False;False;True;False;False;False;False;False;True;False;False
2026-02-13 23:00:00;3431.5795;0.0;False;False;False;True;False;False;False;False;False;True;False;False
2026-02-14 00:00:00;2411.443;0.4;False;False;False;False;True;False;False;False;False;False;True;False
2026-02-14 01:00:00;2943.3845;0.1;False;False;False;False;True;False;False;False;False;False;True;False
2026-02-14 02:00:00;2579.4275;-0.4;False;False;False;False;True;False;False;False;False;False;True;False
2026-02-14 03:00:00;2204.52425;-0.8;False;False;False;False;True;False;False;False;False;False;True;False
2026-02-14 04:00:00;9332.86575;-1.2;False;False;False;False;True;False;False;False;False;False;True;False
2026-02-14 05:00:00;4493.572;-1.7;False;False;False;False;True;False;False;False;False;False;True;False
2026-02-14 06:00:00;2461.93525;-1.9;False;False;False;False;True;False;False;False;False;False;True;False
2026-02-14 07:00:00;2976.19125;-2.2;False;False;False;False;True;False;False;False;False;False;True;False
2026-02-14 08:00:00;3207.00675;-2.3;False;False;False;False;True;False;False;False;False;False;True;False
2026-02-14 09:00:00;3463.39575;-2.3;False;False;False;False;True;False;False;False;False;False;True;False
2026-02-14 10:00:00;3313.389;-2.4;False;False;False;False;True;False;False;False;False;False;True;False
2026-02-14 11:00:00;2756.718;-2.2;False;False;False;False;True;False;False;False;False;False;True;False
2026-02-14 12:00:00;3727.62025;-2.2;False;False;False;False;True;False;False;False;False;False;True;False
2026-02-14 13:00:00;2757.336;-2.3;False;False;False;False;True;False;False;False;False;False;True;False
2026-02-14 14:00:00;3371.4915;-2.6;False;False;False;False;True;False;False;False;False;False;True;False
2026-02-14 15:00:00;3231.40875;-3.0;False;False;False;False;True;False;False;False;False;False;True;False
2026-02-14 16:00:00;4602.3592499999995;-3.5;False;False;False;False;True;False;False;False;False;False;True;False
2026-02-14 17:00:00;3224.779;-4.0;False;False;False;False;True;False;False;False;False;False;True;False
2026-02-14 18:00:00;1667.5549999999998;-4.3;False;False;False;False;True;False;False;False;False;False;True;False
2026-02-14 19:00:00;1101.8085;-4.6;False;False;False;False;True;False;False;False;False;False;True;False
2026-02-14 20:00:00;2630.102;-4.6;False;False;False;False;True;False;False;False;False;False;True;False
2026-02-14 21:00:00;4245.20475;-4.7;False;False;False;False;True;False;False;False;False;False;True;False
2026-02-14 22:00:00;3723.198;-5.1;False;False;False;False;True;False;False;False;False;False;True;False
2026-02-14 23:00:00;3729.623;-5.2;False;False;False;False;True;False;False;False;False;False;True;False
2026-02-15 00:00:00;3933.857;-5.4;False;False;False;False;False;True;False;False;False;False;False;True
2026-02-15 01:00:00;3709.625;-5.4;False;False;False;False;False;True;False;False;False;False;False;True
2026-02-15 02:00:00;3698.6887500000003;-5.3;False;False;False;False;False;True;False;False;False;False;False;True
2026-02-15 03:00:00;3668.341;-5.3;False;False;False;False;False;True;False;False;False;False;False;True
2026-02-15 04:00:00;3783.9112499999997;-5.7;False;False;False;False;False;True;False;False;False;False;False;True
2026-02-15 05:00:00;3444.12875;-6.5;False;False;False;False;False;True;False;False;False;False;False;True
2026-02-15 06:00:00;4090.44675;-6.8;False;False;False;False;False;True;False;False;False;False;False;True
2026-02-15 07:00:00;4659.3415;-6.7;False;False;False;False;False;True;False;False;False;False;False;True
2026-02-15 08:00:00;3879.998;-6.8;False;False;False;False;False;True;False;False;False;False;False;True
2026-02-15 09:00:00;4379.9085;-6.8;False;False;False;False;False;True;False;False;False;False;False;True
2026-02-15 10:00:00;5136.501;-6.7;False;False;False;False;False;True;False;False;False;False;False;True
2026-02-15 11:00:00;4608.921;-6.2;False;False;False;False;False;True;False;False;False;False;False;True
2026-02-15 12:00:00;4084.69;-5.6;False;False;False;False;False;True;False;False;False;False;False;True
2026-02-15 13:00:00;4422.97175;-5.7;False;False;False;False;False;True;False;False;False;False;False;True
2026-02-15 14:00:00;4761.2535;-5.4;False;False;False;False;False;True;False;False;False;False;False;True
2026-02-15 15:00:00;5099.53525;-5.7;False;False;False;False;False;True;False;False;False;False;False;True
2026-02-15 16:00:00;5437.817;-6.2;False;False;False;False;False;True;False;False;False;False;False;True
2026-02-15 17:00:00;3624.1625;-8.5;False;False;False;False;False;True;False;False;False;False;False;True
2026-02-15 18:00:00;1966.36325;-11.1;False;False;False;False;False;True;False;False;False;False;False;True
2026-02-15 19:00:00;1211.72575;-11.2;False;False;False;False;False;True;False;False;False;False;False;True
2026-02-15 20:00:00;2768.893;-12.3;False;False;False;False;False;True;False;False;False;False;False;True
2026-02-15 21:00:00;4284.85;-11.9;False;False;False;False;False;True;False;False;False;False;False;True
2026-02-15 22:00:00;3674.49175;-11.1;False;False;False;False;False;True;False;False;False;False;False;True
2026-02-15 23:00:00;3857.04075;-10.8;False;False;False;False;False;True;False;False;False;False;False;True
2026-02-16 00:00:00;4270.74175;-10.9;False;False;False;False;False;False;False;False;False;False;False;False
2026-02-16 01:00:00;4172.0475;-9.9;False;False;False;False;False;False;False;False;False;False;False;False
2026-02-16 02:00:00;4192.84925;-10.0;False;False;False;False;False;False;False;False;False;False;False;False
2026-02-16 03:00:00;8962.701000000001;-9.8;False;False;False;False;False;False;False;False;False;False;False;False
2026-02-16 04:00:00;6309.5975;-9.9;False;False;False;False;False;False;False;False;False;False;False;False
2026-02-16 05:00:00;3905.42975;-9.9;False;False;False;False;False;False;False;False;False;False;False;False
2026-02-16 06:00:00;3458.2905;-9.1;False;False;False;False;False;False;False;False;False;False;False;False
2026-02-16 07:00:00;2008.9715;-8.9;False;False;False;False;False;False;False;False;False;False;False;False
2026-02-16 08:00:00;1053.83325;-8.6;False;False;False;False;False;False;False;False;False;False;False;False
2026-02-16 09:00:00;3249.6165;-8.4;False;False;False;False;False;False;False;False;False;False;False;False
2026-02-16 10:00:00;3709.35825;-8.2;False;False;False;False;False;False;False;False;False;False;False;False
2026-02-16 11:00:00;7611.147;-8.1;False;False;False;False;False;False;False;False;False;False;False;False
2026-02-16 12:00:00;8926.28375;-7.6;False;False;False;False;False;False;False;False;False;False;False;False
2026-02-16 13:00:00;4132.6849999999995;-7.2;False;False;False;False;False;False;False;False;False;False;False;False
2026-02-16 14:00:00;4754.1595;-6.8;False;False;False;False;False;False;False;False;False;False;False;False
2026-02-16 15:00:00;4453.5885;-6.4;False;False;False;False;False;False;False;False;False;False;False;False
2026-02-16 16:00:00;3482.98875;-6.1;False;False;False;False;False;False;False;False;False;False;False;False
2026-02-16 17:00:00;3299.5685;-5.7;False;False;False;False;False;False;False;False;False;False;False;False
2026-02-16 18:00:00;1543.25875;-5.3;False;False;False;False;False;False;False;False;False;False;False;False
2026-02-16 19:00:00;3003.8375;-5.6;False;False;False;False;False;False;False;False;False;False;False;False
2026-02-16 20:00:00;3950.8422499999997;-5.2;False;False;False;False;False;False;False;False;False;False;False;False
2026-02-16 21:00:00;3260.27925;-4.9;False;False;False;False;False;False;False;False;False;False;False;False
2026-02-16 22:00:00;3727.6414999999997;-4.3;False;False;False;False;False;False;False;False;False;False;False;False
2026-02-16 23:00:00;2914.66625;-4.2;False;False;False;False;False;False;False;False;False;False;False;False
2026-02-17 00:00:00;3134.171;-3.8;True;False;False;False;False;False;True;False;False;False;False;False
2026-02-17 01:00:00;2905.419;-3.5;True;False;False;False;False;False;True;False;False;False;False;False
2026-02-17 02:00:00;3407.01775;-3.2;True;False;False;False;False;False;True;False;False;False;False;False
2026-02-17 03:00:00;2895.7309999999998;-3.2;True;False;False;False;False;False;True;False;False;False;False;False
2026-02-17 04:00:00;8236.94275;-3.3;True;False;False;False;False;False;True;False;False;False;False;False
2026-02-17 05:00:00;6007.888;-3.2;True;False;False;False;False;False;True;False;False;False;False;False
2026-02-17 06:00:00;2866.3685;-3.1;True;False;False;False;False;False;True;False;False;False;False;False
2026-02-17 07:00:00;4238.148;-3.2;True;False;False;False;False;False;True;False;False;False;False;False
2026-02-17 08:00:00;1719.8225;-3.2;True;False;False;False;False;False;True;False;False;False;False;False
2026-02-17 09:00:00;1871.9405;-2.5;True;False;False;False;False;False;True;False;False;False;False;False
2026-02-17 10:00:00;3033.746;-1.5;True;False;False;False;False;False;True;False;False;False;False;False
2026-02-17 11:00:00;3668.54275;-1.5;True;False;False;False;False;False;True;False;False;False;False;False
2026-02-17 12:00:00;6719.437;-1.5;True;False;False;False;False;False;True;False;False;False;False;False
2026-02-17 13:00:00;7537.1335;-1.5;True;False;False;False;False;False;True;False;False;False;False;False
2026-02-17 14:00:00;4577.005999999999;-1.5;True;False;False;False;False;False;True;False;False;False;False;False
2026-02-17 15:00:00;3379.70575;-1.4;True;False;False;False;False;False;True;False;False;False;False;False
2026-02-17 16:00:00;3178.5005;-1.3;True;False;False;False;False;False;True;False;False;False;False;False
2026-02-17 17:00:00;2587.1797500000002;-1.5;True;False;False;False;False;False;True;False;False;False;False;False
2026-02-17 18:00:00;1806.15375;-1.5;True;False;False;False;False;False;True;False;False;False;False;False
2026-02-17 19:00:00;2070.67175;-3.0;True;False;False;False;False;False;True;False;False;False;False;False
2026-02-17 20:00:00;4654.51275;-2.7;True;False;False;False;False;False;True;False;False;False;False;False
2026-02-17 21:00:00;3142.6025;-3.2;True;False;False;False;False;False;True;False;False;False;False;False
2026-02-17 22:00:00;2652.804;-4.1;True;False;False;False;False;False;True;False;False;False;False;False
2026-02-17 23:00:00;2618.7905;-3.7;True;False;False;False;False;False;True;False;False;False;False;False
2026-02-18 00:00:00;3148.755;-3.7;False;True;False;False;False;False;False;True;False;False;False;False
2026-02-18 01:00:00;3693.88525;-2.5;False;True;False;False;False;False;False;True;False;False;False;False
2026-02-18 02:00:00;2656.90925;-1.9;False;True;False;False;False;False;False;True;False;False;False;False
2026-02-18 03:00:00;4860.24525;-2.0;False;True;False;False;False;False;False;True;False;False;False;False
2026-02-18 04:00:00;7315.4977499999995;-2.8;False;True;False;False;False;False;False;True;False;False;False;False
2026-02-18 05:00:00;3138.816;-3.2;False;True;False;False;False;False;False;True;False;False;False;False
2026-02-18 06:00:00;3252.33275;-3.3;False;True;False;False;False;False;False;True;False;False;False;False
2026-02-18 07:00:00;2096.69825;-3.2;False;True;False;False;False;False;False;True;False;False;False;False
2026-02-18 08:00:00;1419.3415;-3.0;False;True;False;False;False;False;False;True;False;False;False;False
2026-02-18 09:00:00;1889.68275;-2.5;False;True;False;False;False;False;False;True;False;False;False;False
2026-02-18 10:00:00;2839.84175;-2.5;False;True;False;False;False;False;False;True;False;False;False;False
2026-02-18 11:00:00;3027.4320000000002;-1.9;False;True;False;False;False;False;False;True;False;False;False;False
2026-02-18 12:00:00;3523.302;-2.2;False;True;False;False;False;False;False;True;False;False;False;False
2026-02-18 13:00:00;6585.31775;-2.5;False;True;False;False;False;False;False;True;False;False;False;False
2026-02-18 14:00:00;7843.34975;-2.3;False;True;False;False;False;False;False;True;False;False;False;False
2026-02-18 15:00:00;3404.85275;-2.4;False;True;False;False;False;False;False;True;False;False;False;False
2026-02-18 16:00:00;3784.0365;-3.0;False;True;False;False;False;False;False;True;False;False;False;False
2026-02-18 17:00:00;3526.96175;-4.0;False;True;False;False;False;False;False;True;False;False;False;False
2026-02-18 18:00:00;1306.30475;-4.7;False;True;False;False;False;False;False;True;False;False;False;False
2026-02-18 19:00:00;2598.4897499999997;-5.2;False;True;False;False;False;False;False;True;False;False;False;False
2026-02-18 20:00:00;4988.140666666666;-5.1;False;True;False;False;False;False;False;True;False;False;False;False
2026-02-18 21:00:00;3943.082;-5.2;False;True;False;False;False;False;False;True;False;False;False;False
2026-02-18 22:00:00;3280.73875;-5.3;False;True;False;False;False;False;False;True;False;False;False;False
2026-02-18 23:00:00;4189.85225;-5.4;False;True;False;False;False;False;False;True;False;False;False;False
2026-02-19 00:00:00;3798.69625;-6.7;False;False;True;False;False;False;False;False;True;False;False;False
2026-02-19 01:00:00;3470.1565;-6.1;False;False;True;False;False;False;False;False;True;False;False;False
2026-02-19 02:00:00;3887.978;-7.0;False;False;True;False;False;False;False;False;True;False;False;False
2026-02-19 03:00:00;8212.649;-8.6;False;False;True;False;False;False;False;False;True;False;False;False
2026-02-19 04:00:00;6677.4325;-11.1;False;False;True;False;False;False;False;False;True;False;False;False
2026-02-19 05:00:00;4024.84325;-12.6;False;False;True;False;False;False;False;False;True;False;False;False
2026-02-19 06:00:00;3977.13325;-12.8;False;False;True;False;False;False;False;False;True;False;False;False
2026-02-19 07:00:00;4271.30625;-13.5;False;False;True;False;False;False;False;False;True;False;False;False
2026-02-19 08:00:00;2360.766;-11.9;False;False;True;False;False;False;False;False;True;False;False;False
2026-02-19 09:00:00;1678.7237499999999;-6.8;False;False;True;False;False;False;False;False;True;False;False;False
2026-02-19 10:00:00;10733.1515;-2.8;False;False;True;False;False;False;False;False;True;False;False;False
2026-02-19 11:00:00;4053.29025;-1.0;False;False;True;False;False;False;False;False;True;False;False;False
2026-02-19 12:00:00;2933.21425;0.1;False;False;True;False;False;False;False;False;True;False;False;False
2026-02-19 13:00:00;3201.0812499999997;0.1;False;False;True;False;False;False;False;False;True;False;False;False
2026-02-19 14:00:00;2166.5775;0.1;False;False;True;False;False;False;False;False;True;False;False;False
2026-02-19 15:00:00;2915.689;-0.6;False;False;True;False;False;False;False;False;True;False;False;False
2026-02-19 16:00:00;3801.6605;-1.8;False;False;True;False;False;False;False;False;True;False;False;False
2026-02-19 17:00:00;3410.82375;-4.2;False;False;True;False;False;False;False;False;True;False;False;False
2026-02-19 18:00:00;1596.82225;-5.9;False;False;True;False;False;False;False;False;True;False;False;False
2026-02-19 19:00:00;2002.85725;-6.6;False;False;True;False;False;False;False;False;True;False;False;False
2026-02-19 20:00:00;4316.30025;-7.1;False;False;True;False;False;False;False;False;True;False;False;False
2026-02-19 21:00:00;4116.61075;-8.2;False;False;True;False;False;False;False;False;True;False;False;False
2026-02-19 22:00:00;3227.96925;-9.0;False;False;True;False;False;False;False;False;True;False;False;False
2026-02-19 23:00:00;3393.52525;-8.9;False;False;True;False;False;False;False;False;True;False;False;False
2026-02-20 00:00:00;3867.99625;-8.4;False;False;False;True;False;False;False;False;False;True;False;False
2026-02-20 01:00:00;4055.60775;-8.2;False;False;False;True;False;False;False;False;False;True;False;False
2026-02-20 02:00:00;9451.27575;-9.0;False;False;False;True;False;False;False;False;False;True;False;False
2026-02-20 03:00:00;4159.24625;-10.4;False;False;False;True;False;False;False;False;False;True;False;False
2026-02-20 04:00:00;3933.32325;-11.7;False;False;False;True;False;False;False;False;False;True;False;False
2026-02-20 05:00:00;3965.308;-13.1;False;False;False;True;False;False;False;False;False;True;False;False
2026-02-20 06:00:00;3081.047;-12.4;False;False;False;True;False;False;False;False;False;True;False;False
2026-02-20 07:00:00;1578.28025;-11.4;False;False;False;True;False;False;False;False;False;True;False;False
2026-02-20 08:00:00;1920.72;-11.2;False;False;False;True;False;False;False;False;False;True;False;False
2026-02-20 09:00:00;2495.72525;-7.1;False;False;False;True;False;False;False;False;False;True;False;False
2026-02-20 10:00:00;3282.589;-4.3;False;False;False;True;False;False;False;False;False;True;False;False
2026-02-20 11:00:00;3600.80525;-3.5;False;False;False;True;False;False;False;False;False;True;False;False
2026-02-20 12:00:00;4432.64325;-3.0;False;False;False;True;False;False;False;False;False;True;False;False
2026-02-20 13:00:00;7722.7155;-3.4;False;False;False;True;False;False;False;False;False;True;False;False
2026-02-20 14:00:00;5859.075;-2.5;False;False;False;True;False;False;False;False;False;True;False;False
2026-02-20 15:00:00;4898.7415;-1.9;False;False;False;True;False;False;False;False;False;True;False;False
2026-02-20 16:00:00;3938.408;-2.1;False;False;False;True;False;False;False;False;False;True;False;False
2026-02-20 17:00:00;2978.0744999999997;-5.6;False;False;False;True;False;False;False;False;False;True;False;False
2026-02-20 18:00:00;2017.741;-8.4;False;False;False;True;False;False;False;False;False;True;False;False
2026-02-20 19:00:00;1709.87025;-8.4;False;False;False;True;False;False;False;False;False;True;False;False
2026-02-20 20:00:00;2316.21225;-8.6;False;False;False;True;False;False;False;False;False;True;False;False
2026-02-20 21:00:00;4351.4605;-8.7;False;False;False;True;False;False;False;False;False;True;False;False
2026-02-20 22:00:00;4562.4445;-8.6;False;False;False;True;False;False;False;False;False;True;False;False
2026-02-20 23:00:00;3240.04275;-8.7;False;False;False;True;False;False;False;False;False;True;False;False
2026-02-21 00:00:00;3220.53525;-8.1;False;False;False;False;True;False;False;False;False;False;True;False
2026-02-21 01:00:00;4944.1627499999995;-8.7;False;False;False;False;True;False;False;False;False;False;True;False
2026-02-21 02:00:00;4157.3615;-6.4;False;False;False;False;True;False;False;False;False;False;True;False
2026-02-21 03:00:00;9703.88825;-5.9;False;False;False;False;True;False;False;False;False;False;True;False
2026-02-21 04:00:00;3534.67325;-5.5;False;False;False;False;True;False;False;False;False;False;True;False
2026-02-21 05:00:00;3540.6865;-4.8;False;False;False;False;True;False;False;False;False;False;True;False
2026-02-21 06:00:00;2910.03625;-4.1;False;False;False;False;True;False;False;False;False;False;True;False
2026-02-21 07:00:00;3116.46875;-4.3;False;False;False;False;True;False;False;False;False;False;True;False
2026-02-21 08:00:00;2027.33375;-3.6;False;False;False;False;True;False;False;False;False;False;True;False
2026-02-21 09:00:00;1856.96525;-2.7;False;False;False;False;True;False;False;False;False;False;True;False
2026-02-21 10:00:00;1836.387;-1.5;False;False;False;False;True;False;False;False;False;False;True;False
2026-02-21 11:00:00;2904.00575;-0.2;False;False;False;False;True;False;False;False;False;False;True;False
2026-02-21 12:00:00;3646.29625;0.2;False;False;False;False;True;False;False;False;False;False;True;False
2026-02-21 13:00:00;6612.9974999999995;0.2;False;False;False;False;True;False;False;False;False;False;True;False
2026-02-21 14:00:00;7525.2345000000005;1.2;False;False;False;False;True;False;False;False;False;False;True;False
2026-02-21 15:00:00;3426.45425;1.4;False;False;False;False;True;False;False;False;False;False;True;False
2026-02-21 16:00:00;3103.2607500000004;2.3;False;False;False;False;True;False;False;False;False;False;True;False
2026-02-21 17:00:00;2362.3835;1.6;False;False;False;False;True;False;False;False;False;False;True;False
2026-02-21 18:00:00;2376.362;0.2;False;False;False;False;True;False;False;False;False;False;True;False
2026-02-21 19:00:00;1357.73;0.9;False;False;False;False;True;False;False;False;False;False;True;False
2026-02-21 20:00:00;1230.3655;0.8;False;False;False;False;True;False;False;False;False;False;True;False
2026-02-21 21:00:00;3766.29725;0.6;False;False;False;False;True;False;False;False;False;False;True;False
2026-02-21 22:00:00;3946.1267500000004;0.6;False;False;False;False;True;False;False;False;False;False;True;False
2026-02-21 23:00:00;2380.04225;0.4;False;False;False;False;True;False;False;False;False;False;True;False
2026-02-22 00:00:00;2629.34925;-0.1;False;False;False;False;False;True;False;False;False;False;False;True
2026-02-22 01:00:00;2120.21475;0.6;False;False;False;False;False;True;False;False;False;False;False;True
2026-02-22 02:00:00;7383.29075;0.1;False;False;False;False;False;True;False;False;False;False;False;True
2026-02-22 03:00:00;5086.804;1.1;False;False;False;False;False;True;False;False;False;False;False;True
2026-02-22 04:00:00;2663.6075;1.0;False;False;False;False;False;True;False;False;False;False;False;True
2026-02-22 05:00:00;2201.48875;0.9;False;False;False;False;False;True;False;False;False;False;False;True
2026-02-22 06:00:00;3619.40675;0.9;False;False;False;False;False;True;False;False;False;False;False;True
2026-02-22 07:00:00;2442.8025;1.3;False;False;False;False;False;True;False;False;False;False;False;True
2026-02-22 08:00:00;2552.052;1.8;False;False;False;False;False;True;False;False;False;False;False;True
2026-02-22 09:00:00;2548.43325;2.5;False;False;False;False;False;True;False;False;False;False;False;True
2026-02-22 10:00:00;2843.116;3.0;False;False;False;False;False;True;False;False;False;False;False;True
2026-02-22 11:00:00;3034.9629999999997;2.9;False;False;False;False;False;True;False;False;False;False;False;True
2026-02-22 12:00:00;2662.783;3.0;False;False;False;False;False;True;False;False;False;False;False;True
2026-02-22 13:00:00;2538.15325;3.5;False;False;False;False;False;True;False;False;False;False;False;True
2026-02-22 14:00:00;3359.0869999999995;3.7;False;False;False;False;False;True;False;False;False;False;False;True
2026-02-22 15:00:00;2004.2635;4.7;False;False;False;False;False;True;False;False;False;False;False;True
2026-02-22 16:00:00;1752.17;5.1;False;False;False;False;False;True;False;False;False;False;False;True
2026-02-22 17:00:00;2219.19325;5.1;False;False;False;False;False;True;False;False;False;False;False;True
2026-02-22 18:00:00;1245.51925;4.8;False;False;False;False;False;True;False;False;False;False;False;True
2026-02-22 19:00:00;982.8595;4.6;False;False;False;False;False;True;False;False;False;False;False;True
2026-02-22 20:00:00;1130.7830000000001;5.1;False;False;False;False;False;True;False;False;False;False;False;True
2026-02-22 21:00:00;2635.85725;4.9;False;False;False;False;False;True;False;False;False;False;False;True
2026-02-22 22:00:00;2870.692;4.8;False;False;False;False;False;True;False;False;False;False;False;True
2026-02-22 23:00:00;2738.51825;4.7;False;False;False;False;False;True;False;False;False;False;False;True
2026-02-23 00:00:00;2680.90425;4.2;False;False;False;False;False;False;False;False;False;False;False;False
2026-02-23 01:00:00;8766.17075;3.5;False;False;False;False;False;False;False;False;False;False;False;False
2026-02-23 02:00:00;2312.65625;4.0;False;False;False;False;False;False;False;False;False;False;False;False
2026-02-23 03:00:00;2503.83675;4.0;False;False;False;False;False;False;False;False;False;False;False;False
2026-02-23 04:00:00;2444.514;3.8;False;False;False;False;False;False;False;False;False;False;False;False
2026-02-23 05:00:00;2906.61875;3.5;False;False;False;False;False;False;False;False;False;False;False;False
2026-02-23 06:00:00;2808.9;3.2;False;False;False;False;False;False;False;False;False;False;False;False
2026-02-23 07:00:00;2853.0389999999998;2.8;False;False;False;False;False;False;False;False;False;False;False;False
2026-02-23 08:00:00;1377.43175;3.3;False;False;False;False;False;False;False;False;False;False;False;False
2026-02-23 09:00:00;1155.9965000000002;4.6;False;False;False;False;False;False;False;False;False;False;False;False
2026-02-23 10:00:00;1132.75825;4.1;False;False;False;False;False;False;False;False;False;False;False;False
2026-02-23 11:00:00;1350.18925;4.9;False;False;False;False;False;False;False;False;False;False;False;False
2026-02-23 12:00:00;1560.914;5.4;False;False;False;False;False;False;False;False;False;False;False;False
2026-02-23 13:00:00;4717.2795;5.9;False;False;False;False;False;False;False;False;False;False;False;False
2026-02-23 14:00:00;6980.65;5.6;False;False;False;False;False;False;False;False;False;False;False;False
2026-02-23 15:00:00;4191.761;5.9;False;False;False;False;False;False;False;False;False;False;False;False
2026-02-23 16:00:00;3844.54475;5.2;False;False;False;False;False;False;False;False;False;False;False;False
2026-02-23 17:00:00;6178.319750000001;2.2;False;False;False;False;False;False;False;False;False;False;False;False
2026-02-23 18:00:00;2227.48875;2.3;False;False;False;False;False;False;False;False;False;False;False;False
2026-02-23 19:00:00;426.15575;1.6;False;False;False;False;False;False;False;False;False;False;False;False
2026-02-23 20:00:00;1924.09325;2.3;False;False;False;False;False;False;False;False;False;False;False;False
2026-02-23 21:00:00;4231.92425;1.9;False;False;False;False;False;False;False;False;False;False;False;False
2026-02-23 22:00:00;3387.08275;1.4;False;False;False;False;False;False;False;False;False;False;False;False
2026-02-23 23:00:00;2707.0829999999996;1.4;False;False;False;False;False;False;False;False;False;False;False;False
2026-02-24 00:00:00;6740.94475;0.9;True;False;False;False;False;False;True;False;False;False;False;False
2026-02-24 01:00:00;5562.26425;1.2;True;False;False;False;False;False;True;False;False;False;False;False
2026-02-24 02:00:00;2305.53825;0.8;True;False;False;False;False;False;True;False;False;False;False;False
2026-02-24 03:00:00;2669.029;0.6;True;False;False;False;False;False;True;False;False;False;False;False
2026-02-24 04:00:00;2515.15475;0.7;True;False;False;False;False;False;True;False;False;False;False;False
2026-02-24 05:00:00;3203.3575;0.3;True;False;False;False;False;False;True;False;False;False;False;False
2026-02-24 06:00:00;3002.03825;-0.5;True;False;False;False;False;False;True;False;False;False;False;False
2026-02-24 07:00:00;3149.45975;0.9;True;False;False;False;False;False;True;False;False;False;False;False
2026-02-24 08:00:00;1335.39725;1.0;True;False;False;False;False;False;True;False;False;False;False;False
2026-02-24 09:00:00;1539.6602500000001;1.5;True;False;False;False;False;False;True;False;False;False;False;False
2026-02-24 10:00:00;1380.15;1.5;True;False;False;False;False;False;True;False;False;False;False;False
2026-02-24 11:00:00;1356.86975;2.3;True;False;False;False;False;False;True;False;False;False;False;False
2026-02-24 12:00:00;1553.9137500000002;2.5;True;False;False;False;False;False;True;False;False;False;False;False
2026-02-24 13:00:00;1001.381;2.4;True;False;False;False;False;False;True;False;False;False;False;False
2026-02-24 14:00:00;1067.6947115384614;2.5;True;False;False;False;False;False;True;False;False;False;False;False
2026-02-24 15:00:00;1134.008423076923;2.7;True;False;False;False;False;False;True;False;False;False;False;False
2026-02-24 16:00:00;1200.3221346153846;2.2;True;False;False;False;False;False;True;False;False;False;False;False
2026-02-24 17:00:00;1266.6358461538462;1.4;True;False;False;False;False;False;True;False;False;False;False;False
2026-02-24 18:00:00;1332.9495576923077;0.2;True;False;False;False;False;False;True;False;False;False;False;False
2026-02-24 19:00:00;1399.2632692307693;1.1;True;False;False;False;False;False;True;False;False;False;False;False
2026-02-24 20:00:00;1465.5769807692309;1.2;True;False;False;False;False;False;True;False;False;False;False;False
2026-02-24 21:00:00;1531.8906923076925;0.7;True;False;False;False;False;False;True;False;False;False;False;False
2026-02-24 22:00:00;1598.204403846154;0.3;True;False;False;False;False;False;True;False;False;False;False;False
2026-02-24 23:00:00;1664.5181153846156;1.3;True;False;False;False;False;False;True;False;False;False;False;False
2026-02-25 00:00:00;1730.8318269230772;1.6;False;True;False;False;False;False;False;True;False;False;False;False
2026-02-25 01:00:00;1797.1455384615388;2.0;False;True;False;False;False;False;False;True;False;False;False;False
2026-02-25 02:00:00;1863.4592500000003;1.4;False;True;False;False;False;False;False;True;False;False;False;False
2026-02-25 03:00:00;1929.772961538462;1.1;False;True;False;False;False;False;False;True;False;False;False;False
2026-02-25 04:00:00;1996.0866730769235;0.4;False;True;False;False;False;False;False;True;False;False;False;False
2026-02-25 05:00:00;2062.400384615385;0.3;False;True;False;False;False;False;False;True;False;False;False;False
2026-02-25 06:00:00;2128.7140961538466;0.2;False;True;False;False;False;False;False;True;False;False;False;False
2026-02-25 07:00:00;2195.027807692308;0.2;False;True;False;False;False;False;False;True;False;False;False;False
2026-02-25 08:00:00;2261.34151923077;2.2;False;True;False;False;False;False;False;True;False;False;False;False
2026-02-25 09:00:00;2327.6552307692314;3.2;False;True;False;False;False;False;False;True;False;False;False;False
2026-02-25 10:00:00;2393.968942307693;4.2;False;True;False;False;False;False;False;True;False;False;False;False
2026-02-25 11:00:00;2460.2826538461545;5.1;False;True;False;False;False;False;False;True;False;False;False;False
2026-02-25 12:00:00;2526.596365384616;5.4;False;True;False;False;False;False;False;True;False;False;False;False
2026-02-25 13:00:00;2592.910076923077;6.4;False;True;False;False;False;False;False;True;False;False;False;False
2026-02-25 14:00:00;2659.223788461539;5.2;False;True;False;False;False;False;False;True;False;False;False;False
2026-02-25 15:00:00;2725.5375000000004;4.9;False;True;False;False;False;False;False;True;False;False;False;False
2026-02-25 16:00:00;2265.89225;4.3;False;True;False;False;False;False;False;True;False;False;False;False
2026-02-25 17:00:00;1790.85025;2.2;False;True;False;False;False;False;False;True;False;False;False;False
2026-02-25 18:00:00;1560.35;0.9;False;True;False;False;False;False;False;True;False;False;False;False
2026-02-25 19:00:00;1415.187;0.3;False;True;False;False;False;False;False;True;False;False;False;False
2026-02-25 20:00:00;2471.06225;-0.6;False;True;False;False;False;False;False;True;False;False;False;False
2026-02-25 21:00:00;2523.31;0.4;False;True;False;False;False;False;False;True;False;False;False;False
2026-02-25 22:00:00;2434.454375;1.1;False;True;False;False;False;False;False;True;False;False;False;False
2026-02-25 23:00:00;2345.59875;0.9;False;True;False;False;False;False;False;True;False;False;False;False
2026-02-26 00:00:00;2256.743125;0.4;False;False;True;False;False;False;False;False;True;False;False;False
2026-02-26 01:00:00;2167.8875;-1.2;False;False;True;False;False;False;False;False;True;False;False;False
2026-02-26 02:00:00;2079.031875;0.3;False;False;True;False;False;False;False;False;True;False;False;False
2026-02-26 03:00:00;1990.17625;0.6;False;False;True;False;False;False;False;False;True;False;False;False
2026-02-26 04:00:00;1901.320625;0.8;False;False;True;False;False;False;False;False;True;False;False;False
2026-02-26 05:00:00;1812.4650000000001;0.3;False;False;True;False;False;False;False;False;True;False;False;False
2026-02-26 06:00:00;1723.609375;0.7;False;False;True;False;False;False;False;False;True;False;False;False
2026-02-26 07:00:00;1634.75375;0.3;False;False;True;False;False;False;False;False;True;False;False;False
2026-02-26 08:00:00;1545.8981250000002;1.7;False;False;True;False;False;False;False;False;True;False;False;False
2026-02-26 09:00:00;1457.0425;2.6;False;False;True;False;False;False;False;False;True;False;False;False
2026-02-26 10:00:00;1513.43075;3.5;False;False;True;False;False;False;False;False;True;False;False;False
2026-02-26 11:00:00;1134.88225;4.2;False;False;True;False;False;False;False;False;True;False;False;False
2026-02-26 12:00:00;4301.52525;5.3;False;False;True;False;False;False;False;False;True;False;False;False
2026-02-26 13:00:00;4618.29175;7.1;False;False;True;False;False;False;False;False;True;False;False;False
2026-02-26 14:00:00;4011.8205;6.3;False;False;True;False;False;False;False;False;True;False;False;False
2026-02-26 15:00:00;3308.7635;6.2;False;False;True;False;False;False;False;False;True;False;False;False
2026-02-26 16:00:00;2057.1385;5.4;False;False;True;False;False;False;False;False;True;False;False;False
2026-02-26 17:00:00;2133.95925;4.0;False;False;True;False;False;False;False;False;True;False;False;False
2026-02-26 18:00:00;1647.9375;3.0;False;False;True;False;False;False;False;False;True;False;False;False
2026-02-26 19:00:00;1238.766;3.8;False;False;True;False;False;False;False;False;True;False;False;False
2026-02-26 20:00:00;2059.2455;3.5;False;False;True;False;False;False;False;False;True;False;False;False
2026-02-26 21:00:00;2100.1352500000003;3.3;False;False;True;False;False;False;False;False;True;False;False;False
2026-02-26 22:00:00;2277.26325;2.8;False;False;True;False;False;False;False;False;True;False;False;False
2026-02-26 23:00:00;2650.3872499999998;2.5;False;False;True;False;False;False;False;False;True;False;False;False
2026-02-27 00:00:00;3573.4915;2.3;False;False;False;True;False;False;False;False;False;True;False;False
2026-02-27 01:00:00;6127.1982499999995;2.4;False;False;False;True;False;False;False;False;False;True;False;False
2026-02-27 02:00:00;3347.4339999999997;2.2;False;False;False;True;False;False;False;False;False;True;False;False
2026-02-27 03:00:00;2196.84175;2.0;False;False;False;True;False;False;False;False;False;True;False;False
2026-02-27 04:00:00;2473.3655;2.0;False;False;False;True;False;False;False;False;False;True;False;False
2026-02-27 05:00:00;2305.8067499999997;2.0;False;False;False;True;False;False;False;False;False;True;False;False
2026-02-27 06:00:00;1827.1822499999998;2.0;False;False;False;True;False;False;False;False;False;True;False;False
2026-02-27 07:00:00;1464.03675;1.5;False;False;False;True;False;False;False;False;False;True;False;False
2026-02-27 08:00:00;1166.73925;3.5;False;False;False;True;False;False;False;False;False;True;False;False
2026-02-27 09:00:00;1009.099;5.7;False;False;False;True;False;False;False;False;False;True;False;False
2026-02-27 10:00:00;1387.0285;7.2;False;False;False;True;False;False;False;False;False;True;False;False
2026-02-27 11:00:00;1214.52275;6.8;False;False;False;True;False;False;False;False;False;True;False;False
2026-02-27 12:00:00;2301.4184999999998;7.8;False;False;False;True;False;False;False;False;False;True;False;False
2026-02-27 13:00:00;756.2015;10.1;False;False;False;True;False;False;False;False;False;True;False;False
2026-02-27 14:00:00;762.115;8.4;False;False;False;True;False;False;False;False;False;True;False;False
2026-02-27 15:00:00;1121.87575;11.1;False;False;False;True;False;False;False;False;False;True;False;False
2026-02-27 16:00:00;1032.1927500000002;10.1;False;False;False;True;False;False;False;False;False;True;False;False
2026-02-27 17:00:00;2372.02975;7.6;False;False;False;True;False;False;False;False;False;True;False;False
2026-02-27 18:00:00;973.49875;5.8;False;False;False;True;False;False;False;False;False;True;False;False
2026-02-27 19:00:00;965.3075;5.7;False;False;False;True;False;False;False;False;False;True;False;False
2026-02-27 20:00:00;1077.32375;5.9;False;False;False;True;False;False;False;False;False;True;False;False
2026-02-27 21:00:00;1151.064;5.7;False;False;False;True;False;False;False;False;False;True;False;False
2026-02-27 22:00:00;1990.421;4.9;False;False;False;True;False;False;False;False;False;True;False;False
2026-02-27 23:00:00;2289.7025000000003;4.4;False;False;False;True;False;False;False;False;False;True;False;False
2026-02-28 00:00:00;2230.26675;4.2;False;False;False;False;True;False;False;False;False;False;True;False
2026-02-28 01:00:00;2372.79925;4.0;False;False;False;False;True;False;False;False;False;False;True;False
2026-02-28 02:00:00;2630.50125;3.5;False;False;False;False;True;False;False;False;False;False;True;False
2026-02-28 03:00:00;1981.921;3.2;False;False;False;False;True;False;False;False;False;False;True;False
2026-02-28 04:00:00;1977.7272500000001;3.0;False;False;False;False;True;False;False;False;False;False;True;False
2026-02-28 05:00:00;1957.6867499999998;2.8;False;False;False;False;True;False;False;False;False;False;True;False
2026-02-28 06:00:00;1896.70975;2.7;False;False;False;False;True;False;False;False;False;False;True;False
2026-02-28 07:00:00;1580.6644999999999;2.7;False;False;False;False;True;False;False;False;False;False;True;False
2026-02-28 08:00:00;969.90725;4.0;False;False;False;False;True;False;False;False;False;False;True;False
2026-02-28 09:00:00;1157.06575;6.1;False;False;False;False;True;False;False;False;False;False;True;False
2026-02-28 10:00:00;952.11;7.8;False;False;False;False;True;False;False;False;False;False;True;False
2026-02-28 11:00:00;1509.55125;9.1;False;False;False;False;True;False;False;False;False;False;True;False
2026-02-28 12:00:00;3229.84175;10.2;False;False;False;False;True;False;False;False;False;False;True;False
2026-02-28 13:00:00;1037.48975;10.9;False;False;False;False;True;False;False;False;False;False;True;False
2026-02-28 14:00:00;961.741;11.1;False;False;False;False;True;False;False;False;False;False;True;False
2026-02-28 15:00:00;954.71;10.6;False;False;False;False;True;False;False;False;False;False;True;False
2026-02-28 16:00:00;1533.8845;9.4;False;False;False;False;True;False;False;False;False;False;True;False
2026-02-28 17:00:00;1529.44175;7.1;False;False;False;False;True;False;False;False;False;False;True;False
2026-02-28 18:00:00;1097.0215;5.1;False;False;False;False;True;False;False;False;False;False;True;False
2026-02-28 19:00:00;1178.234;4.7;False;False;False;False;True;False;False;False;False;False;True;False
2026-02-28 20:00:00;1248.1165;4.5;False;False;False;False;True;False;False;False;False;False;True;False
2026-02-28 21:00:00;1189.8715;3.7;False;False;False;False;True;False;False;False;False;False;True;False
2026-02-28 22:00:00;2945.9410000000003;3.3;False;False;False;False;True;False;False;False;False;False;True;False
2026-02-28 23:00:00;3344.285;3.2;False;False;False;False;True;False;False;False;False;False;True;False
2026-03-01 00:00:00;4005.7825000000003;2.2;False;False;False;False;False;True;False;False;False;False;False;True
2026-03-01 01:00:00;3224.6197500000003;4.0;False;False;False;False;False;True;False;False;False;False;False;True
2026-03-01 02:00:00;2222.49475;3.5;False;False;False;False;False;True;False;False;False;False;False;True
2026-03-01 03:00:00;2238.53325;4.2;False;False;False;False;False;True;False;False;False;False;False;True
2026-03-01 04:00:00;2105.89225;3.9;False;False;False;False;False;True;False;False;False;False;False;True
2026-03-01 05:00:00;1895.93;3.8;False;False;False;False;False;True;False;False;False;False;False;True
2026-03-01 06:00:00;1915.46825;3.1;False;False;False;False;False;True;False;False;False;False;False;True
2026-03-01 07:00:00;1785.8045;1.6;False;False;False;False;False;True;False;False;False;False;False;True
2026-03-01 08:00:00;1476.74;3.2;False;False;False;False;False;True;False;False;False;False;False;True
2026-03-01 09:00:00;1188.776;4.4;False;False;False;False;False;True;False;False;False;False;False;True
2026-03-01 10:00:00;1416.588;5.3;False;False;False;False;False;True;False;False;False;False;False;True
2026-03-01 11:00:00;1113.8487499999999;6.1;False;False;False;False;False;True;False;False;False;False;False;True
2026-03-01 12:00:00;2825.5865000000003;6.2;False;False;False;False;False;True;False;False;False;False;False;True
2026-03-01 13:00:00;5547.1939999999995;5.8;False;False;False;False;False;True;False;False;False;False;False;True
2026-03-01 14:00:00;2880.67025;5.6;False;False;False;False;False;True;False;False;False;False;False;True
2026-03-01 15:00:00;2335.219;4.5;False;False;False;False;False;True;False;False;False;False;False;True
2026-03-01 16:00:00;3222.058;4.6;False;False;False;False;False;True;False;False;False;False;False;True
2026-03-01 17:00:00;2962.5060000000003;3.3;False;False;False;False;False;True;False;False;False;False;False;True
2026-03-01 18:00:00;1114.5845;2.3;False;False;False;False;False;True;False;False;False;False;False;True
2026-03-01 19:00:00;1580.89375;0.9;False;False;False;False;False;True;False;False;False;False;False;True
2026-03-01 20:00:00;1257.94225;-0.2;False;False;False;False;False;True;False;False;False;False;False;True
2026-03-01 21:00:00;3724.67375;-0.2;False;False;False;False;False;True;False;False;False;False;False;True
2026-03-01 22:00:00;2194.51425;-0.6;False;False;False;False;False;True;False;False;False;False;False;True
2026-03-01 23:00:00;2766.385;-0.9;False;False;False;False;False;True;False;False;False;False;False;True
2026-03-02 00:00:00;3246.745;-1.2;False;False;False;False;False;False;False;False;False;False;False;False
2026-03-02 01:00:00;2790.22925;0.2;False;False;False;False;False;False;False;False;False;False;False;False
2026-03-02 02:00:00;2155.6665;1.1;False;False;False;False;False;False;False;False;False;False;False;False
2026-03-02 03:00:00;2621.298;1.6;False;False;False;False;False;False;False;False;False;False;False;False
2026-03-02 04:00:00;2217.16675;1.6;False;False;False;False;False;False;False;False;False;False;False;False
2026-03-02 05:00:00;2487.078;1.6;False;False;False;False;False;False;False;False;False;False;False;False
2026-03-02 06:00:00;3034.9072499999997;1.5;False;False;False;False;False;False;False;False;False;False;False;False
2026-03-02 07:00:00;721.93975;1.8;False;False;False;False;False;False;False;False;False;False;False;False
2026-03-02 08:00:00;3029.5445;3.0;False;False;False;False;False;False;False;False;False;False;False;False
2026-03-02 09:00:00;1849.8975;3.8;False;False;False;False;False;False;False;False;False;False;False;False
2026-03-02 10:00:00;1307.75925;5.8;False;False;False;False;False;False;False;False;False;False;False;False
2026-03-02 11:00:00;1375.30175;7.6;False;False;False;False;False;False;False;False;False;False;False;False
2026-03-02 12:00:00;4349.534;8.6;False;False;False;False;False;False;False;False;False;False;False;False
2026-03-02 13:00:00;4828.257;8.3;False;False;False;False;False;False;False;False;False;False;False;False
2026-03-02 14:00:00;4235.0805;8.4;False;False;False;False;False;False;False;False;False;False;False;False
2026-03-02 15:00:00;4154.6015;7.7;False;False;False;False;False;False;False;False;False;False;False;False
2026-03-02 16:00:00;2248.61675;6.7;False;False;False;False;False;False;False;False;False;False;False;False
2026-03-02 17:00:00;1218.75775;3.8;False;False;False;False;False;False;False;False;False;False;False;False
2026-03-02 18:00:00;1519.67075;1.1;False;False;False;False;False;False;False;False;False;False;False;False
2026-03-02 19:00:00;1218.11425;0.9;False;False;False;False;False;False;False;False;False;False;False;False
2026-03-02 20:00:00;2455.71125;0.5;False;False;False;False;False;False;False;False;False;False;False;False
2026-03-02 21:00:00;2445.295;0.4;False;False;False;False;False;False;False;False;False;False;False;False
2026-03-02 22:00:00;3048.3762500000003;0.9;False;False;False;False;False;False;False;False;False;False;False;False
2026-03-02 23:00:00;2899.3835;1.2;False;False;False;False;False;False;False;False;False;False;False;False
2026-03-03 00:00:00;2072.4252500000002;1.6;True;False;False;False;False;False;True;False;False;False;False;False
2026-03-03 01:00:00;2646.535;0.9;True;False;False;False;False;False;True;False;False;False;False;False
2026-03-03 02:00:00;2631.8955;1.6;True;False;False;False;False;False;True;False;False;False;False;False
2026-03-03 03:00:00;3036.797;1.6;True;False;False;False;False;False;True;False;False;False;False;False
2026-03-03 04:00:00;2119.6842500000002;1.0;True;False;False;False;False;False;True;False;False;False;False;False
2026-03-03 05:00:00;2895.75175;0.4;True;False;False;False;False;False;True;False;False;False;False;False
2026-03-03 06:00:00;3431.59825;0.1;True;False;False;False;False;False;True;False;False;False;False;False
2026-03-03 07:00:00;547.8535;0.9;True;False;False;False;False;False;True;False;False;False;False;False
2026-03-03 08:00:00;2050.476;4.2;True;False;False;False;False;False;True;False;False;False;False;False
2026-03-03 09:00:00;1121.22525;6.8;True;False;False;False;False;False;True;False;False;False;False;False
2026-03-03 10:00:00;1426.731;8.5;True;False;False;False;False;False;True;False;False;False;False;False
2026-03-03 11:00:00;1766.527;9.8;True;False;False;False;False;False;True;False;False;False;False;False
2026-03-03 12:00:00;4579.73775;10.1;True;False;False;False;False;False;True;False;False;False;False;False
2026-03-03 13:00:00;4658.077;9.9;True;False;False;False;False;False;True;False;False;False;False;False
2026-03-03 14:00:00;4112.086;10.1;True;False;False;False;False;False;True;False;False;False;False;False
2026-03-03 15:00:00;3436.8722500000003;9.3;True;False;False;False;False;False;True;False;False;False;False;False
2026-03-03 16:00:00;2255.8914999999997;8.1;True;False;False;False;False;False;True;False;False;False;False;False
2026-03-03 17:00:00;2180.35625;4.6;True;False;False;False;False;False;True;False;False;False;False;False
2026-03-03 18:00:00;1950.83625;2.6;True;False;False;False;False;False;True;False;False;False;False;False
2026-03-03 19:00:00;1495.775;2.7;True;False;False;False;False;False;True;False;False;False;False;False
2026-03-03 20:00:00;3805.4915;1.6;True;False;False;False;False;False;True;False;False;False;False;False
2026-03-03 21:00:00;3770.3070000000002;1.2;True;False;False;False;False;False;True;False;False;False;False;False
2026-03-03 22:00:00;2653.62925;1.4;True;False;False;False;False;False;True;False;False;False;False;False
2026-03-03 23:00:00;2743.64325;1.9;True;False;False;False;False;False;True;False;False;False;False;False
2026-03-04 00:00:00;2341.52875;1.7;False;True;False;False;False;False;False;True;False;False;False;False
2026-03-04 01:00:00;2976.6625;3.2;False;True;False;False;False;False;False;True;False;False;False;False
2026-03-04 02:00:00;2663.9955;2.0;False;True;False;False;False;False;False;True;False;False;False;False
2026-03-04 03:00:00;6901.6995;1.1;False;True;False;False;False;False;False;True;False;False;False;False
2026-03-04 04:00:00;2686.65875;0.7;False;True;False;False;False;False;False;True;False;False;False;False
2026-03-04 05:00:00;2480.9355;0.8;False;True;False;False;False;False;False;True;False;False;False;False
2026-03-04 06:00:00;2511.0185;1.2;False;True;False;False;False;False;False;True;False;False;False;False
2026-03-04 07:00:00;1613.0125;2.9;False;True;False;False;False;False;False;True;False;False;False;False
2026-03-04 08:00:00;912.7905000000001;4.7;False;True;False;False;False;False;False;True;False;False;False;False
2026-03-04 09:00:00;1442.8207499999999;6.8;False;True;False;False;False;False;False;True;False;False;False;False
2026-03-04 10:00:00;1165.11925;8.1;False;True;False;False;False;False;False;True;False;False;False;False
2026-03-04 11:00:00;3570.6137499999995;9.6;False;True;False;False;False;False;False;True;False;False;False;False
2026-03-04 12:00:00;4587.38525;10.5;False;True;False;False;False;False;False;True;False;False;False;False
2026-03-04 13:00:00;4646.8279999999995;10.1;False;True;False;False;False;False;False;True;False;False;False;False
2026-03-04 14:00:00;4490.55125;10.3;False;True;False;False;False;False;False;True;False;False;False;False
2026-03-04 15:00:00;3957.3402499999997;9.4;False;True;False;False;False;False;False;True;False;False;False;False
2026-03-04 16:00:00;2997.32925;7.8;False;True;False;False;False;False;False;True;False;False;False;False
2026-03-04 17:00:00;1464.4705;4.8;False;True;False;False;False;False;False;True;False;False;False;False
2026-03-04 18:00:00;1314.78225;2.7;False;True;False;False;False;False;False;True;False;False;False;False
2026-03-04 19:00:00;1359.1644999999999;4.0;False;True;False;False;False;False;False;True;False;False;False;False
2026-03-04 20:00:00;2393.32625;3.7;False;True;False;False;False;False;False;True;False;False;False;False
2026-03-04 21:00:00;2636.34375;2.4;False;True;False;False;False;False;False;True;False;False;False;False
2026-03-04 22:00:00;3060.88225;1.5;False;True;False;False;False;False;False;True;False;False;False;False
2026-03-04 23:00:00;3818.83625;0.9;False;True;False;False;False;False;False;True;False;False;False;False
2026-03-05 00:00:00;2839.1465;0.5;False;False;True;False;False;False;False;False;True;False;False;False
2026-03-05 01:00:00;3758.28025;1.0;False;False;True;False;False;False;False;False;True;False;False;False
2026-03-05 02:00:00;6769.889;1.5;False;False;True;False;False;False;False;False;True;False;False;False
2026-03-05 03:00:00;2637.002;0.2;False;False;True;False;False;False;False;False;True;False;False;False
2026-03-05 04:00:00;2252.55825;-0.6;False;False;True;False;False;False;False;False;True;False;False;False
2026-03-05 05:00:00;2891.61675;-1.0;False;False;True;False;False;False;False;False;True;False;False;False
2026-03-05 06:00:00;2524.00825;-0.4;False;False;True;False;False;False;False;False;True;False;False;False
2026-03-05 07:00:00;1667.4879999999998;-0.2;False;False;True;False;False;False;False;False;True;False;False;False
2026-03-05 08:00:00;1770.5625;2.8;False;False;True;False;False;False;False;False;True;False;False;False
2026-03-05 09:00:00;1297.14625;6.4;False;False;True;False;False;False;False;False;True;False;False;False
2026-03-05 10:00:00;860.53375;8.4;False;False;True;False;False;False;False;False;True;False;False;False
2026-03-05 11:00:00;1580.062;9.8;False;False;True;False;False;False;False;False;True;False;False;False
2026-03-05 12:00:00;1145.55475;10.0;False;False;True;False;False;False;False;False;True;False;False;False
2026-03-05 13:00:00;863.06475;9.9;False;False;True;False;False;False;False;False;True;False;False;False
2026-03-05 14:00:00;1631.1415;10.2;False;False;True;False;False;False;False;False;True;False;False;False
2026-03-05 15:00:00;3945.85825;9.8;False;False;True;False;False;False;False;False;True;False;False;False
2026-03-05 16:00:00;2468.2505;8.7;False;False;True;False;False;False;False;False;True;False;False;False
2026-03-05 17:00:00;3224.082;5.6;False;False;True;False;False;False;False;False;True;False;False;False
2026-03-05 18:00:00;1630.0159999999998;2.4;False;False;True;False;False;False;False;False;True;False;False;False
2026-03-05 19:00:00;1437.08875;1.5;False;False;True;False;False;False;False;False;True;False;False;False
2026-03-05 20:00:00;2650.9225;1.1;False;False;True;False;False;False;False;False;True;False;False;False
2026-03-05 21:00:00;2708.3867499999997;0.9;False;False;True;False;False;False;False;False;True;False;False;False
2026-03-05 22:00:00;2625.8067499999997;1.5;False;False;True;False;False;False;False;False;True;False;False;False
2026-03-05 23:00:00;2412.5550000000003;2.0;False;False;True;False;False;False;False;False;True;False;False;False
2026-03-06 00:00:00;6200.935333333334;2.4;False;False;False;True;False;False;False;False;False;True;False;False
2026-03-06 01:00:00;5575.283708333333;0.9;False;False;False;True;False;False;False;False;False;True;False;False
2026-03-06 02:00:00;4949.632083333334;1.8;False;False;False;True;False;False;False;False;False;True;False;False
2026-03-06 03:00:00;4323.980458333333;1.5;False;False;False;True;False;False;False;False;False;True;False;False
2026-03-06 04:00:00;3698.3288333333335;1.1;False;False;False;True;False;False;False;False;False;True;False;False
2026-03-06 05:00:00;3072.6772083333335;0.9;False;False;False;True;False;False;False;False;False;True;False;False
2026-03-06 06:00:00;2447.025583333333;0.6;False;False;False;True;False;False;False;False;False;True;False;False
2026-03-06 07:00:00;1821.3739583333336;-0.2;False;False;False;True;False;False;False;False;False;True;False;False
2026-03-06 08:00:00;1195.7223333333334;3.2;False;False;False;True;False;False;False;False;False;True;False;False
2026-03-06 09:00:00;1253.82325;8.1;False;False;False;True;False;False;False;False;False;True;False;False
2026-03-06 10:00:00;1646.99825;9.3;False;False;False;True;False;False;False;False;False;True;False;False
2026-03-06 11:00:00;4531.029;10.3;False;False;False;True;False;False;False;False;False;True;False;False
2026-03-06 12:00:00;4249.63775;10.9;False;False;False;True;False;False;False;False;False;True;False;False
2026-03-06 13:00:00;2028.44475;11.5;False;False;False;True;False;False;False;False;False;True;False;False
2026-03-06 14:00:00;1419.60975;12.1;False;False;False;True;False;False;False;False;False;True;False;False
2026-03-06 15:00:00;3713.0695;11.7;False;False;False;True;False;False;False;False;False;True;False;False
2026-03-06 16:00:00;2572.75875;10.7;False;False;False;True;False;False;False;False;False;True;False;False
2026-03-06 17:00:00;3579.7275;8.5;False;False;False;True;False;False;False;False;False;True;False;False
2026-03-06 18:00:00;1545.50125;5.4;False;False;False;True;False;False;False;False;False;True;False;False
2026-03-06 19:00:00;945.69575;4.4;False;False;False;True;False;False;False;False;False;True;False;False
2026-03-06 20:00:00;2449.85075;6.2;False;False;False;True;False;False;False;False;False;True;False;False
2026-03-06 21:00:00;2074.9595;6.3;False;False;False;True;False;False;False;False;False;True;False;False
2026-03-06 22:00:00;1739.635;5.7;False;False;False;True;False;False;False;False;False;True;False;False
2026-03-06 23:00:00;2311.8469999999998;4.9;False;False;False;True;False;False;False;False;False;True;False;False
2026-03-07 00:00:00;2138.156;4.4;False;False;False;False;True;False;False;False;False;False;True;False
2026-03-07 01:00:00;2338.306;3.8;False;False;False;False;True;False;False;False;False;False;True;False
2026-03-07 02:00:00;2584.2934999999998;4.2;False;False;False;False;True;False;False;False;False;False;True;False
2026-03-07 03:00:00;1668.98875;4.0;False;False;False;False;True;False;False;False;False;False;True;False
2026-03-07 04:00:00;1610.3957500000001;3.6;False;False;False;False;True;False;False;False;False;False;True;False
2026-03-07 05:00:00;2070.308;3.2;False;False;False;False;True;False;False;False;False;False;True;False
2026-03-07 06:00:00;2089.79525;3.2;False;False;False;False;True;False;False;False;False;False;True;False
2026-03-07 07:00:00;1532.5774999999999;3.2;False;False;False;False;True;False;False;False;False;False;True;False
2026-03-07 08:00:00;994.3785;5.9;False;False;False;False;True;False;False;False;False;False;True;False
2026-03-07 09:00:00;1196.2975;8.5;False;False;False;False;True;False;False;False;False;False;True;False
2026-03-07 10:00:00;1145.858;9.7;False;False;False;False;True;False;False;False;False;False;True;False
2026-03-07 11:00:00;1100.96875;10.6;False;False;False;False;True;False;False;False;False;False;True;False
2026-03-07 12:00:00;1661.083;11.1;False;False;False;False;True;False;False;False;False;False;True;False
2026-03-07 13:00:00;1353.54575;11.9;False;False;False;False;True;False;False;False;False;False;True;False
2026-03-07 14:00:00;950.1715;12.5;False;False;False;False;True;False;False;False;False;False;True;False
2026-03-07 15:00:00;2360.00375;12.4;False;False;False;False;True;False;False;False;False;False;True;False
2026-03-07 16:00:00;2296.1125;11.7;False;False;False;False;True;False;False;False;False;False;True;False
2026-03-07 17:00:00;2188.38325;9.1;False;False;False;False;True;False;False;False;False;False;True;False
2026-03-07 18:00:00;1123.4882499999999;4.8;False;False;False;False;True;False;False;False;False;False;True;False
2026-03-07 19:00:00;1569.43925;5.3;False;False;False;False;True;False;False;False;False;False;True;False
2026-03-07 20:00:00;2104.6544999999996;5.2;False;False;False;False;True;False;False;False;False;False;True;False
2026-03-07 21:00:00;2222.4085;5.2;False;False;False;False;True;False;False;False;False;False;True;False
2026-03-07 22:00:00;4127.96075;5.1;False;False;False;False;True;False;False;False;False;False;True;False
2026-03-07 23:00:00;2806.2985;4.6;False;False;False;False;True;False;False;False;False;False;True;False
2026-03-08 00:00:00;2072.6980000000003;4.1;False;False;False;False;False;True;False;False;False;False;False;True
2026-03-08 01:00:00;3777.8255;2.5;False;False;False;False;False;True;False;False;False;False;False;True
2026-03-08 02:00:00;1967.0782499999998;3.5;False;False;False;False;False;True;False;False;False;False;False;True
2026-03-08 03:00:00;2125.10075;3.2;False;False;False;False;False;True;False;False;False;False;False;True
2026-03-08 04:00:00;2076.188;3.3;False;False;False;False;False;True;False;False;False;False;False;True
2026-03-08 05:00:00;2075.50675;3.0;False;False;False;False;False;True;False;False;False;False;False;True
2026-03-08 06:00:00;1866.5225;2.7;False;False;False;False;False;True;False;False;False;False;False;True
2026-03-08 07:00:00;1432.1585;2.2;False;False;False;False;False;True;False;False;False;False;False;True
2026-03-08 08:00:00;1043.70675;5.7;False;False;False;False;False;True;False;False;False;False;False;True
2026-03-08 09:00:00;635.3995;8.9;False;False;False;False;False;True;False;False;False;False;False;True
2026-03-08 10:00:00;1037.1145000000001;10.9;False;False;False;False;False;True;False;False;False;False;False;True
2026-03-08 11:00:00;2062.74125;11.9;False;False;False;False;False;True;False;False;False;False;False;True
2026-03-08 12:00:00;1533.74875;12.1;False;False;False;False;False;True;False;False;False;False;False;True
2026-03-08 13:00:00;4969.1984999999995;12.9;False;False;False;False;False;True;False;False;False;False;False;True
2026-03-08 14:00:00;2392.3365;13.4;False;False;False;False;False;True;False;False;False;False;False;True
2026-03-08 15:00:00;1477.496;13.3;False;False;False;False;False;True;False;False;False;False;False;True
2026-03-08 16:00:00;2027.8007499999999;12.5;False;False;False;False;False;True;False;False;False;False;False;True
2026-03-08 17:00:00;1924.23675;9.4;False;False;False;False;False;True;False;False;False;False;False;True
2026-03-08 18:00:00;1339.40775;6.2;False;False;False;False;False;True;False;False;False;False;False;True
2026-03-08 19:00:00;992.1875;5.9;False;False;False;False;False;True;False;False;False;False;False;True
2026-03-08 20:00:00;1191.018;6.2;False;False;False;False;False;True;False;False;False;False;False;True
2026-03-08 21:00:00;3281.28175;6.0;False;False;False;False;False;True;False;False;False;False;False;True
2026-03-08 22:00:00;2750.8852500000003;6.2;False;False;False;False;False;True;False;False;False;False;False;True
2026-03-08 23:00:00;2077.47225;5.8;False;False;False;False;False;True;False;False;False;False;False;True
2026-03-09 00:00:00;1669.124;5.6;False;False;False;False;False;False;False;False;False;False;False;False
2026-03-09 01:00:00;2920.80125;5.3;False;False;False;False;False;False;False;False;False;False;False;False
2026-03-09 02:00:00;6097.55225;4.6;False;False;False;False;False;False;False;False;False;False;False;False
2026-03-09 03:00:00;1554.99725;4.2;False;False;False;False;False;False;False;False;False;False;False;False
2026-03-09 04:00:00;1631.684;4.1;False;False;False;False;False;False;False;False;False;False;False;False
2026-03-09 05:00:00;3088.1310000000003;4.0;False;False;False;False;False;False;False;False;False;False;False;False
2026-03-09 06:00:00;2988.09645;3.8;False;False;False;False;False;False;False;False;False;False;False;False
2026-03-09 07:00:00;2888.0619;4.8;False;False;False;False;False;False;False;False;False;False;False;False
2026-03-09 08:00:00;2788.02735;5.8;False;False;False;False;False;False;False;False;False;False;False;False
2026-03-09 09:00:00;2687.9928;7.2;False;False;False;False;False;False;False;False;False;False;False;False
2026-03-09 10:00:00;2587.9582499999997;8.6;False;False;False;False;False;False;False;False;False;False;False;False
2026-03-09 11:00:00;2591.0915;9.7;False;False;False;False;False;False;False;False;False;False;False;False
2026-03-09 12:00:00;4078.1785;10.8;False;False;False;False;False;False;False;False;False;False;False;False
2026-03-09 13:00:00;1517.97125;11.1;False;False;False;False;False;False;False;False;False;False;False;False
2026-03-09 14:00:00;2125.009;11.6;False;False;False;False;False;False;False;False;False;False;False;False
2026-03-09 15:00:00;2213.13;11.6;False;False;False;False;False;False;False;False;False;False;False;False
2026-03-09 16:00:00;1826.8425;11.0;False;False;False;False;False;False;False;False;False;False;False;False
2026-03-09 17:00:00;3600.38175;9.7;False;False;False;False;False;False;False;False;False;False;False;False
2026-03-09 18:00:00;1662.6302500000002;8.0;False;False;False;False;False;False;False;False;False;False;False;False
2026-03-09 19:00:00;1102.2327500000001;7.6;False;False;False;False;False;False;False;False;False;False;False;False
2026-03-09 20:00:00;1144.715;7.0;False;False;False;False;False;False;False;False;False;False;False;False
2026-03-09 21:00:00;2988.7155000000002;6.9;False;False;False;False;False;False;False;False;False;False;False;False
2026-03-09 22:00:00;2318.666;6.7;False;False;False;False;False;False;False;False;False;False;False;False
2026-03-09 23:00:00;1780.5255;5.9;False;False;False;False;False;False;False;False;False;False;False;False
2026-03-10 00:00:00;2910.68175;5.2;True;False;False;False;False;False;True;False;False;False;False;False
2026-03-10 01:00:00;1606.8917499999998;5.2;True;False;False;False;False;False;True;False;False;False;False;False
2026-03-10 02:00:00;1834.1554999999998;4.8;True;False;False;False;False;False;True;False;False;False;False;False
2026-03-10 03:00:00;4724.24325;4.0;True;False;False;False;False;False;True;False;False;False;False;False
2026-03-10 04:00:00;3693.11825;3.0;True;False;False;False;False;False;True;False;False;False;False;False
2026-03-10 05:00:00;2817.92825;2.2;True;False;False;False;False;False;True;False;False;False;False;False
2026-03-10 06:00:00;1662.96;2.0;True;False;False;False;False;False;True;False;False;False;False;False
2026-03-10 07:00:00;1411.30325;2.8;True;False;False;False;False;False;True;False;False;False;False;False
2026-03-10 08:00:00;1396.58375;4.8;True;False;False;False;False;False;True;False;False;False;False;False
2026-03-10 09:00:00;678.41325;6.3;True;False;False;False;False;False;True;False;False;False;False;False
2026-03-10 10:00:00;800.63775;7.5;True;False;False;False;False;False;True;False;False;False;False;False
2026-03-10 11:00:00;2031.7282500000001;8.4;True;False;False;False;False;False;True;False;False;False;False;False
2026-03-10 12:00:00;4061.8022499999997;8.9;True;False;False;False;False;False;True;False;False;False;False;False
2026-03-10 13:00:00;4107.1402499999995;9.9;True;False;False;False;False;False;True;False;False;False;False;False
2026-03-10 14:00:00;2908.1949999999997;10.4;True;False;False;False;False;False;True;False;False;False;False;False
2026-03-10 15:00:00;2550.725;10.4;True;False;False;False;False;False;True;False;False;False;False;False
2026-03-10 16:00:00;1788.03375;10.1;True;False;False;False;False;False;True;False;False;False;False;False
2026-03-10 17:00:00;2543.78975;8.9;True;False;False;False;False;False;True;False;False;False;False;False
2026-03-10 18:00:00;1563.43575;6.3;True;False;False;False;False;False;True;False;False;False;False;False
2026-03-10 19:00:00;1091.9624999999999;5.8;True;False;False;False;False;False;True;False;False;False;False;False
2026-03-10 20:00:00;2820.7515000000003;5.6;True;False;False;False;False;False;True;False;False;False;False;False
2026-03-10 21:00:00;2431.65825;4.8;True;False;False;False;False;False;True;False;False;False;False;False
2026-03-10 22:00:00;2185.2885;4.4;True;False;False;False;False;False;True;False;False;False;False;False
2026-03-10 23:00:00;2130.8632500000003;4.5;True;False;False;False;False;False;True;False;False;False;False;False
2026-03-11 00:00:00;1892.9767500000003;4.1;False;True;False;False;False;False;False;True;False;False;False;False
2026-03-11 01:00:00;2013.29275;2.6;False;True;False;False;False;False;False;True;False;False;False;False
2026-03-11 02:00:00;2852.90875;3.4;False;True;False;False;False;False;False;True;False;False;False;False
2026-03-11 03:00:00;4557.302250000001;3.0;False;True;False;False;False;False;False;True;False;False;False;False
2026-03-11 04:00:00;1893.0275;2.8;False;True;False;False;False;False;False;True;False;False;False;False
2026-03-11 05:00:00;3109.54375;2.8;False;True;False;False;False;False;False;True;False;False;False;False
2026-03-11 06:00:00;1054.2275;3.0;False;True;False;False;False;False;False;True;False;False;False;False
2026-03-11 07:00:00;1135.513;3.7;False;True;False;False;False;False;False;True;False;False;False;False
2026-03-11 08:00:00;895.65925;6.4;False;True;False;False;False;False;False;True;False;False;False;False
2026-03-11 09:00:00;1111.70525;8.2;False;True;False;False;False;False;False;True;False;False;False;False
2026-03-11 10:00:00;794.2775;9.4;False;True;False;False;False;False;False;True;False;False;False;False
2026-03-11 11:00:00;1005.3979999999999;10.1;False;True;False;False;False;False;False;True;False;False;False;False
2026-03-11 12:00:00;1451.89775;10.5;False;True;False;False;False;False;False;True;False;False;False;False
2026-03-11 13:00:00;735.39175;10.6;False;True;False;False;False;False;False;True;False;False;False;False
2026-03-11 14:00:00;1102.36575;11.5;False;True;False;False;False;False;False;True;False;False;False;False
2026-03-11 15:00:00;2617.0505;11.2;False;True;False;False;False;False;False;True;False;False;False;False
2026-03-11 16:00:00;3511.22625;10.6;False;True;False;False;False;False;False;True;False;False;False;False
2026-03-11 17:00:00;2203.46675;8.6;False;True;False;False;False;False;False;True;False;False;False;False
2026-03-11 18:00:00;3608.2572499999997;6.6;False;True;False;False;False;False;False;True;False;False;False;False
2026-03-11 19:00:00;1585.758;6.4;False;True;False;False;False;False;False;True;False;False;False;False
2026-03-11 20:00:00;951.986;5.8;False;True;False;False;False;False;False;True;False;False;False;False
2026-03-11 21:00:00;1189.33;5.2;False;True;False;False;False;False;False;True;False;False;False;False
2026-03-11 22:00:00;1256.28675;4.6;False;True;False;False;False;False;False;True;False;False;False;False
2026-03-11 23:00:00;1655.887;4.4;False;True;False;False;False;False;False;True;False;False;False;False
2026-03-12 00:00:00;2010.8472499999998;4.2;False;False;True;False;False;False;False;False;True;False;False;False
2026-03-12 01:00:00;1916.96;4.2;False;False;True;False;False;False;False;False;True;False;False;False
2026-03-12 02:00:00;1625.51525;4.3;False;False;True;False;False;False;False;False;True;False;False;False
2026-03-12 03:00:00;6337.7435000000005;4.4;False;False;True;False;False;False;False;False;True;False;False;False
2026-03-12 04:00:00;3180.8982499999997;4.1;False;False;True;False;False;False;False;False;True;False;False;False
2026-03-12 05:00:00;2015.3355000000001;3.8;False;False;True;False;False;False;False;False;True;False;False;False
2026-03-12 06:00:00;1626.50475;4.0;False;False;True;False;False;False;False;False;True;False;False;False
2026-03-12 07:00:00;1007.0745;4.1;False;False;True;False;False;False;False;False;True;False;False;False
2026-03-12 08:00:00;980.516;4.6;False;False;True;False;False;False;False;False;True;False;False;False
2026-03-12 09:00:00;1043.63525;4.8;False;False;True;False;False;False;False;False;True;False;False;False
2026-03-12 10:00:00;1013.86175;4.9;False;False;True;False;False;False;False;False;True;False;False;False
2026-03-12 11:00:00;3814.8555;5.4;False;False;True;False;False;False;False;False;True;False;False;False
2026-03-12 12:00:00;7263.194;5.3;False;False;True;False;False;False;False;False;True;False;False;False
2026-03-12 13:00:00;1799.18175;6.6;False;False;True;False;False;False;False;False;True;False;False;False
2026-03-12 14:00:00;1669.47125;7.4;False;False;True;False;False;False;False;False;True;False;False;False
2026-03-12 15:00:00;2198.63125;7.7;False;False;True;False;False;False;False;False;True;False;False;False
2026-03-12 16:00:00;2197.59875;7.5;False;False;True;False;False;False;False;False;True;False;False;False
2026-03-12 17:00:00;2652.6065;6.8;False;False;True;False;False;False;False;False;True;False;False;False
2026-03-12 18:00:00;3243.067;4.4;False;False;True;False;False;False;False;False;True;False;False;False
