date;forecast;actual;weather_combo
2026-02-21 00:00:00;3451.1942096750186;3220.53525;[]
2026-02-21 01:00:00;3623.264895137775;4944.16275;[]
2026-02-21 02:00:00;3383.6765638930497;3109.51675;[]
2026-02-21 03:00:00;2978.0175583764258;3107.83475;[]
2026-02-21 04:00:00;3447.054461118899;3534.54725;[]
2026-02-21 05:00:00;3604.7362181336316;3540.4435;[]
2026-02-21 06:00:00;3630.8583976739983;2907.9265;[]
2026-02-21 07:00:00;4007.476430628014;3075.088;[]
2026-02-21 08:00:00;4136.152488286206;3908.9975;[]
2026-02-21 09:00:00;4085.9570718328723;5084.14325;[]
2026-02-21 10:00:00;3837.773317436304;3648.72875;[]
2026-02-21 11:00:00;3944.714323349022;2904.00575;[]
2026-02-21 12:00:00;3838.2827666864528;3646.29625;[]
2026-02-21 13:00:00;3682.176299184325;3093.9895;[]
2026-02-21 14:00:00;3907.96111432246;3318.7700000000004;[]
2026-02-21 15:00:00;3819.214420609839;3322.10225;[]
2026-02-21 16:00:00;3913.5139968274143;3020.13275;[]
2026-02-21 17:00:00;4532.104824428922;2320.5085;[]
2026-02-21 18:00:00;5259.245193940296;3975.71575;[]
2026-02-21 19:00:00;3924.966971988977;3784.02475;[]
2026-02-21 20:00:00;4313.722934848085;3627.47425;[]
2026-02-21 21:00:00;4090.1187826678697;4353.26275;[]
2026-02-21 22:00:00;3652.4457902409436;3946.12675;[]
2026-02-21 23:00:00;3676.9254198127264;2380.04225;[]
2026-02-22 00:00:00;2909.0190652884758;2629.34925;[]
2026-02-22 01:00:00;3199.010563949435;2120.21475;[]
2026-02-22 02:00:00;3013.049830704929;2591.9735000000005;[]
2026-02-22 03:00:00;2910.4200779538605;2107.6405;[]
2026-02-22 04:00:00;3066.8913580336916;2663.44675;[]
2026-02-22 05:00:00;3186.4574229384766;2201.2252500000004;[]
2026-02-22 06:00:00;3147.0812645538535;3617.4885;[]
2026-02-22 07:00:00;3519.2223227467616;2402.6565;[]
2026-02-22 08:00:00;3631.336795517048;2474.27325;[]
2026-02-22 09:00:00;3717.6658881079265;2407.15;[]
2026-02-22 10:00:00;3161.202962905788;2644.01375;[]
2026-02-22 11:00:00;3526.159597469098;2835.98975;[]
2026-02-22 12:00:00;3349.519502420263;2392.25975;[]
2026-02-22 13:00:00;3424.2225666690515;2305.58525;[]
2026-02-22 14:00:00;3227.6175533808423;3217.099;[]
2026-02-22 15:00:00;3207.805070795039;1857.12725;[]
2026-02-22 16:00:00;3687.1936114751734;1684.09225;[]
2026-02-22 17:00:00;4224.487760278822;2181.636;[]
2026-02-22 18:00:00;5112.598531116349;3896.849;[]
2026-02-22 19:00:00;3197.620797375449;2929.2675;[]
2026-02-22 20:00:00;3973.8883733975476;3539.39125;[]
2026-02-22 21:00:00;3706.584680575194;3225.271;[]
2026-02-22 22:00:00;3310.8995113364167;2870.692;[]
2026-02-22 23:00:00;2954.0108224205223;2738.51825;[]
2026-02-23 00:00:00;2638.371408648043;1746.72925;[]
2026-02-23 01:00:00;2677.2327492517284;2174.40925;[]
2026-02-23 02:00:00;2233.3881806883037;2312.4432500000003;[]
2026-02-23 03:00:00;2294.741659275135;2503.66025;[]
2026-02-23 04:00:00;2297.7840252780093;2444.362;[]
2026-02-23 05:00:00;2389.5405408721563;2905.5025;[]
2026-02-23 06:00:00;2399.5812705943918;2810.3165;[]
2026-02-23 07:00:00;2614.234547465596;3784.323;[]
2026-02-23 08:00:00;2883.5959488754456;3324.1055;[]
2026-02-23 09:00:00;2800.595615586051;2637.14525;[]
2026-02-23 10:00:00;2641.916375894798;2564.26675;[]
2026-02-23 11:00:00;2738.1172544885117;2422.39275;[]
2026-02-23 12:00:00;2570.350933589818;1688.8627499999998;[]
2026-02-23 13:00:00;2449.979620782486;1263.13575;[]
2026-02-23 14:00:00;2659.5004195909605;2432.09175;[]
2026-02-23 15:00:00;2221.7581082774386;3639.514;[]
2026-02-23 16:00:00;2997.7003443840986;3844.585;[]
2026-02-23 17:00:00;3723.962627166588;7690.8945;[]
2026-02-23 18:00:00;4131.4802502271505;7286.809499999999;[]
2026-02-23 19:00:00;3121.75744862088;1459.71375;[]
2026-02-23 20:00:00;3103.584746927013;2066.23975;[]
2026-02-23 21:00:00;2952.45895993733;4231.92425;[]
2026-02-23 22:00:00;2608.3051512487627;3387.08275;[]
2026-02-23 23:00:00;2806.8046459221473;2707.083;[]
2026-02-24 00:00:00;2814.4054528170345;2087.3587500000003;[]
2026-02-24 01:00:00;3179.0142646862705;2805.0935;[]
2026-02-24 02:00:00;2608.4159473805553;2305.28275;[]
2026-02-24 03:00:00;2688.8864385198285;2668.79575;[]
2026-02-24 04:00:00;2732.3287698944996;2515.11175;[]
2026-02-24 05:00:00;2887.576006855466;3203.1455;[]
2026-02-24 06:00:00;2801.2518297946226;2993.927;[]
2026-02-24 07:00:00;2988.185909140527;3073.1355000000003;[]
2026-02-24 08:00:00;3092.0301377377423;3171.7027500000004;[]
2026-02-24 09:00:00;3581.236002581016;3257.02575;[]
2026-02-24 10:00:00;2943.4579188693733;2908.47525;[]
2026-02-24 11:00:00;3012.6270000350496;2711.759;[]
2026-02-24 12:00:00;3110.1152064986804;2309.90175;[]
2026-02-24 13:00:00;3147.136630193344;739.952;[]
2026-02-24 14:00:00;2983.089519883711;2432.09175;[]
2026-02-24 15:00:00;2835.8934499280613;3639.514;[]
2026-02-24 16:00:00;2889.420212551481;3844.585;[]
2026-02-24 17:00:00;3855.8891916741254;7690.8945;[]
2026-02-24 18:00:00;3939.4864884882027;7286.809499999999;[]
2026-02-24 19:00:00;3465.341434373674;1459.71375;[]
2026-02-24 20:00:00;3636.3345115696566;2066.23975;[]
2026-02-24 21:00:00;3392.5078152897768;4231.92425;[]
2026-02-24 22:00:00;2959.2055892767744;3387.08275;[]
2026-02-24 23:00:00;2875.728983056027;2707.083;[]
2026-02-25 00:00:00;3061.194513332233;2087.3587500000003;[]
2026-02-25 01:00:00;3017.9842893247683;2805.0935;[]
2026-02-25 02:00:00;2839.6118659074386;2305.28275;[]
2026-02-25 03:00:00;2924.6802225426773;2668.79575;[]
2026-02-25 04:00:00;2947.9004146617353;2515.11175;[]
2026-02-25 05:00:00;3059.5292931570884;3203.1455;[]
2026-02-25 06:00:00;3103.1650800784087;2993.927;[]
2026-02-25 07:00:00;3299.356494684268;3073.1355000000003;[]
2026-02-25 08:00:00;3360.1536847302295;3171.7027500000004;[]
2026-02-25 09:00:00;3764.598182563237;3257.02575;[]
2026-02-25 10:00:00;3201.9922139150153;2908.47525;[]
2026-02-25 11:00:00;3067.664816974493;2711.759;[]
2026-02-25 12:00:00;3164.103038015367;2309.90175;[]
2026-02-25 13:00:00;3019.7895934695616;739.952;[]
2026-02-25 14:00:00;2821.2210223314987;1733.7510000000002;[]
2026-02-25 15:00:00;2975.020192734105;2727.55;[]
2026-02-25 16:00:00;3279.4402097979705;2268.04875;[]
2026-02-25 17:00:00;4169.021897093278;2185.0825;[]
2026-02-25 18:00:00;4730.594059216419;5401.65;[]
2026-02-25 19:00:00;3461.4160161493423;4408.7265;[]
2026-02-25 20:00:00;4404.184011898778;3120.36225;[]
2026-02-25 21:00:00;3714.461870748844;2523.31;[]
2026-02-25 22:00:00;3171.7174727007114;2395.0051041666666;[]
2026-02-25 23:00:00;2943.527840595713;2266.700208333333;[]
2026-02-26 00:00:00;2347.8467006303777;2138.3953125;[]
2026-02-26 01:00:00;2590.563292466601;2010.0904166666664;[]
2026-02-26 02:00:00;2295.679459905694;1881.785520833333;[]
2026-02-26 03:00:00;2312.286232702488;1753.4806249999997;[]
2026-02-26 04:00:00;2428.604189719141;1625.1757291666663;[]
2026-02-26 05:00:00;2663.184399287601;1496.8708333333332;[]
2026-02-26 06:00:00;2681.067628053724;1368.5659374999998;[]
2026-02-26 07:00:00;2837.902336271559;1240.2610416666664;[]
2026-02-26 08:00:00;2758.7344459719507;1111.956145833333;[]
2026-02-26 09:00:00;3010.771123051296;983.65125;[]
2026-02-26 10:00:00;2621.7360665471247;1833.2985;[]
2026-02-26 11:00:00;2669.2520042968445;3650.50475;[]
2026-02-26 12:00:00;2554.248186267208;3347.99625;[]
2026-02-26 13:00:00;1829.3704661954653;4618.702;[]
2026-02-26 14:00:00;2658.139180521517;4011.90325;[]
2026-02-26 15:00:00;2461.5281630465242;3309.00375;[]
2026-02-26 16:00:00;2605.5648521038056;2059.02025;[]
2026-02-26 17:00:00;3824.9042834167394;2137.0;[]
2026-02-26 18:00:00;4870.743719311927;5895.00775;[]
2026-02-26 19:00:00;3227.05543919506;3952.2635;[]
2026-02-26 20:00:00;3150.382198712017;3048.434;[]
2026-02-26 21:00:00;2953.4333252892256;2100.1352500000003;[]
2026-02-26 22:00:00;2683.2490916017978;2277.26325;[]
2026-02-26 23:00:00;2480.591955271419;2650.38725;[]
2026-02-27 00:00:00;2398.6194333750473;2599.7665;[]
2026-02-27 01:00:00;2489.2268189553984;2229.40875;[]
2026-02-27 02:00:00;2391.0200964642904;3347.22275;[]
2026-02-27 03:00:00;2129.5213226405576;2196.732;[]
2026-02-27 04:00:00;2247.300473370856;2473.217;[]
2026-02-27 05:00:00;2548.32282701616;2305.593;[]
2026-02-27 06:00:00;2558.9071922996195;2977.48975;[]
2026-02-27 07:00:00;2689.886604527351;3342.68125;[]
2026-02-27 08:00:00;2949.0224092556546;1551.13275;[]
2026-02-27 09:00:00;2782.1534746977745;1172.703;[]
2026-02-27 10:00:00;2563.0364120543527;1888.36825;[]
2026-02-27 11:00:00;2696.8811821403715;3043.5535;[]
2026-02-27 12:00:00;2623.878197458671;2145.57025;[]
2026-02-27 13:00:00;2234.8330562764795;756.018;[]
2026-02-27 14:00:00;2545.00612932328;761.868;[]
2026-02-27 15:00:00;2513.339082894598;1121.75;[]
2026-02-27 16:00:00;2772.209609166859;1032.1845;[]
2026-02-27 17:00:00;5005.031707354839;3098.913;[]
2026-02-27 18:00:00;4069.2662773564216;2677.49625;[]
2026-02-27 19:00:00;3058.7382713994293;2556.239;[]
2026-02-27 20:00:00;2568.5530932047773;2869.5155;[]
2026-02-27 21:00:00;3026.991402844641;3065.46925;[]
2026-02-27 22:00:00;2646.239559632618;2299.8542500000003;[]
2026-02-27 23:00:00;2439.8530541132677;2289.7025000000003;[]
2026-02-28 00:00:00;2162.732129104309;2230.26675;[]
2026-02-28 01:00:00;2273.822826624095;2372.79925;[]
2026-02-28 02:00:00;2006.2559217961011;2630.50125;[]
2026-02-28 03:00:00;1896.252914933093;1981.921;[]
2026-02-28 04:00:00;2119.339058718239;1977.72725;[]
2026-02-28 05:00:00;2286.489284952246;1957.68675;[]
2026-02-28 06:00:00;2239.7027830393804;1896.85625;[]
2026-02-28 07:00:00;2449.4985282642733;1561.8505;[]
2026-02-28 08:00:00;2512.5726421725094;1123.34475;[]
2026-02-28 09:00:00;2591.2687252991127;1466.5585;[]
2026-02-28 10:00:00;2247.6218922481175;1740.317;[]
2026-02-28 11:00:00;2184.7568350019874;2625.6695;[]
2026-02-28 12:00:00;2086.30519183443;3085.0835;[]
2026-02-28 13:00:00;2109.943187990688;1037.36475;[]
2026-02-28 14:00:00;1773.7896915214544;961.63275;[]
2026-02-28 15:00:00;1996.278046703347;954.55475;[]
2026-02-28 16:00:00;2328.256956803971;1533.92725;[]
2026-02-28 17:00:00;3283.0909556597962;2240.077;[]
2026-02-28 18:00:00;3878.319766839887;2810.08325;[]
2026-02-28 19:00:00;2168.525890964478;3149.1015;[]
2026-02-28 20:00:00;2636.857640974879;3243.71375;[]
2026-02-28 21:00:00;2980.5184074679896;2889.52425;[]
2026-02-28 22:00:00;2235.761758233512;2945.9410000000003;[]
2026-02-28 23:00:00;2145.4775723830962;3344.285;[]
2026-03-01 00:00:00;2507.0960276683963;4005.7825;[]
2026-03-01 01:00:00;2230.427219174085;3224.6197500000003;[]
2026-03-01 02:00:00;1838.9191755475044;2222.49475;[]
2026-03-01 03:00:00;2123.2884851092913;2238.53325;[]
2026-03-01 04:00:00;2046.1419775341208;2105.89225;[]
2026-03-01 05:00:00;2458.460042200146;1895.93;[]
2026-03-01 06:00:00;2274.2797492424343;1915.9515;[]
2026-03-01 07:00:00;2482.3243589067456;1744.8925;[]
2026-03-01 08:00:00;2623.0801699236163;1552.0675;[]
2026-03-01 09:00:00;2593.997421673399;1486.991;[]
2026-03-01 10:00:00;1641.845924373319;1424.3685;[]
2026-03-01 11:00:00;2206.3686298483312;1848.2955;[]
2026-03-01 12:00:00;2199.5542797024873;2020.3935;[]
2026-03-01 13:00:00;1970.992558703582;1075.92025;[]
2026-03-01 14:00:00;1856.8003350420256;2221.634;[]
2026-03-01 15:00:00;1991.6616595127246;1621.3802500000002;[]
2026-03-01 16:00:00;2253.1106760484504;2940.9017500000004;[]
2026-03-01 17:00:00;3120.7864977586964;3469.55025;[]
2026-03-01 18:00:00;3886.5103295370745;3401.025;[]
2026-03-01 19:00:00;2471.330611155999;4648.9400000000005;[]
2026-03-01 20:00:00;2810.879272434709;3172.72825;[]
2026-03-01 21:00:00;2652.9317676541204;3724.67375;[]
2026-03-01 22:00:00;2281.990814743064;2194.51425;[]
2026-03-01 23:00:00;2214.1616485142663;2766.385;[]
2026-03-02 00:00:00;2622.6792713883196;3246.745;[]
2026-03-02 01:00:00;2483.539619107023;2790.22925;[]
2026-03-02 02:00:00;2378.4428571974636;2155.6665;[]
2026-03-02 03:00:00;2296.4398978626728;2621.298;[]
2026-03-02 04:00:00;2407.8433214271136;2217.16675;[]
2026-03-02 05:00:00;2382.1457823801775;2487.078;[]
2026-03-02 06:00:00;2423.604547686395;3034.98225;[]
2026-03-02 07:00:00;2495.964620977143;703.9855;[]
2026-03-02 08:00:00;2389.961364163386;3024.90775;[]
2026-03-02 09:00:00;2458.6073717591025;1042.5125;[]
2026-03-02 10:00:00;2305.582025055843;1443.9805;[]
2026-03-02 11:00:00;2574.5836531168857;3115.7045;[]
2026-03-02 12:00:00;2360.359755884573;3578.4032500000003;[]
2026-03-02 13:00:00;1927.7570644426683;4828.33975;[]
2026-03-02 14:00:00;2284.054926032777;4235.00525;[]
2026-03-02 15:00:00;1935.4710655506337;4154.5925;[]
2026-03-02 16:00:00;2417.563360256297;2162.64175;[]
2026-03-02 17:00:00;4114.981847646506;2929.2985;[]
2026-03-02 18:00:00;4841.637238307452;4386.6975;[]
2026-03-02 19:00:00;2577.9939757909615;3566.40925;[]
2026-03-02 20:00:00;2888.9981851269195;3250.582;[]
2026-03-02 21:00:00;3033.539032768007;2445.295;[]
2026-03-02 22:00:00;2462.898706153065;3048.3762500000003;[]
2026-03-02 23:00:00;2372.187327267863;2899.3835;[]
2026-03-03 00:00:00;2628.1956493968455;2072.42525;[]
2026-03-03 01:00:00;2632.5394648078623;2646.535;[]
2026-03-03 02:00:00;2637.160558872473;2631.8955;[]
2026-03-03 03:00:00;2463.2473942368265;3036.797;[]
2026-03-03 04:00:00;2824.579222391271;2119.68425;[]
2026-03-03 05:00:00;2668.657020409811;2895.75175;[]
2026-03-03 06:00:00;2774.9688919000046;3432.59825;[]
2026-03-03 07:00:00;2525.2810534249893;524.39675;[]
2026-03-03 08:00:00;2858.2532368167695;1743.91575;[]
2026-03-03 09:00:00;2439.798539879401;1520.6104999999998;[]
2026-03-03 10:00:00;2175.0123198098318;1320.03525;[]
2026-03-03 11:00:00;2882.405882175492;2607.65675;[]
2026-03-03 12:00:00;2862.61053165919;4472.4735;[]
2026-03-03 13:00:00;2137.9038905838484;4663.9335;[]
2026-03-03 14:00:00;2778.4899392180496;4119.155;[]
2026-03-03 15:00:00;2618.1868994792944;3445.13;[]
2026-03-03 16:00:00;2754.896831081433;2418.37475;[]
2026-03-03 17:00:00;3987.5661152388375;3358.39975;[]
2026-03-03 18:00:00;4975.0694286594135;6378.4400000000005;[]
2026-03-03 19:00:00;3436.3908201041263;2789.0335;[]
2026-03-03 20:00:00;3359.9576994290833;3805.4915;[]
2026-03-03 21:00:00;3060.1710819259706;3770.307;[]
2026-03-03 22:00:00;2837.7671567094235;2653.62925;[]
2026-03-03 23:00:00;2765.895833957548;2743.64325;[]
2026-03-04 00:00:00;2755.4940427739375;2341.52875;[]
2026-03-04 01:00:00;2813.370609251915;2976.6625;[]
2026-03-04 02:00:00;2732.508175153935;2663.9955;[]
2026-03-04 03:00:00;2717.803735438865;2132.85775;[]
2026-03-04 04:00:00;2804.073111557087;2686.453;[]
2026-03-04 05:00:00;2885.720316191137;2480.783;[]
2026-03-04 06:00:00;2975.489286652672;2484.50025;[]
2026-03-04 07:00:00;3118.1510462797364;3750.57025;[]
2026-03-04 08:00:00;2847.9205605196053;962.9825;[]
2026-03-04 09:00:00;3291.186564262409;913.50825;[]
2026-03-04 10:00:00;2278.1040690951213;2335.989;[]
2026-03-04 11:00:00;2896.0583919073797;2978.1815;[]
2026-03-04 12:00:00;3026.6733678873543;4587.24025;[]
2026-03-04 13:00:00;3408.4975828247525;4646.554749999999;[]
2026-03-04 14:00:00;2820.245882892686;4490.52625;[]
2026-03-04 15:00:00;2668.0715934742616;3957.3565;[]
2026-03-04 16:00:00;2804.671581165293;2997.356;[]
2026-03-04 17:00:00;3780.7631071286014;1464.8985;[]
2026-03-04 18:00:00;3758.2932398455578;4648.4705;[]
2026-03-04 19:00:00;3138.905804603656;4129.09025;[]
2026-03-04 20:00:00;3510.450285406202;3670.78525;[]
2026-03-04 21:00:00;3433.855884421928;2636.34375;[]
2026-03-04 22:00:00;2874.5238757955112;3060.88225;[]
2026-03-04 23:00:00;2869.223816075339;3818.83625;[]
2026-03-05 00:00:00;3275.83024155037;2839.1465;[]
2026-03-05 01:00:00;3003.0476798948084;2795.9970000000003;[]
2026-03-05 02:00:00;2920.2953658959627;2804.9217500000004;[]
2026-03-05 03:00:00;2783.223643542719;2636.8767500000004;[]
2026-03-05 04:00:00;2922.1937692644583;2252.3625;[]
2026-03-05 05:00:00;2977.2925376412913;2891.4347500000003;[]
2026-03-05 06:00:00;3270.7068407660113;3542.1585;[]
2026-03-05 07:00:00;3563.2633331669545;4354.528;[]
2026-03-05 08:00:00;3170.6804004685873;2665.74625;[]
2026-03-05 09:00:00;3116.684183993145;1302.7145;[]
2026-03-05 10:00:00;2714.50494693776;2217.8925;[]
2026-03-05 11:00:00;3062.0110032592897;1661.2067499999998;[]
2026-03-05 12:00:00;3284.380612671318;1502.9172500000002;[]
2026-03-05 13:00:00;2914.5865952495797;869.1479999999999;[]
2026-03-05 14:00:00;2967.790282190291;1631.13325;[]
2026-03-05 15:00:00;3061.2755805105876;3945.8165;[]
2026-03-05 16:00:00;3000.3898183211804;2468.259;[]
2026-03-05 17:00:00;3369.1058192362634;3224.5152499999995;[]
2026-03-05 18:00:00;5678.353068321994;5428.21475;[]
2026-03-05 19:00:00;3228.948860057789;3815.672;[]
2026-03-05 20:00:00;3524.8172206929376;4185.101;[]
2026-03-05 21:00:00;3255.849327117967;2708.38675;[]
2026-03-05 22:00:00;2982.5069586854934;2625.80675;[]
2026-03-05 23:00:00;3132.9854048834095;2412.5550000000003;[]
2026-03-06 00:00:00;2300.3334624024224;2537.2190000000005;[]
2026-03-06 01:00:00;2601.0646282347134;2795.9970000000003;[]
2026-03-06 02:00:00;2502.7995401916664;2804.9217500000004;[]
2026-03-06 03:00:00;2446.0913356264696;2636.8767500000004;[]
2026-03-06 04:00:00;2604.7340880595766;2252.3625;[]
2026-03-06 05:00:00;2621.0395254972723;2891.4347500000003;[]
2026-03-06 06:00:00;2825.0886307925753;3542.1585;[]
2026-03-06 07:00:00;2942.015556229152;4354.528;[]
2026-03-06 08:00:00;2817.141170189783;1813.133;[]
2026-03-06 09:00:00;2732.4791080035193;1455.8512500000002;[]
2026-03-06 10:00:00;2602.304565935988;2485.7415;[]
2026-03-06 11:00:00;2602.242462306956;4530.7165;[]
2026-03-06 12:00:00;2528.0470546666897;4249.43025;[]
2026-03-06 13:00:00;2266.648533474436;2027.85775;[]
2026-03-06 14:00:00;2985.1405795510486;1419.4865;[]
2026-03-06 15:00:00;3514.7332586029142;3713.09525;[]
2026-03-06 16:00:00;2816.2570361376315;2572.8035;[]
2026-03-06 17:00:00;3460.166317344233;3580.1215;[]
2026-03-06 18:00:00;4631.064928604356;6152.42875;[]
2026-03-06 19:00:00;2954.6526454248683;3479.48725;[]
2026-03-06 20:00:00;3377.770582419059;2790.91975;[]
2026-03-06 21:00:00;3058.853996285943;2074.9595;[]
2026-03-06 22:00:00;2770.9927223734244;1739.635;[]
2026-03-06 23:00:00;2545.074777385219;2311.847;[]
2026-03-07 00:00:00;2533.8459465277374;2138.156;[]
2026-03-07 01:00:00;2707.8292973547996;2338.306;[]
2026-03-07 02:00:00;2598.764939774898;2584.2935;[]
2026-03-07 03:00:00;2480.8132238076937;1668.98875;[]
2026-03-07 04:00:00;2588.3711659406877;1610.39575;[]
2026-03-07 05:00:00;2708.588032255571;2070.308;[]
2026-03-07 06:00:00;2919.7395798686216;2090.612;[]
2026-03-07 07:00:00;2927.4227083620613;1457.96075;[]
2026-03-07 08:00:00;2697.79797347473;756.50275;[]
2026-03-07 09:00:00;2133.6440025565275;1590.6302500000002;[]
2026-03-07 10:00:00;2396.8557720356575;1327.3035;[]
2026-03-07 11:00:00;3071.957600900175;2811.17875;[]
2026-03-07 12:00:00;3181.812602801732;1682.80625;[]
2026-03-07 13:00:00;2510.6531989843793;1354.13025;[]
2026-03-07 14:00:00;2615.5090702781717;951.723;[]
2026-03-07 15:00:00;3600.97723206222;2364.96775;[]
2026-03-07 16:00:00;2620.5890581598296;2298.85875;[]
2026-03-07 17:00:00;3488.3866934603;2192.87;[]
2026-03-07 18:00:00;5012.768498880038;3587.63775;[]
2026-03-07 19:00:00;3106.27112782857;4620.41925;[]
2026-03-07 20:00:00;3106.46007537237;4156.529;[]
2026-03-07 21:00:00;3155.0365913646947;2222.4085;[]
2026-03-07 22:00:00;2765.2703770290636;4127.96075;[]
2026-03-07 23:00:00;2583.160260247925;2806.2985;[]
2026-03-08 00:00:00;2286.5599187694243;2072.6980000000003;[]
2026-03-08 01:00:00;2310.3536970572623;3777.8255;[]
2026-03-08 02:00:00;2232.7352029299773;1967.07825;[]
2026-03-08 03:00:00;1918.8416892751716;2125.10075;[]
2026-03-08 04:00:00;1937.9460878668665;2076.188;[]
2026-03-08 05:00:00;2315.80878640193;2075.50675;[]
2026-03-08 06:00:00;2451.8669461825275;1866.8475;[]
2026-03-08 07:00:00;2206.7662467623795;1325.2725;[]
2026-03-08 08:00:00;1654.0111371786518;995.868;[]
2026-03-08 09:00:00;1656.4200061833296;913.16325;[]
2026-03-08 10:00:00;2038.392411467793;1799.62;[]
2026-03-08 11:00:00;2369.823750115178;2870.49225;[]
2026-03-08 12:00:00;2489.982378730194;1250.2222499999998;[]
2026-03-08 13:00:00;1626.8915523942046;1831.10675;[]
2026-03-08 14:00:00;1555.0236367951168;1428.14675;[]
2026-03-08 15:00:00;2478.88715910641;1477.5485;[]
2026-03-08 16:00:00;2401.099061849755;2029.1785;[]
2026-03-08 17:00:00;2908.717299665133;1926.54075;[]
2026-03-08 18:00:00;4107.422509846158;3786.51925;[]
2026-03-08 19:00:00;2917.828390127038;3130.8587500000003;[]
2026-03-08 20:00:00;3131.3166880684203;4166.77175;[]
2026-03-08 21:00:00;2721.8610228087955;3548.41575;[]
2026-03-08 22:00:00;2702.3727506330415;2750.8852500000003;[]
2026-03-08 23:00:00;2459.2615752376796;2077.47225;[]
2026-03-09 00:00:00;2000.9434092793656;1669.124;[]
2026-03-09 01:00:00;2485.4307822386163;2920.80125;[]
2026-03-09 02:00:00;2051.737863824118;2274.465;[]
2026-03-09 03:00:00;1931.6370408176915;1554.71575;[]
2026-03-09 04:00:00;1750.9345174278376;1631.3594999999998;[]
2026-03-09 05:00:00;2181.659852021012;3087.776;[]
2026-03-09 06:00:00;2412.154760462209;1866.8475;[]
2026-03-09 07:00:00;1705.4474490340294;1325.2725;[]
2026-03-09 08:00:00;2291.260192695642;995.868;[]
2026-03-09 09:00:00;941.5702709214017;913.16325;[]
2026-03-09 10:00:00;1829.6435259257237;2129.53325;[]
2026-03-09 11:00:00;2503.104542521426;2527.43425;[]
2026-03-09 12:00:00;2167.3485125752113;4109.2385;[]
2026-03-09 13:00:00;1921.282571273483;2127.6040000000003;[]
2026-03-09 14:00:00;2503.298427269722;1350.60725;[]
2026-03-09 15:00:00;2249.2174419788535;2213.1385;[]
2026-03-09 16:00:00;2131.5112417835303;1826.9195;[]
2026-03-09 17:00:00;2578.318192283635;3601.039;[]
2026-03-09 18:00:00;4051.8384614696884;6124.2245;[]
2026-03-09 19:00:00;2945.8841836567058;3677.76775;[]
2026-03-09 20:00:00;3192.9971272386806;2136.94175;[]
2026-03-09 21:00:00;2616.1744133572925;2988.7155;[]
2026-03-09 22:00:00;2445.9534688151944;2318.666;[]
2026-03-09 23:00:00;2373.9595600202647;1780.5255;[]
2026-03-10 00:00:00;1847.493999992667;2910.68175;[]
2026-03-10 01:00:00;2383.836376833445;1606.8917499999998;[]
2026-03-10 02:00:00;2224.1708745727215;1834.1555;[]
2026-03-10 03:00:00;1858.572678819304;1829.8265;[]
2026-03-10 04:00:00;1845.7442893987222;1621.01425;[]
2026-03-10 05:00:00;2420.920875143676;2817.76325;[]
2026-03-10 06:00:00;2161.0224169772687;2770.8007500000003;[]
2026-03-10 07:00:00;1745.3115453084597;3333.38175;[]
2026-03-10 08:00:00;1495.5337500785674;2793.15375;[]
2026-03-10 09:00:00;1343.7952274204845;1767.713;[]
2026-03-10 10:00:00;1848.410168851644;2210.927;[]
2026-03-10 11:00:00;2490.253728337369;3412.94075;[]
2026-03-10 12:00:00;2640.685388738485;4061.66425;[]
2026-03-10 13:00:00;1913.18396351812;4106.809499999999;[]
2026-03-10 14:00:00;1814.258640444212;2908.1775;[]
2026-03-10 15:00:00;2319.8536237699477;2550.7335;[]
2026-03-10 16:00:00;2434.6723601757976;1788.1075;[]
2026-03-10 17:00:00;3363.149532482251;2544.117;[]
2026-03-10 18:00:00;5336.386586844669;5236.5315;[]
2026-03-10 19:00:00;3114.980561693484;3303.29325;[]
2026-03-10 20:00:00;2597.481724929439;4674.07575;[]
2026-03-10 21:00:00;2769.6570105419664;2431.65825;[]
2026-03-10 22:00:00;2396.8158521271143;2185.2885;[]
2026-03-10 23:00:00;2352.4934543726254;2130.8632500000003;[]
2026-03-11 00:00:00;2412.4836458445984;1892.9767500000005;[]
2026-03-11 01:00:00;2469.341681505019;2013.29275;[]
2026-03-11 02:00:00;2332.764090885883;1828.167;[]
2026-03-11 03:00:00;2179.6231770152076;1877.80425;[]
2026-03-11 04:00:00;2062.8513290386763;1892.7795;[]
2026-03-11 05:00:00;2629.705771394484;3109.4265;[]
2026-03-11 06:00:00;2690.36009480217;2762.2815;[]
2026-03-11 07:00:00;2564.1325598011636;2268.42275;[]
2026-03-11 08:00:00;2053.9834860287083;1332.15575;[]
2026-03-11 09:00:00;1648.220101551406;946.02025;[]
2026-03-11 10:00:00;2245.706379991664;2953.6225000000004;[]
2026-03-11 11:00:00;2933.284351447688;3048.2492500000003;[]
2026-03-11 12:00:00;3410.9155010767877;1016.1849999999998;[]
2026-03-11 13:00:00;3225.40466322273;735.11675;[]
2026-03-11 14:00:00;2377.0130119093214;1102.20775;[]
2026-03-11 15:00:00;2910.326750014128;2617.099;[]
2026-03-11 16:00:00;2381.3524689992296;3511.27;[]
2026-03-11 17:00:00;3203.165806308285;2191.68175;[]
2026-03-11 18:00:00;4956.829998212024;3577.4475;[]
2026-03-11 19:00:00;3862.8841784714396;4741.882250000001;[]
2026-03-11 20:00:00;3609.3095157406915;2768.617;[]
2026-03-11 21:00:00;2843.2083613881655;3223.21725;[]
2026-03-11 22:00:00;2698.1262032065733;2263.3005;[]
2026-03-11 23:00:00;2503.1973071993325;1655.887;[]
2026-02-21 00:00:00;3622.2361511439503;3220.53525;['wind_speed']
2026-02-21 01:00:00;3717.346164488091;4944.16275;['wind_speed']
2026-02-21 02:00:00;3569.9286371834683;3109.51675;['wind_speed']
2026-02-21 03:00:00;3325.6599962306664;3107.83475;['wind_speed']
2026-02-21 04:00:00;3649.4208710081357;3534.54725;['wind_speed']
2026-02-21 05:00:00;3781.1486365017254;3540.4435;['wind_speed']
2026-02-21 06:00:00;3821.381839305926;2907.9265;['wind_speed']
2026-02-21 07:00:00;4187.981319825962;3075.088;['wind_speed']
2026-02-21 08:00:00;4264.575699376992;3908.9975;['wind_speed']
2026-02-21 09:00:00;4296.9438454282;5084.14325;['wind_speed']
2026-02-21 10:00:00;3921.9542607872236;3648.72875;['wind_speed']
2026-02-21 11:00:00;3989.4561064072504;2904.00575;['wind_speed']
2026-02-21 12:00:00;3834.262757973741;3646.29625;['wind_speed']
2026-02-21 13:00:00;3713.5678828376736;3093.9895;['wind_speed']
2026-02-21 14:00:00;3880.9534547877583;3318.7700000000004;['wind_speed']
2026-02-21 15:00:00;3831.3229878570532;3322.10225;['wind_speed']
2026-02-21 16:00:00;4033.493124678825;3020.13275;['wind_speed']
2026-02-21 17:00:00;4907.128026088056;2320.5085;['wind_speed']
2026-02-21 18:00:00;5348.724498978053;3975.71575;['wind_speed']
2026-02-21 19:00:00;4079.6654107806735;3784.02475;['wind_speed']
2026-02-21 20:00:00;4470.96008111112;3627.47425;['wind_speed']
2026-02-21 21:00:00;4285.074545023831;4353.26275;['wind_speed']
2026-02-21 22:00:00;3861.818334687561;3946.12675;['wind_speed']
2026-02-21 23:00:00;3773.4015201867246;2380.04225;['wind_speed']
2026-02-22 00:00:00;2895.2225520628344;2629.34925;['wind_speed']
2026-02-22 01:00:00;3171.703717850411;2120.21475;['wind_speed']
2026-02-22 02:00:00;3021.280340541718;2591.9735000000005;['wind_speed']
2026-02-22 03:00:00;2876.382851229416;2107.6405;['wind_speed']
2026-02-22 04:00:00;3049.2397896377583;2663.44675;['wind_speed']
2026-02-22 05:00:00;3137.5222888503777;2201.2252500000004;['wind_speed']
2026-02-22 06:00:00;3161.4690686709273;3617.4885;['wind_speed']
2026-02-22 07:00:00;3517.590842288575;2402.6565;['wind_speed']
2026-02-22 08:00:00;3588.4953469504344;2474.27325;['wind_speed']
2026-02-22 09:00:00;3722.0167102326304;2407.15;['wind_speed']
2026-02-22 10:00:00;3219.9142215186725;2644.01375;['wind_speed']
2026-02-22 11:00:00;3416.834253144461;2835.98975;['wind_speed']
2026-02-22 12:00:00;3196.9375177375045;2392.25975;['wind_speed']
2026-02-22 13:00:00;3371.4510606658337;2305.58525;['wind_speed']
2026-02-22 14:00:00;3323.353178311703;3217.099;['wind_speed']
2026-02-22 15:00:00;3424.14381050475;1857.12725;['wind_speed']
2026-02-22 16:00:00;3780.9388251337336;1684.09225;['wind_speed']
2026-02-22 17:00:00;4325.8731166059515;2181.636;['wind_speed']
2026-02-22 18:00:00;5022.132827984155;3896.849;['wind_speed']
2026-02-22 19:00:00;3650.4164817984124;2929.2675;['wind_speed']
2026-02-22 20:00:00;4045.127446054441;3539.39125;['wind_speed']
2026-02-22 21:00:00;3762.0108540978563;3225.271;['wind_speed']
2026-02-22 22:00:00;3358.429405871249;2870.692;['wind_speed']
2026-02-22 23:00:00;3000.9736890527874;2738.51825;['wind_speed']
2026-02-23 00:00:00;2539.7938940630024;1746.72925;['wind_speed']
2026-02-23 01:00:00;2540.435934799408;2174.40925;['wind_speed']
2026-02-23 02:00:00;2313.456864558588;2312.4432500000003;['wind_speed']
2026-02-23 03:00:00;2286.1207910248486;2503.66025;['wind_speed']
2026-02-23 04:00:00;2378.919122853283;2444.362;['wind_speed']
2026-02-23 05:00:00;2420.2727201985076;2905.5025;['wind_speed']
2026-02-23 06:00:00;2443.233108366995;2810.3165;['wind_speed']
2026-02-23 07:00:00;2709.6074477468005;3784.323;['wind_speed']
2026-02-23 08:00:00;2896.835408385003;3324.1055;['wind_speed']
2026-02-23 09:00:00;2911.357489233212;2637.14525;['wind_speed']
2026-02-23 10:00:00;2729.029290623678;2564.26675;['wind_speed']
2026-02-23 11:00:00;2948.6753055111003;2422.39275;['wind_speed']
2026-02-23 12:00:00;2727.701840555054;1688.8627499999998;['wind_speed']
2026-02-23 13:00:00;2685.084251544049;1263.13575;['wind_speed']
2026-02-23 14:00:00;2927.130532785202;2432.09175;['wind_speed']
2026-02-23 15:00:00;2493.8086168767786;3639.514;['wind_speed']
2026-02-23 16:00:00;3002.7501934691695;3844.585;['wind_speed']
2026-02-23 17:00:00;3793.662419893573;7690.8945;['wind_speed']
2026-02-23 18:00:00;4113.204874928784;7286.809499999999;['wind_speed']
2026-02-23 19:00:00;2985.043723756131;1459.71375;['wind_speed']
2026-02-23 20:00:00;3263.647470596719;2066.23975;['wind_speed']
2026-02-23 21:00:00;3079.4400446091267;4231.92425;['wind_speed']
2026-02-23 22:00:00;2673.887718820369;3387.08275;['wind_speed']
2026-02-23 23:00:00;2809.7872411063167;2707.083;['wind_speed']
2026-02-24 00:00:00;2791.5443021659253;2087.3587500000003;['wind_speed']
2026-02-24 01:00:00;3153.708457442144;2805.0935;['wind_speed']
2026-02-24 02:00:00;2688.463891105809;2305.28275;['wind_speed']
2026-02-24 03:00:00;2724.9653016339435;2668.79575;['wind_speed']
2026-02-24 04:00:00;2870.3955991272883;2515.11175;['wind_speed']
2026-02-24 05:00:00;2894.2170723989234;3203.1455;['wind_speed']
2026-02-24 06:00:00;2913.8311474128914;2993.927;['wind_speed']
2026-02-24 07:00:00;3144.7069606079926;3073.1355000000003;['wind_speed']
2026-02-24 08:00:00;3431.45256374101;3171.7027500000004;['wind_speed']
2026-02-24 09:00:00;4176.487863532141;3257.02575;['wind_speed']
2026-02-24 10:00:00;2935.677497447027;2908.47525;['wind_speed']
2026-02-24 11:00:00;2998.8574211054483;2711.759;['wind_speed']
2026-02-24 12:00:00;3201.1903768856178;2309.90175;['wind_speed']
2026-02-24 13:00:00;3115.0488926655316;739.952;['wind_speed']
2026-02-24 14:00:00;2754.3300168149444;2432.09175;['wind_speed']
2026-02-24 15:00:00;2713.600173102526;3639.514;['wind_speed']
2026-02-24 16:00:00;2745.9375640079397;3844.585;['wind_speed']
2026-02-24 17:00:00;3679.97925416151;7690.8945;['wind_speed']
2026-02-24 18:00:00;4140.212388389429;7286.809499999999;['wind_speed']
2026-02-24 19:00:00;3458.1848245457495;1459.71375;['wind_speed']
2026-02-24 20:00:00;3139.8681897465044;2066.23975;['wind_speed']
2026-02-24 21:00:00;3137.3596720358455;4231.92425;['wind_speed']
2026-02-24 22:00:00;2812.128665682753;3387.08275;['wind_speed']
2026-02-24 23:00:00;2708.09879787595;2707.083;['wind_speed']
2026-02-25 00:00:00;3242.2184361579057;2087.3587500000003;['wind_speed']
2026-02-25 01:00:00;2952.7701704601654;2805.0935;['wind_speed']
2026-02-25 02:00:00;2754.4586081387324;2305.28275;['wind_speed']
2026-02-25 03:00:00;2801.890552799602;2668.79575;['wind_speed']
2026-02-25 04:00:00;2838.052170196209;2515.11175;['wind_speed']
2026-02-25 05:00:00;2993.6964863617213;3203.1455;['wind_speed']
2026-02-25 06:00:00;3061.059599061628;2993.927;['wind_speed']
2026-02-25 07:00:00;3183.658732148027;3073.1355000000003;['wind_speed']
2026-02-25 08:00:00;3233.673581348631;3171.7027500000004;['wind_speed']
2026-02-25 09:00:00;3333.7449410332138;3257.02575;['wind_speed']
2026-02-25 10:00:00;3054.486658523165;2908.47525;['wind_speed']
2026-02-25 11:00:00;3016.787692496114;2711.759;['wind_speed']
2026-02-25 12:00:00;3289.3820235458243;2309.90175;['wind_speed']
2026-02-25 13:00:00;2984.2172375753134;739.952;['wind_speed']
2026-02-25 14:00:00;2738.4435801489135;1733.7510000000002;['wind_speed']
2026-02-25 15:00:00;3066.4258603772846;2727.55;['wind_speed']
2026-02-25 16:00:00;3364.134604778283;2268.04875;['wind_speed']
2026-02-25 17:00:00;4081.1151414025344;2185.0825;['wind_speed']
2026-02-25 18:00:00;5121.388369891472;5401.65;['wind_speed']
2026-02-25 19:00:00;3396.2870322024005;4408.7265;['wind_speed']
2026-02-25 20:00:00;3762.5940776734387;3120.36225;['wind_speed']
2026-02-25 21:00:00;3636.0352651630783;2523.31;['wind_speed']
2026-02-25 22:00:00;3059.601746814058;2395.0051041666666;['wind_speed']
2026-02-25 23:00:00;2879.4719408677875;2266.700208333333;['wind_speed']
2026-02-26 00:00:00;2363.373847677552;2138.3953125;['wind_speed']
2026-02-26 01:00:00;2589.682766512826;2010.0904166666664;['wind_speed']
2026-02-26 02:00:00;2348.114667242131;1881.785520833333;['wind_speed']
2026-02-26 03:00:00;2381.1097953593526;1753.4806249999997;['wind_speed']
2026-02-26 04:00:00;2505.907253765621;1625.1757291666663;['wind_speed']
2026-02-26 05:00:00;2748.7769512106315;1496.8708333333332;['wind_speed']
2026-02-26 06:00:00;2771.17358573551;1368.5659374999998;['wind_speed']
2026-02-26 07:00:00;2927.1495665707416;1240.2610416666664;['wind_speed']
2026-02-26 08:00:00;3949.1361085905482;1111.956145833333;['wind_speed']
2026-02-26 09:00:00;3105.054428057209;983.65125;['wind_speed']
2026-02-26 10:00:00;2711.3378174605455;1833.2985;['wind_speed']
2026-02-26 11:00:00;2746.7920947226403;3650.50475;['wind_speed']
2026-02-26 12:00:00;2615.96584972776;3347.99625;['wind_speed']
2026-02-26 13:00:00;1878.3545445762343;4618.702;['wind_speed']
2026-02-26 14:00:00;2678.6489187063858;4011.90325;['wind_speed']
2026-02-26 15:00:00;2524.156866340692;3309.00375;['wind_speed']
2026-02-26 16:00:00;2738.014304259319;2059.02025;['wind_speed']
2026-02-26 17:00:00;3992.0930527449605;2137.0;['wind_speed']
2026-02-26 18:00:00;4876.520119893935;5895.00775;['wind_speed']
2026-02-26 19:00:00;3370.9295907722226;3952.2635;['wind_speed']
2026-02-26 20:00:00;3204.8310803039926;3048.434;['wind_speed']
2026-02-26 21:00:00;2903.576336812954;2100.1352500000003;['wind_speed']
2026-02-26 22:00:00;2748.415723592322;2277.26325;['wind_speed']
2026-02-26 23:00:00;2606.9984222297076;2650.38725;['wind_speed']
2026-02-27 00:00:00;2474.4169992599145;2599.7665;['wind_speed']
2026-02-27 01:00:00;2478.0347674813465;2229.40875;['wind_speed']
2026-02-27 02:00:00;2541.1445886180945;3347.22275;['wind_speed']
2026-02-27 03:00:00;2142.4939729130174;2196.732;['wind_speed']
2026-02-27 04:00:00;2274.7113166168615;2473.217;['wind_speed']
2026-02-27 05:00:00;2605.1070418105696;2305.593;['wind_speed']
2026-02-27 06:00:00;2600.175318906062;2977.48975;['wind_speed']
2026-02-27 07:00:00;2725.7318695664526;3342.68125;['wind_speed']
2026-02-27 08:00:00;2989.8273009154277;1551.13275;['wind_speed']
2026-02-27 09:00:00;2946.337890092686;1172.703;['wind_speed']
2026-02-27 10:00:00;2379.6342762827553;1888.36825;['wind_speed']
2026-02-27 11:00:00;2620.2437939129036;3043.5535;['wind_speed']
2026-02-27 12:00:00;2528.7107326437635;2145.57025;['wind_speed']
2026-02-27 13:00:00;2064.68640904003;756.018;['wind_speed']
2026-02-27 14:00:00;2603.525936555308;761.868;['wind_speed']
2026-02-27 15:00:00;2489.40699319579;1121.75;['wind_speed']
2026-02-27 16:00:00;2782.334177707179;1032.1845;['wind_speed']
2026-02-27 17:00:00;4944.044792344193;3098.913;['wind_speed']
2026-02-27 18:00:00;4520.800901443533;2677.49625;['wind_speed']
2026-02-27 19:00:00;3094.2716050285435;2556.239;['wind_speed']
2026-02-27 20:00:00;3207.8401883734723;2869.5155;['wind_speed']
2026-02-27 21:00:00;2916.691367916615;3065.46925;['wind_speed']
2026-02-27 22:00:00;2488.680094364663;2299.8542500000003;['wind_speed']
2026-02-27 23:00:00;2576.929749521552;2289.7025000000003;['wind_speed']
2026-02-28 00:00:00;2142.2101234672673;2230.26675;['wind_speed']
2026-02-28 01:00:00;2259.6966167160444;2372.79925;['wind_speed']
2026-02-28 02:00:00;2015.1728362683114;2630.50125;['wind_speed']
2026-02-28 03:00:00;2050.541077680635;1981.921;['wind_speed']
2026-02-28 04:00:00;2042.4827951261625;1977.72725;['wind_speed']
2026-02-28 05:00:00;2170.522111934646;1957.68675;['wind_speed']
2026-02-28 06:00:00;2221.938776858645;1896.85625;['wind_speed']
2026-02-28 07:00:00;2385.668112780496;1561.8505;['wind_speed']
2026-02-28 08:00:00;2698.039077351501;1123.34475;['wind_speed']
2026-02-28 09:00:00;2716.2318056590425;1466.5585;['wind_speed']
2026-02-28 10:00:00;2341.1519191194484;1740.317;['wind_speed']
2026-02-28 11:00:00;2176.836916949374;2625.6695;['wind_speed']
2026-02-28 12:00:00;2174.6369103295015;3085.0835;['wind_speed']
2026-02-28 13:00:00;1717.4604667668802;1037.36475;['wind_speed']
2026-02-28 14:00:00;1884.9039412005006;961.63275;['wind_speed']
2026-02-28 15:00:00;2003.979994921478;954.55475;['wind_speed']
2026-02-28 16:00:00;2117.234734311448;1533.92725;['wind_speed']
2026-02-28 17:00:00;3236.0962522235686;2240.077;['wind_speed']
2026-02-28 18:00:00;3786.961863780268;2810.08325;['wind_speed']
2026-02-28 19:00:00;2174.781621691538;3149.1015;['wind_speed']
2026-02-28 20:00:00;2594.7106296805678;3243.71375;['wind_speed']
2026-02-28 21:00:00;2722.2823664177727;2889.52425;['wind_speed']
2026-02-28 22:00:00;2329.225631573147;2945.9410000000003;['wind_speed']
2026-02-28 23:00:00;2066.6390971154724;3344.285;['wind_speed']
2026-03-01 00:00:00;2496.661574511802;4005.7825;['wind_speed']
2026-03-01 01:00:00;2311.558888558098;3224.6197500000003;['wind_speed']
2026-03-01 02:00:00;1758.8590412093326;2222.49475;['wind_speed']
2026-03-01 03:00:00;2053.2445416758947;2238.53325;['wind_speed']
2026-03-01 04:00:00;1990.6812827544886;2105.89225;['wind_speed']
2026-03-01 05:00:00;2380.7741695798586;1895.93;['wind_speed']
2026-03-01 06:00:00;2145.1371805924637;1915.9515;['wind_speed']
2026-03-01 07:00:00;2276.7855228189983;1744.8925;['wind_speed']
2026-03-01 08:00:00;2255.6224478621557;1552.0675;['wind_speed']
2026-03-01 09:00:00;2475.4810049019734;1486.991;['wind_speed']
2026-03-01 10:00:00;2172.4781873904285;1424.3685;['wind_speed']
2026-03-01 11:00:00;2118.873432446255;1848.2955;['wind_speed']
2026-03-01 12:00:00;2116.1860686993145;2020.3935;['wind_speed']
2026-03-01 13:00:00;1702.9508810550867;1075.92025;['wind_speed']
2026-03-01 14:00:00;1631.8851386369377;2221.634;['wind_speed']
2026-03-01 15:00:00;1837.6447489946245;1621.3802500000002;['wind_speed']
2026-03-01 16:00:00;2265.812887016356;2940.9017500000004;['wind_speed']
2026-03-01 17:00:00;3068.96797503938;3469.55025;['wind_speed']
2026-03-01 18:00:00;3774.4787264511597;3401.025;['wind_speed']
2026-03-01 19:00:00;2329.4748885675895;4648.9400000000005;['wind_speed']
2026-03-01 20:00:00;2640.926314045134;3172.72825;['wind_speed']
2026-03-01 21:00:00;2566.0846072557065;3724.67375;['wind_speed']
2026-03-01 22:00:00;2151.7643669019994;2194.51425;['wind_speed']
2026-03-01 23:00:00;2072.532744189807;2766.385;['wind_speed']
2026-03-02 00:00:00;2574.044138186259;3246.745;['wind_speed']
2026-03-02 01:00:00;2457.546360251984;2790.22925;['wind_speed']
2026-03-02 02:00:00;2003.7100607028037;2155.6665;['wind_speed']
2026-03-02 03:00:00;1920.7862400023205;2621.298;['wind_speed']
2026-03-02 04:00:00;1604.2277342367693;2217.16675;['wind_speed']
2026-03-02 05:00:00;1722.40538993185;2487.078;['wind_speed']
2026-03-02 06:00:00;1728.8478391619606;3034.98225;['wind_speed']
2026-03-02 07:00:00;1939.2879873341822;703.9855;['wind_speed']
2026-03-02 08:00:00;2428.344028346551;3024.90775;['wind_speed']
2026-03-02 09:00:00;2453.2250340637574;1042.5125;['wind_speed']
2026-03-02 10:00:00;2357.9087495843355;1443.9805;['wind_speed']
2026-03-02 11:00:00;2703.0111708774984;3115.7045;['wind_speed']
2026-03-02 12:00:00;2524.6519847195264;3578.4032500000003;['wind_speed']
2026-03-02 13:00:00;1747.88875998597;4828.33975;['wind_speed']
2026-03-02 14:00:00;2397.984696494891;4235.00525;['wind_speed']
2026-03-02 15:00:00;2127.703205028044;4154.5925;['wind_speed']
2026-03-02 16:00:00;2368.8013897716114;2162.64175;['wind_speed']
2026-03-02 17:00:00;4093.0637810562166;2929.2985;['wind_speed']
2026-03-02 18:00:00;4817.74308499128;4386.6975;['wind_speed']
2026-03-02 19:00:00;2718.772607254848;3566.40925;['wind_speed']
2026-03-02 20:00:00;2881.7391241768887;3250.582;['wind_speed']
2026-03-02 21:00:00;3000.635948308423;2445.295;['wind_speed']
2026-03-02 22:00:00;2443.4851701823786;3048.3762500000003;['wind_speed']
2026-03-02 23:00:00;2349.991424052657;2899.3835;['wind_speed']
2026-03-03 00:00:00;2652.7058502579803;2072.42525;['wind_speed']
2026-03-03 01:00:00;2653.533197698534;2646.535;['wind_speed']
2026-03-03 02:00:00;2615.324755823867;2631.8955;['wind_speed']
2026-03-03 03:00:00;2454.385673069349;3036.797;['wind_speed']
2026-03-03 04:00:00;2786.6730682826274;2119.68425;['wind_speed']
2026-03-03 05:00:00;2549.8050987910888;2895.75175;['wind_speed']
2026-03-03 06:00:00;2658.5240476751446;3432.59825;['wind_speed']
2026-03-03 07:00:00;2365.6591773446034;524.39675;['wind_speed']
2026-03-03 08:00:00;2737.0281636575746;1743.91575;['wind_speed']
2026-03-03 09:00:00;2424.151474316181;1520.6104999999998;['wind_speed']
2026-03-03 10:00:00;2210.089108937408;1320.03525;['wind_speed']
2026-03-03 11:00:00;2755.3465271467453;2607.65675;['wind_speed']
2026-03-03 12:00:00;2923.2376147516347;4472.4735;['wind_speed']
2026-03-03 13:00:00;2178.4978036673065;4663.9335;['wind_speed']
2026-03-03 14:00:00;2737.9111149167616;4119.155;['wind_speed']
2026-03-03 15:00:00;2550.161219181151;3445.13;['wind_speed']
2026-03-03 16:00:00;2820.7647977794213;2418.37475;['wind_speed']
2026-03-03 17:00:00;3687.4242050656035;3358.39975;['wind_speed']
2026-03-03 18:00:00;4515.789676130111;6378.4400000000005;['wind_speed']
2026-03-03 19:00:00;3240.183979992969;2789.0335;['wind_speed']
2026-03-03 20:00:00;3286.3199321624975;3805.4915;['wind_speed']
2026-03-03 21:00:00;2926.6692614141957;3770.307;['wind_speed']
2026-03-03 22:00:00;2842.940997079137;2653.62925;['wind_speed']
2026-03-03 23:00:00;2712.690877996698;2743.64325;['wind_speed']
2026-03-04 00:00:00;2708.035337022616;2341.52875;['wind_speed']
2026-03-04 01:00:00;2840.1810824886347;2976.6625;['wind_speed']
2026-03-04 02:00:00;2762.1546547528187;2663.9955;['wind_speed']
2026-03-04 03:00:00;2714.043477083845;2132.85775;['wind_speed']
2026-03-04 04:00:00;2631.592420673826;2686.453;['wind_speed']
2026-03-04 05:00:00;2904.6531788853745;2480.783;['wind_speed']
2026-03-04 06:00:00;2988.3454262658734;2484.50025;['wind_speed']
2026-03-04 07:00:00;2650.7169415715516;3750.57025;['wind_speed']
2026-03-04 08:00:00;2796.641888780565;962.9825;['wind_speed']
2026-03-04 09:00:00;2568.8591907488094;913.50825;['wind_speed']
2026-03-04 10:00:00;2365.760638270745;2335.989;['wind_speed']
2026-03-04 11:00:00;2913.5670999381005;2978.1815;['wind_speed']
2026-03-04 12:00:00;3014.0822249967296;4587.24025;['wind_speed']
2026-03-04 13:00:00;3397.9525927405334;4646.554749999999;['wind_speed']
2026-03-04 14:00:00;2850.175946626668;4490.52625;['wind_speed']
2026-03-04 15:00:00;2748.62938692557;3957.3565;['wind_speed']
2026-03-04 16:00:00;2889.4869567103956;2997.356;['wind_speed']
2026-03-04 17:00:00;3823.9816154437385;1464.8985;['wind_speed']
2026-03-04 18:00:00;3833.1916958857946;4648.4705;['wind_speed']
2026-03-04 19:00:00;3138.594494141896;4129.09025;['wind_speed']
2026-03-04 20:00:00;3572.6239282870492;3670.78525;['wind_speed']
2026-03-04 21:00:00;3421.443222457701;2636.34375;['wind_speed']
2026-03-04 22:00:00;2950.3595218490727;3060.88225;['wind_speed']
2026-03-04 23:00:00;2938.0843091113147;3818.83625;['wind_speed']
2026-03-05 00:00:00;3320.508920128696;2839.1465;['wind_speed']
2026-03-05 01:00:00;3064.4915486721197;2795.9970000000003;['wind_speed']
2026-03-05 02:00:00;2914.7520858414664;2804.9217500000004;['wind_speed']
2026-03-05 03:00:00;2764.0274432525043;2636.8767500000004;['wind_speed']
2026-03-05 04:00:00;2757.841253688656;2252.3625;['wind_speed']
2026-03-05 05:00:00;2799.637976715413;2891.4347500000003;['wind_speed']
2026-03-05 06:00:00;3038.4675732014716;3542.1585;['wind_speed']
2026-03-05 07:00:00;3545.7771088170916;4354.528;['wind_speed']
2026-03-05 08:00:00;3270.301841300288;2665.74625;['wind_speed']
2026-03-05 09:00:00;2947.5954770914636;1302.7145;['wind_speed']
2026-03-05 10:00:00;2496.8560908769387;2217.8925;['wind_speed']
2026-03-05 11:00:00;2904.348975187139;1661.2067499999998;['wind_speed']
2026-03-05 12:00:00;3212.128800618104;1502.9172500000002;['wind_speed']
2026-03-05 13:00:00;2827.1192020998947;869.1479999999999;['wind_speed']
2026-03-05 14:00:00;2980.8427269813983;1631.13325;['wind_speed']
2026-03-05 15:00:00;3000.7830109529195;3945.8165;['wind_speed']
2026-03-05 16:00:00;2902.385005061713;2468.259;['wind_speed']
2026-03-05 17:00:00;3400.3182572754567;3224.5152499999995;['wind_speed']
2026-03-05 18:00:00;5407.43906248528;5428.21475;['wind_speed']
2026-03-05 19:00:00;3153.083510099676;3815.672;['wind_speed']
2026-03-05 20:00:00;3351.2240366395;4185.101;['wind_speed']
2026-03-05 21:00:00;3023.3427754954214;2708.38675;['wind_speed']
2026-03-05 22:00:00;2971.9722164660507;2625.80675;['wind_speed']
2026-03-05 23:00:00;3137.101975159938;2412.5550000000003;['wind_speed']
2026-03-06 00:00:00;2435.338563854641;2537.2190000000005;['wind_speed']
2026-03-06 01:00:00;2709.7288380417776;2795.9970000000003;['wind_speed']
2026-03-06 02:00:00;2542.617697986127;2804.9217500000004;['wind_speed']
2026-03-06 03:00:00;2474.9099759701544;2636.8767500000004;['wind_speed']
2026-03-06 04:00:00;2432.413034494273;2252.3625;['wind_speed']
2026-03-06 05:00:00;2730.9981722909774;2891.4347500000003;['wind_speed']
2026-03-06 06:00:00;2865.513985844087;3542.1585;['wind_speed']
2026-03-06 07:00:00;3000.580624259283;4354.528;['wind_speed']
2026-03-06 08:00:00;2702.824097319466;1813.133;['wind_speed']
2026-03-06 09:00:00;2635.0592862383346;1455.8512500000002;['wind_speed']
2026-03-06 10:00:00;2603.8686655232536;2485.7415;['wind_speed']
2026-03-06 11:00:00;2791.174145793275;4530.7165;['wind_speed']
2026-03-06 12:00:00;2762.6546174939917;4249.43025;['wind_speed']
2026-03-06 13:00:00;2461.487395424287;2027.85775;['wind_speed']
2026-03-06 14:00:00;2999.8703630305004;1419.4865;['wind_speed']
2026-03-06 15:00:00;3417.406853838617;3713.09525;['wind_speed']
2026-03-06 16:00:00;3004.0558259315376;2572.8035;['wind_speed']
2026-03-06 17:00:00;3506.15099352553;3580.1215;['wind_speed']
2026-03-06 18:00:00;4749.783883933258;6152.42875;['wind_speed']
2026-03-06 19:00:00;3090.7324496599886;3479.48725;['wind_speed']
2026-03-06 20:00:00;3482.818166865408;2790.91975;['wind_speed']
2026-03-06 21:00:00;3212.014454274049;2074.9595;['wind_speed']
2026-03-06 22:00:00;2888.6763118145946;1739.635;['wind_speed']
2026-03-06 23:00:00;2612.8401860207946;2311.847;['wind_speed']
2026-03-07 00:00:00;2490.8546900025094;2138.156;['wind_speed']
2026-03-07 01:00:00;2655.8246112256043;2338.306;['wind_speed']
2026-03-07 02:00:00;2550.7131147137507;2584.2935;['wind_speed']
2026-03-07 03:00:00;2436.963063839034;1668.98875;['wind_speed']
2026-03-07 04:00:00;2828.8123271860077;1610.39575;['wind_speed']
2026-03-07 05:00:00;2671.6659580632604;2070.308;['wind_speed']
2026-03-07 06:00:00;2877.124201556886;2090.612;['wind_speed']
2026-03-07 07:00:00;3021.4365069907117;1457.96075;['wind_speed']
2026-03-07 08:00:00;2770.7089627151045;756.50275;['wind_speed']
2026-03-07 09:00:00;2333.3670286759143;1590.6302500000002;['wind_speed']
2026-03-07 10:00:00;2526.082794732529;1327.3035;['wind_speed']
2026-03-07 11:00:00;3031.0185915119537;2811.17875;['wind_speed']
2026-03-07 12:00:00;3222.5942442451437;1682.80625;['wind_speed']
2026-03-07 13:00:00;2578.489116893785;1354.13025;['wind_speed']
2026-03-07 14:00:00;2639.284810721023;951.723;['wind_speed']
2026-03-07 15:00:00;3494.4927675666227;2364.96775;['wind_speed']
2026-03-07 16:00:00;2601.105125192605;2298.85875;['wind_speed']
2026-03-07 17:00:00;3484.1625402817467;2192.87;['wind_speed']
2026-03-07 18:00:00;4867.403167187578;3587.63775;['wind_speed']
2026-03-07 19:00:00;3086.3149037870858;4620.41925;['wind_speed']
2026-03-07 20:00:00;3052.7484042647607;4156.529;['wind_speed']
2026-03-07 21:00:00;3133.9777407719703;2222.4085;['wind_speed']
2026-03-07 22:00:00;2746.654727418013;4127.96075;['wind_speed']
2026-03-07 23:00:00;2610.0522777699534;2806.2985;['wind_speed']
2026-03-08 00:00:00;2271.872612705004;2072.6980000000003;['wind_speed']
2026-03-08 01:00:00;2288.657848301133;3777.8255;['wind_speed']
2026-03-08 02:00:00;2175.6884778117214;1967.07825;['wind_speed']
2026-03-08 03:00:00;2022.8612534065637;2125.10075;['wind_speed']
2026-03-08 04:00:00;2006.6289248233325;2076.188;['wind_speed']
2026-03-08 05:00:00;2294.1289111666492;2075.50675;['wind_speed']
2026-03-08 06:00:00;2480.386860332057;1866.8475;['wind_speed']
2026-03-08 07:00:00;2337.6158087874383;1325.2725;['wind_speed']
2026-03-08 08:00:00;1702.1091871875471;995.868;['wind_speed']
2026-03-08 09:00:00;1836.1016969687134;913.16325;['wind_speed']
2026-03-08 10:00:00;1703.287877985537;1799.62;['wind_speed']
2026-03-08 11:00:00;2469.0127898135484;2870.49225;['wind_speed']
2026-03-08 12:00:00;2403.6420028190737;1250.2222499999998;['wind_speed']
2026-03-08 13:00:00;1643.6861246874394;1831.10675;['wind_speed']
2026-03-08 14:00:00;1766.9068828028833;1428.14675;['wind_speed']
2026-03-08 15:00:00;2387.7704052732324;1477.5485;['wind_speed']
2026-03-08 16:00:00;2335.4238155474095;2029.1785;['wind_speed']
2026-03-08 17:00:00;2973.501263688141;1926.54075;['wind_speed']
2026-03-08 18:00:00;4016.4948250375546;3786.51925;['wind_speed']
2026-03-08 19:00:00;3458.105898455935;3130.8587500000003;['wind_speed']
2026-03-08 20:00:00;3151.104392104031;4166.77175;['wind_speed']
2026-03-08 21:00:00;2751.4186237893405;3548.41575;['wind_speed']
2026-03-08 22:00:00;2771.078901447525;2750.8852500000003;['wind_speed']
2026-03-08 23:00:00;2549.122177495452;2077.47225;['wind_speed']
2026-03-09 00:00:00;2125.0314311856105;1669.124;['wind_speed']
2026-03-09 01:00:00;2479.802038139481;2920.80125;['wind_speed']
2026-03-09 02:00:00;2108.829817051785;2274.465;['wind_speed']
2026-03-09 03:00:00;1951.421748038609;1554.71575;['wind_speed']
2026-03-09 04:00:00;1855.4817037072028;1631.3594999999998;['wind_speed']
2026-03-09 05:00:00;2193.1946928569523;3087.776;['wind_speed']
2026-03-09 06:00:00;2348.0340183517287;1866.8475;['wind_speed']
2026-03-09 07:00:00;1754.9715024648292;1325.2725;['wind_speed']
2026-03-09 08:00:00;2541.1490420183745;995.868;['wind_speed']
2026-03-09 09:00:00;1019.6977662406778;913.16325;['wind_speed']
2026-03-09 10:00:00;1729.018513331936;2129.53325;['wind_speed']
2026-03-09 11:00:00;2516.3325512519364;2527.43425;['wind_speed']
2026-03-09 12:00:00;2038.3127713591225;4109.2385;['wind_speed']
2026-03-09 13:00:00;1822.751146602387;2127.6040000000003;['wind_speed']
2026-03-09 14:00:00;2523.817152657626;1350.60725;['wind_speed']
2026-03-09 15:00:00;2194.9926903110745;2213.1385;['wind_speed']
2026-03-09 16:00:00;2223.3839379196706;1826.9195;['wind_speed']
2026-03-09 17:00:00;2838.0843045285214;3601.039;['wind_speed']
2026-03-09 18:00:00;4191.592726925846;6124.2245;['wind_speed']
2026-03-09 19:00:00;3183.304811862326;3677.76775;['wind_speed']
2026-03-09 20:00:00;3445.2445378950624;2136.94175;['wind_speed']
2026-03-09 21:00:00;2437.1925684394296;2988.7155;['wind_speed']
2026-03-09 22:00:00;2593.8635945999845;2318.666;['wind_speed']
2026-03-09 23:00:00;2462.314168471656;1780.5255;['wind_speed']
2026-03-10 00:00:00;1799.3529448282325;2910.68175;['wind_speed']
2026-03-10 01:00:00;2393.6075017399885;1606.8917499999998;['wind_speed']
2026-03-10 02:00:00;2176.01997819828;1834.1555;['wind_speed']
2026-03-10 03:00:00;1786.8596259885758;1829.8265;['wind_speed']
2026-03-10 04:00:00;1767.6685851912061;1621.01425;['wind_speed']
2026-03-10 05:00:00;2387.232858275422;2817.76325;['wind_speed']
2026-03-10 06:00:00;2126.253458763561;2770.8007500000003;['wind_speed']
2026-03-10 07:00:00;1763.5973097085828;3333.38175;['wind_speed']
2026-03-10 08:00:00;1413.4938947260287;2793.15375;['wind_speed']
2026-03-10 09:00:00;1249.1897271728344;1767.713;['wind_speed']
2026-03-10 10:00:00;1804.9557142683993;2210.927;['wind_speed']
2026-03-10 11:00:00;2442.530613096057;3412.94075;['wind_speed']
2026-03-10 12:00:00;2470.5699408693;4061.66425;['wind_speed']
2026-03-10 13:00:00;1794.747465535579;4106.809499999999;['wind_speed']
2026-03-10 14:00:00;1747.976869767914;2908.1775;['wind_speed']
2026-03-10 15:00:00;2273.301371665461;2550.7335;['wind_speed']
2026-03-10 16:00:00;2174.0386265136394;1788.1075;['wind_speed']
2026-03-10 17:00:00;3146.4743870439684;2544.117;['wind_speed']
2026-03-10 18:00:00;5297.581200295232;5236.5315;['wind_speed']
2026-03-10 19:00:00;3055.24056376676;3303.29325;['wind_speed']
2026-03-10 20:00:00;2523.159580926912;4674.07575;['wind_speed']
2026-03-10 21:00:00;2549.264335224495;2431.65825;['wind_speed']
2026-03-10 22:00:00;2337.011672246022;2185.2885;['wind_speed']
2026-03-10 23:00:00;2266.8418041370974;2130.8632500000003;['wind_speed']
2026-03-11 00:00:00;2502.8736368572677;1892.9767500000005;['wind_speed']
2026-03-11 01:00:00;2470.4269173757107;2013.29275;['wind_speed']
2026-03-11 02:00:00;2326.1932799709302;1828.167;['wind_speed']
2026-03-11 03:00:00;2171.5988384004036;1877.80425;['wind_speed']
2026-03-11 04:00:00;2089.4217514539314;1892.7795;['wind_speed']
2026-03-11 05:00:00;2649.9167194410293;3109.4265;['wind_speed']
2026-03-11 06:00:00;2735.685488576643;2762.2815;['wind_speed']
2026-03-11 07:00:00;2750.3833494530754;2268.42275;['wind_speed']
2026-03-11 08:00:00;2089.082135179492;1332.15575;['wind_speed']
2026-03-11 09:00:00;1786.1601740996423;946.02025;['wind_speed']
2026-03-11 10:00:00;2240.879696547761;2953.6225000000004;['wind_speed']
2026-03-11 11:00:00;2964.2384988179974;3048.2492500000003;['wind_speed']
2026-03-11 12:00:00;2990.718118266284;1016.1849999999998;['wind_speed']
2026-03-11 13:00:00;3057.368026990628;735.11675;['wind_speed']
2026-03-11 14:00:00;2417.9938884188077;1102.20775;['wind_speed']
2026-03-11 15:00:00;2852.0848161551967;2617.099;['wind_speed']
2026-03-11 16:00:00;2345.6832033567885;3511.27;['wind_speed']
2026-03-11 17:00:00;3413.629630059812;2191.68175;['wind_speed']
2026-03-11 18:00:00;4946.105568326498;3577.4475;['wind_speed']
2026-03-11 19:00:00;3467.282907177297;4741.882250000001;['wind_speed']
2026-03-11 20:00:00;3848.916764666524;2768.617;['wind_speed']
2026-03-11 21:00:00;2852.6685240383144;3223.21725;['wind_speed']
2026-03-11 22:00:00;2650.0928937959775;2263.3005;['wind_speed']
2026-03-11 23:00:00;2413.9747158605705;1655.887;['wind_speed']
2026-02-21 00:00:00;3513.238161200145;3220.53525;['pressure']
2026-02-21 01:00:00;3703.50738884615;4944.16275;['pressure']
2026-02-21 02:00:00;3499.173393532279;3109.51675;['pressure']
2026-02-21 03:00:00;3388.8500941592038;3107.83475;['pressure']
2026-02-21 04:00:00;3531.7570409281197;3534.54725;['pressure']
2026-02-21 05:00:00;3676.112455200343;3540.4435;['pressure']
2026-02-21 06:00:00;3682.3214849976894;2907.9265;['pressure']
2026-02-21 07:00:00;4039.0159774242443;3075.088;['pressure']
2026-02-21 08:00:00;4207.890016670968;3908.9975;['pressure']
2026-02-21 09:00:00;4298.0740734858055;5084.14325;['pressure']
2026-02-21 10:00:00;3841.125725967755;3648.72875;['pressure']
2026-02-21 11:00:00;3942.9442248796663;2904.00575;['pressure']
2026-02-21 12:00:00;3756.181727396398;3646.29625;['pressure']
2026-02-21 13:00:00;3732.63945347942;3093.9895;['pressure']
2026-02-21 14:00:00;4052.3857657753606;3318.7700000000004;['pressure']
2026-02-21 15:00:00;3552.360586381188;3322.10225;['pressure']
2026-02-21 16:00:00;3991.662307848559;3020.13275;['pressure']
2026-02-21 17:00:00;4928.872886397762;2320.5085;['pressure']
2026-02-21 18:00:00;5440.57470493964;3975.71575;['pressure']
2026-02-21 19:00:00;3925.952052469053;3784.02475;['pressure']
2026-02-21 20:00:00;4379.43595074378;3627.47425;['pressure']
2026-02-21 21:00:00;4153.766756907289;4353.26275;['pressure']
2026-02-21 22:00:00;3774.449617982134;3946.12675;['pressure']
2026-02-21 23:00:00;3735.4894849631114;2380.04225;['pressure']
2026-02-22 00:00:00;2941.9020932876288;2629.34925;['pressure']
2026-02-22 01:00:00;3202.5289698053075;2120.21475;['pressure']
2026-02-22 02:00:00;2886.8584451206807;2591.9735000000005;['pressure']
2026-02-22 03:00:00;2871.9358761704943;2107.6405;['pressure']
2026-02-22 04:00:00;3041.914776342419;2663.44675;['pressure']
2026-02-22 05:00:00;3165.7336734622177;2201.2252500000004;['pressure']
2026-02-22 06:00:00;3288.4581095991603;3617.4885;['pressure']
2026-02-22 07:00:00;3526.836320287341;2402.6565;['pressure']
2026-02-22 08:00:00;3630.344323498806;2474.27325;['pressure']
2026-02-22 09:00:00;3810.3989662604804;2407.15;['pressure']
2026-02-22 10:00:00;3457.585569236144;2644.01375;['pressure']
2026-02-22 11:00:00;3584.328402860393;2835.98975;['pressure']
2026-02-22 12:00:00;3386.321040389375;2392.25975;['pressure']
2026-02-22 13:00:00;3348.323516205716;2305.58525;['pressure']
2026-02-22 14:00:00;3169.9909595428003;3217.099;['pressure']
2026-02-22 15:00:00;3158.8571024421544;1857.12725;['pressure']
2026-02-22 16:00:00;3766.173245437539;1684.09225;['pressure']
2026-02-22 17:00:00;4257.902216627395;2181.636;['pressure']
2026-02-22 18:00:00;5210.60624846453;3896.849;['pressure']
2026-02-22 19:00:00;3264.5044797165815;2929.2675;['pressure']
2026-02-22 20:00:00;3858.4756726298247;3539.39125;['pressure']
2026-02-22 21:00:00;3711.5553014276097;3225.271;['pressure']
2026-02-22 22:00:00;3299.7605635620043;2870.692;['pressure']
2026-02-22 23:00:00;2690.1123508782734;2738.51825;['pressure']
2026-02-23 00:00:00;2669.022063922298;1746.72925;['pressure']
2026-02-23 01:00:00;2627.02984964631;2174.40925;['pressure']
2026-02-23 02:00:00;2247.417551564622;2312.4432500000003;['pressure']
2026-02-23 03:00:00;2334.337671234575;2503.66025;['pressure']
2026-02-23 04:00:00;2333.4448491452063;2444.362;['pressure']
2026-02-23 05:00:00;2422.9824513491285;2905.5025;['pressure']
2026-02-23 06:00:00;2265.4004962796535;2810.3165;['pressure']
2026-02-23 07:00:00;2713.5397678869367;3784.323;['pressure']
2026-02-23 08:00:00;3005.964201576111;3324.1055;['pressure']
2026-02-23 09:00:00;2875.5600565331238;2637.14525;['pressure']
2026-02-23 10:00:00;2684.0965218595156;2564.26675;['pressure']
2026-02-23 11:00:00;2723.484987084238;2422.39275;['pressure']
2026-02-23 12:00:00;2610.833136176523;1688.8627499999998;['pressure']
2026-02-23 13:00:00;2466.1097329763925;1263.13575;['pressure']
2026-02-23 14:00:00;2722.0975311268458;2432.09175;['pressure']
2026-02-23 15:00:00;2279.455929296429;3639.514;['pressure']
2026-02-23 16:00:00;2767.697110169722;3844.585;['pressure']
2026-02-23 17:00:00;4100.34625339519;7690.8945;['pressure']
2026-02-23 18:00:00;4235.873760666445;7286.809499999999;['pressure']
2026-02-23 19:00:00;2977.573333444213;1459.71375;['pressure']
2026-02-23 20:00:00;3078.255275963433;2066.23975;['pressure']
2026-02-23 21:00:00;2919.9838943000423;4231.92425;['pressure']
2026-02-23 22:00:00;2683.083510545875;3387.08275;['pressure']
2026-02-23 23:00:00;2703.3034670872926;2707.083;['pressure']
2026-02-24 00:00:00;2761.2130910038836;2087.3587500000003;['pressure']
2026-02-24 01:00:00;3220.2847238938175;2805.0935;['pressure']
2026-02-24 02:00:00;2554.7595073119655;2305.28275;['pressure']
2026-02-24 03:00:00;2874.7174135662744;2668.79575;['pressure']
2026-02-24 04:00:00;2691.1330565275603;2515.11175;['pressure']
2026-02-24 05:00:00;2734.8004977019737;3203.1455;['pressure']
2026-02-24 06:00:00;2917.1140434411154;2993.927;['pressure']
2026-02-24 07:00:00;3052.6645485914005;3073.1355000000003;['pressure']
2026-02-24 08:00:00;3226.9692212519376;3171.7027500000004;['pressure']
2026-02-24 09:00:00;3838.1932725957986;3257.02575;['pressure']
2026-02-24 10:00:00;2896.7486413573397;2908.47525;['pressure']
2026-02-24 11:00:00;3073.785018356209;2711.759;['pressure']
2026-02-24 12:00:00;2978.4455066247447;2309.90175;['pressure']
2026-02-24 13:00:00;2824.0639471536724;739.952;['pressure']
2026-02-24 14:00:00;2787.6860700169486;2432.09175;['pressure']
2026-02-24 15:00:00;2722.530008754061;3639.514;['pressure']
2026-02-24 16:00:00;3046.469852727002;3844.585;['pressure']
2026-02-24 17:00:00;3243.4749705508725;7690.8945;['pressure']
2026-02-24 18:00:00;4432.560614998325;7286.809499999999;['pressure']
2026-02-24 19:00:00;3657.264438483543;1459.71375;['pressure']
2026-02-24 20:00:00;3473.222132650109;2066.23975;['pressure']
2026-02-24 21:00:00;3506.4790881203535;4231.92425;['pressure']
2026-02-24 22:00:00;3013.5114491461673;3387.08275;['pressure']
2026-02-24 23:00:00;2948.2193626184353;2707.083;['pressure']
2026-02-25 00:00:00;3195.693986600233;2087.3587500000003;['pressure']
2026-02-25 01:00:00;3025.7013515545123;2805.0935;['pressure']
2026-02-25 02:00:00;2879.295888544246;2305.28275;['pressure']
2026-02-25 03:00:00;2876.774492680348;2668.79575;['pressure']
2026-02-25 04:00:00;2947.0066897580564;2515.11175;['pressure']
2026-02-25 05:00:00;3113.249825262311;3203.1455;['pressure']
2026-02-25 06:00:00;3142.2026235162457;2993.927;['pressure']
2026-02-25 07:00:00;3204.1444898735162;3073.1355000000003;['pressure']
2026-02-25 08:00:00;3331.249566606911;3171.7027500000004;['pressure']
2026-02-25 09:00:00;3475.721368325526;3257.02575;['pressure']
2026-02-25 10:00:00;3182.0242635204277;2908.47525;['pressure']
2026-02-25 11:00:00;3201.5977115885744;2711.759;['pressure']
2026-02-25 12:00:00;3351.3288988657114;2309.90175;['pressure']
2026-02-25 13:00:00;2839.110198217283;739.952;['pressure']
2026-02-25 14:00:00;2957.469893836035;1733.7510000000002;['pressure']
2026-02-25 15:00:00;2896.1149713386867;2727.55;['pressure']
2026-02-25 16:00:00;3236.998853477293;2268.04875;['pressure']
2026-02-25 17:00:00;4834.129005025794;2185.0825;['pressure']
2026-02-25 18:00:00;5235.3078139158615;5401.65;['pressure']
2026-02-25 19:00:00;3359.1281551044194;4408.7265;['pressure']
2026-02-25 20:00:00;4156.69412466485;3120.36225;['pressure']
2026-02-25 21:00:00;3684.821917629796;2523.31;['pressure']
2026-02-25 22:00:00;3263.358668663662;2395.0051041666666;['pressure']
2026-02-25 23:00:00;3218.4510431393255;2266.700208333333;['pressure']
2026-02-26 00:00:00;2092.9359731827208;2138.3953125;['pressure']
2026-02-26 01:00:00;2500.198755664234;2010.0904166666664;['pressure']
2026-02-26 02:00:00;2086.9882884141093;1881.785520833333;['pressure']
2026-02-26 03:00:00;2428.0567812196873;1753.4806249999997;['pressure']
2026-02-26 04:00:00;2472.4728896275947;1625.1757291666663;['pressure']
2026-02-26 05:00:00;2589.589361733086;1496.8708333333332;['pressure']
2026-02-26 06:00:00;2583.346314150727;1368.5659374999998;['pressure']
2026-02-26 07:00:00;2754.9569369265773;1240.2610416666664;['pressure']
2026-02-26 08:00:00;2798.585059149081;1111.956145833333;['pressure']
2026-02-26 09:00:00;2929.243185253466;983.65125;['pressure']
2026-02-26 10:00:00;2595.5133878070783;1833.2985;['pressure']
2026-02-26 11:00:00;2717.0492050483576;3650.50475;['pressure']
2026-02-26 12:00:00;2277.203686447701;3347.99625;['pressure']
2026-02-26 13:00:00;2118.6374055318756;4618.702;['pressure']
2026-02-26 14:00:00;2110.2325568216893;4011.90325;['pressure']
2026-02-26 15:00:00;2453.6474783001413;3309.00375;['pressure']
2026-02-26 16:00:00;2365.5862362088833;2059.02025;['pressure']
2026-02-26 17:00:00;3207.6817828649355;2137.0;['pressure']
2026-02-26 18:00:00;5023.809180335087;5895.00775;['pressure']
2026-02-26 19:00:00;2076.800919281183;3952.2635;['pressure']
2026-02-26 20:00:00;3054.9455881624826;3048.434;['pressure']
2026-02-26 21:00:00;2974.365931953451;2100.1352500000003;['pressure']
2026-02-26 22:00:00;2610.148181364721;2277.26325;['pressure']
2026-02-26 23:00:00;2420.4577594197676;2650.38725;['pressure']
2026-02-27 00:00:00;2221.0885860170138;2599.7665;['pressure']
2026-02-27 01:00:00;2396.117035745653;2229.40875;['pressure']
2026-02-27 02:00:00;1863.9878015692998;3347.22275;['pressure']
2026-02-27 03:00:00;1988.2818518621702;2196.732;['pressure']
2026-02-27 04:00:00;2108.597083210455;2473.217;['pressure']
2026-02-27 05:00:00;2351.5899762876415;2305.593;['pressure']
2026-02-27 06:00:00;2427.305883670205;2977.48975;['pressure']
2026-02-27 07:00:00;2446.832644450474;3342.68125;['pressure']
2026-02-27 08:00:00;2782.9753153172724;1551.13275;['pressure']
2026-02-27 09:00:00;2339.752602319189;1172.703;['pressure']
2026-02-27 10:00:00;2474.116797371018;1888.36825;['pressure']
2026-02-27 11:00:00;2631.7994362341187;3043.5535;['pressure']
2026-02-27 12:00:00;2521.3994684658182;2145.57025;['pressure']
2026-02-27 13:00:00;1918.7486571196096;756.018;['pressure']
2026-02-27 14:00:00;2641.2161141175443;761.868;['pressure']
2026-02-27 15:00:00;2464.91555863145;1121.75;['pressure']
2026-02-27 16:00:00;2679.6511827056947;1032.1845;['pressure']
2026-02-27 17:00:00;4482.868069554118;3098.913;['pressure']
2026-02-27 18:00:00;3784.804715320639;2677.49625;['pressure']
2026-02-27 19:00:00;3270.8318839944404;2556.239;['pressure']
2026-02-27 20:00:00;3454.891930488266;2869.5155;['pressure']
2026-02-27 21:00:00;2760.1847522677263;3065.46925;['pressure']
2026-02-27 22:00:00;2319.9602226460547;2299.8542500000003;['pressure']
2026-02-27 23:00:00;2435.0081673832515;2289.7025000000003;['pressure']
2026-02-28 00:00:00;2078.312936708216;2230.26675;['pressure']
2026-02-28 01:00:00;1941.4229833194381;2372.79925;['pressure']
2026-02-28 02:00:00;1939.9295653759332;2630.50125;['pressure']
2026-02-28 03:00:00;1833.939019314088;1981.921;['pressure']
2026-02-28 04:00:00;1995.688459736742;1977.72725;['pressure']
2026-02-28 05:00:00;2166.9045487301833;1957.68675;['pressure']
2026-02-28 06:00:00;2247.9375878951732;1896.85625;['pressure']
2026-02-28 07:00:00;2359.3388019727076;1561.8505;['pressure']
2026-02-28 08:00:00;2653.7467292263163;1123.34475;['pressure']
2026-02-28 09:00:00;2585.58696977903;1466.5585;['pressure']
2026-02-28 10:00:00;2092.156471716404;1740.317;['pressure']
2026-02-28 11:00:00;2005.4395996432804;2625.6695;['pressure']
2026-02-28 12:00:00;2046.0632938994058;3085.0835;['pressure']
2026-02-28 13:00:00;1730.182738836621;1037.36475;['pressure']
2026-02-28 14:00:00;1840.88901875407;961.63275;['pressure']
2026-02-28 15:00:00;1931.4431989779846;954.55475;['pressure']
2026-02-28 16:00:00;1835.0352918635845;1533.92725;['pressure']
2026-02-28 17:00:00;3267.6045133199295;2240.077;['pressure']
2026-02-28 18:00:00;3911.5061530157313;2810.08325;['pressure']
2026-02-28 19:00:00;2199.6489932075747;3149.1015;['pressure']
2026-02-28 20:00:00;2667.955132269437;3243.71375;['pressure']
2026-02-28 21:00:00;2698.929697220731;2889.52425;['pressure']
2026-02-28 22:00:00;2007.0270693698403;2945.9410000000003;['pressure']
2026-02-28 23:00:00;1782.6841684639608;3344.285;['pressure']
2026-03-01 00:00:00;2644.194568411526;4005.7825;['pressure']
2026-03-01 01:00:00;2127.5280172558796;3224.6197500000003;['pressure']
2026-03-01 02:00:00;1961.3045174369763;2222.49475;['pressure']
2026-03-01 03:00:00;2053.694557636876;2238.53325;['pressure']
2026-03-01 04:00:00;2046.135589558679;2105.89225;['pressure']
2026-03-01 05:00:00;2358.528400139576;1895.93;['pressure']
2026-03-01 06:00:00;1851.438769605796;1915.9515;['pressure']
2026-03-01 07:00:00;1885.4339558820752;1744.8925;['pressure']
2026-03-01 08:00:00;2391.548470888225;1552.0675;['pressure']
2026-03-01 09:00:00;2498.4868096140526;1486.991;['pressure']
2026-03-01 10:00:00;2210.356926350553;1424.3685;['pressure']
2026-03-01 11:00:00;1966.5885907861493;1848.2955;['pressure']
2026-03-01 12:00:00;2380.0334581230964;2020.3935;['pressure']
2026-03-01 13:00:00;2012.3879436936422;1075.92025;['pressure']
2026-03-01 14:00:00;2836.208713830352;2221.634;['pressure']
2026-03-01 15:00:00;2170.058102283284;1621.3802500000002;['pressure']
2026-03-01 16:00:00;2361.234842746888;2940.9017500000004;['pressure']
2026-03-01 17:00:00;3074.9189926201043;3469.55025;['pressure']
2026-03-01 18:00:00;4689.267870440217;3401.025;['pressure']
2026-03-01 19:00:00;3261.265847923834;4648.9400000000005;['pressure']
2026-03-01 20:00:00;3067.1200800960714;3172.72825;['pressure']
2026-03-01 21:00:00;2670.027339424962;3724.67375;['pressure']
2026-03-01 22:00:00;2260.1112891819957;2194.51425;['pressure']
2026-03-01 23:00:00;2085.0197789926374;2766.385;['pressure']
2026-03-02 00:00:00;2565.284128355938;3246.745;['pressure']
2026-03-02 01:00:00;2440.802421229949;2790.22925;['pressure']
2026-03-02 02:00:00;2352.453164669237;2155.6665;['pressure']
2026-03-02 03:00:00;2191.5166811910753;2621.298;['pressure']
2026-03-02 04:00:00;2301.730837388927;2217.16675;['pressure']
2026-03-02 05:00:00;2219.6763062571777;2487.078;['pressure']
2026-03-02 06:00:00;2227.147448955099;3034.98225;['pressure']
2026-03-02 07:00:00;2372.7407341651797;703.9855;['pressure']
2026-03-02 08:00:00;2565.2715637363854;3024.90775;['pressure']
2026-03-02 09:00:00;2477.874664654496;1042.5125;['pressure']
2026-03-02 10:00:00;2213.13557893757;1443.9805;['pressure']
2026-03-02 11:00:00;2489.9751922593623;3115.7045;['pressure']
2026-03-02 12:00:00;1929.6034968632102;3578.4032500000003;['pressure']
2026-03-02 13:00:00;1825.0974655784048;4828.33975;['pressure']
2026-03-02 14:00:00;2407.0005609944596;4235.00525;['pressure']
2026-03-02 15:00:00;2048.166124743707;4154.5925;['pressure']
2026-03-02 16:00:00;2549.7605220699634;2162.64175;['pressure']
2026-03-02 17:00:00;4112.1074721118275;2929.2985;['pressure']
2026-03-02 18:00:00;4838.240375527567;4386.6975;['pressure']
2026-03-02 19:00:00;2674.8276407189874;3566.40925;['pressure']
2026-03-02 20:00:00;3049.74343286782;3250.582;['pressure']
2026-03-02 21:00:00;2984.5439118892327;2445.295;['pressure']
2026-03-02 22:00:00;2372.0206536096266;3048.3762500000003;['pressure']
2026-03-02 23:00:00;2372.867806537278;2899.3835;['pressure']
2026-03-03 00:00:00;2551.475590147198;2072.42525;['pressure']
2026-03-03 01:00:00;2594.5816534517135;2646.535;['pressure']
2026-03-03 02:00:00;2550.8252442029593;2631.8955;['pressure']
2026-03-03 03:00:00;2466.04756232819;3036.797;['pressure']
2026-03-03 04:00:00;2629.530653716208;2119.68425;['pressure']
2026-03-03 05:00:00;2700.291094138835;2895.75175;['pressure']
2026-03-03 06:00:00;3027.0632608717588;3432.59825;['pressure']
2026-03-03 07:00:00;2658.30058079066;524.39675;['pressure']
2026-03-03 08:00:00;2895.579325812331;1743.91575;['pressure']
2026-03-03 09:00:00;2389.5590092051298;1520.6104999999998;['pressure']
2026-03-03 10:00:00;2322.7549122935843;1320.03525;['pressure']
2026-03-03 11:00:00;2903.4085206915033;2607.65675;['pressure']
2026-03-03 12:00:00;2893.569908654485;4472.4735;['pressure']
2026-03-03 13:00:00;2186.137854230098;4663.9335;['pressure']
2026-03-03 14:00:00;2792.4844022841553;4119.155;['pressure']
2026-03-03 15:00:00;2672.8302696650417;3445.13;['pressure']
2026-03-03 16:00:00;2661.904666277773;2418.37475;['pressure']
2026-03-03 17:00:00;3931.3051358518987;3358.39975;['pressure']
2026-03-03 18:00:00;4963.25175917583;6378.4400000000005;['pressure']
2026-03-03 19:00:00;3340.533859510552;2789.0335;['pressure']
2026-03-03 20:00:00;3309.4506423344237;3805.4915;['pressure']
2026-03-03 21:00:00;2955.108327204918;3770.307;['pressure']
2026-03-03 22:00:00;2729.083407139067;2653.62925;['pressure']
2026-03-03 23:00:00;2613.65509991269;2743.64325;['pressure']
2026-03-04 00:00:00;2662.0479722369078;2341.52875;['pressure']
2026-03-04 01:00:00;2911.769645348767;2976.6625;['pressure']
2026-03-04 02:00:00;2767.4348982229026;2663.9955;['pressure']
2026-03-04 03:00:00;2773.7973710013252;2132.85775;['pressure']
2026-03-04 04:00:00;2687.653047319382;2686.453;['pressure']
2026-03-04 05:00:00;2886.2784059249198;2480.783;['pressure']
2026-03-04 06:00:00;2995.6876905720264;2484.50025;['pressure']
2026-03-04 07:00:00;3343.1268434091785;3750.57025;['pressure']
2026-03-04 08:00:00;2803.6979890902307;962.9825;['pressure']
2026-03-04 09:00:00;3452.5528176399775;913.50825;['pressure']
2026-03-04 10:00:00;2132.645792320665;2335.989;['pressure']
2026-03-04 11:00:00;2954.479435418385;2978.1815;['pressure']
2026-03-04 12:00:00;3110.523082580201;4587.24025;['pressure']
2026-03-04 13:00:00;3049.500963957599;4646.554749999999;['pressure']
2026-03-04 14:00:00;2792.318129569535;4490.52625;['pressure']
2026-03-04 15:00:00;2663.8350395229195;3957.3565;['pressure']
2026-03-04 16:00:00;3084.5951959546383;2997.356;['pressure']
2026-03-04 17:00:00;3903.371700993187;1464.8985;['pressure']
2026-03-04 18:00:00;3807.1419576391936;4648.4705;['pressure']
2026-03-04 19:00:00;3043.888264095749;4129.09025;['pressure']
2026-03-04 20:00:00;3572.024797962249;3670.78525;['pressure']
2026-03-04 21:00:00;3533.5592484559984;2636.34375;['pressure']
2026-03-04 22:00:00;2976.878531425887;3060.88225;['pressure']
2026-03-04 23:00:00;2958.451235272549;3818.83625;['pressure']
2026-03-05 00:00:00;3145.3013990728805;2839.1465;['pressure']
2026-03-05 01:00:00;3095.0739287486367;2795.9970000000003;['pressure']
2026-03-05 02:00:00;2847.567354217609;2804.9217500000004;['pressure']
2026-03-05 03:00:00;2708.818288740549;2636.8767500000004;['pressure']
2026-03-05 04:00:00;2762.290138555006;2252.3625;['pressure']
2026-03-05 05:00:00;2880.52890951237;2891.4347500000003;['pressure']
2026-03-05 06:00:00;3217.5394920194803;3542.1585;['pressure']
2026-03-05 07:00:00;3541.9595793872622;4354.528;['pressure']
2026-03-05 08:00:00;2785.468504956998;2665.74625;['pressure']
2026-03-05 09:00:00;3148.218214106202;1302.7145;['pressure']
2026-03-05 10:00:00;2766.53217324815;2217.8925;['pressure']
2026-03-05 11:00:00;3085.1580421112812;1661.2067499999998;['pressure']
2026-03-05 12:00:00;3593.4145774039116;1502.9172500000002;['pressure']
2026-03-05 13:00:00;3056.4961827078673;869.1479999999999;['pressure']
2026-03-05 14:00:00;3386.606025362744;1631.13325;['pressure']
2026-03-05 15:00:00;2942.9568583310092;3945.8165;['pressure']
2026-03-05 16:00:00;3008.304360199608;2468.259;['pressure']
2026-03-05 17:00:00;3540.803448483402;3224.5152499999995;['pressure']
2026-03-05 18:00:00;5595.517916209441;5428.21475;['pressure']
2026-03-05 19:00:00;3383.689942926856;3815.672;['pressure']
2026-03-05 20:00:00;3380.152362920518;4185.101;['pressure']
2026-03-05 21:00:00;3228.2617462780636;2708.38675;['pressure']
2026-03-05 22:00:00;3093.5450660817833;2625.80675;['pressure']
2026-03-05 23:00:00;3007.803099371972;2412.5550000000003;['pressure']
2026-03-06 00:00:00;2389.207793502127;2537.2190000000005;['pressure']
2026-03-06 01:00:00;2663.705721026696;2795.9970000000003;['pressure']
2026-03-06 02:00:00;2493.41290353505;2804.9217500000004;['pressure']
2026-03-06 03:00:00;2441.2456884597823;2636.8767500000004;['pressure']
2026-03-06 04:00:00;2523.9102050520182;2252.3625;['pressure']
2026-03-06 05:00:00;2692.690193227361;2891.4347500000003;['pressure']
2026-03-06 06:00:00;2755.146813524807;3542.1585;['pressure']
2026-03-06 07:00:00;2907.7453035485837;4354.528;['pressure']
2026-03-06 08:00:00;2847.746716443978;1813.133;['pressure']
2026-03-06 09:00:00;2945.5295947825944;1455.8512500000002;['pressure']
2026-03-06 10:00:00;2453.8240151289024;2485.7415;['pressure']
2026-03-06 11:00:00;2481.431978538669;4530.7165;['pressure']
2026-03-06 12:00:00;2492.7675974974377;4249.43025;['pressure']
2026-03-06 13:00:00;2183.371353725609;2027.85775;['pressure']
2026-03-06 14:00:00;2835.21839620645;1419.4865;['pressure']
2026-03-06 15:00:00;3319.9435057771425;3713.09525;['pressure']
2026-03-06 16:00:00;2669.1113919314266;2572.8035;['pressure']
2026-03-06 17:00:00;3380.0639837601475;3580.1215;['pressure']
2026-03-06 18:00:00;4593.101089904392;6152.42875;['pressure']
2026-03-06 19:00:00;2952.6304980946707;3479.48725;['pressure']
2026-03-06 20:00:00;3385.0458976589653;2790.91975;['pressure']
2026-03-06 21:00:00;3056.3166196506545;2074.9595;['pressure']
2026-03-06 22:00:00;2766.484247968846;1739.635;['pressure']
2026-03-06 23:00:00;2491.976276123666;2311.847;['pressure']
2026-03-07 00:00:00;2560.924303794198;2138.156;['pressure']
2026-03-07 01:00:00;2744.2335960152004;2338.306;['pressure']
2026-03-07 02:00:00;2635.577085698283;2584.2935;['pressure']
2026-03-07 03:00:00;2513.208134710137;1668.98875;['pressure']
2026-03-07 04:00:00;2515.524169911927;1610.39575;['pressure']
2026-03-07 05:00:00;2810.873507661901;2070.308;['pressure']
2026-03-07 06:00:00;2849.2562799555435;2090.612;['pressure']
2026-03-07 07:00:00;3043.737362725515;1457.96075;['pressure']
2026-03-07 08:00:00;1931.9701038281946;756.50275;['pressure']
2026-03-07 09:00:00;2016.6057998700671;1590.6302500000002;['pressure']
2026-03-07 10:00:00;2421.853203006014;1327.3035;['pressure']
2026-03-07 11:00:00;3094.5906160586173;2811.17875;['pressure']
2026-03-07 12:00:00;3378.471434675387;1682.80625;['pressure']
2026-03-07 13:00:00;2368.7760500741088;1354.13025;['pressure']
2026-03-07 14:00:00;2378.379460082182;951.723;['pressure']
2026-03-07 15:00:00;3402.785417067062;2364.96775;['pressure']
2026-03-07 16:00:00;2626.940724615447;2298.85875;['pressure']
2026-03-07 17:00:00;3453.935277231311;2192.87;['pressure']
2026-03-07 18:00:00;5388.291829860264;3587.63775;['pressure']
2026-03-07 19:00:00;3105.3048093010643;4620.41925;['pressure']
2026-03-07 20:00:00;3195.8770898333405;4156.529;['pressure']
2026-03-07 21:00:00;3022.4594048244576;2222.4085;['pressure']
2026-03-07 22:00:00;2722.877253418994;4127.96075;['pressure']
2026-03-07 23:00:00;2724.6867747734086;2806.2985;['pressure']
2026-03-08 00:00:00;2249.6999373585927;2072.6980000000003;['pressure']
2026-03-08 01:00:00;2305.045874661948;3777.8255;['pressure']
2026-03-08 02:00:00;2228.647654868787;1967.07825;['pressure']
2026-03-08 03:00:00;1827.5171507340992;2125.10075;['pressure']
2026-03-08 04:00:00;1827.0485187797835;2076.188;['pressure']
2026-03-08 05:00:00;2242.1563979001457;2075.50675;['pressure']
2026-03-08 06:00:00;2325.580882494626;1866.8475;['pressure']
2026-03-08 07:00:00;1929.981143793928;1325.2725;['pressure']
2026-03-08 08:00:00;1471.2798399821136;995.868;['pressure']
2026-03-08 09:00:00;1762.328974244464;913.16325;['pressure']
2026-03-08 10:00:00;1763.1722721013316;1799.62;['pressure']
2026-03-08 11:00:00;2591.1737675908935;2870.49225;['pressure']
2026-03-08 12:00:00;2447.7514261231213;1250.2222499999998;['pressure']
2026-03-08 13:00:00;1708.4209734194496;1831.10675;['pressure']
2026-03-08 14:00:00;1589.361470370949;1428.14675;['pressure']
2026-03-08 15:00:00;2595.9249137811776;1477.5485;['pressure']
2026-03-08 16:00:00;2282.684641731187;2029.1785;['pressure']
2026-03-08 17:00:00;2885.627165114733;1926.54075;['pressure']
2026-03-08 18:00:00;3962.1137081781544;3786.51925;['pressure']
2026-03-08 19:00:00;3381.3422005286247;3130.8587500000003;['pressure']
2026-03-08 20:00:00;3129.1293124678814;4166.77175;['pressure']
2026-03-08 21:00:00;2537.0313176572963;3548.41575;['pressure']
2026-03-08 22:00:00;2600.709340839764;2750.8852500000003;['pressure']
2026-03-08 23:00:00;2560.6239497588513;2077.47225;['pressure']
2026-03-09 00:00:00;1941.9789568868946;1669.124;['pressure']
2026-03-09 01:00:00;2492.888380710002;2920.80125;['pressure']
2026-03-09 02:00:00;2007.9549039008473;2274.465;['pressure']
2026-03-09 03:00:00;1814.799812802365;1554.71575;['pressure']
2026-03-09 04:00:00;1763.6171752286355;1631.3594999999998;['pressure']
2026-03-09 05:00:00;2073.444762542014;3087.776;['pressure']
2026-03-09 06:00:00;2180.710864603786;1866.8475;['pressure']
2026-03-09 07:00:00;1794.3744384261086;1325.2725;['pressure']
2026-03-09 08:00:00;2278.8071120746736;995.868;['pressure']
2026-03-09 09:00:00;978.5842415114598;913.16325;['pressure']
2026-03-09 10:00:00;1714.3127936132437;2129.53325;['pressure']
2026-03-09 11:00:00;2504.069630338953;2527.43425;['pressure']
2026-03-09 12:00:00;1871.8025951278464;4109.2385;['pressure']
2026-03-09 13:00:00;1768.0701192663664;2127.6040000000003;['pressure']
2026-03-09 14:00:00;1991.7411569823876;1350.60725;['pressure']
2026-03-09 15:00:00;2164.403225375652;2213.1385;['pressure']
2026-03-09 16:00:00;2109.825292156698;1826.9195;['pressure']
2026-03-09 17:00:00;2637.59646044214;3601.039;['pressure']
2026-03-09 18:00:00;4031.1792628538533;6124.2245;['pressure']
2026-03-09 19:00:00;2825.385656014426;3677.76775;['pressure']
2026-03-09 20:00:00;3058.6627366139874;2136.94175;['pressure']
2026-03-09 21:00:00;2647.7412601847946;2988.7155;['pressure']
2026-03-09 22:00:00;2376.986274502183;2318.666;['pressure']
2026-03-09 23:00:00;2250.7970789390333;1780.5255;['pressure']
2026-03-10 00:00:00;1873.2605466692094;2910.68175;['pressure']
2026-03-10 01:00:00;2359.199954483046;1606.8917499999998;['pressure']
2026-03-10 02:00:00;2227.166458310704;1834.1555;['pressure']
2026-03-10 03:00:00;1877.1189760982559;1829.8265;['pressure']
2026-03-10 04:00:00;1865.9414577045575;1621.01425;['pressure']
2026-03-10 05:00:00;2438.1638981711626;2817.76325;['pressure']
2026-03-10 06:00:00;2237.693599930532;2770.8007500000003;['pressure']
2026-03-10 07:00:00;1869.3272280709698;3333.38175;['pressure']
2026-03-10 08:00:00;1355.4521826161151;2793.15375;['pressure']
2026-03-10 09:00:00;1195.4942143932933;1767.713;['pressure']
2026-03-10 10:00:00;1869.4885925925641;2210.927;['pressure']
2026-03-10 11:00:00;2490.5392327512996;3412.94075;['pressure']
2026-03-10 12:00:00;2549.1470377663363;4061.66425;['pressure']
2026-03-10 13:00:00;1741.2619011499417;4106.809499999999;['pressure']
2026-03-10 14:00:00;1714.5570290352673;2908.1775;['pressure']
2026-03-10 15:00:00;2279.420679468991;2550.7335;['pressure']
2026-03-10 16:00:00;2138.3429174664125;1788.1075;['pressure']
2026-03-10 17:00:00;3138.4553372313476;2544.117;['pressure']
2026-03-10 18:00:00;5343.368221268894;5236.5315;['pressure']
2026-03-10 19:00:00;3092.0455572313335;3303.29325;['pressure']
2026-03-10 20:00:00;2605.734468052259;4674.07575;['pressure']
2026-03-10 21:00:00;2712.120509315931;2431.65825;['pressure']
2026-03-10 22:00:00;2363.362581887157;2185.2885;['pressure']
2026-03-10 23:00:00;2376.65680977459;2130.8632500000003;['pressure']
2026-03-11 00:00:00;2505.698887538865;1892.9767500000005;['pressure']
2026-03-11 01:00:00;2469.6146817961944;2013.29275;['pressure']
2026-03-11 02:00:00;2309.5607301292043;1828.167;['pressure']
2026-03-11 03:00:00;2198.959014942564;1877.80425;['pressure']
2026-03-11 04:00:00;2106.6664137717894;1892.7795;['pressure']
2026-03-11 05:00:00;2640.370007401364;3109.4265;['pressure']
2026-03-11 06:00:00;2674.2284384913123;2762.2815;['pressure']
2026-03-11 07:00:00;2665.901902536905;2268.42275;['pressure']
2026-03-11 08:00:00;2022.509515536614;1332.15575;['pressure']
2026-03-11 09:00:00;1626.619711442719;946.02025;['pressure']
2026-03-11 10:00:00;2208.9858032062407;2953.6225000000004;['pressure']
2026-03-11 11:00:00;2968.129721699961;3048.2492500000003;['pressure']
2026-03-11 12:00:00;2762.9159762041445;1016.1849999999998;['pressure']
2026-03-11 13:00:00;2681.3659523435663;735.11675;['pressure']
2026-03-11 14:00:00;2480.1810233169244;1102.20775;['pressure']
2026-03-11 15:00:00;2697.7479817345425;2617.099;['pressure']
2026-03-11 16:00:00;2352.632626990647;3511.27;['pressure']
2026-03-11 17:00:00;3056.374946089148;2191.68175;['pressure']
2026-03-11 18:00:00;4718.737209993552;3577.4475;['pressure']
2026-03-11 19:00:00;3275.8954976399036;4741.882250000001;['pressure']
2026-03-11 20:00:00;3574.9783728146704;2768.617;['pressure']
2026-03-11 21:00:00;2875.14499811082;3223.21725;['pressure']
2026-03-11 22:00:00;2666.328528927393;2263.3005;['pressure']
2026-03-11 23:00:00;2474.9789578521777;1655.887;['pressure']
2026-02-21 00:00:00;3436.643125981821;3220.53525;['precipitation']
2026-02-21 01:00:00;3612.5851924267436;4944.16275;['precipitation']
2026-02-21 02:00:00;3375.3334503317287;3109.51675;['precipitation']
2026-02-21 03:00:00;3066.554815205003;3107.83475;['precipitation']
2026-02-21 04:00:00;3432.2301674347364;3534.54725;['precipitation']
2026-02-21 05:00:00;3594.000466465411;3540.4435;['precipitation']
2026-02-21 06:00:00;3592.727849166452;2907.9265;['precipitation']
2026-02-21 07:00:00;3937.225809146805;3075.088;['precipitation']
2026-02-21 08:00:00;4037.8783593131097;3908.9975;['precipitation']
2026-02-21 09:00:00;4053.9108087509712;5084.14325;['precipitation']
2026-02-21 10:00:00;3817.6777740343596;3648.72875;['precipitation']
2026-02-21 11:00:00;3940.300976413389;2904.00575;['precipitation']
2026-02-21 12:00:00;3850.7507500640077;3646.29625;['precipitation']
2026-02-21 13:00:00;3671.4405699454464;3093.9895;['precipitation']
2026-02-21 14:00:00;3919.084809351245;3318.7700000000004;['precipitation']
2026-02-21 15:00:00;3817.8599675989803;3322.10225;['precipitation']
2026-02-21 16:00:00;3883.6912312924164;3020.13275;['precipitation']
2026-02-21 17:00:00;4579.572743217758;2320.5085;['precipitation']
2026-02-21 18:00:00;5197.414840815388;3975.71575;['precipitation']
2026-02-21 19:00:00;4016.9403019661777;3784.02475;['precipitation']
2026-02-21 20:00:00;4308.489354311656;3627.47425;['precipitation']
2026-02-21 21:00:00;4088.4026255490626;4353.26275;['precipitation']
2026-02-21 22:00:00;3651.426678008397;3946.12675;['precipitation']
2026-02-21 23:00:00;3658.931517641732;2380.04225;['precipitation']
2026-02-22 00:00:00;2972.4467400888893;2629.34925;['precipitation']
2026-02-22 01:00:00;3143.830467018366;2120.21475;['precipitation']
2026-02-22 02:00:00;3019.923432607512;2591.9735000000005;['precipitation']
2026-02-22 03:00:00;2890.382571848507;2107.6405;['precipitation']
2026-02-22 04:00:00;3010.972733086116;2663.44675;['precipitation']
2026-02-22 05:00:00;3252.79989359462;2201.2252500000004;['precipitation']
2026-02-22 06:00:00;3243.9437780552785;3617.4885;['precipitation']
2026-02-22 07:00:00;3435.705980771514;2402.6565;['precipitation']
2026-02-22 08:00:00;3693.4320177343247;2474.27325;['precipitation']
2026-02-22 09:00:00;3680.9439922793517;2407.15;['precipitation']
2026-02-22 10:00:00;3082.6775736367636;2644.01375;['precipitation']
2026-02-22 11:00:00;3351.423924265467;2835.98975;['precipitation']
2026-02-22 12:00:00;3449.206489362693;2392.25975;['precipitation']
2026-02-22 13:00:00;3306.63070737634;2305.58525;['precipitation']
2026-02-22 14:00:00;2951.1562965431845;3217.099;['precipitation']
2026-02-22 15:00:00;3141.033464661722;1857.12725;['precipitation']
2026-02-22 16:00:00;3695.9460396249547;1684.09225;['precipitation']
2026-02-22 17:00:00;3943.3490910518713;2181.636;['precipitation']
2026-02-22 18:00:00;4878.425017163826;3896.849;['precipitation']
2026-02-22 19:00:00;2803.5696886910723;2929.2675;['precipitation']
2026-02-22 20:00:00;3971.9456940589694;3539.39125;['precipitation']
2026-02-22 21:00:00;3663.449571610405;3225.271;['precipitation']
2026-02-22 22:00:00;3242.885193206908;2870.692;['precipitation']
2026-02-22 23:00:00;3107.087295626277;2738.51825;['precipitation']
2026-02-23 00:00:00;2601.6657244047215;1746.72925;['precipitation']
2026-02-23 01:00:00;2463.6750984856876;2174.40925;['precipitation']
2026-02-23 02:00:00;2259.951112354198;2312.4432500000003;['precipitation']
2026-02-23 03:00:00;2263.06970093397;2503.66025;['precipitation']
2026-02-23 04:00:00;2341.8020208642897;2444.362;['precipitation']
2026-02-23 05:00:00;2431.2988911882744;2905.5025;['precipitation']
2026-02-23 06:00:00;2370.249503215115;2810.3165;['precipitation']
2026-02-23 07:00:00;2593.0234681649576;3784.323;['precipitation']
2026-02-23 08:00:00;2879.4400038454837;3324.1055;['precipitation']
2026-02-23 09:00:00;2727.3200874429426;2637.14525;['precipitation']
2026-02-23 10:00:00;2741.4842187937666;2564.26675;['precipitation']
2026-02-23 11:00:00;2750.8490993009295;2422.39275;['precipitation']
2026-02-23 12:00:00;2554.135690229208;1688.8627499999998;['precipitation']
2026-02-23 13:00:00;2456.7967089933973;1263.13575;['precipitation']
2026-02-23 14:00:00;2727.409351251398;2432.09175;['precipitation']
2026-02-23 15:00:00;2225.938652695556;3639.514;['precipitation']
2026-02-23 16:00:00;3043.7211910698757;3844.585;['precipitation']
2026-02-23 17:00:00;3721.7666758070673;7690.8945;['precipitation']
2026-02-23 18:00:00;4053.4967041653617;7286.809499999999;['precipitation']
2026-02-23 19:00:00;3096.3658732065596;1459.71375;['precipitation']
2026-02-23 20:00:00;3081.8764735233603;2066.23975;['precipitation']
2026-02-23 21:00:00;3182.8780943772917;4231.92425;['precipitation']
2026-02-23 22:00:00;2581.096418631964;3387.08275;['precipitation']
2026-02-23 23:00:00;2799.4006375178064;2707.083;['precipitation']
2026-02-24 00:00:00;2867.267582500107;2087.3587500000003;['precipitation']
2026-02-24 01:00:00;3283.627095831906;2805.0935;['precipitation']
2026-02-24 02:00:00;2532.845259342732;2305.28275;['precipitation']
2026-02-24 03:00:00;2592.7735703731623;2668.79575;['precipitation']
2026-02-24 04:00:00;2598.9209192149374;2515.11175;['precipitation']
2026-02-24 05:00:00;2728.643151334217;3203.1455;['precipitation']
2026-02-24 06:00:00;2753.9973578978997;2993.927;['precipitation']
2026-02-24 07:00:00;2996.345584626821;3073.1355000000003;['precipitation']
2026-02-24 08:00:00;3171.075217339217;3171.7027500000004;['precipitation']
2026-02-24 09:00:00;3583.121858170443;3257.02575;['precipitation']
2026-02-24 10:00:00;2829.95068520297;2908.47525;['precipitation']
2026-02-24 11:00:00;2907.6950804541984;2711.759;['precipitation']
2026-02-24 12:00:00;2942.914333362259;2309.90175;['precipitation']
2026-02-24 13:00:00;2847.7505896650146;739.952;['precipitation']
2026-02-24 14:00:00;3050.321537297569;2432.09175;['precipitation']
2026-02-24 15:00:00;2615.870979169389;3639.514;['precipitation']
2026-02-24 16:00:00;2775.137007896941;3844.585;['precipitation']
2026-02-24 17:00:00;3448.392613940505;7690.8945;['precipitation']
2026-02-24 18:00:00;3764.619309348581;7286.809499999999;['precipitation']
2026-02-24 19:00:00;3176.7925640918274;1459.71375;['precipitation']
2026-02-24 20:00:00;3347.384805994927;2066.23975;['precipitation']
2026-02-24 21:00:00;3221.362954560872;4231.92425;['precipitation']
2026-02-24 22:00:00;2855.031679914194;3387.08275;['precipitation']
2026-02-24 23:00:00;2697.281090027268;2707.083;['precipitation']
2026-02-25 00:00:00;3133.6273253118197;2087.3587500000003;['precipitation']
2026-02-25 01:00:00;2998.4903285225596;2805.0935;['precipitation']
2026-02-25 02:00:00;2753.4378216099203;2305.28275;['precipitation']
2026-02-25 03:00:00;2844.682587131776;2668.79575;['precipitation']
2026-02-25 04:00:00;2909.5260525836034;2515.11175;['precipitation']
2026-02-25 05:00:00;3062.564787783677;3203.1455;['precipitation']
2026-02-25 06:00:00;3102.5924692809403;2993.927;['precipitation']
2026-02-25 07:00:00;3239.8804410077673;3073.1355000000003;['precipitation']
2026-02-25 08:00:00;3381.1142610698694;3171.7027500000004;['precipitation']
2026-02-25 09:00:00;3561.041499322368;3257.02575;['precipitation']
2026-02-25 10:00:00;3052.1192821137206;2908.47525;['precipitation']
2026-02-25 11:00:00;3053.380012954733;2711.759;['precipitation']
2026-02-25 12:00:00;3310.874336212339;2309.90175;['precipitation']
2026-02-25 13:00:00;3005.8944897799497;739.952;['precipitation']
2026-02-25 14:00:00;2827.2345790760446;1733.7510000000002;['precipitation']
2026-02-25 15:00:00;2955.8387304284015;2727.55;['precipitation']
2026-02-25 16:00:00;3246.4738676612983;2268.04875;['precipitation']
2026-02-25 17:00:00;4371.409121863097;2185.0825;['precipitation']
2026-02-25 18:00:00;4934.939599661964;5401.65;['precipitation']
2026-02-25 19:00:00;3399.2262138671904;4408.7265;['precipitation']
2026-02-25 20:00:00;3527.7920078907523;3120.36225;['precipitation']
2026-02-25 21:00:00;3754.371417216274;2523.31;['precipitation']
2026-02-25 22:00:00;3165.0540886356703;2395.0051041666666;['precipitation']
2026-02-25 23:00:00;2971.1920773448724;2266.700208333333;['precipitation']
2026-02-26 00:00:00;2307.665108155987;2138.3953125;['precipitation']
2026-02-26 01:00:00;2593.551607826721;2010.0904166666664;['precipitation']
2026-02-26 02:00:00;2280.677529137592;1881.785520833333;['precipitation']
2026-02-26 03:00:00;2335.6799616063977;1753.4806249999997;['precipitation']
2026-02-26 04:00:00;2440.2460214840353;1625.1757291666663;['precipitation']
2026-02-26 05:00:00;2655.3173033453468;1496.8708333333332;['precipitation']
2026-02-26 06:00:00;2672.2071322316665;1368.5659374999998;['precipitation']
2026-02-26 07:00:00;2830.550147014281;1240.2610416666664;['precipitation']
2026-02-26 08:00:00;2889.942157588135;1111.956145833333;['precipitation']
2026-02-26 09:00:00;2931.1840512744257;983.65125;['precipitation']
2026-02-26 10:00:00;2600.170830154391;1833.2985;['precipitation']
2026-02-26 11:00:00;2646.3558863457743;3650.50475;['precipitation']
2026-02-26 12:00:00;2508.2521790880833;3347.99625;['precipitation']
2026-02-26 13:00:00;1687.7804425082568;4618.702;['precipitation']
2026-02-26 14:00:00;2466.365208588832;4011.90325;['precipitation']
2026-02-26 15:00:00;2440.0327303251465;3309.00375;['precipitation']
2026-02-26 16:00:00;2617.3055962683698;2059.02025;['precipitation']
2026-02-26 17:00:00;3889.0113780101947;2137.0;['precipitation']
2026-02-26 18:00:00;4960.371925390564;5895.00775;['precipitation']
2026-02-26 19:00:00;3057.2625133249485;3952.2635;['precipitation']
2026-02-26 20:00:00;3162.7849292169003;3048.434;['precipitation']
2026-02-26 21:00:00;2840.771300893486;2100.1352500000003;['precipitation']
2026-02-26 22:00:00;2673.491585278999;2277.26325;['precipitation']
2026-02-26 23:00:00;2508.6443164204034;2650.38725;['precipitation']
2026-02-27 00:00:00;2464.0396441460466;2599.7665;['precipitation']
2026-02-27 01:00:00;2537.331253078629;2229.40875;['precipitation']
2026-02-27 02:00:00;2297.888341552075;3347.22275;['precipitation']
2026-02-27 03:00:00;2234.0617222946075;2196.732;['precipitation']
2026-02-27 04:00:00;2352.901189910507;2473.217;['precipitation']
2026-02-27 05:00:00;2584.609222838825;2305.593;['precipitation']
2026-02-27 06:00:00;2592.6356827721775;2977.48975;['precipitation']
2026-02-27 07:00:00;2724.0327073706926;3342.68125;['precipitation']
2026-02-27 08:00:00;2631.1287238360246;1551.13275;['precipitation']
2026-02-27 09:00:00;2809.247889893278;1172.703;['precipitation']
2026-02-27 10:00:00;2550.5431434511925;1888.36825;['precipitation']
2026-02-27 11:00:00;2710.634354051729;3043.5535;['precipitation']
2026-02-27 12:00:00;2543.8666246369557;2145.57025;['precipitation']
2026-02-27 13:00:00;2161.9259438814006;756.018;['precipitation']
2026-02-27 14:00:00;2661.673867829548;761.868;['precipitation']
2026-02-27 15:00:00;2519.3539586856605;1121.75;['precipitation']
2026-02-27 16:00:00;2680.8805878122666;1032.1845;['precipitation']
2026-02-27 17:00:00;3629.5353581666905;3098.913;['precipitation']
2026-02-27 18:00:00;3974.9732275117003;2677.49625;['precipitation']
2026-02-27 19:00:00;3243.8095704645552;2556.239;['precipitation']
2026-02-27 20:00:00;3037.4728772132885;2869.5155;['precipitation']
2026-02-27 21:00:00;2986.5353401054344;3065.46925;['precipitation']
2026-02-27 22:00:00;2619.3913913952674;2299.8542500000003;['precipitation']
2026-02-27 23:00:00;2513.698721514973;2289.7025000000003;['precipitation']
2026-02-28 00:00:00;2101.5795107807194;2230.26675;['precipitation']
2026-02-28 01:00:00;2266.698875261244;2372.79925;['precipitation']
2026-02-28 02:00:00;1958.3915522122506;2630.50125;['precipitation']
2026-02-28 03:00:00;1912.9378490218621;1981.921;['precipitation']
2026-02-28 04:00:00;2036.1712805503914;1977.72725;['precipitation']
2026-02-28 05:00:00;2201.199807786206;1957.68675;['precipitation']
2026-02-28 06:00:00;2226.362012102751;1896.85625;['precipitation']
2026-02-28 07:00:00;2394.5343619424402;1561.8505;['precipitation']
2026-02-28 08:00:00;2578.590729801172;1123.34475;['precipitation']
2026-02-28 09:00:00;2617.92880230017;1466.5585;['precipitation']
2026-02-28 10:00:00;2252.7900115426305;1740.317;['precipitation']
2026-02-28 11:00:00;2151.211865441597;2625.6695;['precipitation']
2026-02-28 12:00:00;2042.006455705351;3085.0835;['precipitation']
2026-02-28 13:00:00;2046.4423049361499;1037.36475;['precipitation']
2026-02-28 14:00:00;1706.4248077250022;961.63275;['precipitation']
2026-02-28 15:00:00;1864.9123851541492;954.55475;['precipitation']
2026-02-28 16:00:00;2225.6190004383952;1533.92725;['precipitation']
2026-02-28 17:00:00;3281.4452668067133;2240.077;['precipitation']
2026-02-28 18:00:00;3883.389665483105;2810.08325;['precipitation']
2026-02-28 19:00:00;2086.770780656695;3149.1015;['precipitation']
2026-02-28 20:00:00;2651.6858850403137;3243.71375;['precipitation']
2026-02-28 21:00:00;2876.1850467875474;2889.52425;['precipitation']
2026-02-28 22:00:00;2353.476207917741;2945.9410000000003;['precipitation']
2026-02-28 23:00:00;2191.646490482517;3344.285;['precipitation']
2026-03-01 00:00:00;2464.6711861022345;4005.7825;['precipitation']
2026-03-01 01:00:00;2226.3919525573865;3224.6197500000003;['precipitation']
2026-03-01 02:00:00;1904.934878976402;2222.49475;['precipitation']
2026-03-01 03:00:00;2125.6426155322633;2238.53325;['precipitation']
2026-03-01 04:00:00;2032.4543037872304;2105.89225;['precipitation']
2026-03-01 05:00:00;2393.832369491019;1895.93;['precipitation']
2026-03-01 06:00:00;2191.286784279264;1915.9515;['precipitation']
2026-03-01 07:00:00;2365.3197778958406;1744.8925;['precipitation']
2026-03-01 08:00:00;2580.426608601616;1552.0675;['precipitation']
2026-03-01 09:00:00;2388.9564178490723;1486.991;['precipitation']
2026-03-01 10:00:00;2164.680405762586;1424.3685;['precipitation']
2026-03-01 11:00:00;2167.3249719734645;1848.2955;['precipitation']
2026-03-01 12:00:00;2208.1394671199687;2020.3935;['precipitation']
2026-03-01 13:00:00;1972.257877365866;1075.92025;['precipitation']
2026-03-01 14:00:00;1913.8611727246541;2221.634;['precipitation']
2026-03-01 15:00:00;1953.506181041673;1621.3802500000002;['precipitation']
2026-03-01 16:00:00;2229.599360148609;2940.9017500000004;['precipitation']
2026-03-01 17:00:00;3065.2270683608567;3469.55025;['precipitation']
2026-03-01 18:00:00;3859.202544709376;3401.025;['precipitation']
2026-03-01 19:00:00;2420.0872048759916;4648.9400000000005;['precipitation']
2026-03-01 20:00:00;2794.8816921711996;3172.72825;['precipitation']
2026-03-01 21:00:00;2647.919329883095;3724.67375;['precipitation']
2026-03-01 22:00:00;2288.4809310188202;2194.51425;['precipitation']
2026-03-01 23:00:00;2200.9555469497823;2766.385;['precipitation']
2026-03-02 00:00:00;2533.2028356512646;3246.745;['precipitation']
2026-03-02 01:00:00;2529.8637094439678;2790.22925;['precipitation']
2026-03-02 02:00:00;2331.7833951431303;2155.6665;['precipitation']
2026-03-02 03:00:00;2246.3602791428966;2621.298;['precipitation']
2026-03-02 04:00:00;2357.1880161774893;2217.16675;['precipitation']
2026-03-02 05:00:00;2399.848274016488;2487.078;['precipitation']
2026-03-02 06:00:00;2469.607670114926;3034.98225;['precipitation']
2026-03-02 07:00:00;2446.0932695892934;703.9855;['precipitation']
2026-03-02 08:00:00;2376.811756417007;3024.90775;['precipitation']
2026-03-02 09:00:00;2453.638926622979;1042.5125;['precipitation']
2026-03-02 10:00:00;2230.783077572775;1443.9805;['precipitation']
2026-03-02 11:00:00;2518.940407009123;3115.7045;['precipitation']
2026-03-02 12:00:00;2410.9921528229834;3578.4032500000003;['precipitation']
2026-03-02 13:00:00;1868.1941463911608;4828.33975;['precipitation']
2026-03-02 14:00:00;2293.991002135381;4235.00525;['precipitation']
2026-03-02 15:00:00;2146.187646041226;4154.5925;['precipitation']
2026-03-02 16:00:00;2406.907113598556;2162.64175;['precipitation']
2026-03-02 17:00:00;4093.7246656192433;2929.2985;['precipitation']
2026-03-02 18:00:00;4840.313777293765;4386.6975;['precipitation']
2026-03-02 19:00:00;2665.9073883864785;3566.40925;['precipitation']
2026-03-02 20:00:00;2967.4486107532884;3250.582;['precipitation']
2026-03-02 21:00:00;3039.74774207447;2445.295;['precipitation']
2026-03-02 22:00:00;2478.6884364668795;3048.3762500000003;['precipitation']
2026-03-02 23:00:00;2348.830966291064;2899.3835;['precipitation']
2026-03-03 00:00:00;2619.930349413788;2072.42525;['precipitation']
2026-03-03 01:00:00;2652.2927601636384;2646.535;['precipitation']
2026-03-03 02:00:00;2682.3769898475052;2631.8955;['precipitation']
2026-03-03 03:00:00;2494.672606862446;3036.797;['precipitation']
2026-03-03 04:00:00;2816.7965293266334;2119.68425;['precipitation']
2026-03-03 05:00:00;2743.30116219697;2895.75175;['precipitation']
2026-03-03 06:00:00;2806.2159381611473;3432.59825;['precipitation']
2026-03-03 07:00:00;2452.7204675723433;524.39675;['precipitation']
2026-03-03 08:00:00;2898.3677451012886;1743.91575;['precipitation']
2026-03-03 09:00:00;2420.9518811813437;1520.6104999999998;['precipitation']
2026-03-03 10:00:00;2224.6619756644186;1320.03525;['precipitation']
2026-03-03 11:00:00;2874.4954524355244;2607.65675;['precipitation']
2026-03-03 12:00:00;2845.8145126402437;4472.4735;['precipitation']
2026-03-03 13:00:00;2191.475115012237;4663.9335;['precipitation']
2026-03-03 14:00:00;2743.6438311126367;4119.155;['precipitation']
2026-03-03 15:00:00;2606.0192708792642;3445.13;['precipitation']
2026-03-03 16:00:00;2687.556582046731;2418.37475;['precipitation']
2026-03-03 17:00:00;4016.139132419323;3358.39975;['precipitation']
2026-03-03 18:00:00;5044.284318301944;6378.4400000000005;['precipitation']
2026-03-03 19:00:00;3481.6895258071245;2789.0335;['precipitation']
2026-03-03 20:00:00;3285.7254949951857;3805.4915;['precipitation']
2026-03-03 21:00:00;3091.473315638345;3770.307;['precipitation']
2026-03-03 22:00:00;2886.6707194683786;2653.62925;['precipitation']
2026-03-03 23:00:00;2778.4042581281337;2743.64325;['precipitation']
2026-03-04 00:00:00;2753.1399536687827;2341.52875;['precipitation']
2026-03-04 01:00:00;2855.455982896533;2976.6625;['precipitation']
2026-03-04 02:00:00;2747.8269253457443;2663.9955;['precipitation']
2026-03-04 03:00:00;2788.696614088724;2132.85775;['precipitation']
2026-03-04 04:00:00;2812.5249641573355;2686.453;['precipitation']
2026-03-04 05:00:00;2921.5930120820617;2480.783;['precipitation']
2026-03-04 06:00:00;3011.77931981989;2484.50025;['precipitation']
2026-03-04 07:00:00;3096.237204223918;3750.57025;['precipitation']
2026-03-04 08:00:00;2866.6054999598923;962.9825;['precipitation']
2026-03-04 09:00:00;3162.767819432288;913.50825;['precipitation']
2026-03-04 10:00:00;2210.1090879438307;2335.989;['precipitation']
2026-03-04 11:00:00;2931.6919068311345;2978.1815;['precipitation']
2026-03-04 12:00:00;3043.1850707455214;4587.24025;['precipitation']
2026-03-04 13:00:00;3388.6189271486683;4646.554749999999;['precipitation']
2026-03-04 14:00:00;2626.4132432456927;4490.52625;['precipitation']
2026-03-04 15:00:00;2738.0932902610652;3957.3565;['precipitation']
2026-03-04 16:00:00;2872.578684636366;2997.356;['precipitation']
2026-03-04 17:00:00;3831.018987313777;1464.8985;['precipitation']
2026-03-04 18:00:00;3792.18485591816;4648.4705;['precipitation']
2026-03-04 19:00:00;3128.77292776838;4129.09025;['precipitation']
2026-03-04 20:00:00;3519.9862734425374;3670.78525;['precipitation']
2026-03-04 21:00:00;3543.5947679400215;2636.34375;['precipitation']
2026-03-04 22:00:00;2948.3878254491274;3060.88225;['precipitation']
2026-03-04 23:00:00;2956.1261313504942;3818.83625;['precipitation']
2026-03-05 00:00:00;3256.9557361200505;2839.1465;['precipitation']
2026-03-05 01:00:00;2993.63211931521;2795.9970000000003;['precipitation']
2026-03-05 02:00:00;2930.382511154948;2804.9217500000004;['precipitation']
2026-03-05 03:00:00;2801.732744396655;2636.8767500000004;['precipitation']
2026-03-05 04:00:00;2932.6424557573473;2252.3625;['precipitation']
2026-03-05 05:00:00;2993.4525833199696;2891.4347500000003;['precipitation']
2026-03-05 06:00:00;3231.9376557202754;3542.1585;['precipitation']
2026-03-05 07:00:00;3513.1742818304056;4354.528;['precipitation']
2026-03-05 08:00:00;3095.326044018827;2665.74625;['precipitation']
2026-03-05 09:00:00;3041.174904124177;1302.7145;['precipitation']
2026-03-05 10:00:00;2682.010382929976;2217.8925;['precipitation']
2026-03-05 11:00:00;3020.2793060009867;1661.2067499999998;['precipitation']
2026-03-05 12:00:00;3263.410799776508;1502.9172500000002;['precipitation']
2026-03-05 13:00:00;3048.22841201181;869.1479999999999;['precipitation']
2026-03-05 14:00:00;3053.2662135338524;1631.13325;['precipitation']
2026-03-05 15:00:00;3121.408880193373;3945.8165;['precipitation']
2026-03-05 16:00:00;3008.3916497540563;2468.259;['precipitation']
2026-03-05 17:00:00;3721.8856887881093;3224.5152499999995;['precipitation']
2026-03-05 18:00:00;5726.281620192484;5428.21475;['precipitation']
2026-03-05 19:00:00;3430.1562776358005;3815.672;['precipitation']
2026-03-05 20:00:00;3499.766493901273;4185.101;['precipitation']
2026-03-05 21:00:00;3131.163964174949;2708.38675;['precipitation']
2026-03-05 22:00:00;2981.5314179132365;2625.80675;['precipitation']
2026-03-05 23:00:00;3130.7803764652795;2412.5550000000003;['precipitation']
2026-03-06 00:00:00;2402.3199194522463;2537.2190000000005;['precipitation']
2026-03-06 01:00:00;2623.362218328223;2795.9970000000003;['precipitation']
2026-03-06 02:00:00;2521.275900057559;2804.9217500000004;['precipitation']
2026-03-06 03:00:00;2493.158987161269;2636.8767500000004;['precipitation']
2026-03-06 04:00:00;2571.143267803446;2252.3625;['precipitation']
2026-03-06 05:00:00;2665.6551645286418;2891.4347500000003;['precipitation']
2026-03-06 06:00:00;2859.507053963231;3542.1585;['precipitation']
2026-03-06 07:00:00;2875.0934378316347;4354.528;['precipitation']
2026-03-06 08:00:00;3018.565167717622;1813.133;['precipitation']
2026-03-06 09:00:00;2675.6631350253047;1455.8512500000002;['precipitation']
2026-03-06 10:00:00;2505.424712605192;2485.7415;['precipitation']
2026-03-06 11:00:00;2604.8135833090682;4530.7165;['precipitation']
2026-03-06 12:00:00;2617.8022921108713;4249.43025;['precipitation']
2026-03-06 13:00:00;2143.010371488911;2027.85775;['precipitation']
2026-03-06 14:00:00;2777.1927711143207;1419.4865;['precipitation']
2026-03-06 15:00:00;3385.1886886184107;3713.09525;['precipitation']
2026-03-06 16:00:00;2705.43859292253;2572.8035;['precipitation']
2026-03-06 17:00:00;3377.290969323028;3580.1215;['precipitation']
2026-03-06 18:00:00;4600.740508502471;6152.42875;['precipitation']
2026-03-06 19:00:00;2973.215699357076;3479.48725;['precipitation']
2026-03-06 20:00:00;3312.4451786810337;2790.91975;['precipitation']
2026-03-06 21:00:00;3103.395863631231;2074.9595;['precipitation']
2026-03-06 22:00:00;2799.0622231202938;1739.635;['precipitation']
2026-03-06 23:00:00;2580.412009403027;2311.847;['precipitation']
2026-03-07 00:00:00;2531.264624385943;2138.156;['precipitation']
2026-03-07 01:00:00;2725.533107903744;2338.306;['precipitation']
2026-03-07 02:00:00;2626.4310551084395;2584.2935;['precipitation']
2026-03-07 03:00:00;2504.673722530579;1668.98875;['precipitation']
2026-03-07 04:00:00;2584.482861966433;1610.39575;['precipitation']
2026-03-07 05:00:00;2740.582571351798;2070.308;['precipitation']
2026-03-07 06:00:00;2938.811547901559;2090.612;['precipitation']
2026-03-07 07:00:00;3065.4680960031387;1457.96075;['precipitation']
2026-03-07 08:00:00;2352.200655201939;756.50275;['precipitation']
2026-03-07 09:00:00;2051.9957441420133;1590.6302500000002;['precipitation']
2026-03-07 10:00:00;2416.933545546052;1327.3035;['precipitation']
2026-03-07 11:00:00;3003.0828841458565;2811.17875;['precipitation']
2026-03-07 12:00:00;3122.091212469682;1682.80625;['precipitation']
2026-03-07 13:00:00;2502.080205830651;1354.13025;['precipitation']
2026-03-07 14:00:00;2575.863855152761;951.723;['precipitation']
2026-03-07 15:00:00;3526.5723022253223;2364.96775;['precipitation']
2026-03-07 16:00:00;2662.089825303632;2298.85875;['precipitation']
2026-03-07 17:00:00;3490.3001104463237;2192.87;['precipitation']
2026-03-07 18:00:00;4950.217688035285;3587.63775;['precipitation']
2026-03-07 19:00:00;3075.3597789381606;4620.41925;['precipitation']
2026-03-07 20:00:00;3095.3473354303846;4156.529;['precipitation']
2026-03-07 21:00:00;3153.5344341530845;2222.4085;['precipitation']
2026-03-07 22:00:00;2783.658339874564;4127.96075;['precipitation']
2026-03-07 23:00:00;2622.051161256666;2806.2985;['precipitation']
2026-03-08 00:00:00;2312.8474915911884;2072.6980000000003;['precipitation']
2026-03-08 01:00:00;2294.8841586901226;3777.8255;['precipitation']
2026-03-08 02:00:00;2245.7279241589094;1967.07825;['precipitation']
2026-03-08 03:00:00;1990.0252796562527;2125.10075;['precipitation']
2026-03-08 04:00:00;1955.7870613170794;2076.188;['precipitation']
2026-03-08 05:00:00;2288.0656881755785;2075.50675;['precipitation']
2026-03-08 06:00:00;2427.8894068709374;1866.8475;['precipitation']
2026-03-08 07:00:00;2207.682966612862;1325.2725;['precipitation']
2026-03-08 08:00:00;1536.684939188179;995.868;['precipitation']
2026-03-08 09:00:00;1740.3337665314707;913.16325;['precipitation']
2026-03-08 10:00:00;1815.1776960458594;1799.62;['precipitation']
2026-03-08 11:00:00;2429.2726304892885;2870.49225;['precipitation']
2026-03-08 12:00:00;2441.213367026946;1250.2222499999998;['precipitation']
2026-03-08 13:00:00;1744.1047370685822;1831.10675;['precipitation']
2026-03-08 14:00:00;1605.6189945805183;1428.14675;['precipitation']
2026-03-08 15:00:00;2477.154629615121;1477.5485;['precipitation']
2026-03-08 16:00:00;2339.5421139649598;2029.1785;['precipitation']
2026-03-08 17:00:00;2914.6355113902637;1926.54075;['precipitation']
2026-03-08 18:00:00;4096.881024835839;3786.51925;['precipitation']
2026-03-08 19:00:00;2570.088224304707;3130.8587500000003;['precipitation']
2026-03-08 20:00:00;3142.115652034837;4166.77175;['precipitation']
2026-03-08 21:00:00;2710.7920323832604;3548.41575;['precipitation']
2026-03-08 22:00:00;2654.5769104579704;2750.8852500000003;['precipitation']
2026-03-08 23:00:00;2472.942941678086;2077.47225;['precipitation']
2026-03-09 00:00:00;1976.6045029422291;1669.124;['precipitation']
2026-03-09 01:00:00;2483.5577805672383;2920.80125;['precipitation']
2026-03-09 02:00:00;2033.3608385034368;2274.465;['precipitation']
2026-03-09 03:00:00;1810.8208910755811;1554.71575;['precipitation']
2026-03-09 04:00:00;1751.6522293544153;1631.3594999999998;['precipitation']
2026-03-09 05:00:00;2098.54698227667;3087.776;['precipitation']
2026-03-09 06:00:00;2191.771273755102;1866.8475;['precipitation']
2026-03-09 07:00:00;1757.6851361445588;1325.2725;['precipitation']
2026-03-09 08:00:00;2400.350157962049;995.868;['precipitation']
2026-03-09 09:00:00;989.8335901171408;913.16325;['precipitation']
2026-03-09 10:00:00;1685.40912737597;2129.53325;['precipitation']
2026-03-09 11:00:00;2500.1255593060287;2527.43425;['precipitation']
2026-03-09 12:00:00;2000.3328185845974;4109.2385;['precipitation']
2026-03-09 13:00:00;1670.1836268119032;2127.6040000000003;['precipitation']
2026-03-09 14:00:00;2232.609003315052;1350.60725;['precipitation']
2026-03-09 15:00:00;2194.6524562787818;2213.1385;['precipitation']
2026-03-09 16:00:00;2147.7374580900587;1826.9195;['precipitation']
2026-03-09 17:00:00;2642.4668243920046;3601.039;['precipitation']
2026-03-09 18:00:00;4058.981059381585;6124.2245;['precipitation']
2026-03-09 19:00:00;2892.830224096141;3677.76775;['precipitation']
2026-03-09 20:00:00;3009.3565213189218;2136.94175;['precipitation']
2026-03-09 21:00:00;2663.8742627761712;2988.7155;['precipitation']
2026-03-09 22:00:00;2328.7237433552145;2318.666;['precipitation']
2026-03-09 23:00:00;2295.3972227264667;1780.5255;['precipitation']
2026-03-10 00:00:00;1804.6232392552943;2910.68175;['precipitation']
2026-03-10 01:00:00;2375.461502533816;1606.8917499999998;['precipitation']
2026-03-10 02:00:00;2179.0644986132734;1834.1555;['precipitation']
2026-03-10 03:00:00;1844.8372053153653;1829.8265;['precipitation']
2026-03-10 04:00:00;1817.4729089227128;1621.01425;['precipitation']
2026-03-10 05:00:00;2432.8446768288104;2817.76325;['precipitation']
2026-03-10 06:00:00;2091.6801148843515;2770.8007500000003;['precipitation']
2026-03-10 07:00:00;1822.7705010103743;3333.38175;['precipitation']
2026-03-10 08:00:00;1586.577553997885;2793.15375;['precipitation']
2026-03-10 09:00:00;1438.0283556326146;1767.713;['precipitation']
2026-03-10 10:00:00;1965.4956292758152;2210.927;['precipitation']
2026-03-10 11:00:00;2517.50581378904;3412.94075;['precipitation']
2026-03-10 12:00:00;2748.0452015534315;4061.66425;['precipitation']
2026-03-10 13:00:00;2001.4755720522226;4106.809499999999;['precipitation']
2026-03-10 14:00:00;1956.2268598028827;2908.1775;['precipitation']
2026-03-10 15:00:00;2344.061187165912;2550.7335;['precipitation']
2026-03-10 16:00:00;2257.8816563618543;1788.1075;['precipitation']
2026-03-10 17:00:00;3078.5535484587444;2544.117;['precipitation']
2026-03-10 18:00:00;5245.830940576802;5236.5315;['precipitation']
2026-03-10 19:00:00;3115.7612811161234;3303.29325;['precipitation']
2026-03-10 20:00:00;2571.122771336864;4674.07575;['precipitation']
2026-03-10 21:00:00;2623.085130468815;2431.65825;['precipitation']
2026-03-10 22:00:00;2432.6561491249986;2185.2885;['precipitation']
2026-03-10 23:00:00;2387.743090860231;2130.8632500000003;['precipitation']
2026-03-11 00:00:00;2452.628412912728;1892.9767500000005;['precipitation']
2026-03-11 01:00:00;2459.9734709081386;2013.29275;['precipitation']
2026-03-11 02:00:00;2330.545743718391;1828.167;['precipitation']
2026-03-11 03:00:00;2156.7157540337953;1877.80425;['precipitation']
2026-03-11 04:00:00;2080.085150461571;1892.7795;['precipitation']
2026-03-11 05:00:00;2662.5393390626446;3109.4265;['precipitation']
2026-03-11 06:00:00;2717.507301614415;2762.2815;['precipitation']
2026-03-11 07:00:00;2514.805572792785;2268.42275;['precipitation']
2026-03-11 08:00:00;2236.9496157790063;1332.15575;['precipitation']
2026-03-11 09:00:00;1868.9667766497114;946.02025;['precipitation']
2026-03-11 10:00:00;2225.9758328161042;2953.6225000000004;['precipitation']
2026-03-11 11:00:00;2961.1733306086253;3048.2492500000003;['precipitation']
2026-03-11 12:00:00;3277.369677830625;1016.1849999999998;['precipitation']
2026-03-11 13:00:00;2994.590657579541;735.11675;['precipitation']
2026-03-11 14:00:00;2573.616572576941;1102.20775;['precipitation']
2026-03-11 15:00:00;2842.2238347896105;2617.099;['precipitation']
2026-03-11 16:00:00;2385.697764076389;3511.27;['precipitation']
2026-03-11 17:00:00;2905.6390262697905;2191.68175;['precipitation']
2026-03-11 18:00:00;4921.467306639955;3577.4475;['precipitation']
2026-03-11 19:00:00;3620.5781448538255;4741.882250000001;['precipitation']
2026-03-11 20:00:00;3615.7883017361314;2768.617;['precipitation']
2026-03-11 21:00:00;2884.656211824287;3223.21725;['precipitation']
2026-03-11 22:00:00;2674.246080804421;2263.3005;['precipitation']
2026-03-11 23:00:00;2423.1426432528665;1655.887;['precipitation']
2026-02-21 00:00:00;3650.4897340843454;3220.53525;['temperature']
2026-02-21 01:00:00;3406.355979474229;4944.16275;['temperature']
2026-02-21 02:00:00;3529.1448971597047;3109.51675;['temperature']
2026-02-21 03:00:00;2919.946364400253;3107.83475;['temperature']
2026-02-21 04:00:00;3386.053217025706;3534.54725;['temperature']
2026-02-21 05:00:00;3321.5357651131185;3540.4435;['temperature']
2026-02-21 06:00:00;3376.9853888846765;2907.9265;['temperature']
2026-02-21 07:00:00;3240.8403108083644;3075.088;['temperature']
2026-02-21 08:00:00;3069.970199156948;3908.9975;['temperature']
2026-02-21 09:00:00;3755.0383053885007;5084.14325;['temperature']
2026-02-21 10:00:00;3201.1219155997755;3648.72875;['temperature']
2026-02-21 11:00:00;3103.3168027574143;2904.00575;['temperature']
2026-02-21 12:00:00;3019.7239541005683;3646.29625;['temperature']
2026-02-21 13:00:00;3012.7131139902667;3093.9895;['temperature']
2026-02-21 14:00:00;3170.057441359562;3318.7700000000004;['temperature']
2026-02-21 15:00:00;2874.2834264084663;3322.10225;['temperature']
2026-02-21 16:00:00;2730.833313480214;3020.13275;['temperature']
2026-02-21 17:00:00;3102.449265406677;2320.5085;['temperature']
2026-02-21 18:00:00;3739.939868190122;3975.71575;['temperature']
2026-02-21 19:00:00;2921.483151109238;3784.02475;['temperature']
2026-02-21 20:00:00;2839.636333933685;3627.47425;['temperature']
2026-02-21 21:00:00;2851.254569275637;4353.26275;['temperature']
2026-02-21 22:00:00;2511.5637881119487;3946.12675;['temperature']
2026-02-21 23:00:00;2914.872552286806;2380.04225;['temperature']
2026-02-22 00:00:00;2650.383389463769;2629.34925;['temperature']
2026-02-22 01:00:00;2942.7887544350237;2120.21475;['temperature']
2026-02-22 02:00:00;2817.988306792523;2591.9735000000005;['temperature']
2026-02-22 03:00:00;2322.5073946236;2107.6405;['temperature']
2026-02-22 04:00:00;2470.9397921883296;2663.44675;['temperature']
2026-02-22 05:00:00;2572.646884924074;2201.2252500000004;['temperature']
2026-02-22 06:00:00;2792.3136658048275;3617.4885;['temperature']
2026-02-22 07:00:00;3029.141060949964;2402.6565;['temperature']
2026-02-22 08:00:00;2729.7921754562203;2474.27325;['temperature']
2026-02-22 09:00:00;3025.257891329638;2407.15;['temperature']
2026-02-22 10:00:00;2540.030754856847;2644.01375;['temperature']
2026-02-22 11:00:00;2898.2277564779306;2835.98975;['temperature']
2026-02-22 12:00:00;2697.656260920811;2392.25975;['temperature']
2026-02-22 13:00:00;2764.894561935093;2305.58525;['temperature']
2026-02-22 14:00:00;2677.700059975702;3217.099;['temperature']
2026-02-22 15:00:00;2534.395464228572;1857.12725;['temperature']
2026-02-22 16:00:00;2712.8030414087816;1684.09225;['temperature']
2026-02-22 17:00:00;3579.8468642470475;2181.636;['temperature']
2026-02-22 18:00:00;4062.8750191947333;3896.849;['temperature']
2026-02-22 19:00:00;3222.5716943604557;2929.2675;['temperature']
2026-02-22 20:00:00;3090.603469124939;3539.39125;['temperature']
2026-02-22 21:00:00;2945.9482326668426;3225.271;['temperature']
2026-02-22 22:00:00;2538.085135358543;2870.692;['temperature']
2026-02-22 23:00:00;2196.4353003593724;2738.51825;['temperature']
2026-02-23 00:00:00;2635.568444554639;1746.72925;['temperature']
2026-02-23 01:00:00;2529.210401178661;2174.40925;['temperature']
2026-02-23 02:00:00;2351.200640829618;2312.4432500000003;['temperature']
2026-02-23 03:00:00;2263.4124247896098;2503.66025;['temperature']
2026-02-23 04:00:00;2203.492434026506;2444.362;['temperature']
2026-02-23 05:00:00;2300.8410996079833;2905.5025;['temperature']
2026-02-23 06:00:00;2261.680372011147;2810.3165;['temperature']
2026-02-23 07:00:00;2551.6089031682195;3784.323;['temperature']
2026-02-23 08:00:00;2566.0597221065937;3324.1055;['temperature']
2026-02-23 09:00:00;2851.106196718486;2637.14525;['temperature']
2026-02-23 10:00:00;2488.385453989935;2564.26675;['temperature']
2026-02-23 11:00:00;2586.1047085544938;2422.39275;['temperature']
2026-02-23 12:00:00;2415.6685469027207;1688.8627499999998;['temperature']
2026-02-23 13:00:00;2304.1433549591575;1263.13575;['temperature']
2026-02-23 14:00:00;2232.844583135972;2432.09175;['temperature']
2026-02-23 15:00:00;2270.216865101287;3639.514;['temperature']
2026-02-23 16:00:00;2671.698470738896;3844.585;['temperature']
2026-02-23 17:00:00;3524.4626539375267;7690.8945;['temperature']
2026-02-23 18:00:00;3893.4995503484097;7286.809499999999;['temperature']
2026-02-23 19:00:00;2865.59339056795;1459.71375;['temperature']
2026-02-23 20:00:00;3498.801821875719;2066.23975;['temperature']
2026-02-23 21:00:00;3148.338575949135;4231.92425;['temperature']
2026-02-23 22:00:00;2777.970933909981;3387.08275;['temperature']
2026-02-23 23:00:00;2754.7892196528705;2707.083;['temperature']
2026-02-24 00:00:00;2797.405505250912;2087.3587500000003;['temperature']
2026-02-24 01:00:00;2941.1987564350716;2805.0935;['temperature']
2026-02-24 02:00:00;2634.5618012180944;2305.28275;['temperature']
2026-02-24 03:00:00;2695.0756649440336;2668.79575;['temperature']
2026-02-24 04:00:00;2737.67854900619;2515.11175;['temperature']
2026-02-24 05:00:00;2835.2110063228647;3203.1455;['temperature']
2026-02-24 06:00:00;2898.716331262951;2993.927;['temperature']
2026-02-24 07:00:00;2847.484672421232;3073.1355000000003;['temperature']
2026-02-24 08:00:00;3135.441082904188;3171.7027500000004;['temperature']
2026-02-24 09:00:00;3485.432049378155;3257.02575;['temperature']
2026-02-24 10:00:00;3035.4791057360144;2908.47525;['temperature']
2026-02-24 11:00:00;3024.7534463014854;2711.759;['temperature']
2026-02-24 12:00:00;3250.512372433227;2309.90175;['temperature']
2026-02-24 13:00:00;3169.002540287788;739.952;['temperature']
2026-02-24 14:00:00;2896.02545268611;2432.09175;['temperature']
2026-02-24 15:00:00;2647.9405572916676;3639.514;['temperature']
2026-02-24 16:00:00;2832.978691564523;3844.585;['temperature']
2026-02-24 17:00:00;3511.9766634960974;7690.8945;['temperature']
2026-02-24 18:00:00;4230.544187121843;7286.809499999999;['temperature']
2026-02-24 19:00:00;3380.176126966514;1459.71375;['temperature']
2026-02-24 20:00:00;3347.7662346562306;2066.23975;['temperature']
2026-02-24 21:00:00;3391.678502534678;4231.92425;['temperature']
2026-02-24 22:00:00;2986.400655662598;3387.08275;['temperature']
2026-02-24 23:00:00;2795.8168140515836;2707.083;['temperature']
2026-02-25 00:00:00;2839.180545814394;2087.3587500000003;['temperature']
2026-02-25 01:00:00;2881.553327738095;2805.0935;['temperature']
2026-02-25 02:00:00;2715.534329852099;2305.28275;['temperature']
2026-02-25 03:00:00;2761.282269459393;2668.79575;['temperature']
2026-02-25 04:00:00;2940.8657828890127;2515.11175;['temperature']
2026-02-25 05:00:00;3017.43490725836;3203.1455;['temperature']
2026-02-25 06:00:00;3056.8673738291636;2993.927;['temperature']
2026-02-25 07:00:00;3118.7699566484466;3073.1355000000003;['temperature']
2026-02-25 08:00:00;3128.215407142606;3171.7027500000004;['temperature']
2026-02-25 09:00:00;3192.4677368181574;3257.02575;['temperature']
2026-02-25 10:00:00;2805.5334520635383;2908.47525;['temperature']
2026-02-25 11:00:00;2751.9085738513077;2711.759;['temperature']
2026-02-25 12:00:00;2719.247560159454;2309.90175;['temperature']
2026-02-25 13:00:00;2455.485893458549;739.952;['temperature']
2026-02-25 14:00:00;2511.5740642651303;1733.7510000000002;['temperature']
2026-02-25 15:00:00;2719.0676264379813;2727.55;['temperature']
2026-02-25 16:00:00;3033.4203197767943;2268.04875;['temperature']
2026-02-25 17:00:00;4604.637469700455;2185.0825;['temperature']
2026-02-25 18:00:00;5077.589357778006;5401.65;['temperature']
2026-02-25 19:00:00;3445.171358163563;4408.7265;['temperature']
2026-02-25 20:00:00;3743.803756615902;3120.36225;['temperature']
2026-02-25 21:00:00;3742.905904426166;2523.31;['temperature']
2026-02-25 22:00:00;3035.420432019781;2395.0051041666666;['temperature']
2026-02-25 23:00:00;2987.1400629753143;2266.700208333333;['temperature']
2026-02-26 00:00:00;2652.6379858026935;2138.3953125;['temperature']
2026-02-26 01:00:00;3174.238925503238;2010.0904166666664;['temperature']
2026-02-26 02:00:00;2687.4653582419487;1881.785520833333;['temperature']
2026-02-26 03:00:00;2678.208309637831;1753.4806249999997;['temperature']
2026-02-26 04:00:00;2738.50481289521;1625.1757291666663;['temperature']
2026-02-26 05:00:00;2985.893923873994;1496.8708333333332;['temperature']
2026-02-26 06:00:00;2950.307978372078;1368.5659374999998;['temperature']
2026-02-26 07:00:00;3168.6409111383296;1240.2610416666664;['temperature']
2026-02-26 08:00:00;3014.689395585223;1111.956145833333;['temperature']
2026-02-26 09:00:00;3201.7249243637075;983.65125;['temperature']
2026-02-26 10:00:00;2773.9627269981606;1833.2985;['temperature']
2026-02-26 11:00:00;2817.100354230622;3650.50475;['temperature']
2026-02-26 12:00:00;2555.144308506901;3347.99625;['temperature']
2026-02-26 13:00:00;1806.9189888766748;4618.702;['temperature']
2026-02-26 14:00:00;2516.8552217021097;4011.90325;['temperature']
2026-02-26 15:00:00;2375.0644262443852;3309.00375;['temperature']
2026-02-26 16:00:00;2656.2335085149784;2059.02025;['temperature']
2026-02-26 17:00:00;4023.219345988279;2137.0;['temperature']
2026-02-26 18:00:00;4555.967474236271;5895.00775;['temperature']
2026-02-26 19:00:00;2953.0816409841655;3952.2635;['temperature']
2026-02-26 20:00:00;3190.953326428942;3048.434;['temperature']
2026-02-26 21:00:00;2991.943223176588;2100.1352500000003;['temperature']
2026-02-26 22:00:00;2765.4215935978104;2277.26325;['temperature']
2026-02-26 23:00:00;2662.5617239190033;2650.38725;['temperature']
2026-02-27 00:00:00;2584.3324469561985;2599.7665;['temperature']
2026-02-27 01:00:00;2644.853466789398;2229.40875;['temperature']
2026-02-27 02:00:00;2465.540380348623;3347.22275;['temperature']
2026-02-27 03:00:00;2345.960042415424;2196.732;['temperature']
2026-02-27 04:00:00;2440.9702340343233;2473.217;['temperature']
2026-02-27 05:00:00;2746.7006685674123;2305.593;['temperature']
2026-02-27 06:00:00;2755.553115497738;2977.48975;['temperature']
2026-02-27 07:00:00;2889.5279458720233;3342.68125;['temperature']
2026-02-27 08:00:00;2882.9330092711357;1551.13275;['temperature']
2026-02-27 09:00:00;2695.077691715003;1172.703;['temperature']
2026-02-27 10:00:00;2629.0212584364795;1888.36825;['temperature']
2026-02-27 11:00:00;2546.2414720671477;3043.5535;['temperature']
2026-02-27 12:00:00;2603.024428110325;2145.57025;['temperature']
2026-02-27 13:00:00;2333.885511913004;756.018;['temperature']
2026-02-27 14:00:00;2587.7384644116564;761.868;['temperature']
2026-02-27 15:00:00;2235.1136502729455;1121.75;['temperature']
2026-02-27 16:00:00;2436.392530357916;1032.1845;['temperature']
2026-02-27 17:00:00;4330.8087219758245;3098.913;['temperature']
2026-02-27 18:00:00;4201.308350519759;2677.49625;['temperature']
2026-02-27 19:00:00;2983.758833045819;2556.239;['temperature']
2026-02-27 20:00:00;2796.8611983710157;2869.5155;['temperature']
2026-02-27 21:00:00;2896.639152864314;3065.46925;['temperature']
2026-02-27 22:00:00;2506.034066093348;2299.8542500000003;['temperature']
2026-02-27 23:00:00;2449.752468092912;2289.7025000000003;['temperature']
2026-02-28 00:00:00;2217.085630919485;2230.26675;['temperature']
2026-02-28 01:00:00;2330.1267579184587;2372.79925;['temperature']
2026-02-28 02:00:00;2248.1695066233333;2630.50125;['temperature']
2026-02-28 03:00:00;2220.5045263451652;1981.921;['temperature']
2026-02-28 04:00:00;2349.799623258252;1977.72725;['temperature']
2026-02-28 05:00:00;2515.8532479531996;1957.68675;['temperature']
2026-02-28 06:00:00;2553.766902011027;1896.85625;['temperature']
2026-02-28 07:00:00;2721.975381538584;1561.8505;['temperature']
2026-02-28 08:00:00;2728.4518155978903;1123.34475;['temperature']
2026-02-28 09:00:00;2558.7569655817524;1466.5585;['temperature']
2026-02-28 10:00:00;2089.468625225362;1740.317;['temperature']
2026-02-28 11:00:00;2119.723782927762;2625.6695;['temperature']
2026-02-28 12:00:00;1876.7750925657729;3085.0835;['temperature']
2026-02-28 13:00:00;1537.8844049397164;1037.36475;['temperature']
2026-02-28 14:00:00;1635.5864975465827;961.63275;['temperature']
2026-02-28 15:00:00;1758.2061099659738;954.55475;['temperature']
2026-02-28 16:00:00;1869.558980608311;1533.92725;['temperature']
2026-02-28 17:00:00;3352.3601156430473;2240.077;['temperature']
2026-02-28 18:00:00;4044.0175867250573;2810.08325;['temperature']
2026-02-28 19:00:00;2427.815823329901;3149.1015;['temperature']
2026-02-28 20:00:00;2888.6007722674876;3243.71375;['temperature']
2026-02-28 21:00:00;2978.383183652822;2889.52425;['temperature']
2026-02-28 22:00:00;2528.689175626207;2945.9410000000003;['temperature']
2026-02-28 23:00:00;2408.8747628135334;3344.285;['temperature']
2026-03-01 00:00:00;2729.9377959017243;4005.7825;['temperature']
2026-03-01 01:00:00;2323.385004598197;3224.6197500000003;['temperature']
2026-03-01 02:00:00;2053.309382261488;2222.49475;['temperature']
2026-03-01 03:00:00;2187.6893243147288;2238.53325;['temperature']
2026-03-01 04:00:00;2144.442259324424;2105.89225;['temperature']
2026-03-01 05:00:00;2442.423916595583;1895.93;['temperature']
2026-03-01 06:00:00;2314.11802515805;1915.9515;['temperature']
2026-03-01 07:00:00;2732.421095518189;1744.8925;['temperature']
2026-03-01 08:00:00;2709.4758984659975;1552.0675;['temperature']
2026-03-01 09:00:00;2735.6756259673634;1486.991;['temperature']
2026-03-01 10:00:00;2327.937124440963;1424.3685;['temperature']
2026-03-01 11:00:00;2345.0930808295043;1848.2955;['temperature']
2026-03-01 12:00:00;2357.2919671238215;2020.3935;['temperature']
2026-03-01 13:00:00;2377.3724047812893;1075.92025;['temperature']
2026-03-01 14:00:00;2284.1368624454826;2221.634;['temperature']
2026-03-01 15:00:00;2587.0861374407536;1621.3802500000002;['temperature']
2026-03-01 16:00:00;2778.7033560358204;2940.9017500000004;['temperature']
2026-03-01 17:00:00;3586.6621805050986;3469.55025;['temperature']
2026-03-01 18:00:00;4201.190146747763;3401.025;['temperature']
2026-03-01 19:00:00;2956.837150652887;4648.9400000000005;['temperature']
2026-03-01 20:00:00;3363.867960641843;3172.72825;['temperature']
2026-03-01 21:00:00;3273.9428454508466;3724.67375;['temperature']
2026-03-01 22:00:00;2924.9899245483525;2194.51425;['temperature']
2026-03-01 23:00:00;2875.3643439082975;2766.385;['temperature']
2026-03-02 00:00:00;2800.2235913114214;3246.745;['temperature']
2026-03-02 01:00:00;2715.1650384939812;2790.22925;['temperature']
2026-03-02 02:00:00;2379.8752427428967;2155.6665;['temperature']
2026-03-02 03:00:00;2240.7759910049735;2621.298;['temperature']
2026-03-02 04:00:00;2336.538299326048;2217.16675;['temperature']
2026-03-02 05:00:00;2387.575287723576;2487.078;['temperature']
2026-03-02 06:00:00;2390.382008416944;3034.98225;['temperature']
2026-03-02 07:00:00;2565.014335446142;703.9855;['temperature']
2026-03-02 08:00:00;2304.310172987504;3024.90775;['temperature']
2026-03-02 09:00:00;2366.593444235533;1042.5125;['temperature']
2026-03-02 10:00:00;2024.6850449162366;1443.9805;['temperature']
2026-03-02 11:00:00;2258.8368665698245;3115.7045;['temperature']
2026-03-02 12:00:00;2079.9259601917524;3578.4032500000003;['temperature']
2026-03-02 13:00:00;1466.9370583007521;4828.33975;['temperature']
2026-03-02 14:00:00;1969.4181384715498;4235.00525;['temperature']
2026-03-02 15:00:00;1809.3297653734946;4154.5925;['temperature']
2026-03-02 16:00:00;2159.370625110696;2162.64175;['temperature']
2026-03-02 17:00:00;4231.466640428029;2929.2985;['temperature']
2026-03-02 18:00:00;5173.448510021992;4386.6975;['temperature']
2026-03-02 19:00:00;2988.9157166196683;3566.40925;['temperature']
2026-03-02 20:00:00;3130.695166855596;3250.582;['temperature']
2026-03-02 21:00:00;3302.1655052610276;2445.295;['temperature']
2026-03-02 22:00:00;2365.0177699521346;3048.3762500000003;['temperature']
2026-03-02 23:00:00;2465.1590467420365;2899.3835;['temperature']
2026-03-03 00:00:00;2640.604193529477;2072.42525;['temperature']
2026-03-03 01:00:00;2756.3619833296866;2646.535;['temperature']
2026-03-03 02:00:00;2582.053932739588;2631.8955;['temperature']
2026-03-03 03:00:00;2405.154390007382;3036.797;['temperature']
2026-03-03 04:00:00;2689.4467329535514;2119.68425;['temperature']
2026-03-03 05:00:00;2732.075785545072;2895.75175;['temperature']
2026-03-03 06:00:00;2834.1872862776677;3432.59825;['temperature']
2026-03-03 07:00:00;2512.080181333478;524.39675;['temperature']
2026-03-03 08:00:00;2493.199630733261;1743.91575;['temperature']
2026-03-03 09:00:00;1907.831140181489;1520.6104999999998;['temperature']
2026-03-03 10:00:00;1584.4304370971379;1320.03525;['temperature']
2026-03-03 11:00:00;2098.445610027744;2607.65675;['temperature']
2026-03-03 12:00:00;2083.7727658268823;4472.4735;['temperature']
2026-03-03 13:00:00;1344.198079013413;4663.9335;['temperature']
2026-03-03 14:00:00;1949.0902068791115;4119.155;['temperature']
2026-03-03 15:00:00;2017.2172015765182;3445.13;['temperature']
2026-03-03 16:00:00;2319.297187734632;2418.37475;['temperature']
2026-03-03 17:00:00;3288.5946722556155;3358.39975;['temperature']
2026-03-03 18:00:00;4610.143693383431;6378.4400000000005;['temperature']
2026-03-03 19:00:00;3218.985814733863;2789.0335;['temperature']
2026-03-03 20:00:00;3263.1071325148578;3805.4915;['temperature']
2026-03-03 21:00:00;3134.5781929549216;3770.307;['temperature']
2026-03-03 22:00:00;2832.3556473890003;2653.62925;['temperature']
2026-03-03 23:00:00;2666.9165122979516;2743.64325;['temperature']
2026-03-04 00:00:00;2590.7467675076273;2341.52875;['temperature']
2026-03-04 01:00:00;2482.5321157164576;2976.6625;['temperature']
2026-03-04 02:00:00;2521.234129906192;2663.9955;['temperature']
2026-03-04 03:00:00;2588.289301563119;2132.85775;['temperature']
2026-03-04 04:00:00;2642.8879878246817;2686.453;['temperature']
2026-03-04 05:00:00;2754.2889843593352;2480.783;['temperature']
2026-03-04 06:00:00;2768.6626005843855;2484.50025;['temperature']
2026-03-04 07:00:00;2521.248421967372;3750.57025;['temperature']
2026-03-04 08:00:00;2449.057704478728;962.9825;['temperature']
2026-03-04 09:00:00;2599.2238392015274;913.50825;['temperature']
2026-03-04 10:00:00;1647.5763023254158;2335.989;['temperature']
2026-03-04 11:00:00;2421.9569747854184;2978.1815;['temperature']
2026-03-04 12:00:00;2561.252016141264;4587.24025;['temperature']
2026-03-04 13:00:00;2873.4005120606107;4646.554749999999;['temperature']
2026-03-04 14:00:00;2421.6850088812016;4490.52625;['temperature']
2026-03-04 15:00:00;2340.9087115389534;3957.3565;['temperature']
2026-03-04 16:00:00;2360.600399909412;2997.356;['temperature']
2026-03-04 17:00:00;3476.580315287597;1464.8985;['temperature']
2026-03-04 18:00:00;3434.882943200245;4648.4705;['temperature']
2026-03-04 19:00:00;2792.585488907434;4129.09025;['temperature']
2026-03-04 20:00:00;3141.8727683221846;3670.78525;['temperature']
2026-03-04 21:00:00;3178.088504470869;2636.34375;['temperature']
2026-03-04 22:00:00;2765.8586008947595;3060.88225;['temperature']
2026-03-04 23:00:00;2839.0371509230026;3818.83625;['temperature']
2026-03-05 00:00:00;3260.107635537234;2839.1465;['temperature']
2026-03-05 01:00:00;3051.377432700916;2795.9970000000003;['temperature']
2026-03-05 02:00:00;2841.438761331052;2804.9217500000004;['temperature']
2026-03-05 03:00:00;2782.099887700684;2636.8767500000004;['temperature']
2026-03-05 04:00:00;2997.000944691398;2252.3625;['temperature']
2026-03-05 05:00:00;3074.648372425502;2891.4347500000003;['temperature']
2026-03-05 06:00:00;3307.292289284547;3542.1585;['temperature']
2026-03-05 07:00:00;3546.2849445539014;4354.528;['temperature']
2026-03-05 08:00:00;2631.5617088897147;2665.74625;['temperature']
2026-03-05 09:00:00;2287.4184308542904;1302.7145;['temperature']
2026-03-05 10:00:00;2697.821998997228;2217.8925;['temperature']
2026-03-05 11:00:00;2822.397789801646;1661.2067499999998;['temperature']
2026-03-05 12:00:00;3263.7019236189553;1502.9172500000002;['temperature']
2026-03-05 13:00:00;2750.730439787153;869.1479999999999;['temperature']
2026-03-05 14:00:00;2870.9636128246366;1631.13325;['temperature']
2026-03-05 15:00:00;2949.6069758054086;3945.8165;['temperature']
2026-03-05 16:00:00;2602.585027024601;2468.259;['temperature']
2026-03-05 17:00:00;3249.9193912499363;3224.5152499999995;['temperature']
2026-03-05 18:00:00;5630.621436198355;5428.21475;['temperature']
2026-03-05 19:00:00;3734.2882979292563;3815.672;['temperature']
2026-03-05 20:00:00;3588.129067056024;4185.101;['temperature']
2026-03-05 21:00:00;3301.636353798331;2708.38675;['temperature']
2026-03-05 22:00:00;2928.5152599219814;2625.80675;['temperature']
2026-03-05 23:00:00;2986.616055647167;2412.5550000000003;['temperature']
2026-03-06 00:00:00;2386.191839298477;2537.2190000000005;['temperature']
2026-03-06 01:00:00;2782.1891555474053;2795.9970000000003;['temperature']
2026-03-06 02:00:00;2593.3365628521046;2804.9217500000004;['temperature']
2026-03-06 03:00:00;2533.746416788039;2636.8767500000004;['temperature']
2026-03-06 04:00:00;2588.3603860748276;2252.3625;['temperature']
2026-03-06 05:00:00;2727.492807998607;2891.4347500000003;['temperature']
2026-03-06 06:00:00;2970.4005803825935;3542.1585;['temperature']
2026-03-06 07:00:00;3140.367691175191;4354.528;['temperature']
2026-03-06 08:00:00;2344.879034812232;1813.133;['temperature']
2026-03-06 09:00:00;2498.2158555608507;1455.8512500000002;['temperature']
2026-03-06 10:00:00;2324.8758039476156;2485.7415;['temperature']
2026-03-06 11:00:00;2471.7490583125705;4530.7165;['temperature']
2026-03-06 12:00:00;2415.41725729909;4249.43025;['temperature']
2026-03-06 13:00:00;1433.4992984898843;2027.85775;['temperature']
2026-03-06 14:00:00;2677.537989227265;1419.4865;['temperature']
2026-03-06 15:00:00;3233.0548273946415;3713.09525;['temperature']
2026-03-06 16:00:00;2813.035672545048;2572.8035;['temperature']
2026-03-06 17:00:00;2998.647311060953;3580.1215;['temperature']
2026-03-06 18:00:00;4528.640481965432;6152.42875;['temperature']
2026-03-06 19:00:00;3050.288133365846;3479.48725;['temperature']
2026-03-06 20:00:00;3028.059289344661;2790.91975;['temperature']
2026-03-06 21:00:00;2697.0284273996585;2074.9595;['temperature']
2026-03-06 22:00:00;2400.5112710346693;1739.635;['temperature']
2026-03-06 23:00:00;2423.145693378761;2311.847;['temperature']
2026-03-07 00:00:00;2440.1455871637663;2138.156;['temperature']
2026-03-07 01:00:00;2627.466651692247;2338.306;['temperature']
2026-03-07 02:00:00;2507.1640247175405;2584.2935;['temperature']
2026-03-07 03:00:00;2378.5620629272103;1668.98875;['temperature']
2026-03-07 04:00:00;2515.8131732150937;1610.39575;['temperature']
2026-03-07 05:00:00;2609.71831343447;2070.308;['temperature']
2026-03-07 06:00:00;2796.337387728534;2090.612;['temperature']
2026-03-07 07:00:00;2936.5512117632807;1457.96075;['temperature']
2026-03-07 08:00:00;2339.5765354479045;756.50275;['temperature']
2026-03-07 09:00:00;1843.0243398316948;1590.6302500000002;['temperature']
2026-03-07 10:00:00;2344.2011471429173;1327.3035;['temperature']
2026-03-07 11:00:00;3127.7067388993564;2811.17875;['temperature']
2026-03-07 12:00:00;3238.411241709029;1682.80625;['temperature']
2026-03-07 13:00:00;2254.5556291261482;1354.13025;['temperature']
2026-03-07 14:00:00;2175.614506022272;951.723;['temperature']
2026-03-07 15:00:00;3343.087648548205;2364.96775;['temperature']
2026-03-07 16:00:00;2492.716022377503;2298.85875;['temperature']
2026-03-07 17:00:00;3319.843873917699;2192.87;['temperature']
2026-03-07 18:00:00;5294.532033288008;3587.63775;['temperature']
2026-03-07 19:00:00;3079.6201852178;4620.41925;['temperature']
2026-03-07 20:00:00;3110.669634002316;4156.529;['temperature']
2026-03-07 21:00:00;2967.0481284252305;2222.4085;['temperature']
2026-03-07 22:00:00;2569.606089008281;4127.96075;['temperature']
2026-03-07 23:00:00;2594.0521764081677;2806.2985;['temperature']
2026-03-08 00:00:00;2382.552242344801;2072.6980000000003;['temperature']
2026-03-08 01:00:00;2570.240557872917;3777.8255;['temperature']
2026-03-08 02:00:00;2420.3600709927105;1967.07825;['temperature']
2026-03-08 03:00:00;2230.484092374137;2125.10075;['temperature']
2026-03-08 04:00:00;2145.077264172658;2076.188;['temperature']
2026-03-08 05:00:00;2433.6739070196018;2075.50675;['temperature']
2026-03-08 06:00:00;2611.096304636233;1866.8475;['temperature']
2026-03-08 07:00:00;2504.932941038848;1325.2725;['temperature']
2026-03-08 08:00:00;1380.337989843426;995.868;['temperature']
2026-03-08 09:00:00;1683.6099293401821;913.16325;['temperature']
2026-03-08 10:00:00;1813.6560342740886;1799.62;['temperature']
2026-03-08 11:00:00;2558.8553450714494;2870.49225;['temperature']
2026-03-08 12:00:00;2468.618894782182;1250.2222499999998;['temperature']
2026-03-08 13:00:00;1695.160439618247;1831.10675;['temperature']
2026-03-08 14:00:00;1483.5929554100867;1428.14675;['temperature']
2026-03-08 15:00:00;2378.240614011218;1477.5485;['temperature']
2026-03-08 16:00:00;2155.485526570692;2029.1785;['temperature']
2026-03-08 17:00:00;2927.245506809333;1926.54075;['temperature']
2026-03-08 18:00:00;4259.530631180824;3786.51925;['temperature']
2026-03-08 19:00:00;3298.2920644801957;3130.8587500000003;['temperature']
2026-03-08 20:00:00;3220.521436573046;4166.77175;['temperature']
2026-03-08 21:00:00;2696.979194794989;3548.41575;['temperature']
2026-03-08 22:00:00;2804.9309318646406;2750.8852500000003;['temperature']
2026-03-08 23:00:00;2486.103938089783;2077.47225;['temperature']
2026-03-09 00:00:00;1991.7602314386995;1669.124;['temperature']
2026-03-09 01:00:00;2577.3404970708;2920.80125;['temperature']
2026-03-09 02:00:00;2207.71973488216;2274.465;['temperature']
2026-03-09 03:00:00;2116.6722903455507;1554.71575;['temperature']
2026-03-09 04:00:00;2023.560085323701;1631.3594999999998;['temperature']
2026-03-09 05:00:00;2245.8819267028553;3087.776;['temperature']
2026-03-09 06:00:00;2345.2181076683214;1866.8475;['temperature']
2026-03-09 07:00:00;1888.1474454675565;1325.2725;['temperature']
2026-03-09 08:00:00;2827.959431133161;995.868;['temperature']
2026-03-09 09:00:00;1441.1873493448802;913.16325;['temperature']
2026-03-09 10:00:00;2020.694583104228;2129.53325;['temperature']
2026-03-09 11:00:00;2801.9234975461823;2527.43425;['temperature']
2026-03-09 12:00:00;2342.898513979361;4109.2385;['temperature']
2026-03-09 13:00:00;1808.1752031090275;2127.6040000000003;['temperature']
2026-03-09 14:00:00;2170.4154337308714;1350.60725;['temperature']
2026-03-09 15:00:00;2326.981846825932;2213.1385;['temperature']
2026-03-09 16:00:00;2281.5497136775048;1826.9195;['temperature']
2026-03-09 17:00:00;2659.1164364096467;3601.039;['temperature']
2026-03-09 18:00:00;4049.4829181744244;6124.2245;['temperature']
2026-03-09 19:00:00;2878.7360925150247;3677.76775;['temperature']
2026-03-09 20:00:00;3232.5101119286646;2136.94175;['temperature']
2026-03-09 21:00:00;2670.6730985014;2988.7155;['temperature']
2026-03-09 22:00:00;2475.5958649739964;2318.666;['temperature']
2026-03-09 23:00:00;2439.0157421109043;1780.5255;['temperature']
2026-03-10 00:00:00;1828.6551652528894;2910.68175;['temperature']
2026-03-10 01:00:00;2493.1643171717315;1606.8917499999998;['temperature']
2026-03-10 02:00:00;2283.5559346860637;1834.1555;['temperature']
2026-03-10 03:00:00;1969.6735862302896;1829.8265;['temperature']
2026-03-10 04:00:00;2045.6634057291421;1621.01425;['temperature']
2026-03-10 05:00:00;2762.928739264456;2817.76325;['temperature']
2026-03-10 06:00:00;2431.7065120598627;2770.8007500000003;['temperature']
2026-03-10 07:00:00;2151.5283357585654;3333.38175;['temperature']
2026-03-10 08:00:00;1601.2627653311984;2793.15375;['temperature']
2026-03-10 09:00:00;1511.9392602770627;1767.713;['temperature']
2026-03-10 10:00:00;2242.6901349217596;2210.927;['temperature']
2026-03-10 11:00:00;2856.257525190486;3412.94075;['temperature']
2026-03-10 12:00:00;2777.12053770903;4061.66425;['temperature']
2026-03-10 13:00:00;1870.8729528952135;4106.809499999999;['temperature']
2026-03-10 14:00:00;2346.293237071864;2908.1775;['temperature']
2026-03-10 15:00:00;2592.991321674613;2550.7335;['temperature']
2026-03-10 16:00:00;2764.8096451976176;1788.1075;['temperature']
2026-03-10 17:00:00;3246.2755189694362;2544.117;['temperature']
2026-03-10 18:00:00;5390.401826449862;5236.5315;['temperature']
2026-03-10 19:00:00;3308.438328855158;3303.29325;['temperature']
2026-03-10 20:00:00;2873.4812883749178;4674.07575;['temperature']
2026-03-10 21:00:00;2801.3171907714136;2431.65825;['temperature']
2026-03-10 22:00:00;2685.771548779174;2185.2885;['temperature']
2026-03-10 23:00:00;2720.7549086520175;2130.8632500000003;['temperature']
2026-03-11 00:00:00;2399.0070929977373;1892.9767500000005;['temperature']
2026-03-11 01:00:00;2682.604914927938;2013.29275;['temperature']
2026-03-11 02:00:00;2443.46843884453;1828.167;['temperature']
2026-03-11 03:00:00;2211.125528077804;1877.80425;['temperature']
2026-03-11 04:00:00;2109.2166219864507;1892.7795;['temperature']
2026-03-11 05:00:00;2632.5693550677875;3109.4265;['temperature']
2026-03-11 06:00:00;2633.9322581692923;2762.2815;['temperature']
2026-03-11 07:00:00;2512.0199269009763;2268.42275;['temperature']
2026-03-11 08:00:00;1879.531805034184;1332.15575;['temperature']
2026-03-11 09:00:00;1833.1075119548427;946.02025;['temperature']
2026-03-11 10:00:00;2143.1043587560907;2953.6225000000004;['temperature']
2026-03-11 11:00:00;2977.5175786399464;3048.2492500000003;['temperature']
2026-03-11 12:00:00;3019.0819373546565;1016.1849999999998;['temperature']
2026-03-11 13:00:00;2675.2545397539416;735.11675;['temperature']
2026-03-11 14:00:00;2258.2568778134737;1102.20775;['temperature']
2026-03-11 15:00:00;2434.515012943008;2617.099;['temperature']
2026-03-11 16:00:00;2300.0171412018153;3511.27;['temperature']
2026-03-11 17:00:00;3202.832781127806;2191.68175;['temperature']
2026-03-11 18:00:00;4657.876459123008;3577.4475;['temperature']
2026-03-11 19:00:00;3191.453069900348;4741.882250000001;['temperature']
2026-03-11 20:00:00;3778.3844417158534;2768.617;['temperature']
2026-03-11 21:00:00;2838.701629431173;3223.21725;['temperature']
2026-03-11 22:00:00;2811.1763206518485;2263.3005;['temperature']
2026-03-11 23:00:00;2451.4509703589206;1655.887;['temperature']
2026-02-21 00:00:00;3568.840742893519;3220.53525;['wind_speed', 'pressure']
2026-02-21 01:00:00;3699.293537015334;4944.16275;['wind_speed', 'pressure']
2026-02-21 02:00:00;3547.2091308828753;3109.51675;['wind_speed', 'pressure']
2026-02-21 03:00:00;3390.0106725711885;3107.83475;['wind_speed', 'pressure']
2026-02-21 04:00:00;3599.2835505055864;3534.54725;['wind_speed', 'pressure']
2026-02-21 05:00:00;3772.8749394756387;3540.4435;['wind_speed', 'pressure']
2026-02-21 06:00:00;3797.7258272276604;2907.9265;['wind_speed', 'pressure']
2026-02-21 07:00:00;4185.022859239367;3075.088;['wind_speed', 'pressure']
2026-02-21 08:00:00;4258.026791818853;3908.9975;['wind_speed', 'pressure']
2026-02-21 09:00:00;4379.877145213835;5084.14325;['wind_speed', 'pressure']
2026-02-21 10:00:00;3851.108360383439;3648.72875;['wind_speed', 'pressure']
2026-02-21 11:00:00;3930.316082563959;2904.00575;['wind_speed', 'pressure']
2026-02-21 12:00:00;3912.4683551841435;3646.29625;['wind_speed', 'pressure']
2026-02-21 13:00:00;3787.3487464494638;3093.9895;['wind_speed', 'pressure']
2026-02-21 14:00:00;3952.0234945001284;3318.7700000000004;['wind_speed', 'pressure']
2026-02-21 15:00:00;3681.7143292666187;3322.10225;['wind_speed', 'pressure']
2026-02-21 16:00:00;4148.815008410444;3020.13275;['wind_speed', 'pressure']
2026-02-21 17:00:00;4938.473464776744;2320.5085;['wind_speed', 'pressure']
2026-02-21 18:00:00;5440.244788610757;3975.71575;['wind_speed', 'pressure']
2026-02-21 19:00:00;4416.953918512279;3784.02475;['wind_speed', 'pressure']
2026-02-21 20:00:00;4542.203501019045;3627.47425;['wind_speed', 'pressure']
2026-02-21 21:00:00;4310.291653165122;4353.26275;['wind_speed', 'pressure']
2026-02-21 22:00:00;3913.6151349897214;3946.12675;['wind_speed', 'pressure']
2026-02-21 23:00:00;3778.0598873829035;2380.04225;['wind_speed', 'pressure']
2026-02-22 00:00:00;2851.877733158857;2629.34925;['wind_speed', 'pressure']
2026-02-22 01:00:00;3063.4058352529755;2120.21475;['wind_speed', 'pressure']
2026-02-22 02:00:00;3013.4631563689636;2591.9735000000005;['wind_speed', 'pressure']
2026-02-22 03:00:00;2814.551296027332;2107.6405;['wind_speed', 'pressure']
2026-02-22 04:00:00;2977.7688332634443;2663.44675;['wind_speed', 'pressure']
2026-02-22 05:00:00;3049.467101112077;2201.2252500000004;['wind_speed', 'pressure']
2026-02-22 06:00:00;3129.011110440262;3617.4885;['wind_speed', 'pressure']
2026-02-22 07:00:00;3517.2461449317434;2402.6565;['wind_speed', 'pressure']
2026-02-22 08:00:00;3551.3261801413973;2474.27325;['wind_speed', 'pressure']
2026-02-22 09:00:00;3657.4828570276495;2407.15;['wind_speed', 'pressure']
2026-02-22 10:00:00;3205.7381130165286;2644.01375;['wind_speed', 'pressure']
2026-02-22 11:00:00;3422.5005687424327;2835.98975;['wind_speed', 'pressure']
2026-02-22 12:00:00;3208.167448004431;2392.25975;['wind_speed', 'pressure']
2026-02-22 13:00:00;3226.3192013299595;2305.58525;['wind_speed', 'pressure']
2026-02-22 14:00:00;3227.0148437495136;3217.099;['wind_speed', 'pressure']
2026-02-22 15:00:00;3274.878586629664;1857.12725;['wind_speed', 'pressure']
2026-02-22 16:00:00;3615.484221557639;1684.09225;['wind_speed', 'pressure']
2026-02-22 17:00:00;4411.747740628845;2181.636;['wind_speed', 'pressure']
2026-02-22 18:00:00;4968.110666233766;3896.849;['wind_speed', 'pressure']
2026-02-22 19:00:00;3619.7890068638753;2929.2675;['wind_speed', 'pressure']
2026-02-22 20:00:00;4038.8929973451395;3539.39125;['wind_speed', 'pressure']
2026-02-22 21:00:00;3770.0223395900066;3225.271;['wind_speed', 'pressure']
2026-02-22 22:00:00;3306.315443619231;2870.692;['wind_speed', 'pressure']
2026-02-22 23:00:00;2949.993331235042;2738.51825;['wind_speed', 'pressure']
2026-02-23 00:00:00;2513.655738810966;1746.72925;['wind_speed', 'pressure']
2026-02-23 01:00:00;2558.3336660200425;2174.40925;['wind_speed', 'pressure']
2026-02-23 02:00:00;2302.7698556097703;2312.4432500000003;['wind_speed', 'pressure']
2026-02-23 03:00:00;2260.7185288314845;2503.66025;['wind_speed', 'pressure']
2026-02-23 04:00:00;2385.1438269936725;2444.362;['wind_speed', 'pressure']
2026-02-23 05:00:00;2432.2340404165316;2905.5025;['wind_speed', 'pressure']
2026-02-23 06:00:00;2498.5605310244587;2810.3165;['wind_speed', 'pressure']
2026-02-23 07:00:00;2886.842966740769;3784.323;['wind_speed', 'pressure']
2026-02-23 08:00:00;2870.2589138751073;3324.1055;['wind_speed', 'pressure']
2026-02-23 09:00:00;2981.5758410187373;2637.14525;['wind_speed', 'pressure']
2026-02-23 10:00:00;2705.2622562359697;2564.26675;['wind_speed', 'pressure']
2026-02-23 11:00:00;2931.76582543705;2422.39275;['wind_speed', 'pressure']
2026-02-23 12:00:00;2695.151834164417;1688.8627499999998;['wind_speed', 'pressure']
2026-02-23 13:00:00;2671.0527465270306;1263.13575;['wind_speed', 'pressure']
2026-02-23 14:00:00;2863.529202927782;2432.09175;['wind_speed', 'pressure']
2026-02-23 15:00:00;2553.355081720559;3639.514;['wind_speed', 'pressure']
2026-02-23 16:00:00;2862.8526778436158;3844.585;['wind_speed', 'pressure']
2026-02-23 17:00:00;3746.7970885670347;7690.8945;['wind_speed', 'pressure']
2026-02-23 18:00:00;4033.512412366842;7286.809499999999;['wind_speed', 'pressure']
2026-02-23 19:00:00;2928.192432723661;1459.71375;['wind_speed', 'pressure']
2026-02-23 20:00:00;3210.5839612932587;2066.23975;['wind_speed', 'pressure']
2026-02-23 21:00:00;3037.669627258287;4231.92425;['wind_speed', 'pressure']
2026-02-23 22:00:00;2652.9610003559187;3387.08275;['wind_speed', 'pressure']
2026-02-23 23:00:00;2839.560377520534;2707.083;['wind_speed', 'pressure']
2026-02-24 00:00:00;2886.2053070971288;2087.3587500000003;['wind_speed', 'pressure']
2026-02-24 01:00:00;3338.7417664756513;2805.0935;['wind_speed', 'pressure']
2026-02-24 02:00:00;2638.4500521637774;2305.28275;['wind_speed', 'pressure']
2026-02-24 03:00:00;2781.2540418581066;2668.79575;['wind_speed', 'pressure']
2026-02-24 04:00:00;2771.704263375334;2515.11175;['wind_speed', 'pressure']
2026-02-24 05:00:00;2791.9043010575447;3203.1455;['wind_speed', 'pressure']
2026-02-24 06:00:00;2821.021691655964;2993.927;['wind_speed', 'pressure']
2026-02-24 07:00:00;3085.152165791503;3073.1355000000003;['wind_speed', 'pressure']
2026-02-24 08:00:00;3743.5438240398744;3171.7027500000004;['wind_speed', 'pressure']
2026-02-24 09:00:00;3793.3110207540844;3257.02575;['wind_speed', 'pressure']
2026-02-24 10:00:00;3020.868241894831;2908.47525;['wind_speed', 'pressure']
2026-02-24 11:00:00;3009.1089509847184;2711.759;['wind_speed', 'pressure']
2026-02-24 12:00:00;3005.726306857913;2309.90175;['wind_speed', 'pressure']
2026-02-24 13:00:00;2865.5172837812934;739.952;['wind_speed', 'pressure']
2026-02-24 14:00:00;2843.537624017974;2432.09175;['wind_speed', 'pressure']
2026-02-24 15:00:00;2729.5683693863657;3639.514;['wind_speed', 'pressure']
2026-02-24 16:00:00;2976.673992013246;3844.585;['wind_speed', 'pressure']
2026-02-24 17:00:00;3266.8945781926595;7690.8945;['wind_speed', 'pressure']
2026-02-24 18:00:00;4604.945880733548;7286.809499999999;['wind_speed', 'pressure']
2026-02-24 19:00:00;4236.219714463632;1459.71375;['wind_speed', 'pressure']
2026-02-24 20:00:00;3911.086674866752;2066.23975;['wind_speed', 'pressure']
2026-02-24 21:00:00;3361.6586316490566;4231.92425;['wind_speed', 'pressure']
2026-02-24 22:00:00;3032.815676389912;3387.08275;['wind_speed', 'pressure']
2026-02-24 23:00:00;2898.834750443116;2707.083;['wind_speed', 'pressure']
2026-02-25 00:00:00;3255.4514508430047;2087.3587500000003;['wind_speed', 'pressure']
2026-02-25 01:00:00;2748.7264761531023;2805.0935;['wind_speed', 'pressure']
2026-02-25 02:00:00;2884.0105033269137;2305.28275;['wind_speed', 'pressure']
2026-02-25 03:00:00;2728.3461157294023;2668.79575;['wind_speed', 'pressure']
2026-02-25 04:00:00;2693.516027974785;2515.11175;['wind_speed', 'pressure']
2026-02-25 05:00:00;2847.5815883091873;3203.1455;['wind_speed', 'pressure']
2026-02-25 06:00:00;2918.1258171971085;2993.927;['wind_speed', 'pressure']
2026-02-25 07:00:00;3082.553436959761;3073.1355000000003;['wind_speed', 'pressure']
2026-02-25 08:00:00;3335.3729445356876;3171.7027500000004;['wind_speed', 'pressure']
2026-02-25 09:00:00;3196.98992145365;3257.02575;['wind_speed', 'pressure']
2026-02-25 10:00:00;3047.9277844160715;2908.47525;['wind_speed', 'pressure']
2026-02-25 11:00:00;3056.2956485434906;2711.759;['wind_speed', 'pressure']
2026-02-25 12:00:00;3421.9913559853176;2309.90175;['wind_speed', 'pressure']
2026-02-25 13:00:00;2936.4880022900907;739.952;['wind_speed', 'pressure']
2026-02-25 14:00:00;2742.667841688959;1733.7510000000002;['wind_speed', 'pressure']
2026-02-25 15:00:00;2573.110241999537;2727.55;['wind_speed', 'pressure']
2026-02-25 16:00:00;2896.6626484180033;2268.04875;['wind_speed', 'pressure']
2026-02-25 17:00:00;4410.556839905319;2185.0825;['wind_speed', 'pressure']
2026-02-25 18:00:00;4941.88652753844;5401.65;['wind_speed', 'pressure']
2026-02-25 19:00:00;3437.706358613248;4408.7265;['wind_speed', 'pressure']
2026-02-25 20:00:00;3375.8051869534147;3120.36225;['wind_speed', 'pressure']
2026-02-25 21:00:00;3622.303317580865;2523.31;['wind_speed', 'pressure']
2026-02-25 22:00:00;3229.3299168956955;2395.0051041666666;['wind_speed', 'pressure']
2026-02-25 23:00:00;3031.635949139676;2266.700208333333;['wind_speed', 'pressure']
2026-02-26 00:00:00;2067.4549063508493;2138.3953125;['wind_speed', 'pressure']
2026-02-26 01:00:00;2532.4156637459873;2010.0904166666664;['wind_speed', 'pressure']
2026-02-26 02:00:00;2036.1895619508996;1881.785520833333;['wind_speed', 'pressure']
2026-02-26 03:00:00;2353.818143514367;1753.4806249999997;['wind_speed', 'pressure']
2026-02-26 04:00:00;2491.6465736162954;1625.1757291666663;['wind_speed', 'pressure']
2026-02-26 05:00:00;2724.1173397478624;1496.8708333333332;['wind_speed', 'pressure']
2026-02-26 06:00:00;2727.994316856718;1368.5659374999998;['wind_speed', 'pressure']
2026-02-26 07:00:00;2973.802652763724;1240.2610416666664;['wind_speed', 'pressure']
2026-02-26 08:00:00;3550.196815778696;1111.956145833333;['wind_speed', 'pressure']
2026-02-26 09:00:00;3174.8359568471506;983.65125;['wind_speed', 'pressure']
2026-02-26 10:00:00;2984.6953870788666;1833.2985;['wind_speed', 'pressure']
2026-02-26 11:00:00;3036.8952547084464;3650.50475;['wind_speed', 'pressure']
2026-02-26 12:00:00;2352.0988633117768;3347.99625;['wind_speed', 'pressure']
2026-02-26 13:00:00;1622.0944073812843;4618.702;['wind_speed', 'pressure']
2026-02-26 14:00:00;2129.3730092233645;4011.90325;['wind_speed', 'pressure']
2026-02-26 15:00:00;2490.6497931200865;3309.00375;['wind_speed', 'pressure']
2026-02-26 16:00:00;2462.927943230301;2059.02025;['wind_speed', 'pressure']
2026-02-26 17:00:00;4867.472854489142;2137.0;['wind_speed', 'pressure']
2026-02-26 18:00:00;4766.934521440509;5895.00775;['wind_speed', 'pressure']
2026-02-26 19:00:00;2703.1841960591073;3952.2635;['wind_speed', 'pressure']
2026-02-26 20:00:00;3596.6702391608715;3048.434;['wind_speed', 'pressure']
2026-02-26 21:00:00;3414.4769129020506;2100.1352500000003;['wind_speed', 'pressure']
2026-02-26 22:00:00;2678.52851692325;2277.26325;['wind_speed', 'pressure']
2026-02-26 23:00:00;2393.649989435773;2650.38725;['wind_speed', 'pressure']
2026-02-27 00:00:00;2341.661285276671;2599.7665;['wind_speed', 'pressure']
2026-02-27 01:00:00;2426.7942517340116;2229.40875;['wind_speed', 'pressure']
2026-02-27 02:00:00;2095.537859571269;3347.22275;['wind_speed', 'pressure']
2026-02-27 03:00:00;2106.862550031726;2196.732;['wind_speed', 'pressure']
2026-02-27 04:00:00;2158.548234837762;2473.217;['wind_speed', 'pressure']
2026-02-27 05:00:00;2377.5104082422354;2305.593;['wind_speed', 'pressure']
2026-02-27 06:00:00;2382.6943332899964;2977.48975;['wind_speed', 'pressure']
2026-02-27 07:00:00;2325.7604596437395;3342.68125;['wind_speed', 'pressure']
2026-02-27 08:00:00;2726.9683252365376;1551.13275;['wind_speed', 'pressure']
2026-02-27 09:00:00;2596.6382213319894;1172.703;['wind_speed', 'pressure']
2026-02-27 10:00:00;2401.31011267022;1888.36825;['wind_speed', 'pressure']
2026-02-27 11:00:00;2497.179155913742;3043.5535;['wind_speed', 'pressure']
2026-02-27 12:00:00;2510.9494486756057;2145.57025;['wind_speed', 'pressure']
2026-02-27 13:00:00;1927.6108419862408;756.018;['wind_speed', 'pressure']
2026-02-27 14:00:00;2634.9163116351056;761.868;['wind_speed', 'pressure']
2026-02-27 15:00:00;2416.087316938618;1121.75;['wind_speed', 'pressure']
2026-02-27 16:00:00;2737.724904421399;1032.1845;['wind_speed', 'pressure']
2026-02-27 17:00:00;4703.896831941427;3098.913;['wind_speed', 'pressure']
2026-02-27 18:00:00;4538.822643142592;2677.49625;['wind_speed', 'pressure']
2026-02-27 19:00:00;3180.0645439187306;2556.239;['wind_speed', 'pressure']
2026-02-27 20:00:00;3394.947544046501;2869.5155;['wind_speed', 'pressure']
2026-02-27 21:00:00;2781.829376495953;3065.46925;['wind_speed', 'pressure']
2026-02-27 22:00:00;2386.1986709143857;2299.8542500000003;['wind_speed', 'pressure']
2026-02-27 23:00:00;2546.487297269897;2289.7025000000003;['wind_speed', 'pressure']
2026-02-28 00:00:00;2101.334530208527;2230.26675;['wind_speed', 'pressure']
2026-02-28 01:00:00;1877.5804387715284;2372.79925;['wind_speed', 'pressure']
2026-02-28 02:00:00;1963.3738672272139;2630.50125;['wind_speed', 'pressure']
2026-02-28 03:00:00;1705.6703568931407;1981.921;['wind_speed', 'pressure']
2026-02-28 04:00:00;2006.916188090388;1977.72725;['wind_speed', 'pressure']
2026-02-28 05:00:00;2007.2147170977569;1957.68675;['wind_speed', 'pressure']
2026-02-28 06:00:00;2272.423833562883;1896.85625;['wind_speed', 'pressure']
2026-02-28 07:00:00;2372.7235610915523;1561.8505;['wind_speed', 'pressure']
2026-02-28 08:00:00;2822.904567894648;1123.34475;['wind_speed', 'pressure']
2026-02-28 09:00:00;2791.317065202555;1466.5585;['wind_speed', 'pressure']
2026-02-28 10:00:00;2154.622327384657;1740.317;['wind_speed', 'pressure']
2026-02-28 11:00:00;2050.947929883815;2625.6695;['wind_speed', 'pressure']
2026-02-28 12:00:00;1971.4791664339255;3085.0835;['wind_speed', 'pressure']
2026-02-28 13:00:00;1622.4568146630131;1037.36475;['wind_speed', 'pressure']
2026-02-28 14:00:00;1788.9641220425237;961.63275;['wind_speed', 'pressure']
2026-02-28 15:00:00;1842.46300274851;954.55475;['wind_speed', 'pressure']
2026-02-28 16:00:00;1852.7542402693575;1533.92725;['wind_speed', 'pressure']
2026-02-28 17:00:00;3284.550227267845;2240.077;['wind_speed', 'pressure']
2026-02-28 18:00:00;3859.350621443885;2810.08325;['wind_speed', 'pressure']
2026-02-28 19:00:00;2229.180962974226;3149.1015;['wind_speed', 'pressure']
2026-02-28 20:00:00;2602.645033534797;3243.71375;['wind_speed', 'pressure']
2026-02-28 21:00:00;2680.7872936746508;2889.52425;['wind_speed', 'pressure']
2026-02-28 22:00:00;1865.2443496235833;2945.9410000000003;['wind_speed', 'pressure']
2026-02-28 23:00:00;1692.0439987195523;3344.285;['wind_speed', 'pressure']
2026-03-01 00:00:00;2239.582520619175;4005.7825;['wind_speed', 'pressure']
2026-03-01 01:00:00;2128.6632515373703;3224.6197500000003;['wind_speed', 'pressure']
2026-03-01 02:00:00;1799.9879773688172;2222.49475;['wind_speed', 'pressure']
2026-03-01 03:00:00;2034.1929510895006;2238.53325;['wind_speed', 'pressure']
2026-03-01 04:00:00;2075.3162546836993;2105.89225;['wind_speed', 'pressure']
2026-03-01 05:00:00;2340.357972791594;1895.93;['wind_speed', 'pressure']
2026-03-01 06:00:00;2151.9694748567026;1915.9515;['wind_speed', 'pressure']
2026-03-01 07:00:00;2230.411300811953;1744.8925;['wind_speed', 'pressure']
2026-03-01 08:00:00;2633.9109555731393;1552.0675;['wind_speed', 'pressure']
2026-03-01 09:00:00;2711.790880920201;1486.991;['wind_speed', 'pressure']
2026-03-01 10:00:00;2393.7097216699412;1424.3685;['wind_speed', 'pressure']
2026-03-01 11:00:00;2177.331368287474;1848.2955;['wind_speed', 'pressure']
2026-03-01 12:00:00;2575.8995965998083;2020.3935;['wind_speed', 'pressure']
2026-03-01 13:00:00;2350.5725469100344;1075.92025;['wind_speed', 'pressure']
2026-03-01 14:00:00;2960.3757965832874;2221.634;['wind_speed', 'pressure']
2026-03-01 15:00:00;2478.6500318519247;1621.3802500000002;['wind_speed', 'pressure']
2026-03-01 16:00:00;2660.806501103538;2940.9017500000004;['wind_speed', 'pressure']
2026-03-01 17:00:00;3300.774467399967;3469.55025;['wind_speed', 'pressure']
2026-03-01 18:00:00;4726.579567287101;3401.025;['wind_speed', 'pressure']
2026-03-01 19:00:00;3204.05846486092;4648.9400000000005;['wind_speed', 'pressure']
2026-03-01 20:00:00;3508.337601609199;3172.72825;['wind_speed', 'pressure']
2026-03-01 21:00:00;2948.4991885266127;3724.67375;['wind_speed', 'pressure']
2026-03-01 22:00:00;2275.605718914433;2194.51425;['wind_speed', 'pressure']
2026-03-01 23:00:00;2002.4875691923116;2766.385;['wind_speed', 'pressure']
2026-03-02 00:00:00;2524.365499131406;3246.745;['wind_speed', 'pressure']
2026-03-02 01:00:00;2397.4332426897117;2790.22925;['wind_speed', 'pressure']
2026-03-02 02:00:00;2285.6297191651893;2155.6665;['wind_speed', 'pressure']
2026-03-02 03:00:00;2149.7842318807434;2621.298;['wind_speed', 'pressure']
2026-03-02 04:00:00;2258.215491428686;2217.16675;['wind_speed', 'pressure']
2026-03-02 05:00:00;2203.512737532862;2487.078;['wind_speed', 'pressure']
2026-03-02 06:00:00;2209.9184204374296;3034.98225;['wind_speed', 'pressure']
2026-03-02 07:00:00;2035.452310882577;703.9855;['wind_speed', 'pressure']
2026-03-02 08:00:00;2361.1016965922645;3024.90775;['wind_speed', 'pressure']
2026-03-02 09:00:00;2219.9759638827645;1042.5125;['wind_speed', 'pressure']
2026-03-02 10:00:00;1950.4248161981227;1443.9805;['wind_speed', 'pressure']
2026-03-02 11:00:00;2390.206817693195;3115.7045;['wind_speed', 'pressure']
2026-03-02 12:00:00;2042.3968520669914;3578.4032500000003;['wind_speed', 'pressure']
2026-03-02 13:00:00;1768.2904505051952;4828.33975;['wind_speed', 'pressure']
2026-03-02 14:00:00;2246.7567501507883;4235.00525;['wind_speed', 'pressure']
2026-03-02 15:00:00;2086.248517581007;4154.5925;['wind_speed', 'pressure']
2026-03-02 16:00:00;2540.4028423066616;2162.64175;['wind_speed', 'pressure']
2026-03-02 17:00:00;4126.722037960636;2929.2985;['wind_speed', 'pressure']
2026-03-02 18:00:00;4793.492698287564;4386.6975;['wind_speed', 'pressure']
2026-03-02 19:00:00;2742.16783320215;3566.40925;['wind_speed', 'pressure']
2026-03-02 20:00:00;2964.666592964222;3250.582;['wind_speed', 'pressure']
2026-03-02 21:00:00;2951.2154402809306;2445.295;['wind_speed', 'pressure']
2026-03-02 22:00:00;2364.0127997413947;3048.3762500000003;['wind_speed', 'pressure']
2026-03-02 23:00:00;2323.9729198831956;2899.3835;['wind_speed', 'pressure']
2026-03-03 00:00:00;2604.4708533733524;2072.42525;['wind_speed', 'pressure']
2026-03-03 01:00:00;2656.788431560658;2646.535;['wind_speed', 'pressure']
2026-03-03 02:00:00;2569.0233538631805;2631.8955;['wind_speed', 'pressure']
2026-03-03 03:00:00;2453.8744906063207;3036.797;['wind_speed', 'pressure']
2026-03-03 04:00:00;2730.879152644868;2119.68425;['wind_speed', 'pressure']
2026-03-03 05:00:00;2676.469846177716;2895.75175;['wind_speed', 'pressure']
2026-03-03 06:00:00;2926.7455622840384;3432.59825;['wind_speed', 'pressure']
2026-03-03 07:00:00;2876.0315352744756;524.39675;['wind_speed', 'pressure']
2026-03-03 08:00:00;2916.0560048363186;1743.91575;['wind_speed', 'pressure']
2026-03-03 09:00:00;1979.1882875080255;1520.6104999999998;['wind_speed', 'pressure']
2026-03-03 10:00:00;1820.437206381177;1320.03525;['wind_speed', 'pressure']
2026-03-03 11:00:00;2696.596244339142;2607.65675;['wind_speed', 'pressure']
2026-03-03 12:00:00;2858.0399557315386;4472.4735;['wind_speed', 'pressure']
2026-03-03 13:00:00;2199.518394078629;4663.9335;['wind_speed', 'pressure']
2026-03-03 14:00:00;2724.4583543279773;4119.155;['wind_speed', 'pressure']
2026-03-03 15:00:00;2507.0253360416564;3445.13;['wind_speed', 'pressure']
2026-03-03 16:00:00;2376.5378421316054;2418.37475;['wind_speed', 'pressure']
2026-03-03 17:00:00;3716.5881058926807;3358.39975;['wind_speed', 'pressure']
2026-03-03 18:00:00;4581.885604864575;6378.4400000000005;['wind_speed', 'pressure']
2026-03-03 19:00:00;3233.1925668317776;2789.0335;['wind_speed', 'pressure']
2026-03-03 20:00:00;3232.7535353683043;3805.4915;['wind_speed', 'pressure']
2026-03-03 21:00:00;2927.07276579668;3770.307;['wind_speed', 'pressure']
2026-03-03 22:00:00;2830.0298876255606;2653.62925;['wind_speed', 'pressure']
2026-03-03 23:00:00;2716.914256532848;2743.64325;['wind_speed', 'pressure']
2026-03-04 00:00:00;2651.744697950042;2341.52875;['wind_speed', 'pressure']
2026-03-04 01:00:00;2874.867217424741;2976.6625;['wind_speed', 'pressure']
2026-03-04 02:00:00;2754.0289935901487;2663.9955;['wind_speed', 'pressure']
2026-03-04 03:00:00;2772.1963712903275;2132.85775;['wind_speed', 'pressure']
2026-03-04 04:00:00;2687.185002736848;2686.453;['wind_speed', 'pressure']
2026-03-04 05:00:00;2848.6394829343094;2480.783;['wind_speed', 'pressure']
2026-03-04 06:00:00;2953.486973532983;2484.50025;['wind_speed', 'pressure']
2026-03-04 07:00:00;3060.4532554959296;3750.57025;['wind_speed', 'pressure']
2026-03-04 08:00:00;2648.7472511857445;962.9825;['wind_speed', 'pressure']
2026-03-04 09:00:00;3218.7855515454407;913.50825;['wind_speed', 'pressure']
2026-03-04 10:00:00;2139.258827461072;2335.989;['wind_speed', 'pressure']
2026-03-04 11:00:00;2880.2188075665426;2978.1815;['wind_speed', 'pressure']
2026-03-04 12:00:00;3059.984251904204;4587.24025;['wind_speed', 'pressure']
2026-03-04 13:00:00;3088.448807473471;4646.554749999999;['wind_speed', 'pressure']
2026-03-04 14:00:00;2844.5406682201565;4490.52625;['wind_speed', 'pressure']
2026-03-04 15:00:00;2752.1318143968374;3957.3565;['wind_speed', 'pressure']
2026-03-04 16:00:00;3197.734861175438;2997.356;['wind_speed', 'pressure']
2026-03-04 17:00:00;4067.4073557742263;1464.8985;['wind_speed', 'pressure']
2026-03-04 18:00:00;3908.417047998184;4648.4705;['wind_speed', 'pressure']
2026-03-04 19:00:00;3109.2510630572456;4129.09025;['wind_speed', 'pressure']
2026-03-04 20:00:00;3665.1135089902486;3670.78525;['wind_speed', 'pressure']
2026-03-04 21:00:00;3702.3498555823435;2636.34375;['wind_speed', 'pressure']
2026-03-04 22:00:00;3067.7213937143097;3060.88225;['wind_speed', 'pressure']
2026-03-04 23:00:00;3077.8122666937247;3818.83625;['wind_speed', 'pressure']
2026-03-05 00:00:00;3161.9383167221467;2839.1465;['wind_speed', 'pressure']
2026-03-05 01:00:00;3074.125768272027;2795.9970000000003;['wind_speed', 'pressure']
2026-03-05 02:00:00;2806.6023864219915;2804.9217500000004;['wind_speed', 'pressure']
2026-03-05 03:00:00;2640.0644468505843;2636.8767500000004;['wind_speed', 'pressure']
2026-03-05 04:00:00;2723.143279895632;2252.3625;['wind_speed', 'pressure']
2026-03-05 05:00:00;2753.224992928517;2891.4347500000003;['wind_speed', 'pressure']
2026-03-05 06:00:00;2995.068280386658;3542.1585;['wind_speed', 'pressure']
2026-03-05 07:00:00;3551.707620129967;4354.528;['wind_speed', 'pressure']
2026-03-05 08:00:00;3318.0689283597567;2665.74625;['wind_speed', 'pressure']
2026-03-05 09:00:00;2557.088524846803;1302.7145;['wind_speed', 'pressure']
2026-03-05 10:00:00;2156.3508929598065;2217.8925;['wind_speed', 'pressure']
2026-03-05 11:00:00;2904.930720373188;1661.2067499999998;['wind_speed', 'pressure']
2026-03-05 12:00:00;3622.260458302818;1502.9172500000002;['wind_speed', 'pressure']
2026-03-05 13:00:00;3242.47309341061;869.1479999999999;['wind_speed', 'pressure']
2026-03-05 14:00:00;3399.7899070935714;1631.13325;['wind_speed', 'pressure']
2026-03-05 15:00:00;3046.4883392058377;3945.8165;['wind_speed', 'pressure']
2026-03-05 16:00:00;2784.237352146989;2468.259;['wind_speed', 'pressure']
2026-03-05 17:00:00;3218.5560633620607;3224.5152499999995;['wind_speed', 'pressure']
2026-03-05 18:00:00;5516.184244569822;5428.21475;['wind_speed', 'pressure']
2026-03-05 19:00:00;3416.9280788002125;3815.672;['wind_speed', 'pressure']
2026-03-05 20:00:00;3168.9416318690332;4185.101;['wind_speed', 'pressure']
2026-03-05 21:00:00;2870.258390832981;2708.38675;['wind_speed', 'pressure']
2026-03-05 22:00:00;3078.6420949352905;2625.80675;['wind_speed', 'pressure']
2026-03-05 23:00:00;3074.219780823174;2412.5550000000003;['wind_speed', 'pressure']
2026-03-06 00:00:00;2432.7783974660133;2537.2190000000005;['wind_speed', 'pressure']
2026-03-06 01:00:00;2683.5209163456666;2795.9970000000003;['wind_speed', 'pressure']
2026-03-06 02:00:00;2570.359241754043;2804.9217500000004;['wind_speed', 'pressure']
2026-03-06 03:00:00;2496.6405621710637;2636.8767500000004;['wind_speed', 'pressure']
2026-03-06 04:00:00;2633.0248141129373;2252.3625;['wind_speed', 'pressure']
2026-03-06 05:00:00;2759.4173578988075;2891.4347500000003;['wind_speed', 'pressure']
2026-03-06 06:00:00;2813.2813906005294;3542.1585;['wind_speed', 'pressure']
2026-03-06 07:00:00;2973.62119595231;4354.528;['wind_speed', 'pressure']
2026-03-06 08:00:00;2647.676812002096;1813.133;['wind_speed', 'pressure']
2026-03-06 09:00:00;2862.3430114224357;1455.8512500000002;['wind_speed', 'pressure']
2026-03-06 10:00:00;2553.265806810119;2485.7415;['wind_speed', 'pressure']
2026-03-06 11:00:00;2634.681798772734;4530.7165;['wind_speed', 'pressure']
2026-03-06 12:00:00;2719.158883076464;4249.43025;['wind_speed', 'pressure']
2026-03-06 13:00:00;2288.533927322686;2027.85775;['wind_speed', 'pressure']
2026-03-06 14:00:00;2862.601154455982;1419.4865;['wind_speed', 'pressure']
2026-03-06 15:00:00;3398.9879062229998;3713.09525;['wind_speed', 'pressure']
2026-03-06 16:00:00;2831.1108857364966;2572.8035;['wind_speed', 'pressure']
2026-03-06 17:00:00;3439.786787572889;3580.1215;['wind_speed', 'pressure']
2026-03-06 18:00:00;4704.402508460509;6152.42875;['wind_speed', 'pressure']
2026-03-06 19:00:00;3118.2045241876976;3479.48725;['wind_speed', 'pressure']
2026-03-06 20:00:00;3466.922986647948;2790.91975;['wind_speed', 'pressure']
2026-03-06 21:00:00;3218.6841663863875;2074.9595;['wind_speed', 'pressure']
2026-03-06 22:00:00;2961.925344579141;1739.635;['wind_speed', 'pressure']
2026-03-06 23:00:00;2770.8222514011195;2311.847;['wind_speed', 'pressure']
2026-03-07 00:00:00;2503.9813808093095;2138.156;['wind_speed', 'pressure']
2026-03-07 01:00:00;2700.6929767874117;2338.306;['wind_speed', 'pressure']
2026-03-07 02:00:00;2601.777928170938;2584.2935;['wind_speed', 'pressure']
2026-03-07 03:00:00;2493.6165156467887;1668.98875;['wind_speed', 'pressure']
2026-03-07 04:00:00;2491.6544535061093;1610.39575;['wind_speed', 'pressure']
2026-03-07 05:00:00;2709.896073373042;2070.308;['wind_speed', 'pressure']
2026-03-07 06:00:00;2854.166366561319;2090.612;['wind_speed', 'pressure']
2026-03-07 07:00:00;3064.9316093297493;1457.96075;['wind_speed', 'pressure']
2026-03-07 08:00:00;2413.4373565227934;756.50275;['wind_speed', 'pressure']
2026-03-07 09:00:00;2184.1578735223147;1590.6302500000002;['wind_speed', 'pressure']
2026-03-07 10:00:00;2548.819858448541;1327.3035;['wind_speed', 'pressure']
2026-03-07 11:00:00;3188.1023364921502;2811.17875;['wind_speed', 'pressure']
2026-03-07 12:00:00;3433.381986021115;1682.80625;['wind_speed', 'pressure']
2026-03-07 13:00:00;2567.506803933283;1354.13025;['wind_speed', 'pressure']
2026-03-07 14:00:00;2555.102412132145;951.723;['wind_speed', 'pressure']
2026-03-07 15:00:00;3391.8006084650588;2364.96775;['wind_speed', 'pressure']
2026-03-07 16:00:00;2628.847445157489;2298.85875;['wind_speed', 'pressure']
2026-03-07 17:00:00;3415.0961076976214;2192.87;['wind_speed', 'pressure']
2026-03-07 18:00:00;5032.416742805197;3587.63775;['wind_speed', 'pressure']
2026-03-07 19:00:00;3049.1626123084925;4620.41925;['wind_speed', 'pressure']
2026-03-07 20:00:00;3123.924621430449;4156.529;['wind_speed', 'pressure']
2026-03-07 21:00:00;3032.929809917221;2222.4085;['wind_speed', 'pressure']
2026-03-07 22:00:00;2622.811335804008;4127.96075;['wind_speed', 'pressure']
2026-03-07 23:00:00;2575.907752160289;2806.2985;['wind_speed', 'pressure']
2026-03-08 00:00:00;2190.5025903473656;2072.6980000000003;['wind_speed', 'pressure']
2026-03-08 01:00:00;2288.14479235391;3777.8255;['wind_speed', 'pressure']
2026-03-08 02:00:00;2225.016029699493;1967.07825;['wind_speed', 'pressure']
2026-03-08 03:00:00;1748.412670974415;2125.10075;['wind_speed', 'pressure']
2026-03-08 04:00:00;1822.3898528929801;2076.188;['wind_speed', 'pressure']
2026-03-08 05:00:00;2079.0594555406383;2075.50675;['wind_speed', 'pressure']
2026-03-08 06:00:00;2198.148937063384;1866.8475;['wind_speed', 'pressure']
2026-03-08 07:00:00;1971.0562631714365;1325.2725;['wind_speed', 'pressure']
2026-03-08 08:00:00;1569.3894259828958;995.868;['wind_speed', 'pressure']
2026-03-08 09:00:00;1789.641262571999;913.16325;['wind_speed', 'pressure']
2026-03-08 10:00:00;1708.3653031412155;1799.62;['wind_speed', 'pressure']
2026-03-08 11:00:00;2603.5201377491603;2870.49225;['wind_speed', 'pressure']
2026-03-08 12:00:00;2641.500787887394;1250.2222499999998;['wind_speed', 'pressure']
2026-03-08 13:00:00;1684.5080561475854;1831.10675;['wind_speed', 'pressure']
2026-03-08 14:00:00;1723.004691168798;1428.14675;['wind_speed', 'pressure']
2026-03-08 15:00:00;2647.107720853738;1477.5485;['wind_speed', 'pressure']
2026-03-08 16:00:00;2142.0609480245066;2029.1785;['wind_speed', 'pressure']
2026-03-08 17:00:00;2789.5426042859967;1926.54075;['wind_speed', 'pressure']
2026-03-08 18:00:00;4016.692542442548;3786.51925;['wind_speed', 'pressure']
2026-03-08 19:00:00;3465.0872903335835;3130.8587500000003;['wind_speed', 'pressure']
2026-03-08 20:00:00;3130.11516290322;4166.77175;['wind_speed', 'pressure']
2026-03-08 21:00:00;2587.538143694515;3548.41575;['wind_speed', 'pressure']
2026-03-08 22:00:00;2631.4869909023055;2750.8852500000003;['wind_speed', 'pressure']
2026-03-08 23:00:00;2517.981769398261;2077.47225;['wind_speed', 'pressure']
2026-03-09 00:00:00;1967.6573993223474;1669.124;['wind_speed', 'pressure']
2026-03-09 01:00:00;2517.2578029664655;2920.80125;['wind_speed', 'pressure']
2026-03-09 02:00:00;2006.1726023791389;2274.465;['wind_speed', 'pressure']
2026-03-09 03:00:00;1827.4128607684224;1554.71575;['wind_speed', 'pressure']
2026-03-09 04:00:00;1784.5204617981572;1631.3594999999998;['wind_speed', 'pressure']
2026-03-09 05:00:00;2073.3062748255356;3087.776;['wind_speed', 'pressure']
2026-03-09 06:00:00;2179.724935312993;1866.8475;['wind_speed', 'pressure']
2026-03-09 07:00:00;1854.3438580139455;1325.2725;['wind_speed', 'pressure']
2026-03-09 08:00:00;2247.0561357231977;995.868;['wind_speed', 'pressure']
2026-03-09 09:00:00;1106.061107501365;913.16325;['wind_speed', 'pressure']
2026-03-09 10:00:00;1739.452383913409;2129.53325;['wind_speed', 'pressure']
2026-03-09 11:00:00;2556.400650401233;2527.43425;['wind_speed', 'pressure']
2026-03-09 12:00:00;1953.2265671224395;4109.2385;['wind_speed', 'pressure']
2026-03-09 13:00:00;1830.1376861660274;2127.6040000000003;['wind_speed', 'pressure']
2026-03-09 14:00:00;1941.4066655414804;1350.60725;['wind_speed', 'pressure']
2026-03-09 15:00:00;2189.448554513194;2213.1385;['wind_speed', 'pressure']
2026-03-09 16:00:00;2178.9633113321274;1826.9195;['wind_speed', 'pressure']
2026-03-09 17:00:00;2699.440710143784;3601.039;['wind_speed', 'pressure']
2026-03-09 18:00:00;4105.73631112666;6124.2245;['wind_speed', 'pressure']
2026-03-09 19:00:00;2943.9417829222066;3677.76775;['wind_speed', 'pressure']
2026-03-09 20:00:00;3318.012031457221;2136.94175;['wind_speed', 'pressure']
2026-03-09 21:00:00;2674.617264096592;2988.7155;['wind_speed', 'pressure']
2026-03-09 22:00:00;2565.4186275734874;2318.666;['wind_speed', 'pressure']
2026-03-09 23:00:00;2237.63852395573;1780.5255;['wind_speed', 'pressure']
2026-03-10 00:00:00;1839.02443761503;2910.68175;['wind_speed', 'pressure']
2026-03-10 01:00:00;2362.6194320793143;1606.8917499999998;['wind_speed', 'pressure']
2026-03-10 02:00:00;2166.446883610308;1834.1555;['wind_speed', 'pressure']
2026-03-10 03:00:00;1823.4624222116254;1829.8265;['wind_speed', 'pressure']
2026-03-10 04:00:00;1801.8903980389944;1621.01425;['wind_speed', 'pressure']
2026-03-10 05:00:00;2390.325511020514;2817.76325;['wind_speed', 'pressure']
2026-03-10 06:00:00;2156.088009371625;2770.8007500000003;['wind_speed', 'pressure']
2026-03-10 07:00:00;1799.1661292877097;3333.38175;['wind_speed', 'pressure']
2026-03-10 08:00:00;1292.3998128234389;2793.15375;['wind_speed', 'pressure']
2026-03-10 09:00:00;1104.8106240583238;1767.713;['wind_speed', 'pressure']
2026-03-10 10:00:00;1800.3969415853423;2210.927;['wind_speed', 'pressure']
2026-03-10 11:00:00;2436.408471100145;3412.94075;['wind_speed', 'pressure']
2026-03-10 12:00:00;2529.9892262104645;4061.66425;['wind_speed', 'pressure']
2026-03-10 13:00:00;1776.113290084345;4106.809499999999;['wind_speed', 'pressure']
2026-03-10 14:00:00;1739.157709942635;2908.1775;['wind_speed', 'pressure']
2026-03-10 15:00:00;2242.4333176780315;2550.7335;['wind_speed', 'pressure']
2026-03-10 16:00:00;2059.5884883829676;1788.1075;['wind_speed', 'pressure']
2026-03-10 17:00:00;3091.1816090231155;2544.117;['wind_speed', 'pressure']
2026-03-10 18:00:00;5290.104741558757;5236.5315;['wind_speed', 'pressure']
2026-03-10 19:00:00;3033.819618009713;3303.29325;['wind_speed', 'pressure']
2026-03-10 20:00:00;2534.305491622863;4674.07575;['wind_speed', 'pressure']
2026-03-10 21:00:00;2590.7897266140376;2431.65825;['wind_speed', 'pressure']
2026-03-10 22:00:00;2298.0869616293185;2185.2885;['wind_speed', 'pressure']
2026-03-10 23:00:00;2459.3555809026843;2130.8632500000003;['wind_speed', 'pressure']
2026-03-11 00:00:00;2514.6603159441183;1892.9767500000005;['wind_speed', 'pressure']
2026-03-11 01:00:00;2281.496506944699;2013.29275;['wind_speed', 'pressure']
2026-03-11 02:00:00;2337.0514240346747;1828.167;['wind_speed', 'pressure']
2026-03-11 03:00:00;2202.3118944522216;1877.80425;['wind_speed', 'pressure']
2026-03-11 04:00:00;2126.5611996741486;1892.7795;['wind_speed', 'pressure']
2026-03-11 05:00:00;2606.8728663099146;3109.4265;['wind_speed', 'pressure']
2026-03-11 06:00:00;2692.2375966017826;2762.2815;['wind_speed', 'pressure']
2026-03-11 07:00:00;2745.053448321508;2268.42275;['wind_speed', 'pressure']
2026-03-11 08:00:00;2131.36141572373;1332.15575;['wind_speed', 'pressure']
2026-03-11 09:00:00;1756.305486836282;946.02025;['wind_speed', 'pressure']
2026-03-11 10:00:00;2226.841674743654;2953.6225000000004;['wind_speed', 'pressure']
2026-03-11 11:00:00;2972.7490368005456;3048.2492500000003;['wind_speed', 'pressure']
2026-03-11 12:00:00;3005.394194664208;1016.1849999999998;['wind_speed', 'pressure']
2026-03-11 13:00:00;2701.0359856781965;735.11675;['wind_speed', 'pressure']
2026-03-11 14:00:00;2462.8421493905976;1102.20775;['wind_speed', 'pressure']
2026-03-11 15:00:00;2663.9852098959486;2617.099;['wind_speed', 'pressure']
2026-03-11 16:00:00;2291.0426771772686;3511.27;['wind_speed', 'pressure']
2026-03-11 17:00:00;3182.5379838311924;2191.68175;['wind_speed', 'pressure']
2026-03-11 18:00:00;4903.770922157601;3577.4475;['wind_speed', 'pressure']
2026-03-11 19:00:00;3317.0582742065576;4741.882250000001;['wind_speed', 'pressure']
2026-03-11 20:00:00;3898.407975386747;2768.617;['wind_speed', 'pressure']
2026-03-11 21:00:00;2844.4991490290477;3223.21725;['wind_speed', 'pressure']
2026-03-11 22:00:00;2651.832493557611;2263.3005;['wind_speed', 'pressure']
2026-03-11 23:00:00;2483.352897695469;1655.887;['wind_speed', 'pressure']
2026-02-21 00:00:00;3643.4416398177477;3220.53525;['wind_speed', 'precipitation']
2026-02-21 01:00:00;3739.99842421246;4944.16275;['wind_speed', 'precipitation']
2026-02-21 02:00:00;3564.1629229035602;3109.51675;['wind_speed', 'precipitation']
2026-02-21 03:00:00;3334.6449482804387;3107.83475;['wind_speed', 'precipitation']
2026-02-21 04:00:00;3665.6951564074216;3534.54725;['wind_speed', 'precipitation']
2026-02-21 05:00:00;3801.1883631370647;3540.4435;['wind_speed', 'precipitation']
2026-02-21 06:00:00;3799.2748858179984;2907.9265;['wind_speed', 'precipitation']
2026-02-21 07:00:00;4184.8032478766045;3075.088;['wind_speed', 'precipitation']
2026-02-21 08:00:00;4200.106277590898;3908.9975;['wind_speed', 'precipitation']
2026-02-21 09:00:00;4300.692978060324;5084.14325;['wind_speed', 'precipitation']
2026-02-21 10:00:00;3890.9303166750046;3648.72875;['wind_speed', 'precipitation']
2026-02-21 11:00:00;3939.7258138785674;2904.00575;['wind_speed', 'precipitation']
2026-02-21 12:00:00;3871.613293217504;3646.29625;['wind_speed', 'precipitation']
2026-02-21 13:00:00;3697.7920687010314;3093.9895;['wind_speed', 'precipitation']
2026-02-21 14:00:00;3856.0935216664916;3318.7700000000004;['wind_speed', 'precipitation']
2026-02-21 15:00:00;3828.9454441763537;3322.10225;['wind_speed', 'precipitation']
2026-02-21 16:00:00;4034.264428294976;3020.13275;['wind_speed', 'precipitation']
2026-02-21 17:00:00;4866.172304635643;2320.5085;['wind_speed', 'precipitation']
2026-02-21 18:00:00;5420.345681240422;3975.71575;['wind_speed', 'precipitation']
2026-02-21 19:00:00;4057.0628248780513;3784.02475;['wind_speed', 'precipitation']
2026-02-21 20:00:00;4495.098931337896;3627.47425;['wind_speed', 'precipitation']
2026-02-21 21:00:00;4311.700008459982;4353.26275;['wind_speed', 'precipitation']
2026-02-21 22:00:00;3852.234464923586;3946.12675;['wind_speed', 'precipitation']
2026-02-21 23:00:00;3790.9697536373933;2380.04225;['wind_speed', 'precipitation']
2026-02-22 00:00:00;2977.9692439416895;2629.34925;['wind_speed', 'precipitation']
2026-02-22 01:00:00;3219.8789375093725;2120.21475;['wind_speed', 'precipitation']
2026-02-22 02:00:00;3011.854853199231;2591.9735000000005;['wind_speed', 'precipitation']
2026-02-22 03:00:00;2863.2484081644275;2107.6405;['wind_speed', 'precipitation']
2026-02-22 04:00:00;3030.7165456652297;2663.44675;['wind_speed', 'precipitation']
2026-02-22 05:00:00;3133.2738621298886;2201.2252500000004;['wind_speed', 'precipitation']
2026-02-22 06:00:00;3109.20642145796;3617.4885;['wind_speed', 'precipitation']
2026-02-22 07:00:00;3448.472774630855;2402.6565;['wind_speed', 'precipitation']
2026-02-22 08:00:00;3529.0797165369845;2474.27325;['wind_speed', 'precipitation']
2026-02-22 09:00:00;3673.1891145247973;2407.15;['wind_speed', 'precipitation']
2026-02-22 10:00:00;3152.4575887334177;2644.01375;['wind_speed', 'precipitation']
2026-02-22 11:00:00;3313.1691293952995;2835.98975;['wind_speed', 'precipitation']
2026-02-22 12:00:00;3381.0685224370577;2392.25975;['wind_speed', 'precipitation']
2026-02-22 13:00:00;3216.901544503308;2305.58525;['wind_speed', 'precipitation']
2026-02-22 14:00:00;3087.415798243176;3217.099;['wind_speed', 'precipitation']
2026-02-22 15:00:00;3250.39205124814;1857.12725;['wind_speed', 'precipitation']
2026-02-22 16:00:00;3800.6160437834483;1684.09225;['wind_speed', 'precipitation']
2026-02-22 17:00:00;4212.221806386541;2181.636;['wind_speed', 'precipitation']
2026-02-22 18:00:00;4572.082627180167;3896.849;['wind_speed', 'precipitation']
2026-02-22 19:00:00;3383.7311131979513;2929.2675;['wind_speed', 'precipitation']
2026-02-22 20:00:00;3857.7629840826567;3539.39125;['wind_speed', 'precipitation']
2026-02-22 21:00:00;3643.8430683266756;3225.271;['wind_speed', 'precipitation']
2026-02-22 22:00:00;3342.3134071806753;2870.692;['wind_speed', 'precipitation']
2026-02-22 23:00:00;3235.9328016359023;2738.51825;['wind_speed', 'precipitation']
2026-02-23 00:00:00;2560.398688669604;1746.72925;['wind_speed', 'precipitation']
2026-02-23 01:00:00;2398.5013800848365;2174.40925;['wind_speed', 'precipitation']
2026-02-23 02:00:00;2324.444165354626;2312.4432500000003;['wind_speed', 'precipitation']
2026-02-23 03:00:00;2291.1268173532667;2503.66025;['wind_speed', 'precipitation']
2026-02-23 04:00:00;2363.9485679618083;2444.362;['wind_speed', 'precipitation']
2026-02-23 05:00:00;2410.5664138079005;2905.5025;['wind_speed', 'precipitation']
2026-02-23 06:00:00;2423.2064409997283;2810.3165;['wind_speed', 'precipitation']
2026-02-23 07:00:00;2898.5956836033583;3784.323;['wind_speed', 'precipitation']
2026-02-23 08:00:00;2859.3100498138488;3324.1055;['wind_speed', 'precipitation']
2026-02-23 09:00:00;2990.2402271192527;2637.14525;['wind_speed', 'precipitation']
2026-02-23 10:00:00;2842.2604513118417;2564.26675;['wind_speed', 'precipitation']
2026-02-23 11:00:00;2913.2180103768196;2422.39275;['wind_speed', 'precipitation']
2026-02-23 12:00:00;2690.4038105012687;1688.8627499999998;['wind_speed', 'precipitation']
2026-02-23 13:00:00;2644.9566272543548;1263.13575;['wind_speed', 'precipitation']
2026-02-23 14:00:00;2938.0489108545644;2432.09175;['wind_speed', 'precipitation']
2026-02-23 15:00:00;2474.6933341480653;3639.514;['wind_speed', 'precipitation']
2026-02-23 16:00:00;2963.027264610684;3844.585;['wind_speed', 'precipitation']
2026-02-23 17:00:00;3876.039488209863;7690.8945;['wind_speed', 'precipitation']
2026-02-23 18:00:00;4110.158231434754;7286.809499999999;['wind_speed', 'precipitation']
2026-02-23 19:00:00;3021.4052384240654;1459.71375;['wind_speed', 'precipitation']
2026-02-23 20:00:00;3234.167222156395;2066.23975;['wind_speed', 'precipitation']
2026-02-23 21:00:00;3295.494984728473;4231.92425;['wind_speed', 'precipitation']
2026-02-23 22:00:00;2718.3400110515977;3387.08275;['wind_speed', 'precipitation']
2026-02-23 23:00:00;2782.2824462160224;2707.083;['wind_speed', 'precipitation']
2026-02-24 00:00:00;2861.3009971351557;2087.3587500000003;['wind_speed', 'precipitation']
2026-02-24 01:00:00;3234.218540330665;2805.0935;['wind_speed', 'precipitation']
2026-02-24 02:00:00;2572.4240570439606;2305.28275;['wind_speed', 'precipitation']
2026-02-24 03:00:00;2475.48626515136;2668.79575;['wind_speed', 'precipitation']
2026-02-24 04:00:00;2647.873242566626;2515.11175;['wind_speed', 'precipitation']
2026-02-24 05:00:00;2666.170379909909;3203.1455;['wind_speed', 'precipitation']
2026-02-24 06:00:00;2862.583682274187;2993.927;['wind_speed', 'precipitation']
2026-02-24 07:00:00;2984.2239380021974;3073.1355000000003;['wind_speed', 'precipitation']
2026-02-24 08:00:00;3392.8452563139053;3171.7027500000004;['wind_speed', 'precipitation']
2026-02-24 09:00:00;3748.086772295838;3257.02575;['wind_speed', 'precipitation']
2026-02-24 10:00:00;2822.2231243081133;2908.47525;['wind_speed', 'precipitation']
2026-02-24 11:00:00;2900.6639312859033;2711.759;['wind_speed', 'precipitation']
2026-02-24 12:00:00;2967.5624130179976;2309.90175;['wind_speed', 'precipitation']
2026-02-24 13:00:00;2820.675401093595;739.952;['wind_speed', 'precipitation']
2026-02-24 14:00:00;2775.4402104715564;2432.09175;['wind_speed', 'precipitation']
2026-02-24 15:00:00;2587.5458767960426;3639.514;['wind_speed', 'precipitation']
2026-02-24 16:00:00;2705.4975516463082;3844.585;['wind_speed', 'precipitation']
2026-02-24 17:00:00;3445.806610230468;7690.8945;['wind_speed', 'precipitation']
2026-02-24 18:00:00;3853.726900439093;7286.809499999999;['wind_speed', 'precipitation']
2026-02-24 19:00:00;3027.591544263092;1459.71375;['wind_speed', 'precipitation']
2026-02-24 20:00:00;3051.7972644602137;2066.23975;['wind_speed', 'precipitation']
2026-02-24 21:00:00;3015.21124746037;4231.92425;['wind_speed', 'precipitation']
2026-02-24 22:00:00;2641.1810727982133;3387.08275;['wind_speed', 'precipitation']
2026-02-24 23:00:00;2485.90010921111;2707.083;['wind_speed', 'precipitation']
2026-02-25 00:00:00;2996.747349715738;2087.3587500000003;['wind_speed', 'precipitation']
2026-02-25 01:00:00;2932.6652114045746;2805.0935;['wind_speed', 'precipitation']
2026-02-25 02:00:00;2728.9899935745025;2305.28275;['wind_speed', 'precipitation']
2026-02-25 03:00:00;2815.0995691044445;2668.79575;['wind_speed', 'precipitation']
2026-02-25 04:00:00;2827.16627726441;2515.11175;['wind_speed', 'precipitation']
2026-02-25 05:00:00;2934.08050843707;3203.1455;['wind_speed', 'precipitation']
2026-02-25 06:00:00;3034.3578434112796;2993.927;['wind_speed', 'precipitation']
2026-02-25 07:00:00;3178.3797707619215;3073.1355000000003;['wind_speed', 'precipitation']
2026-02-25 08:00:00;3267.3687728024206;3171.7027500000004;['wind_speed', 'precipitation']
2026-02-25 09:00:00;3538.3773761148964;3257.02575;['wind_speed', 'precipitation']
2026-02-25 10:00:00;3005.4742285796397;2908.47525;['wind_speed', 'precipitation']
2026-02-25 11:00:00;2979.0606749094795;2711.759;['wind_speed', 'precipitation']
2026-02-25 12:00:00;3115.6373178027757;2309.90175;['wind_speed', 'precipitation']
2026-02-25 13:00:00;2930.350950414474;739.952;['wind_speed', 'precipitation']
2026-02-25 14:00:00;2757.7195926054374;1733.7510000000002;['wind_speed', 'precipitation']
2026-02-25 15:00:00;2834.350010817883;2727.55;['wind_speed', 'precipitation']
2026-02-25 16:00:00;2914.821580742638;2268.04875;['wind_speed', 'precipitation']
2026-02-25 17:00:00;3583.372728539837;2185.0825;['wind_speed', 'precipitation']
2026-02-25 18:00:00;5020.96766472964;5401.65;['wind_speed', 'precipitation']
2026-02-25 19:00:00;3376.366487141432;4408.7265;['wind_speed', 'precipitation']
2026-02-25 20:00:00;3555.5898931074653;3120.36225;['wind_speed', 'precipitation']
2026-02-25 21:00:00;3588.6568725943885;2523.31;['wind_speed', 'precipitation']
2026-02-25 22:00:00;3078.066655543961;2395.0051041666666;['wind_speed', 'precipitation']
2026-02-25 23:00:00;2859.48448159221;2266.700208333333;['wind_speed', 'precipitation']
2026-02-26 00:00:00;2321.742913572389;2138.3953125;['wind_speed', 'precipitation']
2026-02-26 01:00:00;2595.156243782643;2010.0904166666664;['wind_speed', 'precipitation']
2026-02-26 02:00:00;2309.564498490384;1881.785520833333;['wind_speed', 'precipitation']
2026-02-26 03:00:00;2383.902596260981;1753.4806249999997;['wind_speed', 'precipitation']
2026-02-26 04:00:00;2512.310801171106;1625.1757291666663;['wind_speed', 'precipitation']
2026-02-26 05:00:00;2737.2971476699217;1496.8708333333332;['wind_speed', 'precipitation']
2026-02-26 06:00:00;2771.5783450758804;1368.5659374999998;['wind_speed', 'precipitation']
2026-02-26 07:00:00;2916.193289676913;1240.2610416666664;['wind_speed', 'precipitation']
2026-02-26 08:00:00;3227.957378031672;1111.956145833333;['wind_speed', 'precipitation']
2026-02-26 09:00:00;3228.5846018218645;983.65125;['wind_speed', 'precipitation']
2026-02-26 10:00:00;2703.6681529270168;1833.2985;['wind_speed', 'precipitation']
2026-02-26 11:00:00;2728.9095853133495;3650.50475;['wind_speed', 'precipitation']
2026-02-26 12:00:00;2557.5052167498084;3347.99625;['wind_speed', 'precipitation']
2026-02-26 13:00:00;1759.7365987571056;4618.702;['wind_speed', 'precipitation']
2026-02-26 14:00:00;2590.9379019570138;4011.90325;['wind_speed', 'precipitation']
2026-02-26 15:00:00;2499.241178791756;3309.00375;['wind_speed', 'precipitation']
2026-02-26 16:00:00;2704.5787792525725;2059.02025;['wind_speed', 'precipitation']
2026-02-26 17:00:00;3910.0467278891538;2137.0;['wind_speed', 'precipitation']
2026-02-26 18:00:00;5122.814241151769;5895.00775;['wind_speed', 'precipitation']
2026-02-26 19:00:00;3098.027456865696;3952.2635;['wind_speed', 'precipitation']
2026-02-26 20:00:00;3386.2787035401393;3048.434;['wind_speed', 'precipitation']
2026-02-26 21:00:00;2975.8757395044177;2100.1352500000003;['wind_speed', 'precipitation']
2026-02-26 22:00:00;2740.1616797569814;2277.26325;['wind_speed', 'precipitation']
2026-02-26 23:00:00;2593.9349206334596;2650.38725;['wind_speed', 'precipitation']
2026-02-27 00:00:00;2496.6098467309716;2599.7665;['wind_speed', 'precipitation']
2026-02-27 01:00:00;2574.8339093263844;2229.40875;['wind_speed', 'precipitation']
2026-02-27 02:00:00;2308.122277751498;3347.22275;['wind_speed', 'precipitation']
2026-02-27 03:00:00;2242.290637033888;2196.732;['wind_speed', 'precipitation']
2026-02-27 04:00:00;2359.264036587468;2473.217;['wind_speed', 'precipitation']
2026-02-27 05:00:00;2524.5015382148044;2305.593;['wind_speed', 'precipitation']
2026-02-27 06:00:00;2537.4009886120375;2977.48975;['wind_speed', 'precipitation']
2026-02-27 07:00:00;2571.4498258496133;3342.68125;['wind_speed', 'precipitation']
2026-02-27 08:00:00;2752.2393388209075;1551.13275;['wind_speed', 'precipitation']
2026-02-27 09:00:00;2765.187349394561;1172.703;['wind_speed', 'precipitation']
2026-02-27 10:00:00;2459.7936321082652;1888.36825;['wind_speed', 'precipitation']
2026-02-27 11:00:00;2638.8934784906987;3043.5535;['wind_speed', 'precipitation']
2026-02-27 12:00:00;2515.8899267598463;2145.57025;['wind_speed', 'precipitation']
2026-02-27 13:00:00;2106.8355623171187;756.018;['wind_speed', 'precipitation']
2026-02-27 14:00:00;2581.5560572776394;761.868;['wind_speed', 'precipitation']
2026-02-27 15:00:00;2552.857396870004;1121.75;['wind_speed', 'precipitation']
2026-02-27 16:00:00;2699.085418835987;1032.1845;['wind_speed', 'precipitation']
2026-02-27 17:00:00;3684.7504556194;3098.913;['wind_speed', 'precipitation']
2026-02-27 18:00:00;4623.814594682207;2677.49625;['wind_speed', 'precipitation']
2026-02-27 19:00:00;3188.926311741103;2556.239;['wind_speed', 'precipitation']
2026-02-27 20:00:00;3286.380963905324;2869.5155;['wind_speed', 'precipitation']
2026-02-27 21:00:00;2996.1003891360915;3065.46925;['wind_speed', 'precipitation']
2026-02-27 22:00:00;2609.420758970738;2299.8542500000003;['wind_speed', 'precipitation']
2026-02-27 23:00:00;2583.9471265466573;2289.7025000000003;['wind_speed', 'precipitation']
2026-02-28 00:00:00;2114.585242594752;2230.26675;['wind_speed', 'precipitation']
2026-02-28 01:00:00;2178.9966435536753;2372.79925;['wind_speed', 'precipitation']
2026-02-28 02:00:00;1958.9661674953472;2630.50125;['wind_speed', 'precipitation']
2026-02-28 03:00:00;1916.0455740468626;1981.921;['wind_speed', 'precipitation']
2026-02-28 04:00:00;2011.0703314679147;1977.72725;['wind_speed', 'precipitation']
2026-02-28 05:00:00;2156.31556449093;1957.68675;['wind_speed', 'precipitation']
2026-02-28 06:00:00;2213.634953316519;1896.85625;['wind_speed', 'precipitation']
2026-02-28 07:00:00;2374.8248625910896;1561.8505;['wind_speed', 'precipitation']
2026-02-28 08:00:00;2731.247012821844;1123.34475;['wind_speed', 'precipitation']
2026-02-28 09:00:00;2724.3342639557213;1466.5585;['wind_speed', 'precipitation']
2026-02-28 10:00:00;2375.6075077501946;1740.317;['wind_speed', 'precipitation']
2026-02-28 11:00:00;2181.6441511663743;2625.6695;['wind_speed', 'precipitation']
2026-02-28 12:00:00;2218.9961276597414;3085.0835;['wind_speed', 'precipitation']
2026-02-28 13:00:00;1773.4121410444243;1037.36475;['wind_speed', 'precipitation']
2026-02-28 14:00:00;1812.4294009940897;961.63275;['wind_speed', 'precipitation']
2026-02-28 15:00:00;1950.0962343963774;954.55475;['wind_speed', 'precipitation']
2026-02-28 16:00:00;2417.908518218376;1533.92725;['wind_speed', 'precipitation']
2026-02-28 17:00:00;3243.7706762063885;2240.077;['wind_speed', 'precipitation']
2026-02-28 18:00:00;3759.747680583202;2810.08325;['wind_speed', 'precipitation']
2026-02-28 19:00:00;2078.5835173479354;3149.1015;['wind_speed', 'precipitation']
2026-02-28 20:00:00;2627.3650271546826;3243.71375;['wind_speed', 'precipitation']
2026-02-28 21:00:00;2708.504506898747;2889.52425;['wind_speed', 'precipitation']
2026-02-28 22:00:00;2269.546551063656;2945.9410000000003;['wind_speed', 'precipitation']
2026-02-28 23:00:00;2106.5664856281446;3344.285;['wind_speed', 'precipitation']
2026-03-01 00:00:00;2413.2992248176397;4005.7825;['wind_speed', 'precipitation']
2026-03-01 01:00:00;2125.672362672164;3224.6197500000003;['wind_speed', 'precipitation']
2026-03-01 02:00:00;1832.6019410697697;2222.49475;['wind_speed', 'precipitation']
2026-03-01 03:00:00;2023.7453768389703;2238.53325;['wind_speed', 'precipitation']
2026-03-01 04:00:00;1990.429473051395;2105.89225;['wind_speed', 'precipitation']
2026-03-01 05:00:00;2345.9756918972475;1895.93;['wind_speed', 'precipitation']
2026-03-01 06:00:00;2187.464872262421;1915.9515;['wind_speed', 'precipitation']
2026-03-01 07:00:00;2262.3807762544484;1744.8925;['wind_speed', 'precipitation']
2026-03-01 08:00:00;2406.967188865365;1552.0675;['wind_speed', 'precipitation']
2026-03-01 09:00:00;2235.1296678888584;1486.991;['wind_speed', 'precipitation']
2026-03-01 10:00:00;2067.5218966014836;1424.3685;['wind_speed', 'precipitation']
2026-03-01 11:00:00;2095.481622809908;1848.2955;['wind_speed', 'precipitation']
2026-03-01 12:00:00;2110.0648782051553;2020.3935;['wind_speed', 'precipitation']
2026-03-01 13:00:00;1717.4908724438808;1075.92025;['wind_speed', 'precipitation']
2026-03-01 14:00:00;1766.3201309535611;2221.634;['wind_speed', 'precipitation']
2026-03-01 15:00:00;1817.9032307635675;1621.3802500000002;['wind_speed', 'precipitation']
2026-03-01 16:00:00;2048.576837744538;2940.9017500000004;['wind_speed', 'precipitation']
2026-03-01 17:00:00;3123.9869649590105;3469.55025;['wind_speed', 'precipitation']
2026-03-01 18:00:00;3745.441168476647;3401.025;['wind_speed', 'precipitation']
2026-03-01 19:00:00;2319.288211947012;4648.9400000000005;['wind_speed', 'precipitation']
2026-03-01 20:00:00;2677.7101736568807;3172.72825;['wind_speed', 'precipitation']
2026-03-01 21:00:00;2598.6683797616197;3724.67375;['wind_speed', 'precipitation']
2026-03-01 22:00:00;2175.7432963864453;2194.51425;['wind_speed', 'precipitation']
2026-03-01 23:00:00;2060.7336104097994;2766.385;['wind_speed', 'precipitation']
2026-03-02 00:00:00;2559.9915741929444;3246.745;['wind_speed', 'precipitation']
2026-03-02 01:00:00;2465.8415238544326;2790.22925;['wind_speed', 'precipitation']
2026-03-02 02:00:00;2056.564570809773;2155.6665;['wind_speed', 'precipitation']
2026-03-02 03:00:00;1981.610672121886;2621.298;['wind_speed', 'precipitation']
2026-03-02 04:00:00;1772.5893214616694;2217.16675;['wind_speed', 'precipitation']
2026-03-02 05:00:00;1888.632442193737;2487.078;['wind_speed', 'precipitation']
2026-03-02 06:00:00;1895.922807298139;3034.98225;['wind_speed', 'precipitation']
2026-03-02 07:00:00;2022.6472221449703;703.9855;['wind_speed', 'precipitation']
2026-03-02 08:00:00;2366.919607985581;3024.90775;['wind_speed', 'precipitation']
2026-03-02 09:00:00;2356.2840338979986;1042.5125;['wind_speed', 'precipitation']
2026-03-02 10:00:00;2255.401297227264;1443.9805;['wind_speed', 'precipitation']
2026-03-02 11:00:00;2565.6340556294986;3115.7045;['wind_speed', 'precipitation']
2026-03-02 12:00:00;2570.4444446663033;3578.4032500000003;['wind_speed', 'precipitation']
2026-03-02 13:00:00;1757.1872128544558;4828.33975;['wind_speed', 'precipitation']
2026-03-02 14:00:00;2340.804374959194;4235.00525;['wind_speed', 'precipitation']
2026-03-02 15:00:00;2156.695287687443;4154.5925;['wind_speed', 'precipitation']
2026-03-02 16:00:00;2408.262522387602;2162.64175;['wind_speed', 'precipitation']
2026-03-02 17:00:00;4085.2103934343477;2929.2985;['wind_speed', 'precipitation']
2026-03-02 18:00:00;4828.725787195835;4386.6975;['wind_speed', 'precipitation']
2026-03-02 19:00:00;2881.9522286460606;3566.40925;['wind_speed', 'precipitation']
2026-03-02 20:00:00;2965.13244487102;3250.582;['wind_speed', 'precipitation']
2026-03-02 21:00:00;3015.82930759059;2445.295;['wind_speed', 'precipitation']
2026-03-02 22:00:00;2494.271388284789;3048.3762500000003;['wind_speed', 'precipitation']
2026-03-02 23:00:00;2340.5524107700267;2899.3835;['wind_speed', 'precipitation']
2026-03-03 00:00:00;2739.740969923806;2072.42525;['wind_speed', 'precipitation']
2026-03-03 01:00:00;2693.781576314449;2646.535;['wind_speed', 'precipitation']
2026-03-03 02:00:00;2602.4023184691273;2631.8955;['wind_speed', 'precipitation']
2026-03-03 03:00:00;2487.3967356475964;3036.797;['wind_speed', 'precipitation']
2026-03-03 04:00:00;2758.0779292592424;2119.68425;['wind_speed', 'precipitation']
2026-03-03 05:00:00;2597.759129967519;2895.75175;['wind_speed', 'precipitation']
2026-03-03 06:00:00;2688.939926275133;3432.59825;['wind_speed', 'precipitation']
2026-03-03 07:00:00;2605.349381446483;524.39675;['wind_speed', 'precipitation']
2026-03-03 08:00:00;2739.0977583155595;1743.91575;['wind_speed', 'precipitation']
2026-03-03 09:00:00;2604.767441662638;1520.6104999999998;['wind_speed', 'precipitation']
2026-03-03 10:00:00;2445.964591128573;1320.03525;['wind_speed', 'precipitation']
2026-03-03 11:00:00;2759.7625664942307;2607.65675;['wind_speed', 'precipitation']
2026-03-03 12:00:00;3046.5671302805868;4472.4735;['wind_speed', 'precipitation']
2026-03-03 13:00:00;2433.9442827958183;4663.9335;['wind_speed', 'precipitation']
2026-03-03 14:00:00;2664.6434307224467;4119.155;['wind_speed', 'precipitation']
2026-03-03 15:00:00;2597.661992059765;3445.13;['wind_speed', 'precipitation']
2026-03-03 16:00:00;2726.350816804092;2418.37475;['wind_speed', 'precipitation']
2026-03-03 17:00:00;3865.7860493829176;3358.39975;['wind_speed', 'precipitation']
2026-03-03 18:00:00;4759.357369630546;6378.4400000000005;['wind_speed', 'precipitation']
2026-03-03 19:00:00;3160.2312369839324;2789.0335;['wind_speed', 'precipitation']
2026-03-03 20:00:00;3279.84077679582;3805.4915;['wind_speed', 'precipitation']
2026-03-03 21:00:00;2965.715004034021;3770.307;['wind_speed', 'precipitation']
2026-03-03 22:00:00;2851.027463992388;2653.62925;['wind_speed', 'precipitation']
2026-03-03 23:00:00;2767.027025530963;2743.64325;['wind_speed', 'precipitation']
2026-03-04 00:00:00;2728.2687513286446;2341.52875;['wind_speed', 'precipitation']
2026-03-04 01:00:00;2866.9871402360423;2976.6625;['wind_speed', 'precipitation']
2026-03-04 02:00:00;2773.682490516904;2663.9955;['wind_speed', 'precipitation']
2026-03-04 03:00:00;2740.702319169748;2132.85775;['wind_speed', 'precipitation']
2026-03-04 04:00:00;2794.149851712835;2686.453;['wind_speed', 'precipitation']
2026-03-04 05:00:00;2938.3073925564604;2480.783;['wind_speed', 'precipitation']
2026-03-04 06:00:00;2990.646809922887;2484.50025;['wind_speed', 'precipitation']
2026-03-04 07:00:00;2423.4340954579393;3750.57025;['wind_speed', 'precipitation']
2026-03-04 08:00:00;2809.7750839644955;962.9825;['wind_speed', 'precipitation']
2026-03-04 09:00:00;2529.715072182439;913.50825;['wind_speed', 'precipitation']
2026-03-04 10:00:00;2372.492972546936;2335.989;['wind_speed', 'precipitation']
2026-03-04 11:00:00;2925.208234128158;2978.1815;['wind_speed', 'precipitation']
2026-03-04 12:00:00;3050.1309047749996;4587.24025;['wind_speed', 'precipitation']
2026-03-04 13:00:00;3478.8030739974674;4646.554749999999;['wind_speed', 'precipitation']
2026-03-04 14:00:00;2896.361950181639;4490.52625;['wind_speed', 'precipitation']
2026-03-04 15:00:00;2812.928306612458;3957.3565;['wind_speed', 'precipitation']
2026-03-04 16:00:00;2921.019285696062;2997.356;['wind_speed', 'precipitation']
2026-03-04 17:00:00;3813.913620746214;1464.8985;['wind_speed', 'precipitation']
2026-03-04 18:00:00;3942.3830762291636;4648.4705;['wind_speed', 'precipitation']
2026-03-04 19:00:00;3182.9177047522326;4129.09025;['wind_speed', 'precipitation']
2026-03-04 20:00:00;3603.4185594775404;3670.78525;['wind_speed', 'precipitation']
2026-03-04 21:00:00;3496.783702450796;2636.34375;['wind_speed', 'precipitation']
2026-03-04 22:00:00;2996.4591105664713;3060.88225;['wind_speed', 'precipitation']
2026-03-04 23:00:00;2975.434436981815;3818.83625;['wind_speed', 'precipitation']
2026-03-05 00:00:00;3260.82214942295;2839.1465;['wind_speed', 'precipitation']
2026-03-05 01:00:00;3032.702298776041;2795.9970000000003;['wind_speed', 'precipitation']
2026-03-05 02:00:00;2951.5596884291886;2804.9217500000004;['wind_speed', 'precipitation']
2026-03-05 03:00:00;2805.2093014846496;2636.8767500000004;['wind_speed', 'precipitation']
2026-03-05 04:00:00;2861.605097836741;2252.3625;['wind_speed', 'precipitation']
2026-03-05 05:00:00;2809.3573944214118;2891.4347500000003;['wind_speed', 'precipitation']
2026-03-05 06:00:00;2963.7581454959995;3542.1585;['wind_speed', 'precipitation']
2026-03-05 07:00:00;3436.4705101859217;4354.528;['wind_speed', 'precipitation']
2026-03-05 08:00:00;3088.7391774242924;2665.74625;['wind_speed', 'precipitation']
2026-03-05 09:00:00;2807.7893129694357;1302.7145;['wind_speed', 'precipitation']
2026-03-05 10:00:00;2444.4993805051317;2217.8925;['wind_speed', 'precipitation']
2026-03-05 11:00:00;2655.2289456445965;1661.2067499999998;['wind_speed', 'precipitation']
2026-03-05 12:00:00;3110.176265981997;1502.9172500000002;['wind_speed', 'precipitation']
2026-03-05 13:00:00;3003.2624289225914;869.1479999999999;['wind_speed', 'precipitation']
2026-03-05 14:00:00;2899.597528339277;1631.13325;['wind_speed', 'precipitation']
2026-03-05 15:00:00;3005.025062929829;3945.8165;['wind_speed', 'precipitation']
2026-03-05 16:00:00;2792.8978659905565;2468.259;['wind_speed', 'precipitation']
2026-03-05 17:00:00;3394.752254160339;3224.5152499999995;['wind_speed', 'precipitation']
2026-03-05 18:00:00;5490.9940400275345;5428.21475;['wind_speed', 'precipitation']
2026-03-05 19:00:00;3282.7927614632404;3815.672;['wind_speed', 'precipitation']
2026-03-05 20:00:00;3369.9452146291983;4185.101;['wind_speed', 'precipitation']
2026-03-05 21:00:00;3100.392936427188;2708.38675;['wind_speed', 'precipitation']
2026-03-05 22:00:00;3002.4007233693983;2625.80675;['wind_speed', 'precipitation']
2026-03-05 23:00:00;3170.62123765102;2412.5550000000003;['wind_speed', 'precipitation']
2026-03-06 00:00:00;2454.97055170983;2537.2190000000005;['wind_speed', 'precipitation']
2026-03-06 01:00:00;2661.6682714793606;2795.9970000000003;['wind_speed', 'precipitation']
2026-03-06 02:00:00;2593.455672450377;2804.9217500000004;['wind_speed', 'precipitation']
2026-03-06 03:00:00;2541.1815253680584;2636.8767500000004;['wind_speed', 'precipitation']
2026-03-06 04:00:00;2641.8740837371065;2252.3625;['wind_speed', 'precipitation']
2026-03-06 05:00:00;2780.5586838653558;2891.4347500000003;['wind_speed', 'precipitation']
2026-03-06 06:00:00;2868.829889446466;3542.1585;['wind_speed', 'precipitation']
2026-03-06 07:00:00;2958.715242097652;4354.528;['wind_speed', 'precipitation']
2026-03-06 08:00:00;3008.4500531872172;1813.133;['wind_speed', 'precipitation']
2026-03-06 09:00:00;2739.6586300425024;1455.8512500000002;['wind_speed', 'precipitation']
2026-03-06 10:00:00;2556.5799787512983;2485.7415;['wind_speed', 'precipitation']
2026-03-06 11:00:00;2798.8591351286955;4530.7165;['wind_speed', 'precipitation']
2026-03-06 12:00:00;2726.582062867999;4249.43025;['wind_speed', 'precipitation']
2026-03-06 13:00:00;2471.355911425233;2027.85775;['wind_speed', 'precipitation']
2026-03-06 14:00:00;3073.5647699692295;1419.4865;['wind_speed', 'precipitation']
2026-03-06 15:00:00;3468.734880347006;3713.09525;['wind_speed', 'precipitation']
2026-03-06 16:00:00;2981.1200136794628;2572.8035;['wind_speed', 'precipitation']
2026-03-06 17:00:00;3478.7425824924408;3580.1215;['wind_speed', 'precipitation']
2026-03-06 18:00:00;4694.395149196513;6152.42875;['wind_speed', 'precipitation']
2026-03-06 19:00:00;3061.6239592649677;3479.48725;['wind_speed', 'precipitation']
2026-03-06 20:00:00;3494.869072706646;2790.91975;['wind_speed', 'precipitation']
2026-03-06 21:00:00;3249.9443030827388;2074.9595;['wind_speed', 'precipitation']
2026-03-06 22:00:00;2922.1363393093093;1739.635;['wind_speed', 'precipitation']
2026-03-06 23:00:00;2697.2370549478246;2311.847;['wind_speed', 'precipitation']
2026-03-07 00:00:00;2505.1917406276943;2138.156;['wind_speed', 'precipitation']
2026-03-07 01:00:00;2665.69884999388;2338.306;['wind_speed', 'precipitation']
2026-03-07 02:00:00;2562.804382257977;2584.2935;['wind_speed', 'precipitation']
2026-03-07 03:00:00;2477.4556548533646;1668.98875;['wind_speed', 'precipitation']
2026-03-07 04:00:00;2618.5027462639587;1610.39575;['wind_speed', 'precipitation']
2026-03-07 05:00:00;2681.5666533758567;2070.308;['wind_speed', 'precipitation']
2026-03-07 06:00:00;2947.5118662500317;2090.612;['wind_speed', 'precipitation']
2026-03-07 07:00:00;3032.3143126898535;1457.96075;['wind_speed', 'precipitation']
2026-03-07 08:00:00;2472.0276618928638;756.50275;['wind_speed', 'precipitation']
2026-03-07 09:00:00;2245.4038118564167;1590.6302500000002;['wind_speed', 'precipitation']
2026-03-07 10:00:00;2635.3320636096146;1327.3035;['wind_speed', 'precipitation']
2026-03-07 11:00:00;3048.5225814207074;2811.17875;['wind_speed', 'precipitation']
2026-03-07 12:00:00;3165.9418175463034;1682.80625;['wind_speed', 'precipitation']
2026-03-07 13:00:00;2329.397366084616;1354.13025;['wind_speed', 'precipitation']
2026-03-07 14:00:00;2409.10670081589;951.723;['wind_speed', 'precipitation']
2026-03-07 15:00:00;3447.989724743008;2364.96775;['wind_speed', 'precipitation']
2026-03-07 16:00:00;2622.4436075577864;2298.85875;['wind_speed', 'precipitation']
2026-03-07 17:00:00;3479.8916771927434;2192.87;['wind_speed', 'precipitation']
2026-03-07 18:00:00;4914.129753279957;3587.63775;['wind_speed', 'precipitation']
2026-03-07 19:00:00;3050.945483002366;4620.41925;['wind_speed', 'precipitation']
2026-03-07 20:00:00;3111.571927059145;4156.529;['wind_speed', 'precipitation']
2026-03-07 21:00:00;3020.53245508264;2222.4085;['wind_speed', 'precipitation']
2026-03-07 22:00:00;2697.3992338839626;4127.96075;['wind_speed', 'precipitation']
2026-03-07 23:00:00;2646.161345214773;2806.2985;['wind_speed', 'precipitation']
2026-03-08 00:00:00;2293.8044017557295;2072.6980000000003;['wind_speed', 'precipitation']
2026-03-08 01:00:00;2239.0776887748216;3777.8255;['wind_speed', 'precipitation']
2026-03-08 02:00:00;2202.1963606496743;1967.07825;['wind_speed', 'precipitation']
2026-03-08 03:00:00;2016.1105883825571;2125.10075;['wind_speed', 'precipitation']
2026-03-08 04:00:00;2001.3975043583446;2076.188;['wind_speed', 'precipitation']
2026-03-08 05:00:00;2292.3586789971287;2075.50675;['wind_speed', 'precipitation']
2026-03-08 06:00:00;2448.31908125634;1866.8475;['wind_speed', 'precipitation']
2026-03-08 07:00:00;2189.177583253126;1325.2725;['wind_speed', 'precipitation']
2026-03-08 08:00:00;1540.4357993351018;995.868;['wind_speed', 'precipitation']
2026-03-08 09:00:00;1850.0292437033386;913.16325;['wind_speed', 'precipitation']
2026-03-08 10:00:00;1873.809285219375;1799.62;['wind_speed', 'precipitation']
2026-03-08 11:00:00;2446.0850603069102;2870.49225;['wind_speed', 'precipitation']
2026-03-08 12:00:00;2411.7610068490894;1250.2222499999998;['wind_speed', 'precipitation']
2026-03-08 13:00:00;1598.3671698397538;1831.10675;['wind_speed', 'precipitation']
2026-03-08 14:00:00;1892.971338056515;1428.14675;['wind_speed', 'precipitation']
2026-03-08 15:00:00;2433.1711344906585;1477.5485;['wind_speed', 'precipitation']
2026-03-08 16:00:00;2251.341217808696;2029.1785;['wind_speed', 'precipitation']
2026-03-08 17:00:00;2815.085952536105;1926.54075;['wind_speed', 'precipitation']
2026-03-08 18:00:00;4028.6786803189143;3786.51925;['wind_speed', 'precipitation']
2026-03-08 19:00:00;3097.548927406281;3130.8587500000003;['wind_speed', 'precipitation']
2026-03-08 20:00:00;3150.5541316577824;4166.77175;['wind_speed', 'precipitation']
2026-03-08 21:00:00;2780.3862865874294;3548.41575;['wind_speed', 'precipitation']
2026-03-08 22:00:00;2718.869410929631;2750.8852500000003;['wind_speed', 'precipitation']
2026-03-08 23:00:00;2541.1104584323502;2077.47225;['wind_speed', 'precipitation']
2026-03-09 00:00:00;2028.4594487222992;1669.124;['wind_speed', 'precipitation']
2026-03-09 01:00:00;2500.683007084792;2920.80125;['wind_speed', 'precipitation']
2026-03-09 02:00:00;2052.036496178099;2274.465;['wind_speed', 'precipitation']
2026-03-09 03:00:00;1881.9133305857229;1554.71575;['wind_speed', 'precipitation']
2026-03-09 04:00:00;1821.2168128474834;1631.3594999999998;['wind_speed', 'precipitation']
2026-03-09 05:00:00;2123.2867192281537;3087.776;['wind_speed', 'precipitation']
2026-03-09 06:00:00;2203.1095025636096;1866.8475;['wind_speed', 'precipitation']
2026-03-09 07:00:00;1878.1253140798538;1325.2725;['wind_speed', 'precipitation']
2026-03-09 08:00:00;2418.901012672543;995.868;['wind_speed', 'precipitation']
2026-03-09 09:00:00;1155.0071461608386;913.16325;['wind_speed', 'precipitation']
2026-03-09 10:00:00;1755.6238313365245;2129.53325;['wind_speed', 'precipitation']
2026-03-09 11:00:00;2558.5599901471933;2527.43425;['wind_speed', 'precipitation']
2026-03-09 12:00:00;2095.1240653504146;4109.2385;['wind_speed', 'precipitation']
2026-03-09 13:00:00;1889.7861689517208;2127.6040000000003;['wind_speed', 'precipitation']
2026-03-09 14:00:00;2129.772358503772;1350.60725;['wind_speed', 'precipitation']
2026-03-09 15:00:00;2244.5306382231634;2213.1385;['wind_speed', 'precipitation']
2026-03-09 16:00:00;2153.671141928341;1826.9195;['wind_speed', 'precipitation']
2026-03-09 17:00:00;2692.2814053723164;3601.039;['wind_speed', 'precipitation']
2026-03-09 18:00:00;4107.4725297597015;6124.2245;['wind_speed', 'precipitation']
2026-03-09 19:00:00;3052.0749729389977;3677.76775;['wind_speed', 'precipitation']
2026-03-09 20:00:00;3255.7138507697455;2136.94175;['wind_speed', 'precipitation']
2026-03-09 21:00:00;2565.9376074135535;2988.7155;['wind_speed', 'precipitation']
2026-03-09 22:00:00;2567.978945234793;2318.666;['wind_speed', 'precipitation']
2026-03-09 23:00:00;2344.1949697120144;1780.5255;['wind_speed', 'precipitation']
2026-03-10 00:00:00;1780.7465740437215;2910.68175;['wind_speed', 'precipitation']
2026-03-10 01:00:00;2360.7542648182953;1606.8917499999998;['wind_speed', 'precipitation']
2026-03-10 02:00:00;2077.608616186068;1834.1555;['wind_speed', 'precipitation']
2026-03-10 03:00:00;1755.6177333913977;1829.8265;['wind_speed', 'precipitation']
2026-03-10 04:00:00;1715.3935333085149;1621.01425;['wind_speed', 'precipitation']
2026-03-10 05:00:00;2258.614783900362;2817.76325;['wind_speed', 'precipitation']
2026-03-10 06:00:00;2030.5083081567768;2770.8007500000003;['wind_speed', 'precipitation']
2026-03-10 07:00:00;1625.35468943369;3333.38175;['wind_speed', 'precipitation']
2026-03-10 08:00:00;1309.4969077791761;2793.15375;['wind_speed', 'precipitation']
2026-03-10 09:00:00;1144.216025928563;1767.713;['wind_speed', 'precipitation']
2026-03-10 10:00:00;1633.5284192774945;2210.927;['wind_speed', 'precipitation']
2026-03-10 11:00:00;2291.042690826851;3412.94075;['wind_speed', 'precipitation']
2026-03-10 12:00:00;2480.848180015911;4061.66425;['wind_speed', 'precipitation']
2026-03-10 13:00:00;1797.2370602413382;4106.809499999999;['wind_speed', 'precipitation']
2026-03-10 14:00:00;1567.0191646384567;2908.1775;['wind_speed', 'precipitation']
2026-03-10 15:00:00;2131.364676768431;2550.7335;['wind_speed', 'precipitation']
2026-03-10 16:00:00;2018.3930227756725;1788.1075;['wind_speed', 'precipitation']
2026-03-10 17:00:00;2912.316904325252;2544.117;['wind_speed', 'precipitation']
2026-03-10 18:00:00;5039.860450121758;5236.5315;['wind_speed', 'precipitation']
2026-03-10 19:00:00;2788.395176377649;3303.29325;['wind_speed', 'precipitation']
2026-03-10 20:00:00;2329.2816916233605;4674.07575;['wind_speed', 'precipitation']
2026-03-10 21:00:00;2398.2004261605325;2431.65825;['wind_speed', 'precipitation']
2026-03-10 22:00:00;2130.9384696606426;2185.2885;['wind_speed', 'precipitation']
2026-03-10 23:00:00;2020.07020277627;2130.8632500000003;['wind_speed', 'precipitation']
2026-03-11 00:00:00;2526.0643081284647;1892.9767500000005;['wind_speed', 'precipitation']
2026-03-11 01:00:00;2463.5698143114487;2013.29275;['wind_speed', 'precipitation']
2026-03-11 02:00:00;2343.714399819453;1828.167;['wind_speed', 'precipitation']
2026-03-11 03:00:00;2228.4869024154987;1877.80425;['wind_speed', 'precipitation']
2026-03-11 04:00:00;2153.4025677847885;1892.7795;['wind_speed', 'precipitation']
2026-03-11 05:00:00;2667.503068721698;3109.4265;['wind_speed', 'precipitation']
2026-03-11 06:00:00;2740.909378499038;2762.2815;['wind_speed', 'precipitation']
2026-03-11 07:00:00;2770.2565429768206;2268.42275;['wind_speed', 'precipitation']
2026-03-11 08:00:00;2158.1030552018397;1332.15575;['wind_speed', 'precipitation']
2026-03-11 09:00:00;1825.4027574153113;946.02025;['wind_speed', 'precipitation']
2026-03-11 10:00:00;2232.281565875637;2953.6225000000004;['wind_speed', 'precipitation']
2026-03-11 11:00:00;2951.088832711954;3048.2492500000003;['wind_speed', 'precipitation']
2026-03-11 12:00:00;3085.693886900393;1016.1849999999998;['wind_speed', 'precipitation']
2026-03-11 13:00:00;2963.81270957703;735.11675;['wind_speed', 'precipitation']
2026-03-11 14:00:00;2491.436002666098;1102.20775;['wind_speed', 'precipitation']
2026-03-11 15:00:00;2804.161750531142;2617.099;['wind_speed', 'precipitation']
2026-03-11 16:00:00;2388.6694442750554;3511.27;['wind_speed', 'precipitation']
2026-03-11 17:00:00;3013.2835120784325;2191.68175;['wind_speed', 'precipitation']
2026-03-11 18:00:00;5011.971343751575;3577.4475;['wind_speed', 'precipitation']
2026-03-11 19:00:00;3466.632092808383;4741.882250000001;['wind_speed', 'precipitation']
2026-03-11 20:00:00;3815.196251189215;2768.617;['wind_speed', 'precipitation']
2026-03-11 21:00:00;2883.2684426149967;3223.21725;['wind_speed', 'precipitation']
2026-03-11 22:00:00;2672.123818961504;2263.3005;['wind_speed', 'precipitation']
2026-03-11 23:00:00;2427.668459758614;1655.887;['wind_speed', 'precipitation']
2026-02-21 00:00:00;3551.0438614672685;3220.53525;['wind_speed', 'temperature']
2026-02-21 01:00:00;3819.676779630887;4944.16275;['wind_speed', 'temperature']
2026-02-21 02:00:00;3487.72874344943;3109.51675;['wind_speed', 'temperature']
2026-02-21 03:00:00;3314.7102384634195;3107.83475;['wind_speed', 'temperature']
2026-02-21 04:00:00;3408.7300696431075;3534.54725;['wind_speed', 'temperature']
2026-02-21 05:00:00;3491.446005469915;3540.4435;['wind_speed', 'temperature']
2026-02-21 06:00:00;3475.9276552915194;2907.9265;['wind_speed', 'temperature']
2026-02-21 07:00:00;3828.7713645891376;3075.088;['wind_speed', 'temperature']
2026-02-21 08:00:00;3848.043187810928;3908.9975;['wind_speed', 'temperature']
2026-02-21 09:00:00;3912.2719190014486;5084.14325;['wind_speed', 'temperature']
2026-02-21 10:00:00;3472.354927243871;3648.72875;['wind_speed', 'temperature']
2026-02-21 11:00:00;3482.7349260006404;2904.00575;['wind_speed', 'temperature']
2026-02-21 12:00:00;3462.661554450742;3646.29625;['wind_speed', 'temperature']
2026-02-21 13:00:00;3247.432027550242;3093.9895;['wind_speed', 'temperature']
2026-02-21 14:00:00;3583.150760771623;3318.7700000000004;['wind_speed', 'temperature']
2026-02-21 15:00:00;3251.146560743021;3322.10225;['wind_speed', 'temperature']
2026-02-21 16:00:00;3442.3930700676156;3020.13275;['wind_speed', 'temperature']
2026-02-21 17:00:00;4229.130735178052;2320.5085;['wind_speed', 'temperature']
2026-02-21 18:00:00;4791.14549616263;3975.71575;['wind_speed', 'temperature']
2026-02-21 19:00:00;3055.9217382546963;3784.02475;['wind_speed', 'temperature']
2026-02-21 20:00:00;3833.9152348638913;3627.47425;['wind_speed', 'temperature']
2026-02-21 21:00:00;3623.2041743283276;4353.26275;['wind_speed', 'temperature']
2026-02-21 22:00:00;3200.008374646401;3946.12675;['wind_speed', 'temperature']
2026-02-21 23:00:00;3143.554967670976;2380.04225;['wind_speed', 'temperature']
2026-02-22 00:00:00;2660.30332750791;2629.34925;['wind_speed', 'temperature']
2026-02-22 01:00:00;2904.9216694840375;2120.21475;['wind_speed', 'temperature']
2026-02-22 02:00:00;2766.874737044653;2591.9735000000005;['wind_speed', 'temperature']
2026-02-22 03:00:00;2397.5411951791284;2107.6405;['wind_speed', 'temperature']
2026-02-22 04:00:00;2557.841443894995;2663.44675;['wind_speed', 'temperature']
2026-02-22 05:00:00;2624.5190791540917;2201.2252500000004;['wind_speed', 'temperature']
2026-02-22 06:00:00;2737.6300727772677;3617.4885;['wind_speed', 'temperature']
2026-02-22 07:00:00;2978.6675102250792;2402.6565;['wind_speed', 'temperature']
2026-02-22 08:00:00;2916.7990128897363;2474.27325;['wind_speed', 'temperature']
2026-02-22 09:00:00;3067.8952199000005;2407.15;['wind_speed', 'temperature']
2026-02-22 10:00:00;2379.200092789642;2644.01375;['wind_speed', 'temperature']
2026-02-22 11:00:00;2886.2152058795823;2835.98975;['wind_speed', 'temperature']
2026-02-22 12:00:00;2777.620956643146;2392.25975;['wind_speed', 'temperature']
2026-02-22 13:00:00;2805.4354672498393;2305.58525;['wind_speed', 'temperature']
2026-02-22 14:00:00;2741.6502628108233;3217.099;['wind_speed', 'temperature']
2026-02-22 15:00:00;2656.127165002041;1857.12725;['wind_speed', 'temperature']
2026-02-22 16:00:00;3226.295092885538;1684.09225;['wind_speed', 'temperature']
2026-02-22 17:00:00;3643.7341886902395;2181.636;['wind_speed', 'temperature']
2026-02-22 18:00:00;4130.7873628934385;3896.849;['wind_speed', 'temperature']
2026-02-22 19:00:00;3745.555511424953;2929.2675;['wind_speed', 'temperature']
2026-02-22 20:00:00;3169.203134646371;3539.39125;['wind_speed', 'temperature']
2026-02-22 21:00:00;2968.883214292639;3225.271;['wind_speed', 'temperature']
2026-02-22 22:00:00;2622.319873947002;2870.692;['wind_speed', 'temperature']
2026-02-22 23:00:00;2365.755420018899;2738.51825;['wind_speed', 'temperature']
2026-02-23 00:00:00;2513.662408874204;1746.72925;['wind_speed', 'temperature']
2026-02-23 01:00:00;2496.902909657504;2174.40925;['wind_speed', 'temperature']
2026-02-23 02:00:00;2263.2523984335553;2312.4432500000003;['wind_speed', 'temperature']
2026-02-23 03:00:00;2192.897862160958;2503.66025;['wind_speed', 'temperature']
2026-02-23 04:00:00;2301.356261654579;2444.362;['wind_speed', 'temperature']
2026-02-23 05:00:00;2355.6888603226466;2905.5025;['wind_speed', 'temperature']
2026-02-23 06:00:00;2355.872384182309;2810.3165;['wind_speed', 'temperature']
2026-02-23 07:00:00;2649.165775952951;3784.323;['wind_speed', 'temperature']
2026-02-23 08:00:00;2530.375553406827;3324.1055;['wind_speed', 'temperature']
2026-02-23 09:00:00;2709.4728390736823;2637.14525;['wind_speed', 'temperature']
2026-02-23 10:00:00;2491.91863914808;2564.26675;['wind_speed', 'temperature']
2026-02-23 11:00:00;2675.1397905240196;2422.39275;['wind_speed', 'temperature']
2026-02-23 12:00:00;2459.7546116266335;1688.8627499999998;['wind_speed', 'temperature']
2026-02-23 13:00:00;2387.8170493801563;1263.13575;['wind_speed', 'temperature']
2026-02-23 14:00:00;2420.676870320823;2432.09175;['wind_speed', 'temperature']
2026-02-23 15:00:00;2374.9890998713963;3639.514;['wind_speed', 'temperature']
2026-02-23 16:00:00;2990.735117047037;3844.585;['wind_speed', 'temperature']
2026-02-23 17:00:00;3601.4153931123765;7690.8945;['wind_speed', 'temperature']
2026-02-23 18:00:00;4135.349061479531;7286.809499999999;['wind_speed', 'temperature']
2026-02-23 19:00:00;3364.2044202445413;1459.71375;['wind_speed', 'temperature']
2026-02-23 20:00:00;3419.7341637716277;2066.23975;['wind_speed', 'temperature']
2026-02-23 21:00:00;3323.309712972872;4231.92425;['wind_speed', 'temperature']
2026-02-23 22:00:00;2971.305470508364;3387.08275;['wind_speed', 'temperature']
2026-02-23 23:00:00;2809.017173629539;2707.083;['wind_speed', 'temperature']
2026-02-24 00:00:00;2884.306632109981;2087.3587500000003;['wind_speed', 'temperature']
2026-02-24 01:00:00;2949.2178141129675;2805.0935;['wind_speed', 'temperature']
2026-02-24 02:00:00;2677.817873688048;2305.28275;['wind_speed', 'temperature']
2026-02-24 03:00:00;2730.1271630101946;2668.79575;['wind_speed', 'temperature']
2026-02-24 04:00:00;2773.8510180286535;2515.11175;['wind_speed', 'temperature']
2026-02-24 05:00:00;2852.2920905038727;3203.1455;['wind_speed', 'temperature']
2026-02-24 06:00:00;2823.3292874466542;2993.927;['wind_speed', 'temperature']
2026-02-24 07:00:00;2771.718554561269;3073.1355000000003;['wind_speed', 'temperature']
2026-02-24 08:00:00;3044.2786787086493;3171.7027500000004;['wind_speed', 'temperature']
2026-02-24 09:00:00;4044.3415546519277;3257.02575;['wind_speed', 'temperature']
2026-02-24 10:00:00;3080.243035089984;2908.47525;['wind_speed', 'temperature']
2026-02-24 11:00:00;3018.993857038618;2711.759;['wind_speed', 'temperature']
2026-02-24 12:00:00;3060.5850339639705;2309.90175;['wind_speed', 'temperature']
2026-02-24 13:00:00;3175.000699997395;739.952;['wind_speed', 'temperature']
2026-02-24 14:00:00;2967.330596301284;2432.09175;['wind_speed', 'temperature']
2026-02-24 15:00:00;2726.2137351388487;3639.514;['wind_speed', 'temperature']
2026-02-24 16:00:00;2778.1258031345274;3844.585;['wind_speed', 'temperature']
2026-02-24 17:00:00;3705.182225165422;7690.8945;['wind_speed', 'temperature']
2026-02-24 18:00:00;4242.18613887831;7286.809499999999;['wind_speed', 'temperature']
2026-02-24 19:00:00;3510.777823138143;1459.71375;['wind_speed', 'temperature']
2026-02-24 20:00:00;3199.005635366593;2066.23975;['wind_speed', 'temperature']
2026-02-24 21:00:00;3302.915873065679;4231.92425;['wind_speed', 'temperature']
2026-02-24 22:00:00;2927.407543036225;3387.08275;['wind_speed', 'temperature']
2026-02-24 23:00:00;2758.2472997411783;2707.083;['wind_speed', 'temperature']
2026-02-25 00:00:00;2964.1447109249802;2087.3587500000003;['wind_speed', 'temperature']
2026-02-25 01:00:00;2763.2267509528715;2805.0935;['wind_speed', 'temperature']
2026-02-25 02:00:00;2594.787572259729;2305.28275;['wind_speed', 'temperature']
2026-02-25 03:00:00;2632.1790504951487;2668.79575;['wind_speed', 'temperature']
2026-02-25 04:00:00;2745.112463832192;2515.11175;['wind_speed', 'temperature']
2026-02-25 05:00:00;2956.289511164675;3203.1455;['wind_speed', 'temperature']
2026-02-25 06:00:00;3007.982827552335;2993.927;['wind_speed', 'temperature']
2026-02-25 07:00:00;3158.2923852658155;3073.1355000000003;['wind_speed', 'temperature']
2026-02-25 08:00:00;3000.5794430289225;3171.7027500000004;['wind_speed', 'temperature']
2026-02-25 09:00:00;3100.208495149067;3257.02575;['wind_speed', 'temperature']
2026-02-25 10:00:00;2727.1272801337436;2908.47525;['wind_speed', 'temperature']
2026-02-25 11:00:00;2662.120147307774;2711.759;['wind_speed', 'temperature']
2026-02-25 12:00:00;2725.3546868680464;2309.90175;['wind_speed', 'temperature']
2026-02-25 13:00:00;2317.4849041723637;739.952;['wind_speed', 'temperature']
2026-02-25 14:00:00;2406.1611544183343;1733.7510000000002;['wind_speed', 'temperature']
2026-02-25 15:00:00;2711.143189667295;2727.55;['wind_speed', 'temperature']
2026-02-25 16:00:00;3078.7399976677375;2268.04875;['wind_speed', 'temperature']
2026-02-25 17:00:00;4492.520507229445;2185.0825;['wind_speed', 'temperature']
2026-02-25 18:00:00;4513.694138212231;5401.65;['wind_speed', 'temperature']
2026-02-25 19:00:00;3267.105222398584;4408.7265;['wind_speed', 'temperature']
2026-02-25 20:00:00;3486.0138947378127;3120.36225;['wind_speed', 'temperature']
2026-02-25 21:00:00;3587.135117523482;2523.31;['wind_speed', 'temperature']
2026-02-25 22:00:00;3006.9899330595713;2395.0051041666666;['wind_speed', 'temperature']
2026-02-25 23:00:00;2904.760534819033;2266.700208333333;['wind_speed', 'temperature']
2026-02-26 00:00:00;2608.056424344618;2138.3953125;['wind_speed', 'temperature']
2026-02-26 01:00:00;3145.8226477316616;2010.0904166666664;['wind_speed', 'temperature']
2026-02-26 02:00:00;2676.9065732197582;1881.785520833333;['wind_speed', 'temperature']
2026-02-26 03:00:00;2663.5603183514218;1753.4806249999997;['wind_speed', 'temperature']
2026-02-26 04:00:00;2737.8425864218902;1625.1757291666663;['wind_speed', 'temperature']
2026-02-26 05:00:00;3007.1079093668027;1496.8708333333332;['wind_speed', 'temperature']
2026-02-26 06:00:00;2976.0439915179477;1368.5659374999998;['wind_speed', 'temperature']
2026-02-26 07:00:00;3190.43194858983;1240.2610416666664;['wind_speed', 'temperature']
2026-02-26 08:00:00;3458.92305129257;1111.956145833333;['wind_speed', 'temperature']
2026-02-26 09:00:00;3225.2940987568127;983.65125;['wind_speed', 'temperature']
2026-02-26 10:00:00;2887.4270182695936;1833.2985;['wind_speed', 'temperature']
2026-02-26 11:00:00;2819.5112208727787;3650.50475;['wind_speed', 'temperature']
2026-02-26 12:00:00;2597.4362514372524;3347.99625;['wind_speed', 'temperature']
2026-02-26 13:00:00;1744.0439822197482;4618.702;['wind_speed', 'temperature']
2026-02-26 14:00:00;2668.291887445477;4011.90325;['wind_speed', 'temperature']
2026-02-26 15:00:00;2433.1256598223163;3309.00375;['wind_speed', 'temperature']
2026-02-26 16:00:00;2719.7660224980445;2059.02025;['wind_speed', 'temperature']
2026-02-26 17:00:00;4265.91071127736;2137.0;['wind_speed', 'temperature']
2026-02-26 18:00:00;4758.7681947746505;5895.00775;['wind_speed', 'temperature']
2026-02-26 19:00:00;3064.992468706737;3952.2635;['wind_speed', 'temperature']
2026-02-26 20:00:00;3306.124689382779;3048.434;['wind_speed', 'temperature']
2026-02-26 21:00:00;3015.940889509031;2100.1352500000003;['wind_speed', 'temperature']
2026-02-26 22:00:00;2791.107636995604;2277.26325;['wind_speed', 'temperature']
2026-02-26 23:00:00;2690.3078158107837;2650.38725;['wind_speed', 'temperature']
2026-02-27 00:00:00;2626.511113781714;2599.7665;['wind_speed', 'temperature']
2026-02-27 01:00:00;2654.4778711062977;2229.40875;['wind_speed', 'temperature']
2026-02-27 02:00:00;2425.6315824802405;3347.22275;['wind_speed', 'temperature']
2026-02-27 03:00:00;2401.16882457176;2196.732;['wind_speed', 'temperature']
2026-02-27 04:00:00;2489.7647737186153;2473.217;['wind_speed', 'temperature']
2026-02-27 05:00:00;2646.2005988016417;2305.593;['wind_speed', 'temperature']
2026-02-27 06:00:00;2644.262378372786;2977.48975;['wind_speed', 'temperature']
2026-02-27 07:00:00;2859.2948885022033;3342.68125;['wind_speed', 'temperature']
2026-02-27 08:00:00;2614.782597337894;1551.13275;['wind_speed', 'temperature']
2026-02-27 09:00:00;2671.800996868026;1172.703;['wind_speed', 'temperature']
2026-02-27 10:00:00;2437.0657686824525;1888.36825;['wind_speed', 'temperature']
2026-02-27 11:00:00;2451.532983213816;3043.5535;['wind_speed', 'temperature']
2026-02-27 12:00:00;2384.918997743934;2145.57025;['wind_speed', 'temperature']
2026-02-27 13:00:00;1989.1982365423303;756.018;['wind_speed', 'temperature']
2026-02-27 14:00:00;2356.872031395831;761.868;['wind_speed', 'temperature']
2026-02-27 15:00:00;1997.0008496569205;1121.75;['wind_speed', 'temperature']
2026-02-27 16:00:00;2425.6768799346746;1032.1845;['wind_speed', 'temperature']
2026-02-27 17:00:00;3235.9938206373668;3098.913;['wind_speed', 'temperature']
2026-02-27 18:00:00;4041.399595291454;2677.49625;['wind_speed', 'temperature']
2026-02-27 19:00:00;2452.5134861622837;2556.239;['wind_speed', 'temperature']
2026-02-27 20:00:00;2606.889495797567;2869.5155;['wind_speed', 'temperature']
2026-02-27 21:00:00;2814.1601292943906;3065.46925;['wind_speed', 'temperature']
2026-02-27 22:00:00;2467.158288470178;2299.8542500000003;['wind_speed', 'temperature']
2026-02-27 23:00:00;2428.7225248055743;2289.7025000000003;['wind_speed', 'temperature']
2026-02-28 00:00:00;2253.7018199731547;2230.26675;['wind_speed', 'temperature']
2026-02-28 01:00:00;2431.016092266996;2372.79925;['wind_speed', 'temperature']
2026-02-28 02:00:00;2326.113198647447;2630.50125;['wind_speed', 'temperature']
2026-02-28 03:00:00;2401.6562870366806;1981.921;['wind_speed', 'temperature']
2026-02-28 04:00:00;2390.655197656712;1977.72725;['wind_speed', 'temperature']
2026-02-28 05:00:00;2547.5960428644253;1957.68675;['wind_speed', 'temperature']
2026-02-28 06:00:00;2595.939506439169;1896.85625;['wind_speed', 'temperature']
2026-02-28 07:00:00;2795.650514591417;1561.8505;['wind_speed', 'temperature']
2026-02-28 08:00:00;3022.263968230159;1123.34475;['wind_speed', 'temperature']
2026-02-28 09:00:00;2808.8140874588616;1466.5585;['wind_speed', 'temperature']
2026-02-28 10:00:00;2140.587525124214;1740.317;['wind_speed', 'temperature']
2026-02-28 11:00:00;2143.895005120572;2625.6695;['wind_speed', 'temperature']
2026-02-28 12:00:00;1925.6124450181226;3085.0835;['wind_speed', 'temperature']
2026-02-28 13:00:00;1606.9586046133081;1037.36475;['wind_speed', 'temperature']
2026-02-28 14:00:00;1687.097583979477;961.63275;['wind_speed', 'temperature']
2026-02-28 15:00:00;1828.3257292692315;954.55475;['wind_speed', 'temperature']
2026-02-28 16:00:00;2039.908737321667;1533.92725;['wind_speed', 'temperature']
2026-02-28 17:00:00;3377.438587169057;2240.077;['wind_speed', 'temperature']
2026-02-28 18:00:00;4247.836462421014;2810.08325;['wind_speed', 'temperature']
2026-02-28 19:00:00;2561.9026048061023;3149.1015;['wind_speed', 'temperature']
2026-02-28 20:00:00;2939.7339207804166;3243.71375;['wind_speed', 'temperature']
2026-02-28 21:00:00;2998.4178749886605;2889.52425;['wind_speed', 'temperature']
2026-02-28 22:00:00;2521.357458139733;2945.9410000000003;['wind_speed', 'temperature']
2026-02-28 23:00:00;2437.31969544571;3344.285;['wind_speed', 'temperature']
2026-03-01 00:00:00;2769.0488563203926;4005.7825;['wind_speed', 'temperature']
2026-03-01 01:00:00;2481.391444946923;3224.6197500000003;['wind_speed', 'temperature']
2026-03-01 02:00:00;2125.458302953355;2222.49475;['wind_speed', 'temperature']
2026-03-01 03:00:00;2195.6878645369115;2238.53325;['wind_speed', 'temperature']
2026-03-01 04:00:00;2146.9553612149866;2105.89225;['wind_speed', 'temperature']
2026-03-01 05:00:00;2531.377840482045;1895.93;['wind_speed', 'temperature']
2026-03-01 06:00:00;2391.398183599613;1915.9515;['wind_speed', 'temperature']
2026-03-01 07:00:00;2876.595354062554;1744.8925;['wind_speed', 'temperature']
2026-03-01 08:00:00;2708.536767397385;1552.0675;['wind_speed', 'temperature']
2026-03-01 09:00:00;2765.5653600831997;1486.991;['wind_speed', 'temperature']
2026-03-01 10:00:00;2279.2030505869866;1424.3685;['wind_speed', 'temperature']
2026-03-01 11:00:00;2392.682340923533;1848.2955;['wind_speed', 'temperature']
2026-03-01 12:00:00;2400.6059817349646;2020.3935;['wind_speed', 'temperature']
2026-03-01 13:00:00;2307.343298505117;1075.92025;['wind_speed', 'temperature']
2026-03-01 14:00:00;2203.738623764719;2221.634;['wind_speed', 'temperature']
2026-03-01 15:00:00;2628.848718906833;1621.3802500000002;['wind_speed', 'temperature']
2026-03-01 16:00:00;2815.211730011623;2940.9017500000004;['wind_speed', 'temperature']
2026-03-01 17:00:00;3646.7291264419614;3469.55025;['wind_speed', 'temperature']
2026-03-01 18:00:00;4273.708524812438;3401.025;['wind_speed', 'temperature']
2026-03-01 19:00:00;3007.7935816112113;4648.9400000000005;['wind_speed', 'temperature']
2026-03-01 20:00:00;3467.118844115176;3172.72825;['wind_speed', 'temperature']
2026-03-01 21:00:00;3391.9738856544873;3724.67375;['wind_speed', 'temperature']
2026-03-01 22:00:00;2978.0720363626147;2194.51425;['wind_speed', 'temperature']
2026-03-01 23:00:00;2954.2620090624982;2766.385;['wind_speed', 'temperature']
2026-03-02 00:00:00;2924.210017096852;3246.745;['wind_speed', 'temperature']
2026-03-02 01:00:00;2941.4990870802417;2790.22925;['wind_speed', 'temperature']
2026-03-02 02:00:00;2220.522689023829;2155.6665;['wind_speed', 'temperature']
2026-03-02 03:00:00;2082.839230056515;2621.298;['wind_speed', 'temperature']
2026-03-02 04:00:00;2033.5736791451395;2217.16675;['wind_speed', 'temperature']
2026-03-02 05:00:00;2032.3498609452704;2487.078;['wind_speed', 'temperature']
2026-03-02 06:00:00;2034.748717462544;3034.98225;['wind_speed', 'temperature']
2026-03-02 07:00:00;2291.8891786183954;703.9855;['wind_speed', 'temperature']
2026-03-02 08:00:00;2385.2921605420293;3024.90775;['wind_speed', 'temperature']
2026-03-02 09:00:00;2492.3717128629924;1042.5125;['wind_speed', 'temperature']
2026-03-02 10:00:00;2066.447516878081;1443.9805;['wind_speed', 'temperature']
2026-03-02 11:00:00;2253.6178714142434;3115.7045;['wind_speed', 'temperature']
2026-03-02 12:00:00;2081.257942001932;3578.4032500000003;['wind_speed', 'temperature']
2026-03-02 13:00:00;1567.63443259622;4828.33975;['wind_speed', 'temperature']
2026-03-02 14:00:00;1896.2682795653284;4235.00525;['wind_speed', 'temperature']
2026-03-02 15:00:00;1876.5039021018301;4154.5925;['wind_speed', 'temperature']
2026-03-02 16:00:00;2252.20319193658;2162.64175;['wind_speed', 'temperature']
2026-03-02 17:00:00;4328.058561638215;2929.2985;['wind_speed', 'temperature']
2026-03-02 18:00:00;5313.366827576825;4386.6975;['wind_speed', 'temperature']
2026-03-02 19:00:00;3192.0294042045603;3566.40925;['wind_speed', 'temperature']
2026-03-02 20:00:00;3329.3110059580936;3250.582;['wind_speed', 'temperature']
2026-03-02 21:00:00;3368.8378826913363;2445.295;['wind_speed', 'temperature']
2026-03-02 22:00:00;2754.1341987549276;3048.3762500000003;['wind_speed', 'temperature']
2026-03-02 23:00:00;2614.8407348990745;2899.3835;['wind_speed', 'temperature']
2026-03-03 00:00:00;2576.934233778352;2072.42525;['wind_speed', 'temperature']
2026-03-03 01:00:00;2696.6648699310144;2646.535;['wind_speed', 'temperature']
2026-03-03 02:00:00;2591.8196216081114;2631.8955;['wind_speed', 'temperature']
2026-03-03 03:00:00;2331.2721708610975;3036.797;['wind_speed', 'temperature']
2026-03-03 04:00:00;2726.150905521482;2119.68425;['wind_speed', 'temperature']
2026-03-03 05:00:00;2678.0656962186267;2895.75175;['wind_speed', 'temperature']
2026-03-03 06:00:00;2769.312145451834;3432.59825;['wind_speed', 'temperature']
2026-03-03 07:00:00;2275.823626209609;524.39675;['wind_speed', 'temperature']
2026-03-03 08:00:00;2444.8166450812632;1743.91575;['wind_speed', 'temperature']
2026-03-03 09:00:00;2028.9608035987867;1520.6104999999998;['wind_speed', 'temperature']
2026-03-03 10:00:00;1505.2978965852096;1320.03525;['wind_speed', 'temperature']
2026-03-03 11:00:00;2100.5967609639674;2607.65675;['wind_speed', 'temperature']
2026-03-03 12:00:00;2087.717649158347;4472.4735;['wind_speed', 'temperature']
2026-03-03 13:00:00;1458.2490294598315;4663.9335;['wind_speed', 'temperature']
2026-03-03 14:00:00;1929.2156934383713;4119.155;['wind_speed', 'temperature']
2026-03-03 15:00:00;2025.0838219013258;3445.13;['wind_speed', 'temperature']
2026-03-03 16:00:00;2273.08979599956;2418.37475;['wind_speed', 'temperature']
2026-03-03 17:00:00;3174.24066001149;3358.39975;['wind_speed', 'temperature']
2026-03-03 18:00:00;4448.737145680642;6378.4400000000005;['wind_speed', 'temperature']
2026-03-03 19:00:00;3267.286223973788;2789.0335;['wind_speed', 'temperature']
2026-03-03 20:00:00;3248.0185116941593;3805.4915;['wind_speed', 'temperature']
2026-03-03 21:00:00;3106.0571755517276;3770.307;['wind_speed', 'temperature']
2026-03-03 22:00:00;2839.955099673691;2653.62925;['wind_speed', 'temperature']
2026-03-03 23:00:00;2645.6507545200775;2743.64325;['wind_speed', 'temperature']
2026-03-04 00:00:00;2657.374587031939;2341.52875;['wind_speed', 'temperature']
2026-03-04 01:00:00;2484.312608940097;2976.6625;['wind_speed', 'temperature']
2026-03-04 02:00:00;2531.1301847679442;2663.9955;['wind_speed', 'temperature']
2026-03-04 03:00:00;2588.5207832978313;2132.85775;['wind_speed', 'temperature']
2026-03-04 04:00:00;2721.6170846284795;2686.453;['wind_speed', 'temperature']
2026-03-04 05:00:00;2643.387838654713;2480.783;['wind_speed', 'temperature']
2026-03-04 06:00:00;2709.4058908394195;2484.50025;['wind_speed', 'temperature']
2026-03-04 07:00:00;2154.427311661469;3750.57025;['wind_speed', 'temperature']
2026-03-04 08:00:00;2172.3678562424047;962.9825;['wind_speed', 'temperature']
2026-03-04 09:00:00;2242.332145623241;913.50825;['wind_speed', 'temperature']
2026-03-04 10:00:00;1882.3581069118013;2335.989;['wind_speed', 'temperature']
2026-03-04 11:00:00;2430.919968032297;2978.1815;['wind_speed', 'temperature']
2026-03-04 12:00:00;2559.1908481069513;4587.24025;['wind_speed', 'temperature']
2026-03-04 13:00:00;2901.6625689278235;4646.554749999999;['wind_speed', 'temperature']
2026-03-04 14:00:00;2412.8525889935254;4490.52625;['wind_speed', 'temperature']
2026-03-04 15:00:00;2353.8032213745573;3957.3565;['wind_speed', 'temperature']
2026-03-04 16:00:00;2404.1638031287416;2997.356;['wind_speed', 'temperature']
2026-03-04 17:00:00;3517.45120533545;1464.8985;['wind_speed', 'temperature']
2026-03-04 18:00:00;3497.5759518592786;4648.4705;['wind_speed', 'temperature']
2026-03-04 19:00:00;2819.1108602232543;4129.09025;['wind_speed', 'temperature']
2026-03-04 20:00:00;3174.817842124759;3670.78525;['wind_speed', 'temperature']
2026-03-04 21:00:00;3205.663267302287;2636.34375;['wind_speed', 'temperature']
2026-03-04 22:00:00;2796.5379628053356;3060.88225;['wind_speed', 'temperature']
2026-03-04 23:00:00;2859.702135530036;3818.83625;['wind_speed', 'temperature']
2026-03-05 00:00:00;3319.30991495493;2839.1465;['wind_speed', 'temperature']
2026-03-05 01:00:00;3103.8575373793424;2795.9970000000003;['wind_speed', 'temperature']
2026-03-05 02:00:00;2881.0941351869833;2804.9217500000004;['wind_speed', 'temperature']
2026-03-05 03:00:00;2782.308819136314;2636.8767500000004;['wind_speed', 'temperature']
2026-03-05 04:00:00;2928.4898698383226;2252.3625;['wind_speed', 'temperature']
2026-03-05 05:00:00;2967.4159484617294;2891.4347500000003;['wind_speed', 'temperature']
2026-03-05 06:00:00;3251.058527332771;3542.1585;['wind_speed', 'temperature']
2026-03-05 07:00:00;3616.269932678182;4354.528;['wind_speed', 'temperature']
2026-03-05 08:00:00;2761.942034940388;2665.74625;['wind_speed', 'temperature']
2026-03-05 09:00:00;2564.366924637551;1302.7145;['wind_speed', 'temperature']
2026-03-05 10:00:00;2346.732368319278;2217.8925;['wind_speed', 'temperature']
2026-03-05 11:00:00;2582.633382668913;1661.2067499999998;['wind_speed', 'temperature']
2026-03-05 12:00:00;3282.7772574691767;1502.9172500000002;['wind_speed', 'temperature']
2026-03-05 13:00:00;2886.8406098869455;869.1479999999999;['wind_speed', 'temperature']
2026-03-05 14:00:00;2937.6026683011437;1631.13325;['wind_speed', 'temperature']
2026-03-05 15:00:00;2867.206805679748;3945.8165;['wind_speed', 'temperature']
2026-03-05 16:00:00;2923.628870633242;2468.259;['wind_speed', 'temperature']
2026-03-05 17:00:00;3416.540976293733;3224.5152499999995;['wind_speed', 'temperature']
2026-03-05 18:00:00;5480.3794366269785;5428.21475;['wind_speed', 'temperature']
2026-03-05 19:00:00;3583.572311626007;3815.672;['wind_speed', 'temperature']
2026-03-05 20:00:00;3475.7979422142735;4185.101;['wind_speed', 'temperature']
2026-03-05 21:00:00;3260.656561067071;2708.38675;['wind_speed', 'temperature']
2026-03-05 22:00:00;2998.73409008787;2625.80675;['wind_speed', 'temperature']
2026-03-05 23:00:00;3069.861326244865;2412.5550000000003;['wind_speed', 'temperature']
2026-03-06 00:00:00;2375.8036855090763;2537.2190000000005;['wind_speed', 'temperature']
2026-03-06 01:00:00;2815.766624937373;2795.9970000000003;['wind_speed', 'temperature']
2026-03-06 02:00:00;2611.5895689765416;2804.9217500000004;['wind_speed', 'temperature']
2026-03-06 03:00:00;2555.1861447710753;2636.8767500000004;['wind_speed', 'temperature']
2026-03-06 04:00:00;2755.4139937219766;2252.3625;['wind_speed', 'temperature']
2026-03-06 05:00:00;2774.5054314278264;2891.4347500000003;['wind_speed', 'temperature']
2026-03-06 06:00:00;2946.7794590988537;3542.1585;['wind_speed', 'temperature']
2026-03-06 07:00:00;3241.5575830333314;4354.528;['wind_speed', 'temperature']
2026-03-06 08:00:00;2660.11269026202;1813.133;['wind_speed', 'temperature']
2026-03-06 09:00:00;2739.5979487762534;1455.8512500000002;['wind_speed', 'temperature']
2026-03-06 10:00:00;2357.696845951182;2485.7415;['wind_speed', 'temperature']
2026-03-06 11:00:00;2524.436894012501;4530.7165;['wind_speed', 'temperature']
2026-03-06 12:00:00;2252.1174649452223;4249.43025;['wind_speed', 'temperature']
2026-03-06 13:00:00;1453.1561121840896;2027.85775;['wind_speed', 'temperature']
2026-03-06 14:00:00;2598.6071032280006;1419.4865;['wind_speed', 'temperature']
2026-03-06 15:00:00;3211.9725997446612;3713.09525;['wind_speed', 'temperature']
2026-03-06 16:00:00;2762.432165023902;2572.8035;['wind_speed', 'temperature']
2026-03-06 17:00:00;2948.309181491548;3580.1215;['wind_speed', 'temperature']
2026-03-06 18:00:00;4544.634465363215;6152.42875;['wind_speed', 'temperature']
2026-03-06 19:00:00;3035.663582862978;3479.48725;['wind_speed', 'temperature']
2026-03-06 20:00:00;2998.842494121663;2790.91975;['wind_speed', 'temperature']
2026-03-06 21:00:00;2698.9563720044753;2074.9595;['wind_speed', 'temperature']
2026-03-06 22:00:00;2416.895876403277;1739.635;['wind_speed', 'temperature']
2026-03-06 23:00:00;2345.5852603117537;2311.847;['wind_speed', 'temperature']
2026-03-07 00:00:00;2507.7609706566946;2138.156;['wind_speed', 'temperature']
2026-03-07 01:00:00;2697.25554581989;2338.306;['wind_speed', 'temperature']
2026-03-07 02:00:00;2583.791018289879;2584.2935;['wind_speed', 'temperature']
2026-03-07 03:00:00;2461.8321304924784;1668.98875;['wind_speed', 'temperature']
2026-03-07 04:00:00;2519.562314534468;1610.39575;['wind_speed', 'temperature']
2026-03-07 05:00:00;2688.0839571344427;2070.308;['wind_speed', 'temperature']
2026-03-07 06:00:00;2891.9917274377876;2090.612;['wind_speed', 'temperature']
2026-03-07 07:00:00;2911.404793708197;1457.96075;['wind_speed', 'temperature']
2026-03-07 08:00:00;2601.950821220522;756.50275;['wind_speed', 'temperature']
2026-03-07 09:00:00;2229.399545305472;1590.6302500000002;['wind_speed', 'temperature']
2026-03-07 10:00:00;2228.244037003802;1327.3035;['wind_speed', 'temperature']
2026-03-07 11:00:00;3175.6964209826674;2811.17875;['wind_speed', 'temperature']
2026-03-07 12:00:00;3225.2264246207687;1682.80625;['wind_speed', 'temperature']
2026-03-07 13:00:00;2316.3551961194216;1354.13025;['wind_speed', 'temperature']
2026-03-07 14:00:00;2204.9558183540357;951.723;['wind_speed', 'temperature']
2026-03-07 15:00:00;3426.7397702805983;2364.96775;['wind_speed', 'temperature']
2026-03-07 16:00:00;2428.108864012955;2298.85875;['wind_speed', 'temperature']
2026-03-07 17:00:00;3513.73807659536;2192.87;['wind_speed', 'temperature']
2026-03-07 18:00:00;5247.277326283224;3587.63775;['wind_speed', 'temperature']
2026-03-07 19:00:00;3097.0694954116034;4620.41925;['wind_speed', 'temperature']
2026-03-07 20:00:00;3104.310887393404;4156.529;['wind_speed', 'temperature']
2026-03-07 21:00:00;2979.789778339458;2222.4085;['wind_speed', 'temperature']
2026-03-07 22:00:00;2533.7730404546364;4127.96075;['wind_speed', 'temperature']
2026-03-07 23:00:00;2546.5861130362237;2806.2985;['wind_speed', 'temperature']
2026-03-08 00:00:00;2421.647288902824;2072.6980000000003;['wind_speed', 'temperature']
2026-03-08 01:00:00;2585.679983925569;3777.8255;['wind_speed', 'temperature']
2026-03-08 02:00:00;2446.183144689094;1967.07825;['wind_speed', 'temperature']
2026-03-08 03:00:00;2324.624243061839;2125.10075;['wind_speed', 'temperature']
2026-03-08 04:00:00;2244.3059017946407;2076.188;['wind_speed', 'temperature']
2026-03-08 05:00:00;2515.238405666854;2075.50675;['wind_speed', 'temperature']
2026-03-08 06:00:00;2686.076474660714;1866.8475;['wind_speed', 'temperature']
2026-03-08 07:00:00;2524.237720763582;1325.2725;['wind_speed', 'temperature']
2026-03-08 08:00:00;1621.3451168774932;995.868;['wind_speed', 'temperature']
2026-03-08 09:00:00;1738.3743814681404;913.16325;['wind_speed', 'temperature']
2026-03-08 10:00:00;1608.1721347651571;1799.62;['wind_speed', 'temperature']
2026-03-08 11:00:00;2587.082050830498;2870.49225;['wind_speed', 'temperature']
2026-03-08 12:00:00;2420.3622021592655;1250.2222499999998;['wind_speed', 'temperature']
2026-03-08 13:00:00;1618.1079981361809;1831.10675;['wind_speed', 'temperature']
2026-03-08 14:00:00;1562.7963137050958;1428.14675;['wind_speed', 'temperature']
2026-03-08 15:00:00;2335.206798242452;1477.5485;['wind_speed', 'temperature']
2026-03-08 16:00:00;2033.804155337125;2029.1785;['wind_speed', 'temperature']
2026-03-08 17:00:00;2787.1037113803704;1926.54075;['wind_speed', 'temperature']
2026-03-08 18:00:00;4239.857264311682;3786.51925;['wind_speed', 'temperature']
2026-03-08 19:00:00;3323.039376163548;3130.8587500000003;['wind_speed', 'temperature']
2026-03-08 20:00:00;3267.4718686150363;4166.77175;['wind_speed', 'temperature']
2026-03-08 21:00:00;2732.295288965279;3548.41575;['wind_speed', 'temperature']
2026-03-08 22:00:00;2826.2455495172603;2750.8852500000003;['wind_speed', 'temperature']
2026-03-08 23:00:00;2526.2030792828773;2077.47225;['wind_speed', 'temperature']
2026-03-09 00:00:00;2036.9637366847526;1669.124;['wind_speed', 'temperature']
2026-03-09 01:00:00;2620.5903659067017;2920.80125;['wind_speed', 'temperature']
2026-03-09 02:00:00;2204.7012943713944;2274.465;['wind_speed', 'temperature']
2026-03-09 03:00:00;2143.0540606786544;1554.71575;['wind_speed', 'temperature']
2026-03-09 04:00:00;2031.8679849435189;1631.3594999999998;['wind_speed', 'temperature']
2026-03-09 05:00:00;2311.8072105068172;3087.776;['wind_speed', 'temperature']
2026-03-09 06:00:00;2442.7881060210375;1866.8475;['wind_speed', 'temperature']
2026-03-09 07:00:00;1983.259788735826;1325.2725;['wind_speed', 'temperature']
2026-03-09 08:00:00;2744.2591449489664;995.868;['wind_speed', 'temperature']
2026-03-09 09:00:00;1595.5113156477105;913.16325;['wind_speed', 'temperature']
2026-03-09 10:00:00;2091.2916065260943;2129.53325;['wind_speed', 'temperature']
2026-03-09 11:00:00;2764.4991215965874;2527.43425;['wind_speed', 'temperature']
2026-03-09 12:00:00;2380.3951201775135;4109.2385;['wind_speed', 'temperature']
2026-03-09 13:00:00;2181.6182469124224;2127.6040000000003;['wind_speed', 'temperature']
2026-03-09 14:00:00;2141.718880544143;1350.60725;['wind_speed', 'temperature']
2026-03-09 15:00:00;2497.4474270296055;2213.1385;['wind_speed', 'temperature']
2026-03-09 16:00:00;2488.835344787657;1826.9195;['wind_speed', 'temperature']
2026-03-09 17:00:00;2885.7130927323456;3601.039;['wind_speed', 'temperature']
2026-03-09 18:00:00;4202.733126352063;6124.2245;['wind_speed', 'temperature']
2026-03-09 19:00:00;3008.588945475337;3677.76775;['wind_speed', 'temperature']
2026-03-09 20:00:00;3349.013109032013;2136.94175;['wind_speed', 'temperature']
2026-03-09 21:00:00;2698.3875169721227;2988.7155;['wind_speed', 'temperature']
2026-03-09 22:00:00;2576.3439877454825;2318.666;['wind_speed', 'temperature']
2026-03-09 23:00:00;2585.670841439118;1780.5255;['wind_speed', 'temperature']
2026-03-10 00:00:00;1877.271660313585;2910.68175;['wind_speed', 'temperature']
2026-03-10 01:00:00;2492.5576491117145;1606.8917499999998;['wind_speed', 'temperature']
2026-03-10 02:00:00;2256.470312439793;1834.1555;['wind_speed', 'temperature']
2026-03-10 03:00:00;1987.123550802516;1829.8265;['wind_speed', 'temperature']
2026-03-10 04:00:00;2044.7404780805919;1621.01425;['wind_speed', 'temperature']
2026-03-10 05:00:00;2729.1838265158503;2817.76325;['wind_speed', 'temperature']
2026-03-10 06:00:00;2469.0792937518377;2770.8007500000003;['wind_speed', 'temperature']
2026-03-10 07:00:00;2100.6990013453997;3333.38175;['wind_speed', 'temperature']
2026-03-10 08:00:00;1461.6172430235752;2793.15375;['wind_speed', 'temperature']
2026-03-10 09:00:00;1371.0575979175014;1767.713;['wind_speed', 'temperature']
2026-03-10 10:00:00;2098.748572733999;2210.927;['wind_speed', 'temperature']
2026-03-10 11:00:00;2830.4942491587044;3412.94075;['wind_speed', 'temperature']
2026-03-10 12:00:00;2870.0835659249556;4061.66425;['wind_speed', 'temperature']
2026-03-10 13:00:00;2079.3948120577456;4106.809499999999;['wind_speed', 'temperature']
2026-03-10 14:00:00;2006.938341346018;2908.1775;['wind_speed', 'temperature']
2026-03-10 15:00:00;2598.3929537739264;2550.7335;['wind_speed', 'temperature']
2026-03-10 16:00:00;2490.5947100641597;1788.1075;['wind_speed', 'temperature']
2026-03-10 17:00:00;3353.2549764080036;2544.117;['wind_speed', 'temperature']
2026-03-10 18:00:00;5387.4945755266035;5236.5315;['wind_speed', 'temperature']
2026-03-10 19:00:00;3275.8418958940674;3303.29325;['wind_speed', 'temperature']
2026-03-10 20:00:00;2775.448682794251;4674.07575;['wind_speed', 'temperature']
2026-03-10 21:00:00;2803.7481341771454;2431.65825;['wind_speed', 'temperature']
2026-03-10 22:00:00;2654.131785173551;2185.2885;['wind_speed', 'temperature']
2026-03-10 23:00:00;2689.9377238177226;2130.8632500000003;['wind_speed', 'temperature']
2026-03-11 00:00:00;2486.898112153086;1892.9767500000005;['wind_speed', 'temperature']
2026-03-11 01:00:00;2636.4222344263135;2013.29275;['wind_speed', 'temperature']
2026-03-11 02:00:00;2426.543461569294;1828.167;['wind_speed', 'temperature']
2026-03-11 03:00:00;2269.7957397843547;1877.80425;['wind_speed', 'temperature']
2026-03-11 04:00:00;2181.5811494325753;1892.7795;['wind_speed', 'temperature']
2026-03-11 05:00:00;2590.3569044293586;3109.4265;['wind_speed', 'temperature']
2026-03-11 06:00:00;2642.3532996360605;2762.2815;['wind_speed', 'temperature']
2026-03-11 07:00:00;2555.3012174758214;2268.42275;['wind_speed', 'temperature']
2026-03-11 08:00:00;1973.3725784236822;1332.15575;['wind_speed', 'temperature']
2026-03-11 09:00:00;1679.3410235107472;946.02025;['wind_speed', 'temperature']
2026-03-11 10:00:00;2168.181581498892;2953.6225000000004;['wind_speed', 'temperature']
2026-03-11 11:00:00;3010.0593529936914;3048.2492500000003;['wind_speed', 'temperature']
2026-03-11 12:00:00;3220.8607121073783;1016.1849999999998;['wind_speed', 'temperature']
2026-03-11 13:00:00;2898.7741587920714;735.11675;['wind_speed', 'temperature']
2026-03-11 14:00:00;2329.127599512108;1102.20775;['wind_speed', 'temperature']
2026-03-11 15:00:00;2584.430814939059;2617.099;['wind_speed', 'temperature']
2026-03-11 16:00:00;2470.728994943898;3511.27;['wind_speed', 'temperature']
2026-03-11 17:00:00;3087.9882967361627;2191.68175;['wind_speed', 'temperature']
2026-03-11 18:00:00;4921.260588853967;3577.4475;['wind_speed', 'temperature']
2026-03-11 19:00:00;3241.005192696245;4741.882250000001;['wind_speed', 'temperature']
2026-03-11 20:00:00;3776.877984076945;2768.617;['wind_speed', 'temperature']
2026-03-11 21:00:00;2834.0039167493346;3223.21725;['wind_speed', 'temperature']
2026-03-11 22:00:00;2793.273060987684;2263.3005;['wind_speed', 'temperature']
2026-03-11 23:00:00;2566.3902317359966;1655.887;['wind_speed', 'temperature']
2026-02-21 00:00:00;3515.861987522785;3220.53525;['pressure', 'precipitation']
2026-02-21 01:00:00;3696.855404543743;4944.16275;['pressure', 'precipitation']
2026-02-21 02:00:00;3505.8345079789383;3109.51675;['pressure', 'precipitation']
2026-02-21 03:00:00;3419.416033641536;3107.83475;['pressure', 'precipitation']
2026-02-21 04:00:00;3536.1933721943237;3534.54725;['pressure', 'precipitation']
2026-02-21 05:00:00;3605.9908188187355;3540.4435;['pressure', 'precipitation']
2026-02-21 06:00:00;3644.1763183064213;2907.9265;['pressure', 'precipitation']
2026-02-21 07:00:00;3971.9554805392786;3075.088;['pressure', 'precipitation']
2026-02-21 08:00:00;4132.603969597243;3908.9975;['pressure', 'precipitation']
2026-02-21 09:00:00;4188.2075920010475;5084.14325;['pressure', 'precipitation']
2026-02-21 10:00:00;3803.7237880226467;3648.72875;['pressure', 'precipitation']
2026-02-21 11:00:00;3878.7135904186052;2904.00575;['pressure', 'precipitation']
2026-02-21 12:00:00;3784.6168027243866;3646.29625;['pressure', 'precipitation']
2026-02-21 13:00:00;3733.5249030623195;3093.9895;['pressure', 'precipitation']
2026-02-21 14:00:00;3950.8429489320506;3318.7700000000004;['pressure', 'precipitation']
2026-02-21 15:00:00;3551.3217320291124;3322.10225;['pressure', 'precipitation']
2026-02-21 16:00:00;3953.8162666822845;3020.13275;['pressure', 'precipitation']
2026-02-21 17:00:00;4784.974880289071;2320.5085;['pressure', 'precipitation']
2026-02-21 18:00:00;5277.664410595369;3975.71575;['pressure', 'precipitation']
2026-02-21 19:00:00;4035.4583750733864;3784.02475;['pressure', 'precipitation']
2026-02-21 20:00:00;4302.272521111414;3627.47425;['pressure', 'precipitation']
2026-02-21 21:00:00;4064.6157663333624;4353.26275;['pressure', 'precipitation']
2026-02-21 22:00:00;3776.403779008011;3946.12675;['pressure', 'precipitation']
2026-02-21 23:00:00;3675.1927200570412;2380.04225;['pressure', 'precipitation']
2026-02-22 00:00:00;2951.281950764449;2629.34925;['pressure', 'precipitation']
2026-02-22 01:00:00;3223.996855976015;2120.21475;['pressure', 'precipitation']
2026-02-22 02:00:00;3020.560358874479;2591.9735000000005;['pressure', 'precipitation']
2026-02-22 03:00:00;2903.881962177972;2107.6405;['pressure', 'precipitation']
2026-02-22 04:00:00;3036.399565538284;2663.44675;['pressure', 'precipitation']
2026-02-22 05:00:00;3147.0874353786376;2201.2252500000004;['pressure', 'precipitation']
2026-02-22 06:00:00;3328.7787561294185;3617.4885;['pressure', 'precipitation']
2026-02-22 07:00:00;3486.0037295884626;2402.6565;['pressure', 'precipitation']
2026-02-22 08:00:00;3548.1156085063885;2474.27325;['pressure', 'precipitation']
2026-02-22 09:00:00;3741.531129459794;2407.15;['pressure', 'precipitation']
2026-02-22 10:00:00;3543.0667767855994;2644.01375;['pressure', 'precipitation']
2026-02-22 11:00:00;3466.619323420169;2835.98975;['pressure', 'precipitation']
2026-02-22 12:00:00;3358.477387114499;2392.25975;['pressure', 'precipitation']
2026-02-22 13:00:00;3303.376396138241;2305.58525;['pressure', 'precipitation']
2026-02-22 14:00:00;3000.5618025965186;3217.099;['pressure', 'precipitation']
2026-02-22 15:00:00;3214.5340784687205;1857.12725;['pressure', 'precipitation']
2026-02-22 16:00:00;3600.124667787315;1684.09225;['pressure', 'precipitation']
2026-02-22 17:00:00;4225.443669386959;2181.636;['pressure', 'precipitation']
2026-02-22 18:00:00;4934.219694117033;3896.849;['pressure', 'precipitation']
2026-02-22 19:00:00;2982.1170074790234;2929.2675;['pressure', 'precipitation']
2026-02-22 20:00:00;3838.965801417873;3539.39125;['pressure', 'precipitation']
2026-02-22 21:00:00;3620.34738553435;3225.271;['pressure', 'precipitation']
2026-02-22 22:00:00;3257.690128979712;2870.692;['pressure', 'precipitation']
2026-02-22 23:00:00;2416.2001924454553;2738.51825;['pressure', 'precipitation']
2026-02-23 00:00:00;2633.8208726040675;1746.72925;['pressure', 'precipitation']
2026-02-23 01:00:00;2657.38158314963;2174.40925;['pressure', 'precipitation']
2026-02-23 02:00:00;2254.3126639311245;2312.4432500000003;['pressure', 'precipitation']
2026-02-23 03:00:00;2297.585025406488;2503.66025;['pressure', 'precipitation']
2026-02-23 04:00:00;2344.3148680264076;2444.362;['pressure', 'precipitation']
2026-02-23 05:00:00;2433.709032095786;2905.5025;['pressure', 'precipitation']
2026-02-23 06:00:00;2338.810162027293;2810.3165;['pressure', 'precipitation']
2026-02-23 07:00:00;2608.667544470759;3784.323;['pressure', 'precipitation']
2026-02-23 08:00:00;2895.618253240905;3324.1055;['pressure', 'precipitation']
2026-02-23 09:00:00;2863.3732817412383;2637.14525;['pressure', 'precipitation']
2026-02-23 10:00:00;2759.4207776478497;2564.26675;['pressure', 'precipitation']
2026-02-23 11:00:00;2732.791662253944;2422.39275;['pressure', 'precipitation']
2026-02-23 12:00:00;2608.862203133335;1688.8627499999998;['pressure', 'precipitation']
2026-02-23 13:00:00;2461.0674681648834;1263.13575;['pressure', 'precipitation']
2026-02-23 14:00:00;2648.3283527516296;2432.09175;['pressure', 'precipitation']
2026-02-23 15:00:00;2321.9218979931584;3639.514;['pressure', 'precipitation']
2026-02-23 16:00:00;2962.5556188575374;3844.585;['pressure', 'precipitation']
2026-02-23 17:00:00;4031.478137973497;7690.8945;['pressure', 'precipitation']
2026-02-23 18:00:00;4092.425080463755;7286.809499999999;['pressure', 'precipitation']
2026-02-23 19:00:00;3026.781339960352;1459.71375;['pressure', 'precipitation']
2026-02-23 20:00:00;3086.2960799297825;2066.23975;['pressure', 'precipitation']
2026-02-23 21:00:00;3046.608214284269;4231.92425;['pressure', 'precipitation']
2026-02-23 22:00:00;2615.232110396844;3387.08275;['pressure', 'precipitation']
2026-02-23 23:00:00;2690.3607169237375;2707.083;['pressure', 'precipitation']
2026-02-24 00:00:00;2993.616472321963;2087.3587500000003;['pressure', 'precipitation']
2026-02-24 01:00:00;3316.565697427467;2805.0935;['pressure', 'precipitation']
2026-02-24 02:00:00;2515.8892150121624;2305.28275;['pressure', 'precipitation']
2026-02-24 03:00:00;2678.7472582716487;2668.79575;['pressure', 'precipitation']
2026-02-24 04:00:00;2593.9927093559813;2515.11175;['pressure', 'precipitation']
2026-02-24 05:00:00;2675.118673322264;3203.1455;['pressure', 'precipitation']
2026-02-24 06:00:00;2803.2037005264374;2993.927;['pressure', 'precipitation']
2026-02-24 07:00:00;3106.9122370281693;3073.1355000000003;['pressure', 'precipitation']
2026-02-24 08:00:00;3206.2548719816245;3171.7027500000004;['pressure', 'precipitation']
2026-02-24 09:00:00;3645.496532363786;3257.02575;['pressure', 'precipitation']
2026-02-24 10:00:00;2834.012700114189;2908.47525;['pressure', 'precipitation']
2026-02-24 11:00:00;2879.795641917503;2711.759;['pressure', 'precipitation']
2026-02-24 12:00:00;2954.444050300743;2309.90175;['pressure', 'precipitation']
2026-02-24 13:00:00;2761.6374396052834;739.952;['pressure', 'precipitation']
2026-02-24 14:00:00;2795.740232368353;2432.09175;['pressure', 'precipitation']
2026-02-24 15:00:00;2653.667958032817;3639.514;['pressure', 'precipitation']
2026-02-24 16:00:00;2962.3416135211983;3844.585;['pressure', 'precipitation']
2026-02-24 17:00:00;3117.382694229247;7690.8945;['pressure', 'precipitation']
2026-02-24 18:00:00;4045.6245614337377;7286.809499999999;['pressure', 'precipitation']
2026-02-24 19:00:00;3397.8665287410795;1459.71375;['pressure', 'precipitation']
2026-02-24 20:00:00;3337.175882887214;2066.23975;['pressure', 'precipitation']
2026-02-24 21:00:00;3259.8511750759762;4231.92425;['pressure', 'precipitation']
2026-02-24 22:00:00;2858.895720925318;3387.08275;['pressure', 'precipitation']
2026-02-24 23:00:00;2817.410267014964;2707.083;['pressure', 'precipitation']
2026-02-25 00:00:00;3056.3708588898526;2087.3587500000003;['pressure', 'precipitation']
2026-02-25 01:00:00;3157.668221257166;2805.0935;['pressure', 'precipitation']
2026-02-25 02:00:00;2863.8971444079225;2305.28275;['pressure', 'precipitation']
2026-02-25 03:00:00;2877.93926416449;2668.79575;['pressure', 'precipitation']
2026-02-25 04:00:00;2937.4302653773466;2515.11175;['pressure', 'precipitation']
2026-02-25 05:00:00;3107.676651915266;3203.1455;['pressure', 'precipitation']
2026-02-25 06:00:00;3141.997827640439;2993.927;['pressure', 'precipitation']
2026-02-25 07:00:00;3203.3141811204005;3073.1355000000003;['pressure', 'precipitation']
2026-02-25 08:00:00;3348.567947856269;3171.7027500000004;['pressure', 'precipitation']
2026-02-25 09:00:00;3488.37442321297;3257.02575;['pressure', 'precipitation']
2026-02-25 10:00:00;3124.4449994744064;2908.47525;['pressure', 'precipitation']
2026-02-25 11:00:00;3158.043224317448;2711.759;['pressure', 'precipitation']
2026-02-25 12:00:00;3186.7464410330913;2309.90175;['pressure', 'precipitation']
2026-02-25 13:00:00;2907.0277524632747;739.952;['pressure', 'precipitation']
2026-02-25 14:00:00;2930.4230766127894;1733.7510000000002;['pressure', 'precipitation']
2026-02-25 15:00:00;2900.8346537335456;2727.55;['pressure', 'precipitation']
2026-02-25 16:00:00;3190.3921448592528;2268.04875;['pressure', 'precipitation']
2026-02-25 17:00:00;4737.180399223886;2185.0825;['pressure', 'precipitation']
2026-02-25 18:00:00;5163.293220010333;5401.65;['pressure', 'precipitation']
2026-02-25 19:00:00;3309.961761891899;4408.7265;['pressure', 'precipitation']
2026-02-25 20:00:00;3609.76929925898;3120.36225;['pressure', 'precipitation']
2026-02-25 21:00:00;3685.8392233646564;2523.31;['pressure', 'precipitation']
2026-02-25 22:00:00;3246.013481440078;2395.0051041666666;['pressure', 'precipitation']
2026-02-25 23:00:00;3131.2833761570046;2266.700208333333;['pressure', 'precipitation']
2026-02-26 00:00:00;2167.3691123969093;2138.3953125;['pressure', 'precipitation']
2026-02-26 01:00:00;2536.5581374283934;2010.0904166666664;['pressure', 'precipitation']
2026-02-26 02:00:00;2148.9553835243287;1881.785520833333;['pressure', 'precipitation']
2026-02-26 03:00:00;2291.610196741349;1753.4806249999997;['pressure', 'precipitation']
2026-02-26 04:00:00;2381.476968975582;1625.1757291666663;['pressure', 'precipitation']
2026-02-26 05:00:00;2563.5337113805276;1496.8708333333332;['pressure', 'precipitation']
2026-02-26 06:00:00;2581.223609900002;1368.5659374999998;['pressure', 'precipitation']
2026-02-26 07:00:00;2726.773174879571;1240.2610416666664;['pressure', 'precipitation']
2026-02-26 08:00:00;2975.634471211257;1111.956145833333;['pressure', 'precipitation']
2026-02-26 09:00:00;2880.587614661662;983.65125;['pressure', 'precipitation']
2026-02-26 10:00:00;2558.693446050185;1833.2985;['pressure', 'precipitation']
2026-02-26 11:00:00;2601.620895168418;3650.50475;['pressure', 'precipitation']
2026-02-26 12:00:00;2316.435220016905;3347.99625;['pressure', 'precipitation']
2026-02-26 13:00:00;2158.1762122219607;4618.702;['pressure', 'precipitation']
2026-02-26 14:00:00;2147.1865761893755;4011.90325;['pressure', 'precipitation']
2026-02-26 15:00:00;2426.2730989435495;3309.00375;['pressure', 'precipitation']
2026-02-26 16:00:00;2551.4471469029436;2059.02025;['pressure', 'precipitation']
2026-02-26 17:00:00;3360.942003953429;2137.0;['pressure', 'precipitation']
2026-02-26 18:00:00;5041.9338553856;5895.00775;['pressure', 'precipitation']
2026-02-26 19:00:00;2209.7048869061305;3952.2635;['pressure', 'precipitation']
2026-02-26 20:00:00;3036.4796831954372;3048.434;['pressure', 'precipitation']
2026-02-26 21:00:00;2966.6178919900103;2100.1352500000003;['pressure', 'precipitation']
2026-02-26 22:00:00;2463.7576218939857;2277.26325;['pressure', 'precipitation']
2026-02-26 23:00:00;2308.980185653947;2650.38725;['pressure', 'precipitation']
2026-02-27 00:00:00;2203.7663167944525;2599.7665;['pressure', 'precipitation']
2026-02-27 01:00:00;2307.1224937183933;2229.40875;['pressure', 'precipitation']
2026-02-27 02:00:00;1927.801987691164;3347.22275;['pressure', 'precipitation']
2026-02-27 03:00:00;1947.9906913794666;2196.732;['pressure', 'precipitation']
2026-02-27 04:00:00;1944.4803514111513;2473.217;['pressure', 'precipitation']
2026-02-27 05:00:00;2124.7983698912453;2305.593;['pressure', 'precipitation']
2026-02-27 06:00:00;2137.2810815252983;2977.48975;['pressure', 'precipitation']
2026-02-27 07:00:00;2285.8985077357625;3342.68125;['pressure', 'precipitation']
2026-02-27 08:00:00;2286.4032988434983;1551.13275;['pressure', 'precipitation']
2026-02-27 09:00:00;2174.7223824794196;1172.703;['pressure', 'precipitation']
2026-02-27 10:00:00;2616.165485002064;1888.36825;['pressure', 'precipitation']
2026-02-27 11:00:00;2630.4072147177235;3043.5535;['pressure', 'precipitation']
2026-02-27 12:00:00;2513.78733992086;2145.57025;['pressure', 'precipitation']
2026-02-27 13:00:00;2334.1403957091234;756.018;['pressure', 'precipitation']
2026-02-27 14:00:00;2641.479818064432;761.868;['pressure', 'precipitation']
2026-02-27 15:00:00;2501.2685296488594;1121.75;['pressure', 'precipitation']
2026-02-27 16:00:00;2411.2443063890323;1032.1845;['pressure', 'precipitation']
2026-02-27 17:00:00;3440.5577524168707;3098.913;['pressure', 'precipitation']
2026-02-27 18:00:00;4210.177946751741;2677.49625;['pressure', 'precipitation']
2026-02-27 19:00:00;3201.4082695257102;2556.239;['pressure', 'precipitation']
2026-02-27 20:00:00;2984.716027683902;2869.5155;['pressure', 'precipitation']
2026-02-27 21:00:00;2878.6646411631705;3065.46925;['pressure', 'precipitation']
2026-02-27 22:00:00;2486.2737166385614;2299.8542500000003;['pressure', 'precipitation']
2026-02-27 23:00:00;2440.7829586509633;2289.7025000000003;['pressure', 'precipitation']
2026-02-28 00:00:00;2071.5184061035065;2230.26675;['pressure', 'precipitation']
2026-02-28 01:00:00;2017.7470628265005;2372.79925;['pressure', 'precipitation']
2026-02-28 02:00:00;1943.9967969996987;2630.50125;['pressure', 'precipitation']
2026-02-28 03:00:00;1770.0198481222533;1981.921;['pressure', 'precipitation']
2026-02-28 04:00:00;2015.8036075958912;1977.72725;['pressure', 'precipitation']
2026-02-28 05:00:00;2182.6806056531464;1957.68675;['pressure', 'precipitation']
2026-02-28 06:00:00;2258.476636138812;1896.85625;['pressure', 'precipitation']
2026-02-28 07:00:00;2348.485118001681;1561.8505;['pressure', 'precipitation']
2026-02-28 08:00:00;2407.565305053727;1123.34475;['pressure', 'precipitation']
2026-02-28 09:00:00;2433.1091951578123;1466.5585;['pressure', 'precipitation']
2026-02-28 10:00:00;2136.340165503162;1740.317;['pressure', 'precipitation']
2026-02-28 11:00:00;2048.9693337034105;2625.6695;['pressure', 'precipitation']
2026-02-28 12:00:00;2037.3763163475724;3085.0835;['pressure', 'precipitation']
2026-02-28 13:00:00;1680.7946501458555;1037.36475;['pressure', 'precipitation']
2026-02-28 14:00:00;1811.2155226697741;961.63275;['pressure', 'precipitation']
2026-02-28 15:00:00;1936.825089919278;954.55475;['pressure', 'precipitation']
2026-02-28 16:00:00;2013.3802325150486;1533.92725;['pressure', 'precipitation']
2026-02-28 17:00:00;3257.8449875806505;2240.077;['pressure', 'precipitation']
2026-02-28 18:00:00;3837.7396617712;2810.08325;['pressure', 'precipitation']
2026-02-28 19:00:00;2227.0477440007844;3149.1015;['pressure', 'precipitation']
2026-02-28 20:00:00;2718.10567609902;3243.71375;['pressure', 'precipitation']
2026-02-28 21:00:00;2693.2376608289064;2889.52425;['pressure', 'precipitation']
2026-02-28 22:00:00;2110.779217365625;2945.9410000000003;['pressure', 'precipitation']
2026-02-28 23:00:00;1930.9483385494354;3344.285;['pressure', 'precipitation']
2026-03-01 00:00:00;2490.80110361118;4005.7825;['pressure', 'precipitation']
2026-03-01 01:00:00;2227.8339710532864;3224.6197500000003;['pressure', 'precipitation']
2026-03-01 02:00:00;2032.7930166750148;2222.49475;['pressure', 'precipitation']
2026-03-01 03:00:00;2122.819063229377;2238.53325;['pressure', 'precipitation']
2026-03-01 04:00:00;1943.4830836178198;2105.89225;['pressure', 'precipitation']
2026-03-01 05:00:00;2317.4918996308115;1895.93;['pressure', 'precipitation']
2026-03-01 06:00:00;1892.0012380437224;1915.9515;['pressure', 'precipitation']
2026-03-01 07:00:00;1989.5044965447769;1744.8925;['pressure', 'precipitation']
2026-03-01 08:00:00;2169.95688693959;1552.0675;['pressure', 'precipitation']
2026-03-01 09:00:00;2277.3318426207898;1486.991;['pressure', 'precipitation']
2026-03-01 10:00:00;2132.8851703807622;1424.3685;['pressure', 'precipitation']
2026-03-01 11:00:00;2180.590711255126;1848.2955;['pressure', 'precipitation']
2026-03-01 12:00:00;2513.2090945382297;2020.3935;['pressure', 'precipitation']
2026-03-01 13:00:00;2104.1476023422388;1075.92025;['pressure', 'precipitation']
2026-03-01 14:00:00;2746.578433990054;2221.634;['pressure', 'precipitation']
2026-03-01 15:00:00;2254.4423627716183;1621.3802500000002;['pressure', 'precipitation']
2026-03-01 16:00:00;2409.579279013546;2940.9017500000004;['pressure', 'precipitation']
2026-03-01 17:00:00;3256.798754037797;3469.55025;['pressure', 'precipitation']
2026-03-01 18:00:00;4615.383032788778;3401.025;['pressure', 'precipitation']
2026-03-01 19:00:00;3143.4982139356216;4648.9400000000005;['pressure', 'precipitation']
2026-03-01 20:00:00;3235.3654995750117;3172.72825;['pressure', 'precipitation']
2026-03-01 21:00:00;2906.160586653821;3724.67375;['pressure', 'precipitation']
2026-03-01 22:00:00;2320.819747146205;2194.51425;['pressure', 'precipitation']
2026-03-01 23:00:00;2119.5940682476476;2766.385;['pressure', 'precipitation']
2026-03-02 00:00:00;2455.5033864669795;3246.745;['pressure', 'precipitation']
2026-03-02 01:00:00;2486.5289459137975;2790.22925;['pressure', 'precipitation']
2026-03-02 02:00:00;2338.6577974203524;2155.6665;['pressure', 'precipitation']
2026-03-02 03:00:00;2242.694046991838;2621.298;['pressure', 'precipitation']
2026-03-02 04:00:00;2354.8999215020895;2217.16675;['pressure', 'precipitation']
2026-03-02 05:00:00;2259.8573549662124;2487.078;['pressure', 'precipitation']
2026-03-02 06:00:00;2268.236082481143;3034.98225;['pressure', 'precipitation']
2026-03-02 07:00:00;2355.00234326945;703.9855;['pressure', 'precipitation']
2026-03-02 08:00:00;2480.892805285215;3024.90775;['pressure', 'precipitation']
2026-03-02 09:00:00;2504.16509935888;1042.5125;['pressure', 'precipitation']
2026-03-02 10:00:00;2229.4904155812683;1443.9805;['pressure', 'precipitation']
2026-03-02 11:00:00;2471.2753791682544;3115.7045;['pressure', 'precipitation']
2026-03-02 12:00:00;1965.9582341806708;3578.4032500000003;['pressure', 'precipitation']
2026-03-02 13:00:00;1950.1027081139798;4828.33975;['pressure', 'precipitation']
2026-03-02 14:00:00;2454.3464182870343;4235.00525;['pressure', 'precipitation']
2026-03-02 15:00:00;2092.955431308542;4154.5925;['pressure', 'precipitation']
2026-03-02 16:00:00;2498.26527521332;2162.64175;['pressure', 'precipitation']
2026-03-02 17:00:00;4095.9725847073614;2929.2985;['pressure', 'precipitation']
2026-03-02 18:00:00;4842.052010175692;4386.6975;['pressure', 'precipitation']
2026-03-02 19:00:00;2707.9449960570805;3566.40925;['pressure', 'precipitation']
2026-03-02 20:00:00;3055.604096306027;3250.582;['pressure', 'precipitation']
2026-03-02 21:00:00;3056.222128921816;2445.295;['pressure', 'precipitation']
2026-03-02 22:00:00;2419.8127824290023;3048.3762500000003;['pressure', 'precipitation']
2026-03-02 23:00:00;2374.652712088223;2899.3835;['pressure', 'precipitation']
2026-03-03 00:00:00;2524.0662140507784;2072.42525;['pressure', 'precipitation']
2026-03-03 01:00:00;2630.9735988574075;2646.535;['pressure', 'precipitation']
2026-03-03 02:00:00;2533.3548690190264;2631.8955;['pressure', 'precipitation']
2026-03-03 03:00:00;2484.501455846576;3036.797;['pressure', 'precipitation']
2026-03-03 04:00:00;2626.8581722634217;2119.68425;['pressure', 'precipitation']
2026-03-03 05:00:00;2706.156466137808;2895.75175;['pressure', 'precipitation']
2026-03-03 06:00:00;3105.2814063096334;3432.59825;['pressure', 'precipitation']
2026-03-03 07:00:00;2729.26317065777;524.39675;['pressure', 'precipitation']
2026-03-03 08:00:00;2806.777840650865;1743.91575;['pressure', 'precipitation']
2026-03-03 09:00:00;2583.1474900082303;1520.6104999999998;['pressure', 'precipitation']
2026-03-03 10:00:00;2418.435214941919;1320.03525;['pressure', 'precipitation']
2026-03-03 11:00:00;2896.8865897850073;2607.65675;['pressure', 'precipitation']
2026-03-03 12:00:00;2863.1303606356046;4472.4735;['pressure', 'precipitation']
2026-03-03 13:00:00;2265.650027984906;4663.9335;['pressure', 'precipitation']
2026-03-03 14:00:00;2747.686199382394;4119.155;['pressure', 'precipitation']
2026-03-03 15:00:00;2696.4016368442417;3445.13;['pressure', 'precipitation']
2026-03-03 16:00:00;2973.321653030016;2418.37475;['pressure', 'precipitation']
2026-03-03 17:00:00;3821.0682953834867;3358.39975;['pressure', 'precipitation']
2026-03-03 18:00:00;4862.941381149738;6378.4400000000005;['pressure', 'precipitation']
2026-03-03 19:00:00;3379.832811031729;2789.0335;['pressure', 'precipitation']
2026-03-03 20:00:00;3211.4873649496494;3805.4915;['pressure', 'precipitation']
2026-03-03 21:00:00;2988.1261324242655;3770.307;['pressure', 'precipitation']
2026-03-03 22:00:00;2805.39697870395;2653.62925;['pressure', 'precipitation']
2026-03-03 23:00:00;2714.7226651597152;2743.64325;['pressure', 'precipitation']
2026-03-04 00:00:00;2670.175054891754;2341.52875;['pressure', 'precipitation']
2026-03-04 01:00:00;2891.0942203088243;2976.6625;['pressure', 'precipitation']
2026-03-04 02:00:00;2755.077969399119;2663.9955;['pressure', 'precipitation']
2026-03-04 03:00:00;2784.2974984306593;2132.85775;['pressure', 'precipitation']
2026-03-04 04:00:00;2710.3801556041512;2686.453;['pressure', 'precipitation']
2026-03-04 05:00:00;2957.094861813595;2480.783;['pressure', 'precipitation']
2026-03-04 06:00:00;3114.6332708562995;2484.50025;['pressure', 'precipitation']
2026-03-04 07:00:00;3294.092948595837;3750.57025;['pressure', 'precipitation']
2026-03-04 08:00:00;2848.4888344122955;962.9825;['pressure', 'precipitation']
2026-03-04 09:00:00;3445.9939987099588;913.50825;['pressure', 'precipitation']
2026-03-04 10:00:00;2191.340808978667;2335.989;['pressure', 'precipitation']
2026-03-04 11:00:00;2942.9028366304838;2978.1815;['pressure', 'precipitation']
2026-03-04 12:00:00;3088.847088505516;4587.24025;['pressure', 'precipitation']
2026-03-04 13:00:00;3062.235003193821;4646.554749999999;['pressure', 'precipitation']
2026-03-04 14:00:00;2761.620615622656;4490.52625;['pressure', 'precipitation']
2026-03-04 15:00:00;2677.2124385178818;3957.3565;['pressure', 'precipitation']
2026-03-04 16:00:00;2984.2334614550055;2997.356;['pressure', 'precipitation']
2026-03-04 17:00:00;3922.508282520539;1464.8985;['pressure', 'precipitation']
2026-03-04 18:00:00;3781.7371595455606;4648.4705;['pressure', 'precipitation']
2026-03-04 19:00:00;3027.29386575476;4129.09025;['pressure', 'precipitation']
2026-03-04 20:00:00;3535.463028719111;3670.78525;['pressure', 'precipitation']
2026-03-04 21:00:00;3591.262698866306;2636.34375;['pressure', 'precipitation']
2026-03-04 22:00:00;3027.496372038032;3060.88225;['pressure', 'precipitation']
2026-03-04 23:00:00;2952.74114491423;3818.83625;['pressure', 'precipitation']
2026-03-05 00:00:00;3147.5226099982356;2839.1465;['pressure', 'precipitation']
2026-03-05 01:00:00;3038.665081798149;2795.9970000000003;['pressure', 'precipitation']
2026-03-05 02:00:00;2798.0951643228864;2804.9217500000004;['pressure', 'precipitation']
2026-03-05 03:00:00;2718.6778370107686;2636.8767500000004;['pressure', 'precipitation']
2026-03-05 04:00:00;2794.527636830813;2252.3625;['pressure', 'precipitation']
2026-03-05 05:00:00;2844.1821331993024;2891.4347500000003;['pressure', 'precipitation']
2026-03-05 06:00:00;3134.930197978787;3542.1585;['pressure', 'precipitation']
2026-03-05 07:00:00;3666.1392165794578;4354.528;['pressure', 'precipitation']
2026-03-05 08:00:00;2866.652915466152;2665.74625;['pressure', 'precipitation']
2026-03-05 09:00:00;3024.442279440741;1302.7145;['pressure', 'precipitation']
2026-03-05 10:00:00;2797.260849757772;2217.8925;['pressure', 'precipitation']
2026-03-05 11:00:00;3095.8887092787527;1661.2067499999998;['pressure', 'precipitation']
2026-03-05 12:00:00;3643.7510777573198;1502.9172500000002;['pressure', 'precipitation']
2026-03-05 13:00:00;3235.0943330920627;869.1479999999999;['pressure', 'precipitation']
2026-03-05 14:00:00;3378.143491460489;1631.13325;['pressure', 'precipitation']
2026-03-05 15:00:00;3132.532728489735;3945.8165;['pressure', 'precipitation']
2026-03-05 16:00:00;2948.1132862674613;2468.259;['pressure', 'precipitation']
2026-03-05 17:00:00;3452.0700394154783;3224.5152499999995;['pressure', 'precipitation']
2026-03-05 18:00:00;5595.226694850536;5428.21475;['pressure', 'precipitation']
2026-03-05 19:00:00;3435.244468973809;3815.672;['pressure', 'precipitation']
2026-03-05 20:00:00;3387.941293443192;4185.101;['pressure', 'precipitation']
2026-03-05 21:00:00;3202.4367267000544;2708.38675;['pressure', 'precipitation']
2026-03-05 22:00:00;3039.610842853923;2625.80675;['pressure', 'precipitation']
2026-03-05 23:00:00;3056.030283163853;2412.5550000000003;['pressure', 'precipitation']
2026-03-06 00:00:00;2399.8964034845594;2537.2190000000005;['pressure', 'precipitation']
2026-03-06 01:00:00;2651.1278638523568;2795.9970000000003;['pressure', 'precipitation']
2026-03-06 02:00:00;2498.5186271067882;2804.9217500000004;['pressure', 'precipitation']
2026-03-06 03:00:00;2475.5009403777276;2636.8767500000004;['pressure', 'precipitation']
2026-03-06 04:00:00;2511.0125134636423;2252.3625;['pressure', 'precipitation']
2026-03-06 05:00:00;2693.4557541642785;2891.4347500000003;['pressure', 'precipitation']
2026-03-06 06:00:00;2738.3439439417793;3542.1585;['pressure', 'precipitation']
2026-03-06 07:00:00;2892.645239569594;4354.528;['pressure', 'precipitation']
2026-03-06 08:00:00;2819.9281858583518;1813.133;['pressure', 'precipitation']
2026-03-06 09:00:00;3079.388949210146;1455.8512500000002;['pressure', 'precipitation']
2026-03-06 10:00:00;2417.272791460629;2485.7415;['pressure', 'precipitation']
2026-03-06 11:00:00;2519.7149535495173;4530.7165;['pressure', 'precipitation']
2026-03-06 12:00:00;2419.9265113359525;4249.43025;['pressure', 'precipitation']
2026-03-06 13:00:00;2089.0608788798236;2027.85775;['pressure', 'precipitation']
2026-03-06 14:00:00;2686.5629963442716;1419.4865;['pressure', 'precipitation']
2026-03-06 15:00:00;3362.2597547123914;3713.09525;['pressure', 'precipitation']
2026-03-06 16:00:00;2673.138530765208;2572.8035;['pressure', 'precipitation']
2026-03-06 17:00:00;3299.721108470615;3580.1215;['pressure', 'precipitation']
2026-03-06 18:00:00;4627.8715925415145;6152.42875;['pressure', 'precipitation']
2026-03-06 19:00:00;2953.780498397688;3479.48725;['pressure', 'precipitation']
2026-03-06 20:00:00;3328.831317729728;2790.91975;['pressure', 'precipitation']
2026-03-06 21:00:00;3066.145915233184;2074.9595;['pressure', 'precipitation']
2026-03-06 22:00:00;2778.0027768944105;1739.635;['pressure', 'precipitation']
2026-03-06 23:00:00;2538.434412956336;2311.847;['pressure', 'precipitation']
2026-03-07 00:00:00;2519.9712478425645;2138.156;['pressure', 'precipitation']
2026-03-07 01:00:00;2699.267037626453;2338.306;['pressure', 'precipitation']
2026-03-07 02:00:00;2600.476379762408;2584.2935;['pressure', 'precipitation']
2026-03-07 03:00:00;2494.951064229624;1668.98875;['pressure', 'precipitation']
2026-03-07 04:00:00;2492.0354800152795;1610.39575;['pressure', 'precipitation']
2026-03-07 05:00:00;2730.2385800146867;2070.308;['pressure', 'precipitation']
2026-03-07 06:00:00;2836.270788603815;2090.612;['pressure', 'precipitation']
2026-03-07 07:00:00;3012.4816432239427;1457.96075;['pressure', 'precipitation']
2026-03-07 08:00:00;2425.9176962648526;756.50275;['pressure', 'precipitation']
2026-03-07 09:00:00;2085.026825013019;1590.6302500000002;['pressure', 'precipitation']
2026-03-07 10:00:00;2463.8085649493505;1327.3035;['pressure', 'precipitation']
2026-03-07 11:00:00;3105.725159500165;2811.17875;['pressure', 'precipitation']
2026-03-07 12:00:00;3331.3668290836677;1682.80625;['pressure', 'precipitation']
2026-03-07 13:00:00;2335.1322926707944;1354.13025;['pressure', 'precipitation']
2026-03-07 14:00:00;2417.520903126556;951.723;['pressure', 'precipitation']
2026-03-07 15:00:00;3395.5118170571213;2364.96775;['pressure', 'precipitation']
2026-03-07 16:00:00;2710.70644693495;2298.85875;['pressure', 'precipitation']
2026-03-07 17:00:00;3458.4192451958183;2192.87;['pressure', 'precipitation']
2026-03-07 18:00:00;5160.230911451816;3587.63775;['pressure', 'precipitation']
2026-03-07 19:00:00;3080.8213829159477;4620.41925;['pressure', 'precipitation']
2026-03-07 20:00:00;2999.5738766854665;4156.529;['pressure', 'precipitation']
2026-03-07 21:00:00;3052.4884196661233;2222.4085;['pressure', 'precipitation']
2026-03-07 22:00:00;2698.425077934343;4127.96075;['pressure', 'precipitation']
2026-03-07 23:00:00;2710.529467474957;2806.2985;['pressure', 'precipitation']
2026-03-08 00:00:00;2244.829292984288;2072.6980000000003;['pressure', 'precipitation']
2026-03-08 01:00:00;2292.482976097382;3777.8255;['pressure', 'precipitation']
2026-03-08 02:00:00;2249.8171638000686;1967.07825;['pressure', 'precipitation']
2026-03-08 03:00:00;1910.3072102093909;2125.10075;['pressure', 'precipitation']
2026-03-08 04:00:00;1924.545046135405;2076.188;['pressure', 'precipitation']
2026-03-08 05:00:00;2181.4295327975938;2075.50675;['pressure', 'precipitation']
2026-03-08 06:00:00;2321.362511778057;1866.8475;['pressure', 'precipitation']
2026-03-08 07:00:00;2101.376527926079;1325.2725;['pressure', 'precipitation']
2026-03-08 08:00:00;1480.7588498882867;995.868;['pressure', 'precipitation']
2026-03-08 09:00:00;1763.5763357766841;913.16325;['pressure', 'precipitation']
2026-03-08 10:00:00;1860.8402144802644;1799.62;['pressure', 'precipitation']
2026-03-08 11:00:00;2394.42586255111;2870.49225;['pressure', 'precipitation']
2026-03-08 12:00:00;2356.699993501179;1250.2222499999998;['pressure', 'precipitation']
2026-03-08 13:00:00;1671.067763195374;1831.10675;['pressure', 'precipitation']
2026-03-08 14:00:00;1636.8278091728314;1428.14675;['pressure', 'precipitation']
2026-03-08 15:00:00;2625.747816570106;1477.5485;['pressure', 'precipitation']
2026-03-08 16:00:00;2250.653732146198;2029.1785;['pressure', 'precipitation']
2026-03-08 17:00:00;2848.3206608761748;1926.54075;['pressure', 'precipitation']
2026-03-08 18:00:00;3992.4373903966007;3786.51925;['pressure', 'precipitation']
2026-03-08 19:00:00;3062.9697091377766;3130.8587500000003;['pressure', 'precipitation']
2026-03-08 20:00:00;3144.348187581136;4166.77175;['pressure', 'precipitation']
2026-03-08 21:00:00;2595.7008105998507;3548.41575;['pressure', 'precipitation']
2026-03-08 22:00:00;2636.254061307102;2750.8852500000003;['pressure', 'precipitation']
2026-03-08 23:00:00;2472.808632451313;2077.47225;['pressure', 'precipitation']
2026-03-09 00:00:00;1902.265133032759;1669.124;['pressure', 'precipitation']
2026-03-09 01:00:00;2489.742508074115;2920.80125;['pressure', 'precipitation']
2026-03-09 02:00:00;1998.3097830710942;2274.465;['pressure', 'precipitation']
2026-03-09 03:00:00;1894.7855362124976;1554.71575;['pressure', 'precipitation']
2026-03-09 04:00:00;1846.2616028008847;1631.3594999999998;['pressure', 'precipitation']
2026-03-09 05:00:00;2052.520747131197;3087.776;['pressure', 'precipitation']
2026-03-09 06:00:00;2114.8097796577035;1866.8475;['pressure', 'precipitation']
2026-03-09 07:00:00;1917.0385355064332;1325.2725;['pressure', 'precipitation']
2026-03-09 08:00:00;2432.713982922679;995.868;['pressure', 'precipitation']
2026-03-09 09:00:00;923.0380498943648;913.16325;['pressure', 'precipitation']
2026-03-09 10:00:00;1727.7687457208438;2129.53325;['pressure', 'precipitation']
2026-03-09 11:00:00;2482.1329747987556;2527.43425;['pressure', 'precipitation']
2026-03-09 12:00:00;1951.2472816660127;4109.2385;['pressure', 'precipitation']
2026-03-09 13:00:00;1724.3916927119656;2127.6040000000003;['pressure', 'precipitation']
2026-03-09 14:00:00;1881.0808128858694;1350.60725;['pressure', 'precipitation']
2026-03-09 15:00:00;2133.2297006726544;2213.1385;['pressure', 'precipitation']
2026-03-09 16:00:00;2107.2669733100047;1826.9195;['pressure', 'precipitation']
2026-03-09 17:00:00;2599.039678384705;3601.039;['pressure', 'precipitation']
2026-03-09 18:00:00;4105.242556575464;6124.2245;['pressure', 'precipitation']
2026-03-09 19:00:00;2775.9508331769953;3677.76775;['pressure', 'precipitation']
2026-03-09 20:00:00;3032.750369427017;2136.94175;['pressure', 'precipitation']
2026-03-09 21:00:00;2605.4155380323364;2988.7155;['pressure', 'precipitation']
2026-03-09 22:00:00;2367.6487287860778;2318.666;['pressure', 'precipitation']
2026-03-09 23:00:00;2246.8714220514753;1780.5255;['pressure', 'precipitation']
2026-03-10 00:00:00;1854.157232041336;2910.68175;['pressure', 'precipitation']
2026-03-10 01:00:00;2340.0119305514636;1606.8917499999998;['pressure', 'precipitation']
2026-03-10 02:00:00;2215.4222789756614;1834.1555;['pressure', 'precipitation']
2026-03-10 03:00:00;1887.612037171383;1829.8265;['pressure', 'precipitation']
2026-03-10 04:00:00;1867.0545616746435;1621.01425;['pressure', 'precipitation']
2026-03-10 05:00:00;2405.4337832494475;2817.76325;['pressure', 'precipitation']
2026-03-10 06:00:00;2239.4439610070117;2770.8007500000003;['pressure', 'precipitation']
2026-03-10 07:00:00;1865.1049458425298;3333.38175;['pressure', 'precipitation']
2026-03-10 08:00:00;1444.8732908438362;2793.15375;['pressure', 'precipitation']
2026-03-10 09:00:00;1319.4913924147036;1767.713;['pressure', 'precipitation']
2026-03-10 10:00:00;1876.5639081867027;2210.927;['pressure', 'precipitation']
2026-03-10 11:00:00;2502.1163038111536;3412.94075;['pressure', 'precipitation']
2026-03-10 12:00:00;2734.1409465657916;4061.66425;['pressure', 'precipitation']
2026-03-10 13:00:00;2040.1126098274594;4106.809499999999;['pressure', 'precipitation']
2026-03-10 14:00:00;1753.5086241411514;2908.1775;['pressure', 'precipitation']
2026-03-10 15:00:00;2410.7138834201137;2550.7335;['pressure', 'precipitation']
2026-03-10 16:00:00;2186.7515527176183;1788.1075;['pressure', 'precipitation']
2026-03-10 17:00:00;3143.615444288658;2544.117;['pressure', 'precipitation']
2026-03-10 18:00:00;5255.265823797779;5236.5315;['pressure', 'precipitation']
2026-03-10 19:00:00;3093.93393164461;3303.29325;['pressure', 'precipitation']
2026-03-10 20:00:00;2546.4934152598435;4674.07575;['pressure', 'precipitation']
2026-03-10 21:00:00;2715.526844414628;2431.65825;['pressure', 'precipitation']
2026-03-10 22:00:00;2423.5396580585366;2185.2885;['pressure', 'precipitation']
2026-03-10 23:00:00;2197.572446200581;2130.8632500000003;['pressure', 'precipitation']
2026-03-11 00:00:00;2497.436860089241;1892.9767500000005;['pressure', 'precipitation']
2026-03-11 01:00:00;2483.3377605322353;2013.29275;['pressure', 'precipitation']
2026-03-11 02:00:00;2333.0732622281716;1828.167;['pressure', 'precipitation']
2026-03-11 03:00:00;2207.0269333192236;1877.80425;['pressure', 'precipitation']
2026-03-11 04:00:00;2131.4385631864607;1892.7795;['pressure', 'precipitation']
2026-03-11 05:00:00;2656.49302686141;3109.4265;['pressure', 'precipitation']
2026-03-11 06:00:00;2695.413162410242;2762.2815;['pressure', 'precipitation']
2026-03-11 07:00:00;2652.9348877974307;2268.42275;['pressure', 'precipitation']
2026-03-11 08:00:00;2084.6060017906225;1332.15575;['pressure', 'precipitation']
2026-03-11 09:00:00;1661.5642429607838;946.02025;['pressure', 'precipitation']
2026-03-11 10:00:00;2204.130116636882;2953.6225000000004;['pressure', 'precipitation']
2026-03-11 11:00:00;2975.7695756396915;3048.2492500000003;['pressure', 'precipitation']
2026-03-11 12:00:00;2871.1999693296957;1016.1849999999998;['pressure', 'precipitation']
2026-03-11 13:00:00;2741.1323775293354;735.11675;['pressure', 'precipitation']
2026-03-11 14:00:00;2523.7152008738717;1102.20775;['pressure', 'precipitation']
2026-03-11 15:00:00;2775.6641674790567;2617.099;['pressure', 'precipitation']
2026-03-11 16:00:00;2386.7973588271866;3511.27;['pressure', 'precipitation']
2026-03-11 17:00:00;3128.394683757962;2191.68175;['pressure', 'precipitation']
2026-03-11 18:00:00;4618.135007158304;3577.4475;['pressure', 'precipitation']
2026-03-11 19:00:00;3360.6453914559816;4741.882250000001;['pressure', 'precipitation']
2026-03-11 20:00:00;3593.9279851401216;2768.617;['pressure', 'precipitation']
2026-03-11 21:00:00;2904.7347044810485;3223.21725;['pressure', 'precipitation']
2026-03-11 22:00:00;2680.139767243656;2263.3005;['pressure', 'precipitation']
2026-03-11 23:00:00;2493.5179470954154;1655.887;['pressure', 'precipitation']
2026-02-21 00:00:00;3538.175840839222;3220.53525;['pressure', 'temperature']
2026-02-21 01:00:00;3729.544776609284;4944.16275;['pressure', 'temperature']
2026-02-21 02:00:00;3441.698760767323;3109.51675;['pressure', 'temperature']
2026-02-21 03:00:00;3213.147384808371;3107.83475;['pressure', 'temperature']
2026-02-21 04:00:00;3377.0282045880713;3534.54725;['pressure', 'temperature']
2026-02-21 05:00:00;3449.230497518637;3540.4435;['pressure', 'temperature']
2026-02-21 06:00:00;3495.087466241407;2907.9265;['pressure', 'temperature']
2026-02-21 07:00:00;3739.8392822015135;3075.088;['pressure', 'temperature']
2026-02-21 08:00:00;3809.7837436559334;3908.9975;['pressure', 'temperature']
2026-02-21 09:00:00;3946.0871615557016;5084.14325;['pressure', 'temperature']
2026-02-21 10:00:00;3567.981154425571;3648.72875;['pressure', 'temperature']
2026-02-21 11:00:00;3364.882509548702;2904.00575;['pressure', 'temperature']
2026-02-21 12:00:00;3409.77933132021;3646.29625;['pressure', 'temperature']
2026-02-21 13:00:00;3252.7090143064934;3093.9895;['pressure', 'temperature']
2026-02-21 14:00:00;3778.64651225105;3318.7700000000004;['pressure', 'temperature']
2026-02-21 15:00:00;3166.227463479335;3322.10225;['pressure', 'temperature']
2026-02-21 16:00:00;3254.895095649538;3020.13275;['pressure', 'temperature']
2026-02-21 17:00:00;3920.3550375230243;2320.5085;['pressure', 'temperature']
2026-02-21 18:00:00;4568.781972184303;3975.71575;['pressure', 'temperature']
2026-02-21 19:00:00;3467.73304957669;3784.02475;['pressure', 'temperature']
2026-02-21 20:00:00;3448.8718925059507;3627.47425;['pressure', 'temperature']
2026-02-21 21:00:00;3343.3560057830637;4353.26275;['pressure', 'temperature']
2026-02-21 22:00:00;3082.79968408592;3946.12675;['pressure', 'temperature']
2026-02-21 23:00:00;3111.4988457314694;2380.04225;['pressure', 'temperature']
2026-02-22 00:00:00;2751.8704413364594;2629.34925;['pressure', 'temperature']
2026-02-22 01:00:00;2973.6367515462807;2120.21475;['pressure', 'temperature']
2026-02-22 02:00:00;2932.276038198541;2591.9735000000005;['pressure', 'temperature']
2026-02-22 03:00:00;2415.886721655792;2107.6405;['pressure', 'temperature']
2026-02-22 04:00:00;2565.9935832956644;2663.44675;['pressure', 'temperature']
2026-02-22 05:00:00;2669.088821069523;2201.2252500000004;['pressure', 'temperature']
2026-02-22 06:00:00;2849.4325496014135;3617.4885;['pressure', 'temperature']
2026-02-22 07:00:00;2930.036562081921;2402.6565;['pressure', 'temperature']
2026-02-22 08:00:00;2860.4378812694304;2474.27325;['pressure', 'temperature']
2026-02-22 09:00:00;3044.54463526401;2407.15;['pressure', 'temperature']
2026-02-22 10:00:00;2801.5514133445377;2644.01375;['pressure', 'temperature']
2026-02-22 11:00:00;2900.9099001305476;2835.98975;['pressure', 'temperature']
2026-02-22 12:00:00;2740.944156560946;2392.25975;['pressure', 'temperature']
2026-02-22 13:00:00;2810.686767491664;2305.58525;['pressure', 'temperature']
2026-02-22 14:00:00;2829.7510370082327;3217.099;['pressure', 'temperature']
2026-02-22 15:00:00;2593.9532108724416;1857.12725;['pressure', 'temperature']
2026-02-22 16:00:00;2838.5271332611865;1684.09225;['pressure', 'temperature']
2026-02-22 17:00:00;3747.889603126043;2181.636;['pressure', 'temperature']
2026-02-22 18:00:00;4320.975127095051;3896.849;['pressure', 'temperature']
2026-02-22 19:00:00;2847.043825820828;2929.2675;['pressure', 'temperature']
2026-02-22 20:00:00;3204.95149083866;3539.39125;['pressure', 'temperature']
2026-02-22 21:00:00;2989.5124362162815;3225.271;['pressure', 'temperature']
2026-02-22 22:00:00;2594.419836715614;2870.692;['pressure', 'temperature']
2026-02-22 23:00:00;2193.3476585187364;2738.51825;['pressure', 'temperature']
2026-02-23 00:00:00;2545.5958283440937;1746.72925;['pressure', 'temperature']
2026-02-23 01:00:00;2546.3579511698254;2174.40925;['pressure', 'temperature']
2026-02-23 02:00:00;2220.648358849434;2312.4432500000003;['pressure', 'temperature']
2026-02-23 03:00:00;2069.3127582989164;2503.66025;['pressure', 'temperature']
2026-02-23 04:00:00;2221.19507415168;2444.362;['pressure', 'temperature']
2026-02-23 05:00:00;2193.9889675735194;2905.5025;['pressure', 'temperature']
2026-02-23 06:00:00;2270.958134486723;2810.3165;['pressure', 'temperature']
2026-02-23 07:00:00;2557.416137217938;3784.323;['pressure', 'temperature']
2026-02-23 08:00:00;2477.2216157216444;3324.1055;['pressure', 'temperature']
2026-02-23 09:00:00;2639.199801440491;2637.14525;['pressure', 'temperature']
2026-02-23 10:00:00;2403.683734820298;2564.26675;['pressure', 'temperature']
2026-02-23 11:00:00;2561.003457750056;2422.39275;['pressure', 'temperature']
2026-02-23 12:00:00;2310.090006198108;1688.8627499999998;['pressure', 'temperature']
2026-02-23 13:00:00;2131.929791475157;1263.13575;['pressure', 'temperature']
2026-02-23 14:00:00;2226.3371404634486;2432.09175;['pressure', 'temperature']
2026-02-23 15:00:00;2112.353384183689;3639.514;['pressure', 'temperature']
2026-02-23 16:00:00;2533.496692705968;3844.585;['pressure', 'temperature']
2026-02-23 17:00:00;3553.6700873809086;7690.8945;['pressure', 'temperature']
2026-02-23 18:00:00;3780.2109512783045;7286.809499999999;['pressure', 'temperature']
2026-02-23 19:00:00;3009.0879139799895;1459.71375;['pressure', 'temperature']
2026-02-23 20:00:00;3447.7774743118266;2066.23975;['pressure', 'temperature']
2026-02-23 21:00:00;3185.3310283881924;4231.92425;['pressure', 'temperature']
2026-02-23 22:00:00;2824.721278465958;3387.08275;['pressure', 'temperature']
2026-02-23 23:00:00;2667.6524860569534;2707.083;['pressure', 'temperature']
2026-02-24 00:00:00;2882.631358533732;2087.3587500000003;['pressure', 'temperature']
2026-02-24 01:00:00;3065.735424591192;2805.0935;['pressure', 'temperature']
2026-02-24 02:00:00;2625.1591462787965;2305.28275;['pressure', 'temperature']
2026-02-24 03:00:00;2659.7456844434546;2668.79575;['pressure', 'temperature']
2026-02-24 04:00:00;2728.696369292823;2515.11175;['pressure', 'temperature']
2026-02-24 05:00:00;2857.653571028898;3203.1455;['pressure', 'temperature']
2026-02-24 06:00:00;2859.987056850717;2993.927;['pressure', 'temperature']
2026-02-24 07:00:00;2882.0846071331334;3073.1355000000003;['pressure', 'temperature']
2026-02-24 08:00:00;3050.0550485202134;3171.7027500000004;['pressure', 'temperature']
2026-02-24 09:00:00;3666.594158342633;3257.02575;['pressure', 'temperature']
2026-02-24 10:00:00;3041.6570742247804;2908.47525;['pressure', 'temperature']
2026-02-24 11:00:00;3107.033786513666;2711.759;['pressure', 'temperature']
2026-02-24 12:00:00;3132.1744887279115;2309.90175;['pressure', 'temperature']
2026-02-24 13:00:00;2998.1223548194066;739.952;['pressure', 'temperature']
2026-02-24 14:00:00;2936.895566638167;2432.09175;['pressure', 'temperature']
2026-02-24 15:00:00;2831.822198822391;3639.514;['pressure', 'temperature']
2026-02-24 16:00:00;3148.646834146608;3844.585;['pressure', 'temperature']
2026-02-24 17:00:00;3289.7000709540466;7690.8945;['pressure', 'temperature']
2026-02-24 18:00:00;4293.595300136441;7286.809499999999;['pressure', 'temperature']
2026-02-24 19:00:00;3619.7449016560313;1459.71375;['pressure', 'temperature']
2026-02-24 20:00:00;3759.2905768228884;2066.23975;['pressure', 'temperature']
2026-02-24 21:00:00;3473.8303538782047;4231.92425;['pressure', 'temperature']
2026-02-24 22:00:00;3077.488040067855;3387.08275;['pressure', 'temperature']
2026-02-24 23:00:00;2826.905990507593;2707.083;['pressure', 'temperature']
2026-02-25 00:00:00;2881.0456773454243;2087.3587500000003;['pressure', 'temperature']
2026-02-25 01:00:00;2909.3127113722917;2805.0935;['pressure', 'temperature']
2026-02-25 02:00:00;2707.38621705003;2305.28275;['pressure', 'temperature']
2026-02-25 03:00:00;2720.761299987164;2668.79575;['pressure', 'temperature']
2026-02-25 04:00:00;2906.6309401388353;2515.11175;['pressure', 'temperature']
2026-02-25 05:00:00;3007.5323845047506;3203.1455;['pressure', 'temperature']
2026-02-25 06:00:00;3053.5806414719636;2993.927;['pressure', 'temperature']
2026-02-25 07:00:00;3191.4460979721475;3073.1355000000003;['pressure', 'temperature']
2026-02-25 08:00:00;3138.6468459259963;3171.7027500000004;['pressure', 'temperature']
2026-02-25 09:00:00;3088.845518887276;3257.02575;['pressure', 'temperature']
2026-02-25 10:00:00;2759.0398267686414;2908.47525;['pressure', 'temperature']
2026-02-25 11:00:00;2774.0589645764353;2711.759;['pressure', 'temperature']
2026-02-25 12:00:00;2834.0653941059545;2309.90175;['pressure', 'temperature']
2026-02-25 13:00:00;2349.7315489635093;739.952;['pressure', 'temperature']
2026-02-25 14:00:00;2551.878606078858;1733.7510000000002;['pressure', 'temperature']
2026-02-25 15:00:00;2693.7296891829947;2727.55;['pressure', 'temperature']
2026-02-25 16:00:00;3012.8110584467204;2268.04875;['pressure', 'temperature']
2026-02-25 17:00:00;4524.127107317489;2185.0825;['pressure', 'temperature']
2026-02-25 18:00:00;5020.369085664077;5401.65;['pressure', 'temperature']
2026-02-25 19:00:00;3490.4634339709173;4408.7265;['pressure', 'temperature']
2026-02-25 20:00:00;3688.552424186832;3120.36225;['pressure', 'temperature']
2026-02-25 21:00:00;3758.2560745792516;2523.31;['pressure', 'temperature']
2026-02-25 22:00:00;3100.3425213499113;2395.0051041666666;['pressure', 'temperature']
2026-02-25 23:00:00;2916.6975735148353;2266.700208333333;['pressure', 'temperature']
2026-02-26 00:00:00;2466.4512048777506;2138.3953125;['pressure', 'temperature']
2026-02-26 01:00:00;2961.2549182891303;2010.0904166666664;['pressure', 'temperature']
2026-02-26 02:00:00;2591.488627710166;1881.785520833333;['pressure', 'temperature']
2026-02-26 03:00:00;2606.2315282671834;1753.4806249999997;['pressure', 'temperature']
2026-02-26 04:00:00;2630.053851962247;1625.1757291666663;['pressure', 'temperature']
2026-02-26 05:00:00;2956.637183099184;1496.8708333333332;['pressure', 'temperature']
2026-02-26 06:00:00;2841.687602382326;1368.5659374999998;['pressure', 'temperature']
2026-02-26 07:00:00;3090.7989171649515;1240.2610416666664;['pressure', 'temperature']
2026-02-26 08:00:00;3138.6575056515067;1111.956145833333;['pressure', 'temperature']
2026-02-26 09:00:00;3192.1504414374767;983.65125;['pressure', 'temperature']
2026-02-26 10:00:00;2699.001857723746;1833.2985;['pressure', 'temperature']
2026-02-26 11:00:00;2770.2929925062163;3650.50475;['pressure', 'temperature']
2026-02-26 12:00:00;2371.2031414210132;3347.99625;['pressure', 'temperature']
2026-02-26 13:00:00;1556.76337443729;4618.702;['pressure', 'temperature']
2026-02-26 14:00:00;2088.1302263464777;4011.90325;['pressure', 'temperature']
2026-02-26 15:00:00;2266.169330091744;3309.00375;['pressure', 'temperature']
2026-02-26 16:00:00;2568.802309399319;2059.02025;['pressure', 'temperature']
2026-02-26 17:00:00;3964.5220508763446;2137.0;['pressure', 'temperature']
2026-02-26 18:00:00;4835.039352614159;5895.00775;['pressure', 'temperature']
2026-02-26 19:00:00;2953.3665850369944;3952.2635;['pressure', 'temperature']
2026-02-26 20:00:00;3231.4780025957507;3048.434;['pressure', 'temperature']
2026-02-26 21:00:00;2951.8701328423103;2100.1352500000003;['pressure', 'temperature']
2026-02-26 22:00:00;2798.917188444254;2277.26325;['pressure', 'temperature']
2026-02-26 23:00:00;2572.755425645629;2650.38725;['pressure', 'temperature']
2026-02-27 00:00:00;2459.590727293784;2599.7665;['pressure', 'temperature']
2026-02-27 01:00:00;2506.151011535396;2229.40875;['pressure', 'temperature']
2026-02-27 02:00:00;2277.859883007365;3347.22275;['pressure', 'temperature']
2026-02-27 03:00:00;2210.8362270048474;2196.732;['pressure', 'temperature']
2026-02-27 04:00:00;1965.0265144862724;2473.217;['pressure', 'temperature']
2026-02-27 05:00:00;2116.89671380394;2305.593;['pressure', 'temperature']
2026-02-27 06:00:00;2120.791039325117;2977.48975;['pressure', 'temperature']
2026-02-27 07:00:00;2317.927457504963;3342.68125;['pressure', 'temperature']
2026-02-27 08:00:00;2500.304704121138;1551.13275;['pressure', 'temperature']
2026-02-27 09:00:00;2666.0801268074974;1172.703;['pressure', 'temperature']
2026-02-27 10:00:00;2309.4132148451536;1888.36825;['pressure', 'temperature']
2026-02-27 11:00:00;2703.046069952611;3043.5535;['pressure', 'temperature']
2026-02-27 12:00:00;2344.7949156237974;2145.57025;['pressure', 'temperature']
2026-02-27 13:00:00;2607.046650102131;756.018;['pressure', 'temperature']
2026-02-27 14:00:00;2360.8079915249673;761.868;['pressure', 'temperature']
2026-02-27 15:00:00;2075.140596642062;1121.75;['pressure', 'temperature']
2026-02-27 16:00:00;2101.542323628948;1032.1845;['pressure', 'temperature']
2026-02-27 17:00:00;3680.3892952502138;3098.913;['pressure', 'temperature']
2026-02-27 18:00:00;4374.744650014589;2677.49625;['pressure', 'temperature']
2026-02-27 19:00:00;3094.0777623593926;2556.239;['pressure', 'temperature']
2026-02-27 20:00:00;3323.4602836129143;2869.5155;['pressure', 'temperature']
2026-02-27 21:00:00;2815.1201630587393;3065.46925;['pressure', 'temperature']
2026-02-27 22:00:00;2472.9940259205246;2299.8542500000003;['pressure', 'temperature']
2026-02-27 23:00:00;2444.5545362767293;2289.7025000000003;['pressure', 'temperature']
2026-02-28 00:00:00;2228.024152371766;2230.26675;['pressure', 'temperature']
2026-02-28 01:00:00;2296.9263887216052;2372.79925;['pressure', 'temperature']
2026-02-28 02:00:00;2257.445408405376;2630.50125;['pressure', 'temperature']
2026-02-28 03:00:00;1965.4078514377807;1981.921;['pressure', 'temperature']
2026-02-28 04:00:00;2316.8724426313124;1977.72725;['pressure', 'temperature']
2026-02-28 05:00:00;2488.661039992445;1957.68675;['pressure', 'temperature']
2026-02-28 06:00:00;2516.376635468947;1896.85625;['pressure', 'temperature']
2026-02-28 07:00:00;2703.014654329953;1561.8505;['pressure', 'temperature']
2026-02-28 08:00:00;2779.1836908686855;1123.34475;['pressure', 'temperature']
2026-02-28 09:00:00;2690.4627864597696;1466.5585;['pressure', 'temperature']
2026-02-28 10:00:00;1789.4296943336826;1740.317;['pressure', 'temperature']
2026-02-28 11:00:00;2070.3002732540153;2625.6695;['pressure', 'temperature']
2026-02-28 12:00:00;1967.928561965528;3085.0835;['pressure', 'temperature']
2026-02-28 13:00:00;1528.8845814993351;1037.36475;['pressure', 'temperature']
2026-02-28 14:00:00;1646.5992866956094;961.63275;['pressure', 'temperature']
2026-02-28 15:00:00;1833.6181445363918;954.55475;['pressure', 'temperature']
2026-02-28 16:00:00;1906.3589138429545;1533.92725;['pressure', 'temperature']
2026-02-28 17:00:00;3329.0099524425495;2240.077;['pressure', 'temperature']
2026-02-28 18:00:00;4183.790892136431;2810.08325;['pressure', 'temperature']
2026-02-28 19:00:00;2490.4620767329643;3149.1015;['pressure', 'temperature']
2026-02-28 20:00:00;2978.8389186810136;3243.71375;['pressure', 'temperature']
2026-02-28 21:00:00;3010.4954482009775;2889.52425;['pressure', 'temperature']
2026-02-28 22:00:00;2359.1189297914766;2945.9410000000003;['pressure', 'temperature']
2026-02-28 23:00:00;2175.799728527302;3344.285;['pressure', 'temperature']
2026-03-01 00:00:00;2659.6999148894183;4005.7825;['pressure', 'temperature']
2026-03-01 01:00:00;2311.018097165193;3224.6197500000003;['pressure', 'temperature']
2026-03-01 02:00:00;2072.695966125292;2222.49475;['pressure', 'temperature']
2026-03-01 03:00:00;1951.924743278588;2238.53325;['pressure', 'temperature']
2026-03-01 04:00:00;2048.675971172367;2105.89225;['pressure', 'temperature']
2026-03-01 05:00:00;2165.1129764118514;1895.93;['pressure', 'temperature']
2026-03-01 06:00:00;2039.7110367192608;1915.9515;['pressure', 'temperature']
2026-03-01 07:00:00;2137.979376519441;1744.8925;['pressure', 'temperature']
2026-03-01 08:00:00;2911.20536510671;1552.0675;['pressure', 'temperature']
2026-03-01 09:00:00;3001.7935286943602;1486.991;['pressure', 'temperature']
2026-03-01 10:00:00;2669.8867637163194;1424.3685;['pressure', 'temperature']
2026-03-01 11:00:00;2127.5228865757304;1848.2955;['pressure', 'temperature']
2026-03-01 12:00:00;2781.276113957644;2020.3935;['pressure', 'temperature']
2026-03-01 13:00:00;2835.3742877024297;1075.92025;['pressure', 'temperature']
2026-03-01 14:00:00;2968.9035427435306;2221.634;['pressure', 'temperature']
2026-03-01 15:00:00;3124.3466325500626;1621.3802500000002;['pressure', 'temperature']
2026-03-01 16:00:00;3253.0648297309845;2940.9017500000004;['pressure', 'temperature']
2026-03-01 17:00:00;3867.6792079044844;3469.55025;['pressure', 'temperature']
2026-03-01 18:00:00;4411.143767970927;3401.025;['pressure', 'temperature']
2026-03-01 19:00:00;3213.7413573716876;4648.9400000000005;['pressure', 'temperature']
2026-03-01 20:00:00;3649.0729330370104;3172.72825;['pressure', 'temperature']
2026-03-01 21:00:00;3286.3232198309943;3724.67375;['pressure', 'temperature']
2026-03-01 22:00:00;2761.8611777204987;2194.51425;['pressure', 'temperature']
2026-03-01 23:00:00;2679.462556135907;2766.385;['pressure', 'temperature']
2026-03-02 00:00:00;2674.047465487552;3246.745;['pressure', 'temperature']
2026-03-02 01:00:00;2548.8037432539727;2790.22925;['pressure', 'temperature']
2026-03-02 02:00:00;2198.6950374610815;2155.6665;['pressure', 'temperature']
2026-03-02 03:00:00;2061.762791555701;2621.298;['pressure', 'temperature']
2026-03-02 04:00:00;2152.492022427287;2217.16675;['pressure', 'temperature']
2026-03-02 05:00:00;2680.3360892588717;2487.078;['pressure', 'temperature']
2026-03-02 06:00:00;2251.118328075295;3034.98225;['pressure', 'temperature']
2026-03-02 07:00:00;2260.03172298719;703.9855;['pressure', 'temperature']
2026-03-02 08:00:00;2381.5571818746294;3024.90775;['pressure', 'temperature']
2026-03-02 09:00:00;2268.5846207959603;1042.5125;['pressure', 'temperature']
2026-03-02 10:00:00;1865.8301745507752;1443.9805;['pressure', 'temperature']
2026-03-02 11:00:00;2090.9816355072867;3115.7045;['pressure', 'temperature']
2026-03-02 12:00:00;1966.9119580839506;3578.4032500000003;['pressure', 'temperature']
2026-03-02 13:00:00;1685.1604234902898;4828.33975;['pressure', 'temperature']
2026-03-02 14:00:00;1731.8601273681104;4235.00525;['pressure', 'temperature']
2026-03-02 15:00:00;1849.5292864152937;4154.5925;['pressure', 'temperature']
2026-03-02 16:00:00;2254.7070877894043;2162.64175;['pressure', 'temperature']
2026-03-02 17:00:00;4234.522874271663;2929.2985;['pressure', 'temperature']
2026-03-02 18:00:00;5179.8964897185115;4386.6975;['pressure', 'temperature']
2026-03-02 19:00:00;2966.4126975692798;3566.40925;['pressure', 'temperature']
2026-03-02 20:00:00;3124.2086072103357;3250.582;['pressure', 'temperature']
2026-03-02 21:00:00;2965.6010080934448;2445.295;['pressure', 'temperature']
2026-03-02 22:00:00;2783.6185009108744;3048.3762500000003;['pressure', 'temperature']
2026-03-02 23:00:00;2448.4085036233505;2899.3835;['pressure', 'temperature']
2026-03-03 00:00:00;2535.90116030962;2072.42525;['pressure', 'temperature']
2026-03-03 01:00:00;2706.861605652517;2646.535;['pressure', 'temperature']
2026-03-03 02:00:00;2339.057210391384;2631.8955;['pressure', 'temperature']
2026-03-03 03:00:00;2455.70470895257;3036.797;['pressure', 'temperature']
2026-03-03 04:00:00;2441.392729166718;2119.68425;['pressure', 'temperature']
2026-03-03 05:00:00;2889.5042362287168;2895.75175;['pressure', 'temperature']
2026-03-03 06:00:00;3153.306834232011;3432.59825;['pressure', 'temperature']
2026-03-03 07:00:00;2791.7931313263316;524.39675;['pressure', 'temperature']
2026-03-03 08:00:00;2628.6898186765884;1743.91575;['pressure', 'temperature']
2026-03-03 09:00:00;2386.5813498539574;1520.6104999999998;['pressure', 'temperature']
2026-03-03 10:00:00;2137.142107107477;1320.03525;['pressure', 'temperature']
2026-03-03 11:00:00;2798.7792203356066;2607.65675;['pressure', 'temperature']
2026-03-03 12:00:00;2756.762081542956;4472.4735;['pressure', 'temperature']
2026-03-03 13:00:00;2205.3671525928653;4663.9335;['pressure', 'temperature']
2026-03-03 14:00:00;2634.605137944908;4119.155;['pressure', 'temperature']
2026-03-03 15:00:00;2653.8876506496044;3445.13;['pressure', 'temperature']
2026-03-03 16:00:00;2914.590492063021;2418.37475;['pressure', 'temperature']
2026-03-03 17:00:00;3458.1029090058105;3358.39975;['pressure', 'temperature']
2026-03-03 18:00:00;4725.32572775069;6378.4400000000005;['pressure', 'temperature']
2026-03-03 19:00:00;3490.058560901463;2789.0335;['pressure', 'temperature']
2026-03-03 20:00:00;3099.1956937930277;3805.4915;['pressure', 'temperature']
2026-03-03 21:00:00;2592.5649492402263;3770.307;['pressure', 'temperature']
2026-03-03 22:00:00;3035.75512272383;2653.62925;['pressure', 'temperature']
2026-03-03 23:00:00;2745.908801452735;2743.64325;['pressure', 'temperature']
2026-03-04 00:00:00;2564.314391529248;2341.52875;['pressure', 'temperature']
2026-03-04 01:00:00;2509.116317790145;2976.6625;['pressure', 'temperature']
2026-03-04 02:00:00;2501.513836550024;2663.9955;['pressure', 'temperature']
2026-03-04 03:00:00;2601.9922431716814;2132.85775;['pressure', 'temperature']
2026-03-04 04:00:00;2576.448993407811;2686.453;['pressure', 'temperature']
2026-03-04 05:00:00;2754.761721258628;2480.783;['pressure', 'temperature']
2026-03-04 06:00:00;2765.493683561798;2484.50025;['pressure', 'temperature']
2026-03-04 07:00:00;2640.8116691777477;3750.57025;['pressure', 'temperature']
2026-03-04 08:00:00;2385.445295825748;962.9825;['pressure', 'temperature']
2026-03-04 09:00:00;2147.6228052759116;913.50825;['pressure', 'temperature']
2026-03-04 10:00:00;1826.422952860912;2335.989;['pressure', 'temperature']
2026-03-04 11:00:00;2231.875958770841;2978.1815;['pressure', 'temperature']
2026-03-04 12:00:00;3084.379231294194;4587.24025;['pressure', 'temperature']
2026-03-04 13:00:00;3206.4795046900135;4646.554749999999;['pressure', 'temperature']
2026-03-04 14:00:00;2874.116427336719;4490.52625;['pressure', 'temperature']
2026-03-04 15:00:00;2439.160386927566;3957.3565;['pressure', 'temperature']
2026-03-04 16:00:00;2942.166838200354;2997.356;['pressure', 'temperature']
2026-03-04 17:00:00;3490.0234313276133;1464.8985;['pressure', 'temperature']
2026-03-04 18:00:00;3502.253048257833;4648.4705;['pressure', 'temperature']
2026-03-04 19:00:00;2787.9179899275655;4129.09025;['pressure', 'temperature']
2026-03-04 20:00:00;3157.7618780043217;3670.78525;['pressure', 'temperature']
2026-03-04 21:00:00;3186.6558658680437;2636.34375;['pressure', 'temperature']
2026-03-04 22:00:00;2791.1588984421915;3060.88225;['pressure', 'temperature']
2026-03-04 23:00:00;2816.868621100346;3818.83625;['pressure', 'temperature']
2026-03-05 00:00:00;3200.6704458993754;2839.1465;['pressure', 'temperature']
2026-03-05 01:00:00;3050.129792252138;2795.9970000000003;['pressure', 'temperature']
2026-03-05 02:00:00;2796.0397792913263;2804.9217500000004;['pressure', 'temperature']
2026-03-05 03:00:00;2731.1764857773824;2636.8767500000004;['pressure', 'temperature']
2026-03-05 04:00:00;2933.7141188855985;2252.3625;['pressure', 'temperature']
2026-03-05 05:00:00;3015.221260133334;2891.4347500000003;['pressure', 'temperature']
2026-03-05 06:00:00;3157.581000597836;3542.1585;['pressure', 'temperature']
2026-03-05 07:00:00;3054.2534773377356;4354.528;['pressure', 'temperature']
2026-03-05 08:00:00;2322.3101431706605;2665.74625;['pressure', 'temperature']
2026-03-05 09:00:00;3258.970054463397;1302.7145;['pressure', 'temperature']
2026-03-05 10:00:00;3140.032000680517;2217.8925;['pressure', 'temperature']
2026-03-05 11:00:00;2775.1856995642465;1661.2067499999998;['pressure', 'temperature']
2026-03-05 12:00:00;3145.8287350542214;1502.9172500000002;['pressure', 'temperature']
2026-03-05 13:00:00;2876.7641557251573;869.1479999999999;['pressure', 'temperature']
2026-03-05 14:00:00;2945.507596097647;1631.13325;['pressure', 'temperature']
2026-03-05 15:00:00;2505.746002514837;3945.8165;['pressure', 'temperature']
2026-03-05 16:00:00;2403.7504351712173;2468.259;['pressure', 'temperature']
2026-03-05 17:00:00;3181.2942281855826;3224.5152499999995;['pressure', 'temperature']
2026-03-05 18:00:00;5660.982673119823;5428.21475;['pressure', 'temperature']
2026-03-05 19:00:00;3521.3993508155854;3815.672;['pressure', 'temperature']
2026-03-05 20:00:00;3586.4196868206586;4185.101;['pressure', 'temperature']
2026-03-05 21:00:00;3331.367470362092;2708.38675;['pressure', 'temperature']
2026-03-05 22:00:00;2954.0815717627684;2625.80675;['pressure', 'temperature']
2026-03-05 23:00:00;2976.234070283799;2412.5550000000003;['pressure', 'temperature']
2026-03-06 00:00:00;2354.8803650248133;2537.2190000000005;['pressure', 'temperature']
2026-03-06 01:00:00;2773.913811475155;2795.9970000000003;['pressure', 'temperature']
2026-03-06 02:00:00;2573.2803462430384;2804.9217500000004;['pressure', 'temperature']
2026-03-06 03:00:00;2488.0248753470587;2636.8767500000004;['pressure', 'temperature']
2026-03-06 04:00:00;2498.3949040952716;2252.3625;['pressure', 'temperature']
2026-03-06 05:00:00;2699.999072960435;2891.4347500000003;['pressure', 'temperature']
2026-03-06 06:00:00;2886.0422918476143;3542.1585;['pressure', 'temperature']
2026-03-06 07:00:00;3214.4286893190674;4354.528;['pressure', 'temperature']
2026-03-06 08:00:00;2519.5871810297676;1813.133;['pressure', 'temperature']
2026-03-06 09:00:00;2685.131930474713;1455.8512500000002;['pressure', 'temperature']
2026-03-06 10:00:00;1940.0200614142682;2485.7415;['pressure', 'temperature']
2026-03-06 11:00:00;2118.78028012085;4530.7165;['pressure', 'temperature']
2026-03-06 12:00:00;2208.347386628951;4249.43025;['pressure', 'temperature']
2026-03-06 13:00:00;1659.576741416442;2027.85775;['pressure', 'temperature']
2026-03-06 14:00:00;2626.7206020137914;1419.4865;['pressure', 'temperature']
2026-03-06 15:00:00;3143.013442821719;3713.09525;['pressure', 'temperature']
2026-03-06 16:00:00;2645.211787212606;2572.8035;['pressure', 'temperature']
2026-03-06 17:00:00;2909.500321741336;3580.1215;['pressure', 'temperature']
2026-03-06 18:00:00;4437.764957883517;6152.42875;['pressure', 'temperature']
2026-03-06 19:00:00;2951.0420775831035;3479.48725;['pressure', 'temperature']
2026-03-06 20:00:00;2987.958464623103;2790.91975;['pressure', 'temperature']
2026-03-06 21:00:00;2586.714780051898;2074.9595;['pressure', 'temperature']
2026-03-06 22:00:00;2299.308215723962;1739.635;['pressure', 'temperature']
2026-03-06 23:00:00;2302.0137600942426;2311.847;['pressure', 'temperature']
2026-03-07 00:00:00;2427.4504515204985;2138.156;['pressure', 'temperature']
2026-03-07 01:00:00;2616.4009313205033;2338.306;['pressure', 'temperature']
2026-03-07 02:00:00;2483.6648051327734;2584.2935;['pressure', 'temperature']
2026-03-07 03:00:00;2363.851545090857;1668.98875;['pressure', 'temperature']
2026-03-07 04:00:00;2349.286138169299;1610.39575;['pressure', 'temperature']
2026-03-07 05:00:00;2594.6845422479446;2070.308;['pressure', 'temperature']
2026-03-07 06:00:00;2783.311763713739;2090.612;['pressure', 'temperature']
2026-03-07 07:00:00;2980.829772331309;1457.96075;['pressure', 'temperature']
2026-03-07 08:00:00;2254.166067753104;756.50275;['pressure', 'temperature']
2026-03-07 09:00:00;2074.5168782986343;1590.6302500000002;['pressure', 'temperature']
2026-03-07 10:00:00;2238.6157691348412;1327.3035;['pressure', 'temperature']
2026-03-07 11:00:00;3107.544475394964;2811.17875;['pressure', 'temperature']
2026-03-07 12:00:00;3380.2166054121867;1682.80625;['pressure', 'temperature']
2026-03-07 13:00:00;2148.8912895897283;1354.13025;['pressure', 'temperature']
2026-03-07 14:00:00;2052.0335928376153;951.723;['pressure', 'temperature']
2026-03-07 15:00:00;3294.127357216611;2364.96775;['pressure', 'temperature']
2026-03-07 16:00:00;2156.2696810923817;2298.85875;['pressure', 'temperature']
2026-03-07 17:00:00;3128.450290851234;2192.87;['pressure', 'temperature']
2026-03-07 18:00:00;5330.67487235573;3587.63775;['pressure', 'temperature']
2026-03-07 19:00:00;3069.3341656588827;4620.41925;['pressure', 'temperature']
2026-03-07 20:00:00;3075.1177669574327;4156.529;['pressure', 'temperature']
2026-03-07 21:00:00;2955.6734157910632;2222.4085;['pressure', 'temperature']
2026-03-07 22:00:00;2085.7475761614396;4127.96075;['pressure', 'temperature']
2026-03-07 23:00:00;2547.927805134069;2806.2985;['pressure', 'temperature']
2026-03-08 00:00:00;2301.6875169559958;2072.6980000000003;['pressure', 'temperature']
2026-03-08 01:00:00;2605.600719699138;3777.8255;['pressure', 'temperature']
2026-03-08 02:00:00;2427.934519201983;1967.07825;['pressure', 'temperature']
2026-03-08 03:00:00;2210.4041291247254;2125.10075;['pressure', 'temperature']
2026-03-08 04:00:00;2119.2910679955376;2076.188;['pressure', 'temperature']
2026-03-08 05:00:00;2379.244544908056;2075.50675;['pressure', 'temperature']
2026-03-08 06:00:00;2561.3208809331372;1866.8475;['pressure', 'temperature']
2026-03-08 07:00:00;2317.480151783011;1325.2725;['pressure', 'temperature']
2026-03-08 08:00:00;1565.5096081429429;995.868;['pressure', 'temperature']
2026-03-08 09:00:00;1909.7058015416728;913.16325;['pressure', 'temperature']
2026-03-08 10:00:00;1811.5985680199312;1799.62;['pressure', 'temperature']
2026-03-08 11:00:00;2796.0342923423846;2870.49225;['pressure', 'temperature']
2026-03-08 12:00:00;2379.0191987858093;1250.2222499999998;['pressure', 'temperature']
2026-03-08 13:00:00;1660.932227218764;1831.10675;['pressure', 'temperature']
2026-03-08 14:00:00;1478.7582914492423;1428.14675;['pressure', 'temperature']
2026-03-08 15:00:00;2971.8794090242877;1477.5485;['pressure', 'temperature']
2026-03-08 16:00:00;2028.3824929525376;2029.1785;['pressure', 'temperature']
2026-03-08 17:00:00;2893.1260092014386;1926.54075;['pressure', 'temperature']
2026-03-08 18:00:00;4236.595131806285;3786.51925;['pressure', 'temperature']
2026-03-08 19:00:00;3350.2737941517144;3130.8587500000003;['pressure', 'temperature']
2026-03-08 20:00:00;3217.70723694952;4166.77175;['pressure', 'temperature']
2026-03-08 21:00:00;2484.3679336307478;3548.41575;['pressure', 'temperature']
2026-03-08 22:00:00;2747.0499522425744;2750.8852500000003;['pressure', 'temperature']
2026-03-08 23:00:00;2447.6146084575926;2077.47225;['pressure', 'temperature']
2026-03-09 00:00:00;1967.1350103595955;1669.124;['pressure', 'temperature']
2026-03-09 01:00:00;2576.215072256163;2920.80125;['pressure', 'temperature']
2026-03-09 02:00:00;2153.291876338698;2274.465;['pressure', 'temperature']
2026-03-09 03:00:00;2073.80360181216;1554.71575;['pressure', 'temperature']
2026-03-09 04:00:00;1972.4537546936667;1631.3594999999998;['pressure', 'temperature']
2026-03-09 05:00:00;2198.012848887324;3087.776;['pressure', 'temperature']
2026-03-09 06:00:00;2323.0586969833607;1866.8475;['pressure', 'temperature']
2026-03-09 07:00:00;1912.5964544505462;1325.2725;['pressure', 'temperature']
2026-03-09 08:00:00;2624.1982115744504;995.868;['pressure', 'temperature']
2026-03-09 09:00:00;1463.2432936974728;913.16325;['pressure', 'temperature']
2026-03-09 10:00:00;2029.5838842217495;2129.53325;['pressure', 'temperature']
2026-03-09 11:00:00;2753.9622955150926;2527.43425;['pressure', 'temperature']
2026-03-09 12:00:00;2217.076170656389;4109.2385;['pressure', 'temperature']
2026-03-09 13:00:00;1664.173990189182;2127.6040000000003;['pressure', 'temperature']
2026-03-09 14:00:00;1596.8827849316976;1350.60725;['pressure', 'temperature']
2026-03-09 15:00:00;2249.79990097945;2213.1385;['pressure', 'temperature']
2026-03-09 16:00:00;2197.0098552260915;1826.9195;['pressure', 'temperature']
2026-03-09 17:00:00;2577.128500013036;3601.039;['pressure', 'temperature']
2026-03-09 18:00:00;4010.802296021788;6124.2245;['pressure', 'temperature']
2026-03-09 19:00:00;2887.502267399815;3677.76775;['pressure', 'temperature']
2026-03-09 20:00:00;3213.7140149019515;2136.94175;['pressure', 'temperature']
2026-03-09 21:00:00;2693.951981499883;2988.7155;['pressure', 'temperature']
2026-03-09 22:00:00;2471.642464589436;2318.666;['pressure', 'temperature']
2026-03-09 23:00:00;2280.500523341375;1780.5255;['pressure', 'temperature']
2026-03-10 00:00:00;1959.033696708494;2910.68175;['pressure', 'temperature']
2026-03-10 01:00:00;2580.477124087216;1606.8917499999998;['pressure', 'temperature']
2026-03-10 02:00:00;2345.911815063687;1834.1555;['pressure', 'temperature']
2026-03-10 03:00:00;2092.8071307922537;1829.8265;['pressure', 'temperature']
2026-03-10 04:00:00;2172.3446636670233;1621.01425;['pressure', 'temperature']
2026-03-10 05:00:00;2827.742893474473;2817.76325;['pressure', 'temperature']
2026-03-10 06:00:00;2570.4871308352394;2770.8007500000003;['pressure', 'temperature']
2026-03-10 07:00:00;2202.2758200226835;3333.38175;['pressure', 'temperature']
2026-03-10 08:00:00;1750.6858515708282;2793.15375;['pressure', 'temperature']
2026-03-10 09:00:00;1669.7332018934721;1767.713;['pressure', 'temperature']
2026-03-10 10:00:00;2138.5179936346613;2210.927;['pressure', 'temperature']
2026-03-10 11:00:00;2811.7610522063815;3412.94075;['pressure', 'temperature']
2026-03-10 12:00:00;3116.6786305382248;4061.66425;['pressure', 'temperature']
2026-03-10 13:00:00;2139.420766405554;4106.809499999999;['pressure', 'temperature']
2026-03-10 14:00:00;1889.4667815560551;2908.1775;['pressure', 'temperature']
2026-03-10 15:00:00;2634.36650186562;2550.7335;['pressure', 'temperature']
2026-03-10 16:00:00;2579.741004176165;1788.1075;['pressure', 'temperature']
2026-03-10 17:00:00;3453.048628978946;2544.117;['pressure', 'temperature']
2026-03-10 18:00:00;5459.013625841595;5236.5315;['pressure', 'temperature']
2026-03-10 19:00:00;3436.5820581597527;3303.29325;['pressure', 'temperature']
2026-03-10 20:00:00;2734.1314721172666;4674.07575;['pressure', 'temperature']
2026-03-10 21:00:00;2696.640097041216;2431.65825;['pressure', 'temperature']
2026-03-10 22:00:00;2723.0111103864892;2185.2885;['pressure', 'temperature']
2026-03-10 23:00:00;4064.469753659356;2130.8632500000003;['pressure', 'temperature']
2026-03-11 00:00:00;2545.808700579465;1892.9767500000005;['pressure', 'temperature']
2026-03-11 01:00:00;2687.278702155204;2013.29275;['pressure', 'temperature']
2026-03-11 02:00:00;2446.672833676883;1828.167;['pressure', 'temperature']
2026-03-11 03:00:00;2332.3826737467975;1877.80425;['pressure', 'temperature']
2026-03-11 04:00:00;2153.20016354881;1892.7795;['pressure', 'temperature']
2026-03-11 05:00:00;2704.0099681668594;3109.4265;['pressure', 'temperature']
2026-03-11 06:00:00;2698.4552912907;2762.2815;['pressure', 'temperature']
2026-03-11 07:00:00;2639.635239761307;2268.42275;['pressure', 'temperature']
2026-03-11 08:00:00;2020.1182077948793;1332.15575;['pressure', 'temperature']
2026-03-11 09:00:00;1822.744825236912;946.02025;['pressure', 'temperature']
2026-03-11 10:00:00;2004.6671739010073;2953.6225000000004;['pressure', 'temperature']
2026-03-11 11:00:00;2892.05998134669;3048.2492500000003;['pressure', 'temperature']
2026-03-11 12:00:00;3127.5868052825017;1016.1849999999998;['pressure', 'temperature']
2026-03-11 13:00:00;2613.0638537871896;735.11675;['pressure', 'temperature']
2026-03-11 14:00:00;2277.3328842982746;1102.20775;['pressure', 'temperature']
2026-03-11 15:00:00;2550.7009871509513;2617.099;['pressure', 'temperature']
2026-03-11 16:00:00;2160.5161657683343;3511.27;['pressure', 'temperature']
2026-03-11 17:00:00;2962.425870669011;2191.68175;['pressure', 'temperature']
2026-03-11 18:00:00;4506.668162998412;3577.4475;['pressure', 'temperature']
2026-03-11 19:00:00;3271.2908546912277;4741.882250000001;['pressure', 'temperature']
2026-03-11 20:00:00;3681.455411894046;2768.617;['pressure', 'temperature']
2026-03-11 21:00:00;2884.8579246730164;3223.21725;['pressure', 'temperature']
2026-03-11 22:00:00;2656.7498054673456;2263.3005;['pressure', 'temperature']
2026-03-11 23:00:00;2474.9572262578895;1655.887;['pressure', 'temperature']
2026-02-21 00:00:00;3558.363700918844;3220.53525;['precipitation', 'temperature']
2026-02-21 01:00:00;3652.374480792695;4944.16275;['precipitation', 'temperature']
2026-02-21 02:00:00;3479.3363418063514;3109.51675;['precipitation', 'temperature']
2026-02-21 03:00:00;3045.7640937373185;3107.83475;['precipitation', 'temperature']
2026-02-21 04:00:00;3350.4682418383036;3534.54725;['precipitation', 'temperature']
2026-02-21 05:00:00;3402.5088601360335;3540.4435;['precipitation', 'temperature']
2026-02-21 06:00:00;3356.697580805826;2907.9265;['precipitation', 'temperature']
2026-02-21 07:00:00;3518.807941737674;3075.088;['precipitation', 'temperature']
2026-02-21 08:00:00;3451.4939202183596;3908.9975;['precipitation', 'temperature']
2026-02-21 09:00:00;3845.767052402228;5084.14325;['precipitation', 'temperature']
2026-02-21 10:00:00;3402.2406320373166;3648.72875;['precipitation', 'temperature']
2026-02-21 11:00:00;3332.718722499958;2904.00575;['precipitation', 'temperature']
2026-02-21 12:00:00;3156.0195643932157;3646.29625;['precipitation', 'temperature']
2026-02-21 13:00:00;3092.189227513239;3093.9895;['precipitation', 'temperature']
2026-02-21 14:00:00;3487.4603235726636;3318.7700000000004;['precipitation', 'temperature']
2026-02-21 15:00:00;3043.6804054690992;3322.10225;['precipitation', 'temperature']
2026-02-21 16:00:00;3154.141707992655;3020.13275;['precipitation', 'temperature']
2026-02-21 17:00:00;3581.7281223485415;2320.5085;['precipitation', 'temperature']
2026-02-21 18:00:00;4260.190095007384;3975.71575;['precipitation', 'temperature']
2026-02-21 19:00:00;3134.3662178384184;3784.02475;['precipitation', 'temperature']
2026-02-21 20:00:00;3045.7769875401905;3627.47425;['precipitation', 'temperature']
2026-02-21 21:00:00;3041.298453981278;4353.26275;['precipitation', 'temperature']
2026-02-21 22:00:00;2779.6373118244146;3946.12675;['precipitation', 'temperature']
2026-02-21 23:00:00;3006.589420603064;2380.04225;['precipitation', 'temperature']
2026-02-22 00:00:00;2559.387103578186;2629.34925;['precipitation', 'temperature']
2026-02-22 01:00:00;2995.9287439545988;2120.21475;['precipitation', 'temperature']
2026-02-22 02:00:00;2857.118631530079;2591.9735000000005;['precipitation', 'temperature']
2026-02-22 03:00:00;2255.764968593026;2107.6405;['precipitation', 'temperature']
2026-02-22 04:00:00;2389.7149077697236;2663.44675;['precipitation', 'temperature']
2026-02-22 05:00:00;2919.018537682228;2201.2252500000004;['precipitation', 'temperature']
2026-02-22 06:00:00;2867.314606399961;3617.4885;['precipitation', 'temperature']
2026-02-22 07:00:00;2701.372311350608;2402.6565;['precipitation', 'temperature']
2026-02-22 08:00:00;2942.919910522037;2474.27325;['precipitation', 'temperature']
2026-02-22 09:00:00;3068.675538731205;2407.15;['precipitation', 'temperature']
2026-02-22 10:00:00;2864.73529391642;2644.01375;['precipitation', 'temperature']
2026-02-22 11:00:00;3215.6710200253992;2835.98975;['precipitation', 'temperature']
2026-02-22 12:00:00;3219.1044901740943;2392.25975;['precipitation', 'temperature']
2026-02-22 13:00:00;2992.7778664473344;2305.58525;['precipitation', 'temperature']
2026-02-22 14:00:00;2950.9272490094477;3217.099;['precipitation', 'temperature']
2026-02-22 15:00:00;2528.8830805512102;1857.12725;['precipitation', 'temperature']
2026-02-22 16:00:00;2711.5025390030537;1684.09225;['precipitation', 'temperature']
2026-02-22 17:00:00;3702.7179284477825;2181.636;['precipitation', 'temperature']
2026-02-22 18:00:00;4249.747756507044;3896.849;['precipitation', 'temperature']
2026-02-22 19:00:00;3060.110624418983;2929.2675;['precipitation', 'temperature']
2026-02-22 20:00:00;3218.333348853991;3539.39125;['precipitation', 'temperature']
2026-02-22 21:00:00;3114.821018327406;3225.271;['precipitation', 'temperature']
2026-02-22 22:00:00;2500.9108636001706;2870.692;['precipitation', 'temperature']
2026-02-22 23:00:00;2507.2008430233764;2738.51825;['precipitation', 'temperature']
2026-02-23 00:00:00;2554.787380386768;1746.72925;['precipitation', 'temperature']
2026-02-23 01:00:00;2476.628686265287;2174.40925;['precipitation', 'temperature']
2026-02-23 02:00:00;2270.481614996678;2312.4432500000003;['precipitation', 'temperature']
2026-02-23 03:00:00;2183.195375652609;2503.66025;['precipitation', 'temperature']
2026-02-23 04:00:00;2296.893405380511;2444.362;['precipitation', 'temperature']
2026-02-23 05:00:00;2388.506602486932;2905.5025;['precipitation', 'temperature']
2026-02-23 06:00:00;2322.4819070901694;2810.3165;['precipitation', 'temperature']
2026-02-23 07:00:00;2526.0267504955523;3784.323;['precipitation', 'temperature']
2026-02-23 08:00:00;2553.6401889525546;3324.1055;['precipitation', 'temperature']
2026-02-23 09:00:00;2808.418998006814;2637.14525;['precipitation', 'temperature']
2026-02-23 10:00:00;2774.9146803538724;2564.26675;['precipitation', 'temperature']
2026-02-23 11:00:00;2544.2571155849037;2422.39275;['precipitation', 'temperature']
2026-02-23 12:00:00;2483.3344991266476;1688.8627499999998;['precipitation', 'temperature']
2026-02-23 13:00:00;2275.5968251150553;1263.13575;['precipitation', 'temperature']
2026-02-23 14:00:00;2247.5936753675273;2432.09175;['precipitation', 'temperature']
2026-02-23 15:00:00;2271.9521047013195;3639.514;['precipitation', 'temperature']
2026-02-23 16:00:00;2662.366641893993;3844.585;['precipitation', 'temperature']
2026-02-23 17:00:00;3751.159989893772;7690.8945;['precipitation', 'temperature']
2026-02-23 18:00:00;3869.533660405763;7286.809499999999;['precipitation', 'temperature']
2026-02-23 19:00:00;3257.3594692088996;1459.71375;['precipitation', 'temperature']
2026-02-23 20:00:00;3395.438994036603;2066.23975;['precipitation', 'temperature']
2026-02-23 21:00:00;3386.4167373617297;4231.92425;['precipitation', 'temperature']
2026-02-23 22:00:00;2844.1000431449716;3387.08275;['precipitation', 'temperature']
2026-02-23 23:00:00;2774.0452771094506;2707.083;['precipitation', 'temperature']
2026-02-24 00:00:00;3044.969399279324;2087.3587500000003;['precipitation', 'temperature']
2026-02-24 01:00:00;3202.850531220841;2805.0935;['precipitation', 'temperature']
2026-02-24 02:00:00;2549.6776955480373;2305.28275;['precipitation', 'temperature']
2026-02-24 03:00:00;2474.4698124427896;2668.79575;['precipitation', 'temperature']
2026-02-24 04:00:00;2584.7749162508776;2515.11175;['precipitation', 'temperature']
2026-02-24 05:00:00;2662.3733632378503;3203.1455;['precipitation', 'temperature']
2026-02-24 06:00:00;2821.711115117687;2993.927;['precipitation', 'temperature']
2026-02-24 07:00:00;2839.306341332816;3073.1355000000003;['precipitation', 'temperature']
2026-02-24 08:00:00;2930.2379732152435;3171.7027500000004;['precipitation', 'temperature']
2026-02-24 09:00:00;3600.283677139295;3257.02575;['precipitation', 'temperature']
2026-02-24 10:00:00;2933.6926527826026;2908.47525;['precipitation', 'temperature']
2026-02-24 11:00:00;2938.550191480896;2711.759;['precipitation', 'temperature']
2026-02-24 12:00:00;3084.541301962309;2309.90175;['precipitation', 'temperature']
2026-02-24 13:00:00;2896.022336226408;739.952;['precipitation', 'temperature']
2026-02-24 14:00:00;2801.2750680221493;2432.09175;['precipitation', 'temperature']
2026-02-24 15:00:00;2560.500271573833;3639.514;['precipitation', 'temperature']
2026-02-24 16:00:00;2861.881935785519;3844.585;['precipitation', 'temperature']
2026-02-24 17:00:00;3036.7971116624544;7690.8945;['precipitation', 'temperature']
2026-02-24 18:00:00;4390.734600394185;7286.809499999999;['precipitation', 'temperature']
2026-02-24 19:00:00;3260.811776010357;1459.71375;['precipitation', 'temperature']
2026-02-24 20:00:00;3379.7470994039472;2066.23975;['precipitation', 'temperature']
2026-02-24 21:00:00;3237.0553930642595;4231.92425;['precipitation', 'temperature']
2026-02-24 22:00:00;2903.047996871184;3387.08275;['precipitation', 'temperature']
2026-02-24 23:00:00;2624.3714476041623;2707.083;['precipitation', 'temperature']
2026-02-25 00:00:00;2670.260653813692;2087.3587500000003;['precipitation', 'temperature']
2026-02-25 01:00:00;2765.684265842208;2805.0935;['precipitation', 'temperature']
2026-02-25 02:00:00;2596.6596146316238;2305.28275;['precipitation', 'temperature']
2026-02-25 03:00:00;2669.9482150104236;2668.79575;['precipitation', 'temperature']
2026-02-25 04:00:00;2826.0569905443876;2515.11175;['precipitation', 'temperature']
2026-02-25 05:00:00;2939.4773966172356;3203.1455;['precipitation', 'temperature']
2026-02-25 06:00:00;2979.390373267022;2993.927;['precipitation', 'temperature']
2026-02-25 07:00:00;3138.573974427125;3073.1355000000003;['precipitation', 'temperature']
2026-02-25 08:00:00;3039.070128762107;3171.7027500000004;['precipitation', 'temperature']
2026-02-25 09:00:00;3131.325082995446;3257.02575;['precipitation', 'temperature']
2026-02-25 10:00:00;2661.4949563737605;2908.47525;['precipitation', 'temperature']
2026-02-25 11:00:00;2639.443129553274;2711.759;['precipitation', 'temperature']
2026-02-25 12:00:00;2633.8697589325334;2309.90175;['precipitation', 'temperature']
2026-02-25 13:00:00;2305.522198296864;739.952;['precipitation', 'temperature']
2026-02-25 14:00:00;2473.381103835756;1733.7510000000002;['precipitation', 'temperature']
2026-02-25 15:00:00;2637.687315956497;2727.55;['precipitation', 'temperature']
2026-02-25 16:00:00;2942.8620844724487;2268.04875;['precipitation', 'temperature']
2026-02-25 17:00:00;4198.30166286504;2185.0825;['precipitation', 'temperature']
2026-02-25 18:00:00;4805.596002894723;5401.65;['precipitation', 'temperature']
2026-02-25 19:00:00;3158.030060458265;4408.7265;['precipitation', 'temperature']
2026-02-25 20:00:00;3622.0000857484574;3120.36225;['precipitation', 'temperature']
2026-02-25 21:00:00;3732.4020180671505;2523.31;['precipitation', 'temperature']
2026-02-25 22:00:00;3050.514874147634;2395.0051041666666;['precipitation', 'temperature']
2026-02-25 23:00:00;2831.0712804737045;2266.700208333333;['precipitation', 'temperature']
2026-02-26 00:00:00;2499.4584921685487;2138.3953125;['precipitation', 'temperature']
2026-02-26 01:00:00;3125.0680325477238;2010.0904166666664;['precipitation', 'temperature']
2026-02-26 02:00:00;2623.674676116147;1881.785520833333;['precipitation', 'temperature']
2026-02-26 03:00:00;2610.787826057725;1753.4806249999997;['precipitation', 'temperature']
2026-02-26 04:00:00;2656.2562371780523;1625.1757291666663;['precipitation', 'temperature']
2026-02-26 05:00:00;2901.3972579439005;1496.8708333333332;['precipitation', 'temperature']
2026-02-26 06:00:00;2834.007758512697;1368.5659374999998;['precipitation', 'temperature']
2026-02-26 07:00:00;3118.6059355208768;1240.2610416666664;['precipitation', 'temperature']
2026-02-26 08:00:00;3265.4883908518664;1111.956145833333;['precipitation', 'temperature']
2026-02-26 09:00:00;3111.5248198989766;983.65125;['precipitation', 'temperature']
2026-02-26 10:00:00;2672.6949969717157;1833.2985;['precipitation', 'temperature']
2026-02-26 11:00:00;2686.8992488672766;3650.50475;['precipitation', 'temperature']
2026-02-26 12:00:00;2399.5964395926458;3347.99625;['precipitation', 'temperature']
2026-02-26 13:00:00;1461.1489034486108;4618.702;['precipitation', 'temperature']
2026-02-26 14:00:00;2249.046904701131;4011.90325;['precipitation', 'temperature']
2026-02-26 15:00:00;2277.899621001566;3309.00375;['precipitation', 'temperature']
2026-02-26 16:00:00;2570.0519917343063;2059.02025;['precipitation', 'temperature']
2026-02-26 17:00:00;3981.9918988685786;2137.0;['precipitation', 'temperature']
2026-02-26 18:00:00;4842.418544874411;5895.00775;['precipitation', 'temperature']
2026-02-26 19:00:00;3001.3640403780746;3952.2635;['precipitation', 'temperature']
2026-02-26 20:00:00;2952.8523013038653;3048.434;['precipitation', 'temperature']
2026-02-26 21:00:00;3002.7500095049586;2100.1352500000003;['precipitation', 'temperature']
2026-02-26 22:00:00;2688.5692332093254;2277.26325;['precipitation', 'temperature']
2026-02-26 23:00:00;2500.11126206884;2650.38725;['precipitation', 'temperature']
2026-02-27 00:00:00;2532.0316647479103;2599.7665;['precipitation', 'temperature']
2026-02-27 01:00:00;2588.7954461402396;2229.40875;['precipitation', 'temperature']
2026-02-27 02:00:00;2328.58836653416;3347.22275;['precipitation', 'temperature']
2026-02-27 03:00:00;2311.4066937839198;2196.732;['precipitation', 'temperature']
2026-02-27 04:00:00;2405.4209030690595;2473.217;['precipitation', 'temperature']
2026-02-27 05:00:00;2563.5987700684377;2305.593;['precipitation', 'temperature']
2026-02-27 06:00:00;2567.600547277622;2977.48975;['precipitation', 'temperature']
2026-02-27 07:00:00;2765.8660698980407;3342.68125;['precipitation', 'temperature']
2026-02-27 08:00:00;2708.3357452062655;1551.13275;['precipitation', 'temperature']
2026-02-27 09:00:00;2524.9567487430277;1172.703;['precipitation', 'temperature']
2026-02-27 10:00:00;2454.8366193768006;1888.36825;['precipitation', 'temperature']
2026-02-27 11:00:00;2445.290478043441;3043.5535;['precipitation', 'temperature']
2026-02-27 12:00:00;2572.363052720032;2145.57025;['precipitation', 'temperature']
2026-02-27 13:00:00;2161.3824931648196;756.018;['precipitation', 'temperature']
2026-02-27 14:00:00;2587.0300717684545;761.868;['precipitation', 'temperature']
2026-02-27 15:00:00;2192.176522066585;1121.75;['precipitation', 'temperature']
2026-02-27 16:00:00;2466.9419217821314;1032.1845;['precipitation', 'temperature']
2026-02-27 17:00:00;2752.8710460100046;3098.913;['precipitation', 'temperature']
2026-02-27 18:00:00;4255.62757620903;2677.49625;['precipitation', 'temperature']
2026-02-27 19:00:00;2986.161069111047;2556.239;['precipitation', 'temperature']
2026-02-27 20:00:00;2146.3923883802;2869.5155;['precipitation', 'temperature']
2026-02-27 21:00:00;2716.309099368333;3065.46925;['precipitation', 'temperature']
2026-02-27 22:00:00;2375.820028606907;2299.8542500000003;['precipitation', 'temperature']
2026-02-27 23:00:00;2399.057393169764;2289.7025000000003;['precipitation', 'temperature']
2026-02-28 00:00:00;2231.2000377895806;2230.26675;['precipitation', 'temperature']
2026-02-28 01:00:00;2368.1378617465307;2372.79925;['precipitation', 'temperature']
2026-02-28 02:00:00;2305.0298601164095;2630.50125;['precipitation', 'temperature']
2026-02-28 03:00:00;2294.2229569385763;1981.921;['precipitation', 'temperature']
2026-02-28 04:00:00;2406.4614907714786;1977.72725;['precipitation', 'temperature']
2026-02-28 05:00:00;2572.1456379753317;1957.68675;['precipitation', 'temperature']
2026-02-28 06:00:00;2589.33857188243;1896.85625;['precipitation', 'temperature']
2026-02-28 07:00:00;2784.1835994432013;1561.8505;['precipitation', 'temperature']
2026-02-28 08:00:00;2782.81720218138;1123.34475;['precipitation', 'temperature']
2026-02-28 09:00:00;2643.0733707954532;1466.5585;['precipitation', 'temperature']
2026-02-28 10:00:00;2019.447150310613;1740.317;['precipitation', 'temperature']
2026-02-28 11:00:00;2085.8243876581837;2625.6695;['precipitation', 'temperature']
2026-02-28 12:00:00;1865.7820278214217;3085.0835;['precipitation', 'temperature']
2026-02-28 13:00:00;1556.666857983902;1037.36475;['precipitation', 'temperature']
2026-02-28 14:00:00;1619.4696848079354;961.63275;['precipitation', 'temperature']
2026-02-28 15:00:00;1768.3662564346546;954.55475;['precipitation', 'temperature']
2026-02-28 16:00:00;1847.5498840052824;1533.92725;['precipitation', 'temperature']
2026-02-28 17:00:00;3379.3085575946675;2240.077;['precipitation', 'temperature']
2026-02-28 18:00:00;4118.226781582538;2810.08325;['precipitation', 'temperature']
2026-02-28 19:00:00;2449.359384711864;3149.1015;['precipitation', 'temperature']
2026-02-28 20:00:00;2906.955614405505;3243.71375;['precipitation', 'temperature']
2026-02-28 21:00:00;3068.7384748049694;2889.52425;['precipitation', 'temperature']
2026-02-28 22:00:00;2582.049604103756;2945.9410000000003;['precipitation', 'temperature']
2026-02-28 23:00:00;2470.531945636271;3344.285;['precipitation', 'temperature']
2026-03-01 00:00:00;2814.830341135029;4005.7825;['precipitation', 'temperature']
2026-03-01 01:00:00;2441.3809645687525;3224.6197500000003;['precipitation', 'temperature']
2026-03-01 02:00:00;2176.275048388751;2222.49475;['precipitation', 'temperature']
2026-03-01 03:00:00;2219.371852669798;2238.53325;['precipitation', 'temperature']
2026-03-01 04:00:00;2249.466399378093;2105.89225;['precipitation', 'temperature']
2026-03-01 05:00:00;2533.626258894032;1895.93;['precipitation', 'temperature']
2026-03-01 06:00:00;2450.8415889346934;1915.9515;['precipitation', 'temperature']
2026-03-01 07:00:00;2948.6480127502996;1744.8925;['precipitation', 'temperature']
2026-03-01 08:00:00;2740.0363594244045;1552.0675;['precipitation', 'temperature']
2026-03-01 09:00:00;2828.6881755583036;1486.991;['precipitation', 'temperature']
2026-03-01 10:00:00;2267.876721502633;1424.3685;['precipitation', 'temperature']
2026-03-01 11:00:00;2420.7645172624702;1848.2955;['precipitation', 'temperature']
2026-03-01 12:00:00;2454.889936556534;2020.3935;['precipitation', 'temperature']
2026-03-01 13:00:00;2539.9109997746905;1075.92025;['precipitation', 'temperature']
2026-03-01 14:00:00;2506.0060658593316;2221.634;['precipitation', 'temperature']
2026-03-01 15:00:00;2782.5616470319687;1621.3802500000002;['precipitation', 'temperature']
2026-03-01 16:00:00;2990.2105440377136;2940.9017500000004;['precipitation', 'temperature']
2026-03-01 17:00:00;3673.4589584748915;3469.55025;['precipitation', 'temperature']
2026-03-01 18:00:00;4340.98182646647;3401.025;['precipitation', 'temperature']
2026-03-01 19:00:00;3028.9335585471686;4648.9400000000005;['precipitation', 'temperature']
2026-03-01 20:00:00;3525.1567659793564;3172.72825;['precipitation', 'temperature']
2026-03-01 21:00:00;3422.8694031810355;3724.67375;['precipitation', 'temperature']
2026-03-01 22:00:00;3046.5939386741607;2194.51425;['precipitation', 'temperature']
2026-03-01 23:00:00;2999.5125743899325;2766.385;['precipitation', 'temperature']
2026-03-02 00:00:00;2821.295395102883;3246.745;['precipitation', 'temperature']
2026-03-02 01:00:00;2744.0597392365235;2790.22925;['precipitation', 'temperature']
2026-03-02 02:00:00;2413.6865287393407;2155.6665;['precipitation', 'temperature']
2026-03-02 03:00:00;2278.947354762594;2621.298;['precipitation', 'temperature']
2026-03-02 04:00:00;2375.297889822193;2217.16675;['precipitation', 'temperature']
2026-03-02 05:00:00;2433.2273839747054;2487.078;['precipitation', 'temperature']
2026-03-02 06:00:00;2437.2646002318006;3034.98225;['precipitation', 'temperature']
2026-03-02 07:00:00;2575.3208735269623;703.9855;['precipitation', 'temperature']
2026-03-02 08:00:00;2380.8636561294747;3024.90775;['precipitation', 'temperature']
2026-03-02 09:00:00;2450.84381895363;1042.5125;['precipitation', 'temperature']
2026-03-02 10:00:00;2051.9356499673577;1443.9805;['precipitation', 'temperature']
2026-03-02 11:00:00;2200.1487519457446;3115.7045;['precipitation', 'temperature']
2026-03-02 12:00:00;2063.8055627157855;3578.4032500000003;['precipitation', 'temperature']
2026-03-02 13:00:00;1649.1708066717479;4828.33975;['precipitation', 'temperature']
2026-03-02 14:00:00;1920.662863292067;4235.00525;['precipitation', 'temperature']
2026-03-02 15:00:00;1897.5556817545812;4154.5925;['precipitation', 'temperature']
2026-03-02 16:00:00;2225.607075516442;2162.64175;['precipitation', 'temperature']
2026-03-02 17:00:00;4259.037788682286;2929.2985;['precipitation', 'temperature']
2026-03-02 18:00:00;5245.3438344226115;4386.6975;['precipitation', 'temperature']
2026-03-02 19:00:00;3077.2261005942632;3566.40925;['precipitation', 'temperature']
2026-03-02 20:00:00;3239.9240062360163;3250.582;['precipitation', 'temperature']
2026-03-02 21:00:00;3295.8364906953807;2445.295;['precipitation', 'temperature']
2026-03-02 22:00:00;2584.5715021052574;3048.3762500000003;['precipitation', 'temperature']
2026-03-02 23:00:00;2548.632571628016;2899.3835;['precipitation', 'temperature']
2026-03-03 00:00:00;2616.434249471875;2072.42525;['precipitation', 'temperature']
2026-03-03 01:00:00;2754.839051000477;2646.535;['precipitation', 'temperature']
2026-03-03 02:00:00;2543.076333484914;2631.8955;['precipitation', 'temperature']
2026-03-03 03:00:00;2417.411806662659;3036.797;['precipitation', 'temperature']
2026-03-03 04:00:00;2659.457298700911;2119.68425;['precipitation', 'temperature']
2026-03-03 05:00:00;2733.5542053957865;2895.75175;['precipitation', 'temperature']
2026-03-03 06:00:00;2836.329842457658;3432.59825;['precipitation', 'temperature']
2026-03-03 07:00:00;2658.902475876558;524.39675;['precipitation', 'temperature']
2026-03-03 08:00:00;2440.7456036974954;1743.91575;['precipitation', 'temperature']
2026-03-03 09:00:00;1831.662185695138;1520.6104999999998;['precipitation', 'temperature']
2026-03-03 10:00:00;1602.0103621303942;1320.03525;['precipitation', 'temperature']
2026-03-03 11:00:00;2065.548897564824;2607.65675;['precipitation', 'temperature']
2026-03-03 12:00:00;2046.7697028409066;4472.4735;['precipitation', 'temperature']
2026-03-03 13:00:00;1303.7944216512344;4663.9335;['precipitation', 'temperature']
2026-03-03 14:00:00;1886.3888485538782;4119.155;['precipitation', 'temperature']
2026-03-03 15:00:00;2035.7629537714906;3445.13;['precipitation', 'temperature']
2026-03-03 16:00:00;2186.7830018359973;2418.37475;['precipitation', 'temperature']
2026-03-03 17:00:00;3313.891612651699;3358.39975;['precipitation', 'temperature']
2026-03-03 18:00:00;4841.684278259269;6378.4400000000005;['precipitation', 'temperature']
2026-03-03 19:00:00;3200.876010288828;2789.0335;['precipitation', 'temperature']
2026-03-03 20:00:00;3239.789216491658;3805.4915;['precipitation', 'temperature']
2026-03-03 21:00:00;3100.2812317984467;3770.307;['precipitation', 'temperature']
2026-03-03 22:00:00;2854.4315731614806;2653.62925;['precipitation', 'temperature']
2026-03-03 23:00:00;2653.004925322119;2743.64325;['precipitation', 'temperature']
2026-03-04 00:00:00;2597.763970145229;2341.52875;['precipitation', 'temperature']
2026-03-04 01:00:00;2454.8257314932152;2976.6625;['precipitation', 'temperature']
2026-03-04 02:00:00;2536.8097884646168;2663.9955;['precipitation', 'temperature']
2026-03-04 03:00:00;2619.250926650747;2132.85775;['precipitation', 'temperature']
2026-03-04 04:00:00;2663.3364831632152;2686.453;['precipitation', 'temperature']
2026-03-04 05:00:00;2748.9059928296333;2480.783;['precipitation', 'temperature']
2026-03-04 06:00:00;2773.4610154971842;2484.50025;['precipitation', 'temperature']
2026-03-04 07:00:00;1853.0479383658271;3750.57025;['precipitation', 'temperature']
2026-03-04 08:00:00;2295.39879891273;962.9825;['precipitation', 'temperature']
2026-03-04 09:00:00;2614.6551216381504;913.50825;['precipitation', 'temperature']
2026-03-04 10:00:00;1738.0546705168651;2335.989;['precipitation', 'temperature']
2026-03-04 11:00:00;2465.468238143467;2978.1815;['precipitation', 'temperature']
2026-03-04 12:00:00;2912.1094429130135;4587.24025;['precipitation', 'temperature']
2026-03-04 13:00:00;2818.3689308978032;4646.554749999999;['precipitation', 'temperature']
2026-03-04 14:00:00;2435.5394178855777;4490.52625;['precipitation', 'temperature']
2026-03-04 15:00:00;2034.5652225196914;3957.3565;['precipitation', 'temperature']
2026-03-04 16:00:00;2133.1046474327686;2997.356;['precipitation', 'temperature']
2026-03-04 17:00:00;3469.5124920270746;1464.8985;['precipitation', 'temperature']
2026-03-04 18:00:00;3546.2138403042336;4648.4705;['precipitation', 'temperature']
2026-03-04 19:00:00;2788.177243038809;4129.09025;['precipitation', 'temperature']
2026-03-04 20:00:00;3123.1998485995105;3670.78525;['precipitation', 'temperature']
2026-03-04 21:00:00;3210.698155829975;2636.34375;['precipitation', 'temperature']
2026-03-04 22:00:00;2791.2994686535058;3060.88225;['precipitation', 'temperature']
2026-03-04 23:00:00;2870.855713014914;3818.83625;['precipitation', 'temperature']
2026-03-05 00:00:00;3220.489269532194;2839.1465;['precipitation', 'temperature']
2026-03-05 01:00:00;3002.3125211515057;2795.9970000000003;['precipitation', 'temperature']
2026-03-05 02:00:00;2765.011489144616;2804.9217500000004;['precipitation', 'temperature']
2026-03-05 03:00:00;2714.1903236873513;2636.8767500000004;['precipitation', 'temperature']
2026-03-05 04:00:00;2881.210805235364;2252.3625;['precipitation', 'temperature']
2026-03-05 05:00:00;2954.303486585091;2891.4347500000003;['precipitation', 'temperature']
2026-03-05 06:00:00;3196.4920389082254;3542.1585;['precipitation', 'temperature']
2026-03-05 07:00:00;3342.2276120969686;4354.528;['precipitation', 'temperature']
2026-03-05 08:00:00;2576.810680229057;2665.74625;['precipitation', 'temperature']
2026-03-05 09:00:00;2199.165091076185;1302.7145;['precipitation', 'temperature']
2026-03-05 10:00:00;2710.3130028946193;2217.8925;['precipitation', 'temperature']
2026-03-05 11:00:00;2730.788927211436;1661.2067499999998;['precipitation', 'temperature']
2026-03-05 12:00:00;3169.179598683636;1502.9172500000002;['precipitation', 'temperature']
2026-03-05 13:00:00;2516.259661050467;869.1479999999999;['precipitation', 'temperature']
2026-03-05 14:00:00;2568.853044285324;1631.13325;['precipitation', 'temperature']
2026-03-05 15:00:00;2777.185204937795;3945.8165;['precipitation', 'temperature']
2026-03-05 16:00:00;2532.9703510722475;2468.259;['precipitation', 'temperature']
2026-03-05 17:00:00;3124.992629038805;3224.5152499999995;['precipitation', 'temperature']
2026-03-05 18:00:00;5590.907236448569;5428.21475;['precipitation', 'temperature']
2026-03-05 19:00:00;3666.4416686988343;3815.672;['precipitation', 'temperature']
2026-03-05 20:00:00;3493.099893585675;4185.101;['precipitation', 'temperature']
2026-03-05 21:00:00;3342.681209066129;2708.38675;['precipitation', 'temperature']
2026-03-05 22:00:00;2867.321437688479;2625.80675;['precipitation', 'temperature']
2026-03-05 23:00:00;2893.895107161733;2412.5550000000003;['precipitation', 'temperature']
2026-03-06 00:00:00;2358.854725783882;2537.2190000000005;['precipitation', 'temperature']
2026-03-06 01:00:00;2773.6717129890108;2795.9970000000003;['precipitation', 'temperature']
2026-03-06 02:00:00;2588.5908445496902;2804.9217500000004;['precipitation', 'temperature']
2026-03-06 03:00:00;2517.9377433723303;2636.8767500000004;['precipitation', 'temperature']
2026-03-06 04:00:00;2561.8288504950565;2252.3625;['precipitation', 'temperature']
2026-03-06 05:00:00;2709.822811007516;2891.4347500000003;['precipitation', 'temperature']
2026-03-06 06:00:00;2893.722180100954;3542.1585;['precipitation', 'temperature']
2026-03-06 07:00:00;3136.934959798113;4354.528;['precipitation', 'temperature']
2026-03-06 08:00:00;2599.9639295416473;1813.133;['precipitation', 'temperature']
2026-03-06 09:00:00;2635.0160567555486;1455.8512500000002;['precipitation', 'temperature']
2026-03-06 10:00:00;2194.771098462983;2485.7415;['precipitation', 'temperature']
2026-03-06 11:00:00;2475.5843737895143;4530.7165;['precipitation', 'temperature']
2026-03-06 12:00:00;2231.9942918100987;4249.43025;['precipitation', 'temperature']
2026-03-06 13:00:00;1427.887684504507;2027.85775;['precipitation', 'temperature']
2026-03-06 14:00:00;2454.8763403923385;1419.4865;['precipitation', 'temperature']
2026-03-06 15:00:00;2945.002266564132;3713.09525;['precipitation', 'temperature']
2026-03-06 16:00:00;2700.037236389901;2572.8035;['precipitation', 'temperature']
2026-03-06 17:00:00;2837.7055645040114;3580.1215;['precipitation', 'temperature']
2026-03-06 18:00:00;4440.112557695412;6152.42875;['precipitation', 'temperature']
2026-03-06 19:00:00;2962.0424670946577;3479.48725;['precipitation', 'temperature']
2026-03-06 20:00:00;2984.1459475150705;2790.91975;['precipitation', 'temperature']
2026-03-06 21:00:00;2639.6952268747555;2074.9595;['precipitation', 'temperature']
2026-03-06 22:00:00;2367.965532496192;1739.635;['precipitation', 'temperature']
2026-03-06 23:00:00;2445.7736922941313;2311.847;['precipitation', 'temperature']
2026-03-07 00:00:00;2451.340568942949;2138.156;['precipitation', 'temperature']
2026-03-07 01:00:00;2641.3954388766683;2338.306;['precipitation', 'temperature']
2026-03-07 02:00:00;2521.832775291166;2584.2935;['precipitation', 'temperature']
2026-03-07 03:00:00;2396.0668934823507;1668.98875;['precipitation', 'temperature']
2026-03-07 04:00:00;2481.247130000031;1610.39575;['precipitation', 'temperature']
2026-03-07 05:00:00;2631.5883146870783;2070.308;['precipitation', 'temperature']
2026-03-07 06:00:00;2810.1779388730984;2090.612;['precipitation', 'temperature']
2026-03-07 07:00:00;2865.374688642732;1457.96075;['precipitation', 'temperature']
2026-03-07 08:00:00;2401.1943597537165;756.50275;['precipitation', 'temperature']
2026-03-07 09:00:00;1935.7726950582069;1590.6302500000002;['precipitation', 'temperature']
2026-03-07 10:00:00;2183.991626531903;1327.3035;['precipitation', 'temperature']
2026-03-07 11:00:00;2764.3953371335842;2811.17875;['precipitation', 'temperature']
2026-03-07 12:00:00;2989.2191599597636;1682.80625;['precipitation', 'temperature']
2026-03-07 13:00:00;2439.2936390813966;1354.13025;['precipitation', 'temperature']
2026-03-07 14:00:00;2032.5181399363146;951.723;['precipitation', 'temperature']
2026-03-07 15:00:00;3353.067365714097;2364.96775;['precipitation', 'temperature']
2026-03-07 16:00:00;2336.601109975006;2298.85875;['precipitation', 'temperature']
2026-03-07 17:00:00;3199.728712997441;2192.87;['precipitation', 'temperature']
2026-03-07 18:00:00;5336.413377999973;3587.63775;['precipitation', 'temperature']
2026-03-07 19:00:00;3061.571561148453;4620.41925;['precipitation', 'temperature']
2026-03-07 20:00:00;3053.0206355879805;4156.529;['precipitation', 'temperature']
2026-03-07 21:00:00;3046.2052684235864;2222.4085;['precipitation', 'temperature']
2026-03-07 22:00:00;2643.673071370585;4127.96075;['precipitation', 'temperature']
2026-03-07 23:00:00;2554.422486796969;2806.2985;['precipitation', 'temperature']
2026-03-08 00:00:00;2397.5721198394767;2072.6980000000003;['precipitation', 'temperature']
2026-03-08 01:00:00;2661.4992112323835;3777.8255;['precipitation', 'temperature']
2026-03-08 02:00:00;2484.9772979770864;1967.07825;['precipitation', 'temperature']
2026-03-08 03:00:00;2278.7356486888816;2125.10075;['precipitation', 'temperature']
2026-03-08 04:00:00;2176.1342799817294;2076.188;['precipitation', 'temperature']
2026-03-08 05:00:00;2448.8090715447247;2075.50675;['precipitation', 'temperature']
2026-03-08 06:00:00;2651.4152547752124;1866.8475;['precipitation', 'temperature']
2026-03-08 07:00:00;2569.729351182153;1325.2725;['precipitation', 'temperature']
2026-03-08 08:00:00;1359.4232275418044;995.868;['precipitation', 'temperature']
2026-03-08 09:00:00;1649.7317691479532;913.16325;['precipitation', 'temperature']
2026-03-08 10:00:00;1590.7262007550012;1799.62;['precipitation', 'temperature']
2026-03-08 11:00:00;2577.6341553177895;2870.49225;['precipitation', 'temperature']
2026-03-08 12:00:00;2514.412995078722;1250.2222499999998;['precipitation', 'temperature']
2026-03-08 13:00:00;1716.9892865754168;1831.10675;['precipitation', 'temperature']
2026-03-08 14:00:00;1449.3074396442282;1428.14675;['precipitation', 'temperature']
2026-03-08 15:00:00;2282.70010748537;1477.5485;['precipitation', 'temperature']
2026-03-08 16:00:00;1985.0221744558917;2029.1785;['precipitation', 'temperature']
2026-03-08 17:00:00;2809.2088800002603;1926.54075;['precipitation', 'temperature']
2026-03-08 18:00:00;4248.136951474623;3786.51925;['precipitation', 'temperature']
2026-03-08 19:00:00;3231.1199346485178;3130.8587500000003;['precipitation', 'temperature']
2026-03-08 20:00:00;3251.9331347962875;4166.77175;['precipitation', 'temperature']
2026-03-08 21:00:00;2656.609821310533;3548.41575;['precipitation', 'temperature']
2026-03-08 22:00:00;2738.1004390523467;2750.8852500000003;['precipitation', 'temperature']
2026-03-08 23:00:00;2424.9346429915404;2077.47225;['precipitation', 'temperature']
2026-03-09 00:00:00;2016.3376316450822;1669.124;['precipitation', 'temperature']
2026-03-09 01:00:00;2595.0012476314846;2920.80125;['precipitation', 'temperature']
2026-03-09 02:00:00;2230.562344043471;2274.465;['precipitation', 'temperature']
2026-03-09 03:00:00;2073.4371704356918;1554.71575;['precipitation', 'temperature']
2026-03-09 04:00:00;1988.9224167929347;1631.3594999999998;['precipitation', 'temperature']
2026-03-09 05:00:00;2262.2356728594536;3087.776;['precipitation', 'temperature']
2026-03-09 06:00:00;2393.0677089788837;1866.8475;['precipitation', 'temperature']
2026-03-09 07:00:00;1805.079761670022;1325.2725;['precipitation', 'temperature']
2026-03-09 08:00:00;2624.358468231203;995.868;['precipitation', 'temperature']
2026-03-09 09:00:00;1675.2550099850264;913.16325;['precipitation', 'temperature']
2026-03-09 10:00:00;2047.7827889822179;2129.53325;['precipitation', 'temperature']
2026-03-09 11:00:00;3008.82871237392;2527.43425;['precipitation', 'temperature']
2026-03-09 12:00:00;2639.3272474771006;4109.2385;['precipitation', 'temperature']
2026-03-09 13:00:00;1940.4426629084646;2127.6040000000003;['precipitation', 'temperature']
2026-03-09 14:00:00;1954.9844429045518;1350.60725;['precipitation', 'temperature']
2026-03-09 15:00:00;2197.318957030954;2213.1385;['precipitation', 'temperature']
2026-03-09 16:00:00;2278.3866874255173;1826.9195;['precipitation', 'temperature']
2026-03-09 17:00:00;2658.9301306222733;3601.039;['precipitation', 'temperature']
2026-03-09 18:00:00;4054.1563753734467;6124.2245;['precipitation', 'temperature']
2026-03-09 19:00:00;2913.843547370648;3677.76775;['precipitation', 'temperature']
2026-03-09 20:00:00;3256.0320367268882;2136.94175;['precipitation', 'temperature']
2026-03-09 21:00:00;2757.5715312202915;2988.7155;['precipitation', 'temperature']
2026-03-09 22:00:00;2476.9561327790652;2318.666;['precipitation', 'temperature']
2026-03-09 23:00:00;2361.5621843587214;1780.5255;['precipitation', 'temperature']
2026-03-10 00:00:00;1874.4564177634315;2910.68175;['precipitation', 'temperature']
2026-03-10 01:00:00;2442.288789965446;1606.8917499999998;['precipitation', 'temperature']
2026-03-10 02:00:00;2256.899634666267;1834.1555;['precipitation', 'temperature']
2026-03-10 03:00:00;2037.272725270451;1829.8265;['precipitation', 'temperature']
2026-03-10 04:00:00;2110.9262248897094;1621.01425;['precipitation', 'temperature']
2026-03-10 05:00:00;2786.488786929119;2817.76325;['precipitation', 'temperature']
2026-03-10 06:00:00;2507.769861271527;2770.8007500000003;['precipitation', 'temperature']
2026-03-10 07:00:00;2114.1983884078927;3333.38175;['precipitation', 'temperature']
2026-03-10 08:00:00;1562.8580663989255;2793.15375;['precipitation', 'temperature']
2026-03-10 09:00:00;1449.078205844592;1767.713;['precipitation', 'temperature']
2026-03-10 10:00:00;2311.8237531494215;2210.927;['precipitation', 'temperature']
2026-03-10 11:00:00;2928.1874911745945;3412.94075;['precipitation', 'temperature']
2026-03-10 12:00:00;2947.9586400561993;4061.66425;['precipitation', 'temperature']
2026-03-10 13:00:00;1920.0611171011437;4106.809499999999;['precipitation', 'temperature']
2026-03-10 14:00:00;2296.857360870272;2908.1775;['precipitation', 'temperature']
2026-03-10 15:00:00;2744.750594853179;2550.7335;['precipitation', 'temperature']
2026-03-10 16:00:00;2762.571470446158;1788.1075;['precipitation', 'temperature']
2026-03-10 17:00:00;3238.8403580745307;2544.117;['precipitation', 'temperature']
2026-03-10 18:00:00;5370.826998182179;5236.5315;['precipitation', 'temperature']
2026-03-10 19:00:00;3346.423253175679;3303.29325;['precipitation', 'temperature']
2026-03-10 20:00:00;2867.285333209923;4674.07575;['precipitation', 'temperature']
2026-03-10 21:00:00;2850.230183567513;2431.65825;['precipitation', 'temperature']
2026-03-10 22:00:00;2737.148845967919;2185.2885;['precipitation', 'temperature']
2026-03-10 23:00:00;2788.9018325238817;2130.8632500000003;['precipitation', 'temperature']
2026-03-11 00:00:00;2410.1358200189334;1892.9767500000005;['precipitation', 'temperature']
2026-03-11 01:00:00;2698.204314095757;2013.29275;['precipitation', 'temperature']
2026-03-11 02:00:00;2449.759803477969;1828.167;['precipitation', 'temperature']
2026-03-11 03:00:00;2231.2517920213318;1877.80425;['precipitation', 'temperature']
2026-03-11 04:00:00;2080.433436757895;1892.7795;['precipitation', 'temperature']
2026-03-11 05:00:00;2627.0745384496595;3109.4265;['precipitation', 'temperature']
2026-03-11 06:00:00;2668.101353843636;2762.2815;['precipitation', 'temperature']
2026-03-11 07:00:00;2362.230920658742;2268.42275;['precipitation', 'temperature']
2026-03-11 08:00:00;1965.4162403808373;1332.15575;['precipitation', 'temperature']
2026-03-11 09:00:00;1762.277640014183;946.02025;['precipitation', 'temperature']
2026-03-11 10:00:00;2069.3012845970443;2953.6225000000004;['precipitation', 'temperature']
2026-03-11 11:00:00;3047.6868168943347;3048.2492500000003;['precipitation', 'temperature']
2026-03-11 12:00:00;3285.857720182473;1016.1849999999998;['precipitation', 'temperature']
2026-03-11 13:00:00;2884.643130099449;735.11675;['precipitation', 'temperature']
2026-03-11 14:00:00;2388.9600924190136;1102.20775;['precipitation', 'temperature']
2026-03-11 15:00:00;2671.4621348326295;2617.099;['precipitation', 'temperature']
2026-03-11 16:00:00;2204.775508758236;3511.27;['precipitation', 'temperature']
2026-03-11 17:00:00;3149.6788641810554;2191.68175;['precipitation', 'temperature']
2026-03-11 18:00:00;4529.24032665812;3577.4475;['precipitation', 'temperature']
2026-03-11 19:00:00;3309.876363966825;4741.882250000001;['precipitation', 'temperature']
2026-03-11 20:00:00;3778.4618461115106;2768.617;['precipitation', 'temperature']
2026-03-11 21:00:00;2831.750686599381;3223.21725;['precipitation', 'temperature']
2026-03-11 22:00:00;2647.9536654293884;2263.3005;['precipitation', 'temperature']
2026-03-11 23:00:00;2323.244817359164;1655.887;['precipitation', 'temperature']
2026-02-21 00:00:00;3561.304602829255;3220.53525;['wind_speed', 'pressure', 'precipitation']
2026-02-21 01:00:00;3681.7364970079025;4944.16275;['wind_speed', 'pressure', 'precipitation']
2026-02-21 02:00:00;3540.8894511542685;3109.51675;['wind_speed', 'pressure', 'precipitation']
2026-02-21 03:00:00;3398.577576814757;3107.83475;['wind_speed', 'pressure', 'precipitation']
2026-02-21 04:00:00;3583.895800010608;3534.54725;['wind_speed', 'pressure', 'precipitation']
2026-02-21 05:00:00;3750.7829733055805;3540.4435;['wind_speed', 'pressure', 'precipitation']
2026-02-21 06:00:00;3747.2330461929514;2907.9265;['wind_speed', 'pressure', 'precipitation']
2026-02-21 07:00:00;4124.783571005126;3075.088;['wind_speed', 'pressure', 'precipitation']
2026-02-21 08:00:00;4228.864005936988;3908.9975;['wind_speed', 'pressure', 'precipitation']
2026-02-21 09:00:00;4390.109783155401;5084.14325;['wind_speed', 'pressure', 'precipitation']
2026-02-21 10:00:00;3819.121872690201;3648.72875;['wind_speed', 'pressure', 'precipitation']
2026-02-21 11:00:00;3881.2944141687994;2904.00575;['wind_speed', 'pressure', 'precipitation']
2026-02-21 12:00:00;3856.214799537018;3646.29625;['wind_speed', 'pressure', 'precipitation']
2026-02-21 13:00:00;3830.9039766614806;3093.9895;['wind_speed', 'pressure', 'precipitation']
2026-02-21 14:00:00;4095.310959001595;3318.7700000000004;['wind_speed', 'pressure', 'precipitation']
2026-02-21 15:00:00;3693.7328948313684;3322.10225;['wind_speed', 'pressure', 'precipitation']
2026-02-21 16:00:00;4163.522990975614;3020.13275;['wind_speed', 'pressure', 'precipitation']
2026-02-21 17:00:00;4946.5920051303465;2320.5085;['wind_speed', 'pressure', 'precipitation']
2026-02-21 18:00:00;5432.910781956834;3975.71575;['wind_speed', 'pressure', 'precipitation']
2026-02-21 19:00:00;4222.013819523957;3784.02475;['wind_speed', 'pressure', 'precipitation']
2026-02-21 20:00:00;4468.765103873295;3627.47425;['wind_speed', 'pressure', 'precipitation']
2026-02-21 21:00:00;4250.848241186914;4353.26275;['wind_speed', 'pressure', 'precipitation']
2026-02-21 22:00:00;3878.2709142663325;3946.12675;['wind_speed', 'pressure', 'precipitation']
2026-02-21 23:00:00;3762.724486061697;2380.04225;['wind_speed', 'pressure', 'precipitation']
2026-02-22 00:00:00;2854.1861925446356;2629.34925;['wind_speed', 'pressure', 'precipitation']
2026-02-22 01:00:00;3152.985054884494;2120.21475;['wind_speed', 'pressure', 'precipitation']
2026-02-22 02:00:00;3040.7162056083102;2591.9735000000005;['wind_speed', 'pressure', 'precipitation']
2026-02-22 03:00:00;2879.470164047065;2107.6405;['wind_speed', 'pressure', 'precipitation']
2026-02-22 04:00:00;3007.280535098845;2663.44675;['wind_speed', 'pressure', 'precipitation']
2026-02-22 05:00:00;3106.106834591715;2201.2252500000004;['wind_speed', 'pressure', 'precipitation']
2026-02-22 06:00:00;3164.512111433393;3617.4885;['wind_speed', 'pressure', 'precipitation']
2026-02-22 07:00:00;3480.533890981087;2402.6565;['wind_speed', 'pressure', 'precipitation']
2026-02-22 08:00:00;3508.091205810507;2474.27325;['wind_speed', 'pressure', 'precipitation']
2026-02-22 09:00:00;3612.4865431912754;2407.15;['wind_speed', 'pressure', 'precipitation']
2026-02-22 10:00:00;3339.572074906908;2644.01375;['wind_speed', 'pressure', 'precipitation']
2026-02-22 11:00:00;3363.3199756949844;2835.98975;['wind_speed', 'pressure', 'precipitation']
2026-02-22 12:00:00;3268.725338896807;2392.25975;['wind_speed', 'pressure', 'precipitation']
2026-02-22 13:00:00;3195.142967564217;2305.58525;['wind_speed', 'pressure', 'precipitation']
2026-02-22 14:00:00;2907.9031740323203;3217.099;['wind_speed', 'pressure', 'precipitation']
2026-02-22 15:00:00;3283.7181094740436;1857.12725;['wind_speed', 'pressure', 'precipitation']
2026-02-22 16:00:00;3652.629749659347;1684.09225;['wind_speed', 'pressure', 'precipitation']
2026-02-22 17:00:00;4277.136586661868;2181.636;['wind_speed', 'pressure', 'precipitation']
2026-02-22 18:00:00;4638.156923480261;3896.849;['wind_speed', 'pressure', 'precipitation']
2026-02-22 19:00:00;3355.7341518979997;2929.2675;['wind_speed', 'pressure', 'precipitation']
2026-02-22 20:00:00;3935.338412274296;3539.39125;['wind_speed', 'pressure', 'precipitation']
2026-02-22 21:00:00;3697.3991474864247;3225.271;['wind_speed', 'pressure', 'precipitation']
2026-02-22 22:00:00;3304.6278789912244;2870.692;['wind_speed', 'pressure', 'precipitation']
2026-02-22 23:00:00;2617.903206286032;2738.51825;['wind_speed', 'pressure', 'precipitation']
2026-02-23 00:00:00;2518.132501539317;1746.72925;['wind_speed', 'pressure', 'precipitation']
2026-02-23 01:00:00;2466.054241262735;2174.40925;['wind_speed', 'pressure', 'precipitation']
2026-02-23 02:00:00;2304.4166688589994;2312.4432500000003;['wind_speed', 'pressure', 'precipitation']
2026-02-23 03:00:00;2263.3571169927054;2503.66025;['wind_speed', 'pressure', 'precipitation']
2026-02-23 04:00:00;2364.5585618574955;2444.362;['wind_speed', 'pressure', 'precipitation']
2026-02-23 05:00:00;2414.730505052596;2905.5025;['wind_speed', 'pressure', 'precipitation']
2026-02-23 06:00:00;2460.886987788491;2810.3165;['wind_speed', 'pressure', 'precipitation']
2026-02-23 07:00:00;2921.5371767036195;3784.323;['wind_speed', 'pressure', 'precipitation']
2026-02-23 08:00:00;2844.869096968867;3324.1055;['wind_speed', 'pressure', 'precipitation']
2026-02-23 09:00:00;2977.5885563321053;2637.14525;['wind_speed', 'pressure', 'precipitation']
2026-02-23 10:00:00;2771.137347373342;2564.26675;['wind_speed', 'pressure', 'precipitation']
2026-02-23 11:00:00;2911.563448835167;2422.39275;['wind_speed', 'pressure', 'precipitation']
2026-02-23 12:00:00;2677.708776782543;1688.8627499999998;['wind_speed', 'pressure', 'precipitation']
2026-02-23 13:00:00;2662.6019883503436;1263.13575;['wind_speed', 'pressure', 'precipitation']
2026-02-23 14:00:00;2870.106255840271;2432.09175;['wind_speed', 'pressure', 'precipitation']
2026-02-23 15:00:00;2513.6845215609105;3639.514;['wind_speed', 'pressure', 'precipitation']
2026-02-23 16:00:00;2858.667183692699;3844.585;['wind_speed', 'pressure', 'precipitation']
2026-02-23 17:00:00;3797.826220856014;7690.8945;['wind_speed', 'pressure', 'precipitation']
2026-02-23 18:00:00;4046.6882269373955;7286.809499999999;['wind_speed', 'pressure', 'precipitation']
2026-02-23 19:00:00;3003.13575754694;1459.71375;['wind_speed', 'pressure', 'precipitation']
2026-02-23 20:00:00;3236.2359038518316;2066.23975;['wind_speed', 'pressure', 'precipitation']
2026-02-23 21:00:00;3195.268821711043;4231.92425;['wind_speed', 'pressure', 'precipitation']
2026-02-23 22:00:00;2655.860225561752;3387.08275;['wind_speed', 'pressure', 'precipitation']
2026-02-23 23:00:00;2827.4703704177314;2707.083;['wind_speed', 'pressure', 'precipitation']
2026-02-24 00:00:00;3091.1611276925605;2087.3587500000003;['wind_speed', 'pressure', 'precipitation']
2026-02-24 01:00:00;3572.8376039078457;2805.0935;['wind_speed', 'pressure', 'precipitation']
2026-02-24 02:00:00;2528.139377053953;2305.28275;['wind_speed', 'pressure', 'precipitation']
2026-02-24 03:00:00;2618.436021822787;2668.79575;['wind_speed', 'pressure', 'precipitation']
2026-02-24 04:00:00;2609.4242190666173;2515.11175;['wind_speed', 'pressure', 'precipitation']
2026-02-24 05:00:00;2614.929861420284;3203.1455;['wind_speed', 'pressure', 'precipitation']
2026-02-24 06:00:00;2731.926261481414;2993.927;['wind_speed', 'pressure', 'precipitation']
2026-02-24 07:00:00;3103.247805958101;3073.1355000000003;['wind_speed', 'pressure', 'precipitation']
2026-02-24 08:00:00;3240.4629706372316;3171.7027500000004;['wind_speed', 'pressure', 'precipitation']
2026-02-24 09:00:00;3649.5937968364638;3257.02575;['wind_speed', 'pressure', 'precipitation']
2026-02-24 10:00:00;2822.8456384859805;2908.47525;['wind_speed', 'pressure', 'precipitation']
2026-02-24 11:00:00;2879.3567172594494;2711.759;['wind_speed', 'pressure', 'precipitation']
2026-02-24 12:00:00;2914.3081557915975;2309.90175;['wind_speed', 'pressure', 'precipitation']
2026-02-24 13:00:00;2735.46047498761;739.952;['wind_speed', 'pressure', 'precipitation']
2026-02-24 14:00:00;2825.7841265938528;2432.09175;['wind_speed', 'pressure', 'precipitation']
2026-02-24 15:00:00;2596.9428757400233;3639.514;['wind_speed', 'pressure', 'precipitation']
2026-02-24 16:00:00;2817.234972924974;3844.585;['wind_speed', 'pressure', 'precipitation']
2026-02-24 17:00:00;3129.4370064797126;7690.8945;['wind_speed', 'pressure', 'precipitation']
2026-02-24 18:00:00;4317.650858273765;7286.809499999999;['wind_speed', 'pressure', 'precipitation']
2026-02-24 19:00:00;3557.253239711412;1459.71375;['wind_speed', 'pressure', 'precipitation']
2026-02-24 20:00:00;3565.66134266698;2066.23975;['wind_speed', 'pressure', 'precipitation']
2026-02-24 21:00:00;3124.036326448282;4231.92425;['wind_speed', 'pressure', 'precipitation']
2026-02-24 22:00:00;2723.3815651032437;3387.08275;['wind_speed', 'pressure', 'precipitation']
2026-02-24 23:00:00;2615.4899531936417;2707.083;['wind_speed', 'pressure', 'precipitation']
2026-02-25 00:00:00;3113.716587425598;2087.3587500000003;['wind_speed', 'pressure', 'precipitation']
2026-02-25 01:00:00;2800.8856509303478;2805.0935;['wind_speed', 'pressure', 'precipitation']
2026-02-25 02:00:00;2857.0551091643965;2305.28275;['wind_speed', 'pressure', 'precipitation']
2026-02-25 03:00:00;2673.604843541445;2668.79575;['wind_speed', 'pressure', 'precipitation']
2026-02-25 04:00:00;2772.143155063437;2515.11175;['wind_speed', 'pressure', 'precipitation']
2026-02-25 05:00:00;2864.1265086351787;3203.1455;['wind_speed', 'pressure', 'precipitation']
2026-02-25 06:00:00;2969.5945352555764;2993.927;['wind_speed', 'pressure', 'precipitation']
2026-02-25 07:00:00;3163.4870021017823;3073.1355000000003;['wind_speed', 'pressure', 'precipitation']
2026-02-25 08:00:00;3403.3405223901245;3171.7027500000004;['wind_speed', 'pressure', 'precipitation']
2026-02-25 09:00:00;3279.1629956286524;3257.02575;['wind_speed', 'pressure', 'precipitation']
2026-02-25 10:00:00;3034.078856904105;2908.47525;['wind_speed', 'pressure', 'precipitation']
2026-02-25 11:00:00;3047.007142730854;2711.759;['wind_speed', 'pressure', 'precipitation']
2026-02-25 12:00:00;3224.121521053383;2309.90175;['wind_speed', 'pressure', 'precipitation']
2026-02-25 13:00:00;2635.295446885588;739.952;['wind_speed', 'pressure', 'precipitation']
2026-02-25 14:00:00;2776.0183304071625;1733.7510000000002;['wind_speed', 'pressure', 'precipitation']
2026-02-25 15:00:00;2576.8017719124655;2727.55;['wind_speed', 'pressure', 'precipitation']
2026-02-25 16:00:00;2870.3590853599835;2268.04875;['wind_speed', 'pressure', 'precipitation']
2026-02-25 17:00:00;4327.789615767166;2185.0825;['wind_speed', 'pressure', 'precipitation']
2026-02-25 18:00:00;5049.410596149393;5401.65;['wind_speed', 'pressure', 'precipitation']
2026-02-25 19:00:00;3046.4751126673673;4408.7265;['wind_speed', 'pressure', 'precipitation']
2026-02-25 20:00:00;3252.970995535724;3120.36225;['wind_speed', 'pressure', 'precipitation']
2026-02-25 21:00:00;3721.0631406660013;2523.31;['wind_speed', 'pressure', 'precipitation']
2026-02-25 22:00:00;3294.191149159019;2395.0051041666666;['wind_speed', 'pressure', 'precipitation']
2026-02-25 23:00:00;2932.363896063617;2266.700208333333;['wind_speed', 'pressure', 'precipitation']
2026-02-26 00:00:00;2226.471874310243;2138.3953125;['wind_speed', 'pressure', 'precipitation']
2026-02-26 01:00:00;2535.803515433031;2010.0904166666664;['wind_speed', 'pressure', 'precipitation']
2026-02-26 02:00:00;2239.2260273084953;1881.785520833333;['wind_speed', 'pressure', 'precipitation']
2026-02-26 03:00:00;2309.2617410826515;1753.4806249999997;['wind_speed', 'pressure', 'precipitation']
2026-02-26 04:00:00;2441.488467174646;1625.1757291666663;['wind_speed', 'pressure', 'precipitation']
2026-02-26 05:00:00;2712.428008817881;1496.8708333333332;['wind_speed', 'pressure', 'precipitation']
2026-02-26 06:00:00;2696.0526867843187;1368.5659374999998;['wind_speed', 'pressure', 'precipitation']
2026-02-26 07:00:00;2855.582008736392;1240.2610416666664;['wind_speed', 'pressure', 'precipitation']
2026-02-26 08:00:00;3104.224604171167;1111.956145833333;['wind_speed', 'pressure', 'precipitation']
2026-02-26 09:00:00;3029.2118823073756;983.65125;['wind_speed', 'pressure', 'precipitation']
2026-02-26 10:00:00;2652.8195864598997;1833.2985;['wind_speed', 'pressure', 'precipitation']
2026-02-26 11:00:00;2682.523839264551;3650.50475;['wind_speed', 'pressure', 'precipitation']
2026-02-26 12:00:00;2505.630685242568;3347.99625;['wind_speed', 'pressure', 'precipitation']
2026-02-26 13:00:00;1581.3689155377915;4618.702;['wind_speed', 'pressure', 'precipitation']
2026-02-26 14:00:00;2182.605778348995;4011.90325;['wind_speed', 'pressure', 'precipitation']
2026-02-26 15:00:00;2483.4087435903066;3309.00375;['wind_speed', 'pressure', 'precipitation']
2026-02-26 16:00:00;2701.938077828804;2059.02025;['wind_speed', 'pressure', 'precipitation']
2026-02-26 17:00:00;3978.812751331992;2137.0;['wind_speed', 'pressure', 'precipitation']
2026-02-26 18:00:00;4891.474335663666;5895.00775;['wind_speed', 'pressure', 'precipitation']
2026-02-26 19:00:00;2070.5915422380153;3952.2635;['wind_speed', 'pressure', 'precipitation']
2026-02-26 20:00:00;3274.7408131782277;3048.434;['wind_speed', 'pressure', 'precipitation']
2026-02-26 21:00:00;3083.002173607788;2100.1352500000003;['wind_speed', 'pressure', 'precipitation']
2026-02-26 22:00:00;2453.8009654176735;2277.26325;['wind_speed', 'pressure', 'precipitation']
2026-02-26 23:00:00;2234.0417224817324;2650.38725;['wind_speed', 'pressure', 'precipitation']
2026-02-27 00:00:00;2164.740149857066;2599.7665;['wind_speed', 'pressure', 'precipitation']
2026-02-27 01:00:00;2308.6355436123254;2229.40875;['wind_speed', 'pressure', 'precipitation']
2026-02-27 02:00:00;1818.6868511921275;3347.22275;['wind_speed', 'pressure', 'precipitation']
2026-02-27 03:00:00;1916.5428371572698;2196.732;['wind_speed', 'pressure', 'precipitation']
2026-02-27 04:00:00;1985.9191159188854;2473.217;['wind_speed', 'pressure', 'precipitation']
2026-02-27 05:00:00;2169.66337236472;2305.593;['wind_speed', 'pressure', 'precipitation']
2026-02-27 06:00:00;2189.3038544015094;2977.48975;['wind_speed', 'pressure', 'precipitation']
2026-02-27 07:00:00;2289.9944652105764;3342.68125;['wind_speed', 'pressure', 'precipitation']
2026-02-27 08:00:00;2417.307708651418;1551.13275;['wind_speed', 'pressure', 'precipitation']
2026-02-27 09:00:00;2218.000108029542;1172.703;['wind_speed', 'pressure', 'precipitation']
2026-02-27 10:00:00;2663.4690890798765;1888.36825;['wind_speed', 'pressure', 'precipitation']
2026-02-27 11:00:00;2549.4897265775717;3043.5535;['wind_speed', 'pressure', 'precipitation']
2026-02-27 12:00:00;2464.942430363155;2145.57025;['wind_speed', 'pressure', 'precipitation']
2026-02-27 13:00:00;2115.9542708348217;756.018;['wind_speed', 'pressure', 'precipitation']
2026-02-27 14:00:00;2540.0477741166214;761.868;['wind_speed', 'pressure', 'precipitation']
2026-02-27 15:00:00;2535.6785506409406;1121.75;['wind_speed', 'pressure', 'precipitation']
2026-02-27 16:00:00;2383.7643031330526;1032.1845;['wind_speed', 'pressure', 'precipitation']
2026-02-27 17:00:00;3439.406866069054;3098.913;['wind_speed', 'pressure', 'precipitation']
2026-02-27 18:00:00;4421.478123466463;2677.49625;['wind_speed', 'pressure', 'precipitation']
2026-02-27 19:00:00;3087.2772070699107;2556.239;['wind_speed', 'pressure', 'precipitation']
2026-02-27 20:00:00;3498.221631285456;2869.5155;['wind_speed', 'pressure', 'precipitation']
2026-02-27 21:00:00;2968.199873627789;3065.46925;['wind_speed', 'pressure', 'precipitation']
2026-02-27 22:00:00;2585.9978881906636;2299.8542500000003;['wind_speed', 'pressure', 'precipitation']
2026-02-27 23:00:00;2480.6338263950297;2289.7025000000003;['wind_speed', 'pressure', 'precipitation']
2026-02-28 00:00:00;2107.0497202112224;2230.26675;['wind_speed', 'pressure', 'precipitation']
2026-02-28 01:00:00;2195.8997034548265;2372.79925;['wind_speed', 'pressure', 'precipitation']
2026-02-28 02:00:00;2049.068088837815;2630.50125;['wind_speed', 'pressure', 'precipitation']
2026-02-28 03:00:00;1982.03742179237;1981.921;['wind_speed', 'pressure', 'precipitation']
2026-02-28 04:00:00;2106.590911602937;1977.72725;['wind_speed', 'pressure', 'precipitation']
2026-02-28 05:00:00;2254.7327000528753;1957.68675;['wind_speed', 'pressure', 'precipitation']
2026-02-28 06:00:00;2272.0908994025613;1896.85625;['wind_speed', 'pressure', 'precipitation']
2026-02-28 07:00:00;2446.403326560835;1561.8505;['wind_speed', 'pressure', 'precipitation']
2026-02-28 08:00:00;2568.6984311286474;1123.34475;['wind_speed', 'pressure', 'precipitation']
2026-02-28 09:00:00;2533.9887880114;1466.5585;['wind_speed', 'pressure', 'precipitation']
2026-02-28 10:00:00;2054.491006620284;1740.317;['wind_speed', 'pressure', 'precipitation']
2026-02-28 11:00:00;2365.1121290822653;2625.6695;['wind_speed', 'pressure', 'precipitation']
2026-02-28 12:00:00;2109.2272080571906;3085.0835;['wind_speed', 'pressure', 'precipitation']
2026-02-28 13:00:00;1794.3971694186034;1037.36475;['wind_speed', 'pressure', 'precipitation']
2026-02-28 14:00:00;2031.9246791770286;961.63275;['wind_speed', 'pressure', 'precipitation']
2026-02-28 15:00:00;2300.867585229049;954.55475;['wind_speed', 'pressure', 'precipitation']
2026-02-28 16:00:00;2345.789026127938;1533.92725;['wind_speed', 'pressure', 'precipitation']
2026-02-28 17:00:00;3359.0270129193973;2240.077;['wind_speed', 'pressure', 'precipitation']
2026-02-28 18:00:00;4105.038764797015;2810.08325;['wind_speed', 'pressure', 'precipitation']
2026-02-28 19:00:00;2162.654012158731;3149.1015;['wind_speed', 'pressure', 'precipitation']
2026-02-28 20:00:00;2564.966702184493;3243.71375;['wind_speed', 'pressure', 'precipitation']
2026-02-28 21:00:00;2624.7647096520573;2889.52425;['wind_speed', 'pressure', 'precipitation']
2026-02-28 22:00:00;2086.030173330339;2945.9410000000003;['wind_speed', 'pressure', 'precipitation']
2026-02-28 23:00:00;1810.9842729255574;3344.285;['wind_speed', 'pressure', 'precipitation']
2026-03-01 00:00:00;2467.205568843093;4005.7825;['wind_speed', 'pressure', 'precipitation']
2026-03-01 01:00:00;2107.483502633987;3224.6197500000003;['wind_speed', 'pressure', 'precipitation']
2026-03-01 02:00:00;1877.8518173350149;2222.49475;['wind_speed', 'pressure', 'precipitation']
2026-03-01 03:00:00;2059.950888474494;2238.53325;['wind_speed', 'pressure', 'precipitation']
2026-03-01 04:00:00;1917.399840163091;2105.89225;['wind_speed', 'pressure', 'precipitation']
2026-03-01 05:00:00;2321.855102642161;1895.93;['wind_speed', 'pressure', 'precipitation']
2026-03-01 06:00:00;1897.5257425859386;1915.9515;['wind_speed', 'pressure', 'precipitation']
2026-03-01 07:00:00;1836.430692884323;1744.8925;['wind_speed', 'pressure', 'precipitation']
2026-03-01 08:00:00;2176.291668749157;1552.0675;['wind_speed', 'pressure', 'precipitation']
2026-03-01 09:00:00;2262.382783317403;1486.991;['wind_speed', 'pressure', 'precipitation']
2026-03-01 10:00:00;1955.8183786599375;1424.3685;['wind_speed', 'pressure', 'precipitation']
2026-03-01 11:00:00;1793.5064668296814;1848.2955;['wind_speed', 'pressure', 'precipitation']
2026-03-01 12:00:00;2219.6194172058595;2020.3935;['wind_speed', 'pressure', 'precipitation']
2026-03-01 13:00:00;1775.1333221729137;1075.92025;['wind_speed', 'pressure', 'precipitation']
2026-03-01 14:00:00;2568.484587402604;2221.634;['wind_speed', 'pressure', 'precipitation']
2026-03-01 15:00:00;2039.6733402465484;1621.3802500000002;['wind_speed', 'pressure', 'precipitation']
2026-03-01 16:00:00;2266.2381633666128;2940.9017500000004;['wind_speed', 'pressure', 'precipitation']
2026-03-01 17:00:00;2978.51419780366;3469.55025;['wind_speed', 'pressure', 'precipitation']
2026-03-01 18:00:00;4444.771809017772;3401.025;['wind_speed', 'pressure', 'precipitation']
2026-03-01 19:00:00;3012.6212880903727;4648.9400000000005;['wind_speed', 'pressure', 'precipitation']
2026-03-01 20:00:00;2982.2793655017867;3172.72825;['wind_speed', 'pressure', 'precipitation']
2026-03-01 21:00:00;2621.7443914799214;3724.67375;['wind_speed', 'pressure', 'precipitation']
2026-03-01 22:00:00;2245.3779280355957;2194.51425;['wind_speed', 'pressure', 'precipitation']
2026-03-01 23:00:00;2013.5785506801044;2766.385;['wind_speed', 'pressure', 'precipitation']
2026-03-02 00:00:00;2497.316623742521;3246.745;['wind_speed', 'pressure', 'precipitation']
2026-03-02 01:00:00;2510.931812322391;2790.22925;['wind_speed', 'pressure', 'precipitation']
2026-03-02 02:00:00;2173.6545829339807;2155.6665;['wind_speed', 'pressure', 'precipitation']
2026-03-02 03:00:00;2084.632467500323;2621.298;['wind_speed', 'pressure', 'precipitation']
2026-03-02 04:00:00;2193.8119053405885;2217.16675;['wind_speed', 'pressure', 'precipitation']
2026-03-02 05:00:00;2222.9158927346784;2487.078;['wind_speed', 'pressure', 'precipitation']
2026-03-02 06:00:00;2230.1091471104837;3034.98225;['wind_speed', 'pressure', 'precipitation']
2026-03-02 07:00:00;2081.50777765512;703.9855;['wind_speed', 'pressure', 'precipitation']
2026-03-02 08:00:00;2513.9822831030087;3024.90775;['wind_speed', 'pressure', 'precipitation']
2026-03-02 09:00:00;2357.389631394697;1042.5125;['wind_speed', 'pressure', 'precipitation']
2026-03-02 10:00:00;2084.7457594807106;1443.9805;['wind_speed', 'pressure', 'precipitation']
2026-03-02 11:00:00;2446.511226784657;3115.7045;['wind_speed', 'pressure', 'precipitation']
2026-03-02 12:00:00;2022.2466110528012;3578.4032500000003;['wind_speed', 'pressure', 'precipitation']
2026-03-02 13:00:00;1887.4438930792217;4828.33975;['wind_speed', 'pressure', 'precipitation']
2026-03-02 14:00:00;2306.9408237860575;4235.00525;['wind_speed', 'pressure', 'precipitation']
2026-03-02 15:00:00;2122.9291994697023;4154.5925;['wind_speed', 'pressure', 'precipitation']
2026-03-02 16:00:00;2548.3690338606493;2162.64175;['wind_speed', 'pressure', 'precipitation']
2026-03-02 17:00:00;4087.067145603436;2929.2985;['wind_speed', 'pressure', 'precipitation']
2026-03-02 18:00:00;4828.550821090647;4386.6975;['wind_speed', 'pressure', 'precipitation']
2026-03-02 19:00:00;2835.3507942872784;3566.40925;['wind_speed', 'pressure', 'precipitation']
2026-03-02 20:00:00;3038.6720585082576;3250.582;['wind_speed', 'pressure', 'precipitation']
2026-03-02 21:00:00;3026.7263683129167;2445.295;['wind_speed', 'pressure', 'precipitation']
2026-03-02 22:00:00;2351.0426080408342;3048.3762500000003;['wind_speed', 'pressure', 'precipitation']
2026-03-02 23:00:00;2348.766296934185;2899.3835;['wind_speed', 'pressure', 'precipitation']
2026-03-03 00:00:00;2604.939987929904;2072.42525;['wind_speed', 'pressure', 'precipitation']
2026-03-03 01:00:00;2633.6648493327416;2646.535;['wind_speed', 'pressure', 'precipitation']
2026-03-03 02:00:00;2567.1929904026356;2631.8955;['wind_speed', 'pressure', 'precipitation']
2026-03-03 03:00:00;2475.4423232476793;3036.797;['wind_speed', 'pressure', 'precipitation']
2026-03-03 04:00:00;2753.664923593407;2119.68425;['wind_speed', 'pressure', 'precipitation']
2026-03-03 05:00:00;2635.288660989416;2895.75175;['wind_speed', 'pressure', 'precipitation']
2026-03-03 06:00:00;2880.9576989769394;3432.59825;['wind_speed', 'pressure', 'precipitation']
2026-03-03 07:00:00;3086.031677637242;524.39675;['wind_speed', 'pressure', 'precipitation']
2026-03-03 08:00:00;2837.8396513988073;1743.91575;['wind_speed', 'pressure', 'precipitation']
2026-03-03 09:00:00;2769.643227337892;1520.6104999999998;['wind_speed', 'pressure', 'precipitation']
2026-03-03 10:00:00;2361.834232092615;1320.03525;['wind_speed', 'pressure', 'precipitation']
2026-03-03 11:00:00;2799.91597912172;2607.65675;['wind_speed', 'pressure', 'precipitation']
2026-03-03 12:00:00;2986.468141173717;4472.4735;['wind_speed', 'pressure', 'precipitation']
2026-03-03 13:00:00;2348.0971849061975;4663.9335;['wind_speed', 'pressure', 'precipitation']
2026-03-03 14:00:00;2714.4196357491574;4119.155;['wind_speed', 'pressure', 'precipitation']
2026-03-03 15:00:00;2658.0916682822694;3445.13;['wind_speed', 'pressure', 'precipitation']
2026-03-03 16:00:00;3052.1488810407045;2418.37475;['wind_speed', 'pressure', 'precipitation']
2026-03-03 17:00:00;3852.0221116030466;3358.39975;['wind_speed', 'pressure', 'precipitation']
2026-03-03 18:00:00;4707.417603786691;6378.4400000000005;['wind_speed', 'pressure', 'precipitation']
2026-03-03 19:00:00;3223.1094636387984;2789.0335;['wind_speed', 'pressure', 'precipitation']
2026-03-03 20:00:00;3271.4384893511206;3805.4915;['wind_speed', 'pressure', 'precipitation']
2026-03-03 21:00:00;2960.5801492420687;3770.307;['wind_speed', 'pressure', 'precipitation']
2026-03-03 22:00:00;2893.9018862930416;2653.62925;['wind_speed', 'pressure', 'precipitation']
2026-03-03 23:00:00;2728.6316149045324;2743.64325;['wind_speed', 'pressure', 'precipitation']
2026-03-04 00:00:00;2654.484735686694;2341.52875;['wind_speed', 'pressure', 'precipitation']
2026-03-04 01:00:00;2890.7283784986953;2976.6625;['wind_speed', 'pressure', 'precipitation']
2026-03-04 02:00:00;2776.7386721578587;2663.9955;['wind_speed', 'pressure', 'precipitation']
2026-03-04 03:00:00;2812.439059854827;2132.85775;['wind_speed', 'pressure', 'precipitation']
2026-03-04 04:00:00;2710.4813461586546;2686.453;['wind_speed', 'pressure', 'precipitation']
2026-03-04 05:00:00;2919.5491162730623;2480.783;['wind_speed', 'pressure', 'precipitation']
2026-03-04 06:00:00;3004.2799891211002;2484.50025;['wind_speed', 'pressure', 'precipitation']
2026-03-04 07:00:00;2958.4962496949875;3750.57025;['wind_speed', 'pressure', 'precipitation']
2026-03-04 08:00:00;2783.4736419686824;962.9825;['wind_speed', 'pressure', 'precipitation']
2026-03-04 09:00:00;3111.597646153429;913.50825;['wind_speed', 'pressure', 'precipitation']
2026-03-04 10:00:00;2218.7950318076146;2335.989;['wind_speed', 'pressure', 'precipitation']
2026-03-04 11:00:00;2898.5716932167597;2978.1815;['wind_speed', 'pressure', 'precipitation']
2026-03-04 12:00:00;3094.41885242889;4587.24025;['wind_speed', 'pressure', 'precipitation']
2026-03-04 13:00:00;3119.789676774017;4646.554749999999;['wind_speed', 'pressure', 'precipitation']
2026-03-04 14:00:00;2806.2551539632873;4490.52625;['wind_speed', 'pressure', 'precipitation']
2026-03-04 15:00:00;2743.9717693376138;3957.3565;['wind_speed', 'pressure', 'precipitation']
2026-03-04 16:00:00;3173.73745550551;2997.356;['wind_speed', 'pressure', 'precipitation']
2026-03-04 17:00:00;3932.146032562455;1464.8985;['wind_speed', 'pressure', 'precipitation']
2026-03-04 18:00:00;3865.530077359441;4648.4705;['wind_speed', 'pressure', 'precipitation']
2026-03-04 19:00:00;3137.7375729629703;4129.09025;['wind_speed', 'pressure', 'precipitation']
2026-03-04 20:00:00;3618.202771090646;3670.78525;['wind_speed', 'pressure', 'precipitation']
2026-03-04 21:00:00;3651.553092616689;2636.34375;['wind_speed', 'pressure', 'precipitation']
2026-03-04 22:00:00;3137.1021487006933;3060.88225;['wind_speed', 'pressure', 'precipitation']
2026-03-04 23:00:00;3051.3401629176396;3818.83625;['wind_speed', 'pressure', 'precipitation']
2026-03-05 00:00:00;3142.2903486080386;2839.1465;['wind_speed', 'pressure', 'precipitation']
2026-03-05 01:00:00;3046.043386068127;2795.9970000000003;['wind_speed', 'pressure', 'precipitation']
2026-03-05 02:00:00;2799.6601055744604;2804.9217500000004;['wind_speed', 'pressure', 'precipitation']
2026-03-05 03:00:00;2653.9624386220057;2636.8767500000004;['wind_speed', 'pressure', 'precipitation']
2026-03-05 04:00:00;2726.388817370451;2252.3625;['wind_speed', 'pressure', 'precipitation']
2026-03-05 05:00:00;2605.9346874150533;2891.4347500000003;['wind_speed', 'pressure', 'precipitation']
2026-03-05 06:00:00;2925.892818481908;3542.1585;['wind_speed', 'pressure', 'precipitation']
2026-03-05 07:00:00;3351.209225994842;4354.528;['wind_speed', 'pressure', 'precipitation']
2026-03-05 08:00:00;3343.4933324592303;2665.74625;['wind_speed', 'pressure', 'precipitation']
2026-03-05 09:00:00;2630.7710840436566;1302.7145;['wind_speed', 'pressure', 'precipitation']
2026-03-05 10:00:00;2448.2501723546766;2217.8925;['wind_speed', 'pressure', 'precipitation']
2026-03-05 11:00:00;2699.6851743357274;1661.2067499999998;['wind_speed', 'pressure', 'precipitation']
2026-03-05 12:00:00;3428.210235029955;1502.9172500000002;['wind_speed', 'pressure', 'precipitation']
2026-03-05 13:00:00;3250.5426586748426;869.1479999999999;['wind_speed', 'pressure', 'precipitation']
2026-03-05 14:00:00;3278.953591642973;1631.13325;['wind_speed', 'pressure', 'precipitation']
2026-03-05 15:00:00;2980.6036612973594;3945.8165;['wind_speed', 'pressure', 'precipitation']
2026-03-05 16:00:00;2682.427349662651;2468.259;['wind_speed', 'pressure', 'precipitation']
2026-03-05 17:00:00;3290.302824374043;3224.5152499999995;['wind_speed', 'pressure', 'precipitation']
2026-03-05 18:00:00;5500.192025280163;5428.21475;['wind_speed', 'pressure', 'precipitation']
2026-03-05 19:00:00;3364.2960533710025;3815.672;['wind_speed', 'pressure', 'precipitation']
2026-03-05 20:00:00;3223.8041052620915;4185.101;['wind_speed', 'pressure', 'precipitation']
2026-03-05 21:00:00;2949.982118046426;2708.38675;['wind_speed', 'pressure', 'precipitation']
2026-03-05 22:00:00;3032.119300097055;2625.80675;['wind_speed', 'pressure', 'precipitation']
2026-03-05 23:00:00;3077.535411576987;2412.5550000000003;['wind_speed', 'pressure', 'precipitation']
2026-03-06 00:00:00;2457.1600752215745;2537.2190000000005;['wind_speed', 'pressure', 'precipitation']
2026-03-06 01:00:00;2698.9554349210207;2795.9970000000003;['wind_speed', 'pressure', 'precipitation']
2026-03-06 02:00:00;2571.380965705977;2804.9217500000004;['wind_speed', 'pressure', 'precipitation']
2026-03-06 03:00:00;2544.5755132707927;2636.8767500000004;['wind_speed', 'pressure', 'precipitation']
2026-03-06 04:00:00;2645.2731932415086;2252.3625;['wind_speed', 'pressure', 'precipitation']
2026-03-06 05:00:00;2799.9656254949778;2891.4347500000003;['wind_speed', 'pressure', 'precipitation']
2026-03-06 06:00:00;2843.2825488100716;3542.1585;['wind_speed', 'pressure', 'precipitation']
2026-03-06 07:00:00;2953.096409956842;4354.528;['wind_speed', 'pressure', 'precipitation']
2026-03-06 08:00:00;2930.6371110419086;1813.133;['wind_speed', 'pressure', 'precipitation']
2026-03-06 09:00:00;3053.778470760138;1455.8512500000002;['wind_speed', 'pressure', 'precipitation']
2026-03-06 10:00:00;2542.3797335708723;2485.7415;['wind_speed', 'pressure', 'precipitation']
2026-03-06 11:00:00;2688.5749680808176;4530.7165;['wind_speed', 'pressure', 'precipitation']
2026-03-06 12:00:00;2714.5002415421695;4249.43025;['wind_speed', 'pressure', 'precipitation']
2026-03-06 13:00:00;2162.4020142245413;2027.85775;['wind_speed', 'pressure', 'precipitation']
2026-03-06 14:00:00;2731.4653519147864;1419.4865;['wind_speed', 'pressure', 'precipitation']
2026-03-06 15:00:00;3428.1005149693765;3713.09525;['wind_speed', 'pressure', 'precipitation']
2026-03-06 16:00:00;2866.889859633545;2572.8035;['wind_speed', 'pressure', 'precipitation']
2026-03-06 17:00:00;3437.518140258542;3580.1215;['wind_speed', 'pressure', 'precipitation']
2026-03-06 18:00:00;4683.998618078638;6152.42875;['wind_speed', 'pressure', 'precipitation']
2026-03-06 19:00:00;3066.874912731529;3479.48725;['wind_speed', 'pressure', 'precipitation']
2026-03-06 20:00:00;3450.6908976267778;2790.91975;['wind_speed', 'pressure', 'precipitation']
2026-03-06 21:00:00;3244.479109959283;2074.9595;['wind_speed', 'pressure', 'precipitation']
2026-03-06 22:00:00;2950.8179432611064;1739.635;['wind_speed', 'pressure', 'precipitation']
2026-03-06 23:00:00;2844.5801397635832;2311.847;['wind_speed', 'pressure', 'precipitation']
2026-03-07 00:00:00;2527.3901941414633;2138.156;['wind_speed', 'pressure', 'precipitation']
2026-03-07 01:00:00;2698.45566006541;2338.306;['wind_speed', 'pressure', 'precipitation']
2026-03-07 02:00:00;2609.8622215155992;2584.2935;['wind_speed', 'pressure', 'precipitation']
2026-03-07 03:00:00;2497.130653177106;1668.98875;['wind_speed', 'pressure', 'precipitation']
2026-03-07 04:00:00;2488.0009771316386;1610.39575;['wind_speed', 'pressure', 'precipitation']
2026-03-07 05:00:00;2753.704450539274;2070.308;['wind_speed', 'pressure', 'precipitation']
2026-03-07 06:00:00;2848.751291516994;2090.612;['wind_speed', 'pressure', 'precipitation']
2026-03-07 07:00:00;3057.0658945316372;1457.96075;['wind_speed', 'pressure', 'precipitation']
2026-03-07 08:00:00;2239.202207955435;756.50275;['wind_speed', 'pressure', 'precipitation']
2026-03-07 09:00:00;2114.3657550011667;1590.6302500000002;['wind_speed', 'pressure', 'precipitation']
2026-03-07 10:00:00;2548.9638491444807;1327.3035;['wind_speed', 'pressure', 'precipitation']
2026-03-07 11:00:00;3124.066108196815;2811.17875;['wind_speed', 'pressure', 'precipitation']
2026-03-07 12:00:00;3315.667504055272;1682.80625;['wind_speed', 'pressure', 'precipitation']
2026-03-07 13:00:00;2416.247675878829;1354.13025;['wind_speed', 'pressure', 'precipitation']
2026-03-07 14:00:00;2497.2436076457498;951.723;['wind_speed', 'pressure', 'precipitation']
2026-03-07 15:00:00;3384.978036796633;2364.96775;['wind_speed', 'pressure', 'precipitation']
2026-03-07 16:00:00;2651.916244296399;2298.85875;['wind_speed', 'pressure', 'precipitation']
2026-03-07 17:00:00;3371.7254608524704;2192.87;['wind_speed', 'pressure', 'precipitation']
2026-03-07 18:00:00;4999.754945705776;3587.63775;['wind_speed', 'pressure', 'precipitation']
2026-03-07 19:00:00;2986.5244274875477;4620.41925;['wind_speed', 'pressure', 'precipitation']
2026-03-07 20:00:00;2995.275292753206;4156.529;['wind_speed', 'pressure', 'precipitation']
2026-03-07 21:00:00;3020.8921207160033;2222.4085;['wind_speed', 'pressure', 'precipitation']
2026-03-07 22:00:00;2608.919363755762;4127.96075;['wind_speed', 'pressure', 'precipitation']
2026-03-07 23:00:00;2606.1681572412695;2806.2985;['wind_speed', 'pressure', 'precipitation']
2026-03-08 00:00:00;2156.7492000247935;2072.6980000000003;['wind_speed', 'pressure', 'precipitation']
2026-03-08 01:00:00;2219.1455654847346;3777.8255;['wind_speed', 'pressure', 'precipitation']
2026-03-08 02:00:00;2190.0813004539154;1967.07825;['wind_speed', 'pressure', 'precipitation']
2026-03-08 03:00:00;1744.5522779501616;2125.10075;['wind_speed', 'pressure', 'precipitation']
2026-03-08 04:00:00;1859.8586918704423;2076.188;['wind_speed', 'pressure', 'precipitation']
2026-03-08 05:00:00;2033.2469600227737;2075.50675;['wind_speed', 'pressure', 'precipitation']
2026-03-08 06:00:00;2202.8055295753825;1866.8475;['wind_speed', 'pressure', 'precipitation']
2026-03-08 07:00:00;2055.6808249004703;1325.2725;['wind_speed', 'pressure', 'precipitation']
2026-03-08 08:00:00;1431.6055088520443;995.868;['wind_speed', 'pressure', 'precipitation']
2026-03-08 09:00:00;1781.8547220357864;913.16325;['wind_speed', 'pressure', 'precipitation']
2026-03-08 10:00:00;1780.2689011038742;1799.62;['wind_speed', 'pressure', 'precipitation']
2026-03-08 11:00:00;2604.4167425565142;2870.49225;['wind_speed', 'pressure', 'precipitation']
2026-03-08 12:00:00;2707.6646037657765;1250.2222499999998;['wind_speed', 'pressure', 'precipitation']
2026-03-08 13:00:00;1699.7654205496435;1831.10675;['wind_speed', 'pressure', 'precipitation']
2026-03-08 14:00:00;1629.1650303793558;1428.14675;['wind_speed', 'pressure', 'precipitation']
2026-03-08 15:00:00;2655.0259018543143;1477.5485;['wind_speed', 'pressure', 'precipitation']
2026-03-08 16:00:00;2247.779250359436;2029.1785;['wind_speed', 'pressure', 'precipitation']
2026-03-08 17:00:00;2551.5872217844053;1926.54075;['wind_speed', 'pressure', 'precipitation']
2026-03-08 18:00:00;3951.146092821882;3786.51925;['wind_speed', 'pressure', 'precipitation']
2026-03-08 19:00:00;3475.0244903008843;3130.8587500000003;['wind_speed', 'pressure', 'precipitation']
2026-03-08 20:00:00;3170.7575980139113;4166.77175;['wind_speed', 'pressure', 'precipitation']
2026-03-08 21:00:00;2783.32872806871;3548.41575;['wind_speed', 'pressure', 'precipitation']
2026-03-08 22:00:00;2747.922471605642;2750.8852500000003;['wind_speed', 'pressure', 'precipitation']
2026-03-08 23:00:00;2585.4322208120425;2077.47225;['wind_speed', 'pressure', 'precipitation']
2026-03-09 00:00:00;1954.1356457606507;1669.124;['wind_speed', 'pressure', 'precipitation']
2026-03-09 01:00:00;2507.6572512147777;2920.80125;['wind_speed', 'pressure', 'precipitation']
2026-03-09 02:00:00;2042.1632004236715;2274.465;['wind_speed', 'pressure', 'precipitation']
2026-03-09 03:00:00;1929.957283713042;1554.71575;['wind_speed', 'pressure', 'precipitation']
2026-03-09 04:00:00;1883.0987532145493;1631.3594999999998;['wind_speed', 'pressure', 'precipitation']
2026-03-09 05:00:00;2107.6414451649193;3087.776;['wind_speed', 'pressure', 'precipitation']
2026-03-09 06:00:00;2181.082689144585;1866.8475;['wind_speed', 'pressure', 'precipitation']
2026-03-09 07:00:00;1938.5193757253282;1325.2725;['wind_speed', 'pressure', 'precipitation']
2026-03-09 08:00:00;2130.976947481817;995.868;['wind_speed', 'pressure', 'precipitation']
2026-03-09 09:00:00;1118.3167339575557;913.16325;['wind_speed', 'pressure', 'precipitation']
2026-03-09 10:00:00;1740.9196159586427;2129.53325;['wind_speed', 'pressure', 'precipitation']
2026-03-09 11:00:00;2551.5764651176705;2527.43425;['wind_speed', 'pressure', 'precipitation']
2026-03-09 12:00:00;1999.6989632388104;4109.2385;['wind_speed', 'pressure', 'precipitation']
2026-03-09 13:00:00;1829.4510728929413;2127.6040000000003;['wind_speed', 'pressure', 'precipitation']
2026-03-09 14:00:00;1906.5538973654006;1350.60725;['wind_speed', 'pressure', 'precipitation']
2026-03-09 15:00:00;2207.9505263818646;2213.1385;['wind_speed', 'pressure', 'precipitation']
2026-03-09 16:00:00;2135.171552827989;1826.9195;['wind_speed', 'pressure', 'precipitation']
2026-03-09 17:00:00;2611.6943793528967;3601.039;['wind_speed', 'pressure', 'precipitation']
2026-03-09 18:00:00;4176.954416312826;6124.2245;['wind_speed', 'pressure', 'precipitation']
2026-03-09 19:00:00;3127.8596521701734;3677.76775;['wind_speed', 'pressure', 'precipitation']
2026-03-09 20:00:00;3359.2142081850266;2136.94175;['wind_speed', 'pressure', 'precipitation']
2026-03-09 21:00:00;2579.375509698296;2988.7155;['wind_speed', 'pressure', 'precipitation']
2026-03-09 22:00:00;2489.4941724104233;2318.666;['wind_speed', 'pressure', 'precipitation']
2026-03-09 23:00:00;2217.2722162098394;1780.5255;['wind_speed', 'pressure', 'precipitation']
2026-03-10 00:00:00;1805.9364277503373;2910.68175;['wind_speed', 'pressure', 'precipitation']
2026-03-10 01:00:00;2356.810707066962;1606.8917499999998;['wind_speed', 'pressure', 'precipitation']
2026-03-10 02:00:00;2092.886354339122;1834.1555;['wind_speed', 'pressure', 'precipitation']
2026-03-10 03:00:00;1760.0979361526424;1829.8265;['wind_speed', 'pressure', 'precipitation']
2026-03-10 04:00:00;1722.9063164266406;1621.01425;['wind_speed', 'pressure', 'precipitation']
2026-03-10 05:00:00;2273.436788475165;2817.76325;['wind_speed', 'pressure', 'precipitation']
2026-03-10 06:00:00;2030.0719035628792;2770.8007500000003;['wind_speed', 'pressure', 'precipitation']
2026-03-10 07:00:00;1714.5725993990734;3333.38175;['wind_speed', 'pressure', 'precipitation']
2026-03-10 08:00:00;1238.9552554005313;2793.15375;['wind_speed', 'pressure', 'precipitation']
2026-03-10 09:00:00;1057.844339160817;1767.713;['wind_speed', 'pressure', 'precipitation']
2026-03-10 10:00:00;1686.9990526284414;2210.927;['wind_speed', 'pressure', 'precipitation']
2026-03-10 11:00:00;2316.974840596778;3412.94075;['wind_speed', 'pressure', 'precipitation']
2026-03-10 12:00:00;2496.9726082262086;4061.66425;['wind_speed', 'pressure', 'precipitation']
2026-03-10 13:00:00;1738.6961914849232;4106.809499999999;['wind_speed', 'pressure', 'precipitation']
2026-03-10 14:00:00;1626.9727463532631;2908.1775;['wind_speed', 'pressure', 'precipitation']
2026-03-10 15:00:00;2158.0327540457456;2550.7335;['wind_speed', 'pressure', 'precipitation']
2026-03-10 16:00:00;1967.0309361013453;1788.1075;['wind_speed', 'pressure', 'precipitation']
2026-03-10 17:00:00;2920.583708761904;2544.117;['wind_speed', 'pressure', 'precipitation']
2026-03-10 18:00:00;5062.941197205409;5236.5315;['wind_speed', 'pressure', 'precipitation']
2026-03-10 19:00:00;2866.0438840530906;3303.29325;['wind_speed', 'pressure', 'precipitation']
2026-03-10 20:00:00;2326.0903806287292;4674.07575;['wind_speed', 'pressure', 'precipitation']
2026-03-10 21:00:00;2339.981945448378;2431.65825;['wind_speed', 'pressure', 'precipitation']
2026-03-10 22:00:00;2152.6923210654522;2185.2885;['wind_speed', 'pressure', 'precipitation']
2026-03-10 23:00:00;1971.5452197941568;2130.8632500000003;['wind_speed', 'pressure', 'precipitation']
2026-03-11 00:00:00;2495.589095746301;1892.9767500000005;['wind_speed', 'pressure', 'precipitation']
2026-03-11 01:00:00;2484.1001114100723;2013.29275;['wind_speed', 'pressure', 'precipitation']
2026-03-11 02:00:00;2339.619156318136;1828.167;['wind_speed', 'pressure', 'precipitation']
2026-03-11 03:00:00;2209.850442723059;1877.80425;['wind_speed', 'pressure', 'precipitation']
2026-03-11 04:00:00;2135.831405379559;1892.7795;['wind_speed', 'pressure', 'precipitation']
2026-03-11 05:00:00;2660.7649288599464;3109.4265;['wind_speed', 'pressure', 'precipitation']
2026-03-11 06:00:00;2719.89825892258;2762.2815;['wind_speed', 'pressure', 'precipitation']
2026-03-11 07:00:00;2697.4249422306375;2268.42275;['wind_speed', 'pressure', 'precipitation']
2026-03-11 08:00:00;2200.8102243117874;1332.15575;['wind_speed', 'pressure', 'precipitation']
2026-03-11 09:00:00;1769.918346079579;946.02025;['wind_speed', 'pressure', 'precipitation']
2026-03-11 10:00:00;2210.226873533542;2953.6225000000004;['wind_speed', 'pressure', 'precipitation']
2026-03-11 11:00:00;2973.0512850819855;3048.2492500000003;['wind_speed', 'pressure', 'precipitation']
2026-03-11 12:00:00;3128.609433655382;1016.1849999999998;['wind_speed', 'pressure', 'precipitation']
2026-03-11 13:00:00;2849.362229373417;735.11675;['wind_speed', 'pressure', 'precipitation']
2026-03-11 14:00:00;2551.7823264050235;1102.20775;['wind_speed', 'pressure', 'precipitation']
2026-03-11 15:00:00;2815.010498931304;2617.099;['wind_speed', 'pressure', 'precipitation']
2026-03-11 16:00:00;2446.44475697886;3511.27;['wind_speed', 'pressure', 'precipitation']
2026-03-11 17:00:00;3161.456337151474;2191.68175;['wind_speed', 'pressure', 'precipitation']
2026-03-11 18:00:00;4951.717509672222;3577.4475;['wind_speed', 'pressure', 'precipitation']
2026-03-11 19:00:00;3304.877917384396;4741.882250000001;['wind_speed', 'pressure', 'precipitation']
2026-03-11 20:00:00;3721.4322303716563;2768.617;['wind_speed', 'pressure', 'precipitation']
2026-03-11 21:00:00;2914.0650375798023;3223.21725;['wind_speed', 'pressure', 'precipitation']
2026-03-11 22:00:00;2691.052351272208;2263.3005;['wind_speed', 'pressure', 'precipitation']
2026-03-11 23:00:00;2507.004678518838;1655.887;['wind_speed', 'pressure', 'precipitation']
2026-02-21 00:00:00;3644.0727174180583;3220.53525;['wind_speed', 'pressure', 'temperature']
2026-02-21 01:00:00;3893.668506484465;4944.16275;['wind_speed', 'pressure', 'temperature']
2026-02-21 02:00:00;3593.2875127519264;3109.51675;['wind_speed', 'pressure', 'temperature']
2026-02-21 03:00:00;3465.1433808016172;3107.83475;['wind_speed', 'pressure', 'temperature']
2026-02-21 04:00:00;3565.337100030009;3534.54725;['wind_speed', 'pressure', 'temperature']
2026-02-21 05:00:00;3582.3605119736694;3540.4435;['wind_speed', 'pressure', 'temperature']
2026-02-21 06:00:00;3585.146405623218;2907.9265;['wind_speed', 'pressure', 'temperature']
2026-02-21 07:00:00;3983.4384754825605;3075.088;['wind_speed', 'pressure', 'temperature']
2026-02-21 08:00:00;3896.1721565421826;3908.9975;['wind_speed', 'pressure', 'temperature']
2026-02-21 09:00:00;3992.677339467245;5084.14325;['wind_speed', 'pressure', 'temperature']
2026-02-21 10:00:00;3525.2975328392604;3648.72875;['wind_speed', 'pressure', 'temperature']
2026-02-21 11:00:00;3458.020032878853;2904.00575;['wind_speed', 'pressure', 'temperature']
2026-02-21 12:00:00;3811.9396726382656;3646.29625;['wind_speed', 'pressure', 'temperature']
2026-02-21 13:00:00;3187.3487568996875;3093.9895;['wind_speed', 'pressure', 'temperature']
2026-02-21 14:00:00;3626.5675404210206;3318.7700000000004;['wind_speed', 'pressure', 'temperature']
2026-02-21 15:00:00;3153.041586836537;3322.10225;['wind_speed', 'pressure', 'temperature']
2026-02-21 16:00:00;3383.6939805307097;3020.13275;['wind_speed', 'pressure', 'temperature']
2026-02-21 17:00:00;4234.454794942949;2320.5085;['wind_speed', 'pressure', 'temperature']
2026-02-21 18:00:00;4759.689280535412;3975.71575;['wind_speed', 'pressure', 'temperature']
2026-02-21 19:00:00;3451.5634988410698;3784.02475;['wind_speed', 'pressure', 'temperature']
2026-02-21 20:00:00;3906.950319325332;3627.47425;['wind_speed', 'pressure', 'temperature']
2026-02-21 21:00:00;3743.514008875686;4353.26275;['wind_speed', 'pressure', 'temperature']
2026-02-21 22:00:00;3269.642160822354;3946.12675;['wind_speed', 'pressure', 'temperature']
2026-02-21 23:00:00;3084.6336129131632;2380.04225;['wind_speed', 'pressure', 'temperature']
2026-02-22 00:00:00;2646.07770134;2629.34925;['wind_speed', 'pressure', 'temperature']
2026-02-22 01:00:00;2794.047056521571;2120.21475;['wind_speed', 'pressure', 'temperature']
2026-02-22 02:00:00;2854.5031254485866;2591.9735000000005;['wind_speed', 'pressure', 'temperature']
2026-02-22 03:00:00;2365.1334225911296;2107.6405;['wind_speed', 'pressure', 'temperature']
2026-02-22 04:00:00;2501.5151291447864;2663.44675;['wind_speed', 'pressure', 'temperature']
2026-02-22 05:00:00;2570.265715421039;2201.2252500000004;['wind_speed', 'pressure', 'temperature']
2026-02-22 06:00:00;2672.7354135765763;3617.4885;['wind_speed', 'pressure', 'temperature']
2026-02-22 07:00:00;2924.888543879816;2402.6565;['wind_speed', 'pressure', 'temperature']
2026-02-22 08:00:00;2912.624686721687;2474.27325;['wind_speed', 'pressure', 'temperature']
2026-02-22 09:00:00;3029.6510435406753;2407.15;['wind_speed', 'pressure', 'temperature']
2026-02-22 10:00:00;2740.2723975396084;2644.01375;['wind_speed', 'pressure', 'temperature']
2026-02-22 11:00:00;2892.8777763353946;2835.98975;['wind_speed', 'pressure', 'temperature']
2026-02-22 12:00:00;2778.804219275007;2392.25975;['wind_speed', 'pressure', 'temperature']
2026-02-22 13:00:00;2962.93386560812;2305.58525;['wind_speed', 'pressure', 'temperature']
2026-02-22 14:00:00;2923.0611251557757;3217.099;['wind_speed', 'pressure', 'temperature']
2026-02-22 15:00:00;2815.368489603041;1857.12725;['wind_speed', 'pressure', 'temperature']
2026-02-22 16:00:00;2815.7925720411013;1684.09225;['wind_speed', 'pressure', 'temperature']
2026-02-22 17:00:00;3585.275596548415;2181.636;['wind_speed', 'pressure', 'temperature']
2026-02-22 18:00:00;4170.927554386761;3896.849;['wind_speed', 'pressure', 'temperature']
2026-02-22 19:00:00;3464.0912657028666;2929.2675;['wind_speed', 'pressure', 'temperature']
2026-02-22 20:00:00;3077.348437355474;3539.39125;['wind_speed', 'pressure', 'temperature']
2026-02-22 21:00:00;2897.0773497129567;3225.271;['wind_speed', 'pressure', 'temperature']
2026-02-22 22:00:00;2484.2546496536315;2870.692;['wind_speed', 'pressure', 'temperature']
2026-02-22 23:00:00;2149.637927715684;2738.51825;['wind_speed', 'pressure', 'temperature']
2026-02-23 00:00:00;2574.93203012732;1746.72925;['wind_speed', 'pressure', 'temperature']
2026-02-23 01:00:00;2479.775375940002;2174.40925;['wind_speed', 'pressure', 'temperature']
2026-02-23 02:00:00;2314.5469386656987;2312.4432500000003;['wind_speed', 'pressure', 'temperature']
2026-02-23 03:00:00;2223.881083900307;2503.66025;['wind_speed', 'pressure', 'temperature']
2026-02-23 04:00:00;2339.438226783879;2444.362;['wind_speed', 'pressure', 'temperature']
2026-02-23 05:00:00;2381.703939204142;2905.5025;['wind_speed', 'pressure', 'temperature']
2026-02-23 06:00:00;2402.007456774645;2810.3165;['wind_speed', 'pressure', 'temperature']
2026-02-23 07:00:00;2674.0086934733386;3784.323;['wind_speed', 'pressure', 'temperature']
2026-02-23 08:00:00;2533.8662736145825;3324.1055;['wind_speed', 'pressure', 'temperature']
2026-02-23 09:00:00;2700.1682859998123;2637.14525;['wind_speed', 'pressure', 'temperature']
2026-02-23 10:00:00;2483.2368750569904;2564.26675;['wind_speed', 'pressure', 'temperature']
2026-02-23 11:00:00;2754.056031086201;2422.39275;['wind_speed', 'pressure', 'temperature']
2026-02-23 12:00:00;2441.6316602531;1688.8627499999998;['wind_speed', 'pressure', 'temperature']
2026-02-23 13:00:00;2374.84206828285;1263.13575;['wind_speed', 'pressure', 'temperature']
2026-02-23 14:00:00;2469.201743181561;2432.09175;['wind_speed', 'pressure', 'temperature']
2026-02-23 15:00:00;2352.9813881325817;3639.514;['wind_speed', 'pressure', 'temperature']
2026-02-23 16:00:00;2627.009655000065;3844.585;['wind_speed', 'pressure', 'temperature']
2026-02-23 17:00:00;3590.4549802217894;7690.8945;['wind_speed', 'pressure', 'temperature']
2026-02-23 18:00:00;3872.720361643029;7286.809499999999;['wind_speed', 'pressure', 'temperature']
2026-02-23 19:00:00;3210.2616037569514;1459.71375;['wind_speed', 'pressure', 'temperature']
2026-02-23 20:00:00;3506.137712721533;2066.23975;['wind_speed', 'pressure', 'temperature']
2026-02-23 21:00:00;3356.9107407721503;4231.92425;['wind_speed', 'pressure', 'temperature']
2026-02-23 22:00:00;2989.5180321148655;3387.08275;['wind_speed', 'pressure', 'temperature']
2026-02-23 23:00:00;2855.2618709146273;2707.083;['wind_speed', 'pressure', 'temperature']
2026-02-24 00:00:00;2967.7993222468926;2087.3587500000003;['wind_speed', 'pressure', 'temperature']
2026-02-24 01:00:00;3115.798593251863;2805.0935;['wind_speed', 'pressure', 'temperature']
2026-02-24 02:00:00;2650.098332466135;2305.28275;['wind_speed', 'pressure', 'temperature']
2026-02-24 03:00:00;2666.2991286390866;2668.79575;['wind_speed', 'pressure', 'temperature']
2026-02-24 04:00:00;2744.614683273298;2515.11175;['wind_speed', 'pressure', 'temperature']
2026-02-24 05:00:00;3036.167616181675;3203.1455;['wind_speed', 'pressure', 'temperature']
2026-02-24 06:00:00;2969.3745407316624;2993.927;['wind_speed', 'pressure', 'temperature']
2026-02-24 07:00:00;3025.47546640563;3073.1355000000003;['wind_speed', 'pressure', 'temperature']
2026-02-24 08:00:00;3394.6593732636948;3171.7027500000004;['wind_speed', 'pressure', 'temperature']
2026-02-24 09:00:00;3751.9398845012383;3257.02575;['wind_speed', 'pressure', 'temperature']
2026-02-24 10:00:00;3104.17381183868;2908.47525;['wind_speed', 'pressure', 'temperature']
2026-02-24 11:00:00;2990.0511298920123;2711.759;['wind_speed', 'pressure', 'temperature']
2026-02-24 12:00:00;3108.381742128595;2309.90175;['wind_speed', 'pressure', 'temperature']
2026-02-24 13:00:00;2976.676223775203;739.952;['wind_speed', 'pressure', 'temperature']
2026-02-24 14:00:00;2846.9998635387556;2432.09175;['wind_speed', 'pressure', 'temperature']
2026-02-24 15:00:00;2870.7647505751293;3639.514;['wind_speed', 'pressure', 'temperature']
2026-02-24 16:00:00;3002.855133324391;3844.585;['wind_speed', 'pressure', 'temperature']
2026-02-24 17:00:00;4182.263980481898;7690.8945;['wind_speed', 'pressure', 'temperature']
2026-02-24 18:00:00;4745.707891481916;7286.809499999999;['wind_speed', 'pressure', 'temperature']
2026-02-24 19:00:00;3663.2007198689166;1459.71375;['wind_speed', 'pressure', 'temperature']
2026-02-24 20:00:00;3674.6138952199;2066.23975;['wind_speed', 'pressure', 'temperature']
2026-02-24 21:00:00;3483.3027771061893;4231.92425;['wind_speed', 'pressure', 'temperature']
2026-02-24 22:00:00;3082.6330562147423;3387.08275;['wind_speed', 'pressure', 'temperature']
2026-02-24 23:00:00;2755.3278487241537;2707.083;['wind_speed', 'pressure', 'temperature']
2026-02-25 00:00:00;2800.3278681452657;2087.3587500000003;['wind_speed', 'pressure', 'temperature']
2026-02-25 01:00:00;2724.0898363586175;2805.0935;['wind_speed', 'pressure', 'temperature']
2026-02-25 02:00:00;2545.1155854215194;2305.28275;['wind_speed', 'pressure', 'temperature']
2026-02-25 03:00:00;2543.291600356233;2668.79575;['wind_speed', 'pressure', 'temperature']
2026-02-25 04:00:00;2690.8365592670843;2515.11175;['wind_speed', 'pressure', 'temperature']
2026-02-25 05:00:00;2866.890204580601;3203.1455;['wind_speed', 'pressure', 'temperature']
2026-02-25 06:00:00;2919.960385404284;2993.927;['wind_speed', 'pressure', 'temperature']
2026-02-25 07:00:00;3165.5780769574894;3073.1355000000003;['wind_speed', 'pressure', 'temperature']
2026-02-25 08:00:00;3014.3691604570267;3171.7027500000004;['wind_speed', 'pressure', 'temperature']
2026-02-25 09:00:00;3096.7355818981687;3257.02575;['wind_speed', 'pressure', 'temperature']
2026-02-25 10:00:00;2640.9710197210666;2908.47525;['wind_speed', 'pressure', 'temperature']
2026-02-25 11:00:00;2652.275809939922;2711.759;['wind_speed', 'pressure', 'temperature']
2026-02-25 12:00:00;2928.176481824314;2309.90175;['wind_speed', 'pressure', 'temperature']
2026-02-25 13:00:00;2299.0564318821325;739.952;['wind_speed', 'pressure', 'temperature']
2026-02-25 14:00:00;2439.7701130385585;1733.7510000000002;['wind_speed', 'pressure', 'temperature']
2026-02-25 15:00:00;2550.9784785691563;2727.55;['wind_speed', 'pressure', 'temperature']
2026-02-25 16:00:00;2880.6124401576126;2268.04875;['wind_speed', 'pressure', 'temperature']
2026-02-25 17:00:00;4524.478618816421;2185.0825;['wind_speed', 'pressure', 'temperature']
2026-02-25 18:00:00;4847.718304410513;5401.65;['wind_speed', 'pressure', 'temperature']
2026-02-25 19:00:00;3232.0188679296125;4408.7265;['wind_speed', 'pressure', 'temperature']
2026-02-25 20:00:00;3572.690535610196;3120.36225;['wind_speed', 'pressure', 'temperature']
2026-02-25 21:00:00;3672.21094543819;2523.31;['wind_speed', 'pressure', 'temperature']
2026-02-25 22:00:00;3029.46558481486;2395.0051041666666;['wind_speed', 'pressure', 'temperature']
2026-02-25 23:00:00;2843.2540705171555;2266.700208333333;['wind_speed', 'pressure', 'temperature']
2026-02-26 00:00:00;2423.7954394413637;2138.3953125;['wind_speed', 'pressure', 'temperature']
2026-02-26 01:00:00;3050.479237410757;2010.0904166666664;['wind_speed', 'pressure', 'temperature']
2026-02-26 02:00:00;2510.878237963828;1881.785520833333;['wind_speed', 'pressure', 'temperature']
2026-02-26 03:00:00;2557.1679459944653;1753.4806249999997;['wind_speed', 'pressure', 'temperature']
2026-02-26 04:00:00;2618.4291092755134;1625.1757291666663;['wind_speed', 'pressure', 'temperature']
2026-02-26 05:00:00;2887.207644350981;1496.8708333333332;['wind_speed', 'pressure', 'temperature']
2026-02-26 06:00:00;2838.9698025691587;1368.5659374999998;['wind_speed', 'pressure', 'temperature']
2026-02-26 07:00:00;3077.5055100993786;1240.2610416666664;['wind_speed', 'pressure', 'temperature']
2026-02-26 08:00:00;3548.4221739826685;1111.956145833333;['wind_speed', 'pressure', 'temperature']
2026-02-26 09:00:00;3102.3559934898185;983.65125;['wind_speed', 'pressure', 'temperature']
2026-02-26 10:00:00;2711.2391410466576;1833.2985;['wind_speed', 'pressure', 'temperature']
2026-02-26 11:00:00;2732.27873779324;3650.50475;['wind_speed', 'pressure', 'temperature']
2026-02-26 12:00:00;2401.8157094588437;3347.99625;['wind_speed', 'pressure', 'temperature']
2026-02-26 13:00:00;1611.602055676802;4618.702;['wind_speed', 'pressure', 'temperature']
2026-02-26 14:00:00;1762.5484901613027;4011.90325;['wind_speed', 'pressure', 'temperature']
2026-02-26 15:00:00;2197.492211473664;3309.00375;['wind_speed', 'pressure', 'temperature']
2026-02-26 16:00:00;2561.2664410263596;2059.02025;['wind_speed', 'pressure', 'temperature']
2026-02-26 17:00:00;4176.092134939382;2137.0;['wind_speed', 'pressure', 'temperature']
2026-02-26 18:00:00;5036.839561759814;5895.00775;['wind_speed', 'pressure', 'temperature']
2026-02-26 19:00:00;2821.0559576272626;3952.2635;['wind_speed', 'pressure', 'temperature']
2026-02-26 20:00:00;3176.4348487710085;3048.434;['wind_speed', 'pressure', 'temperature']
2026-02-26 21:00:00;3134.230123532442;2100.1352500000003;['wind_speed', 'pressure', 'temperature']
2026-02-26 22:00:00;2767.174864674262;2277.26325;['wind_speed', 'pressure', 'temperature']
2026-02-26 23:00:00;2620.063413582454;2650.38725;['wind_speed', 'pressure', 'temperature']
2026-02-27 00:00:00;2488.7958281758447;2599.7665;['wind_speed', 'pressure', 'temperature']
2026-02-27 01:00:00;2521.951600211137;2229.40875;['wind_speed', 'pressure', 'temperature']
2026-02-27 02:00:00;2331.697624871442;3347.22275;['wind_speed', 'pressure', 'temperature']
2026-02-27 03:00:00;2228.23322036796;2196.732;['wind_speed', 'pressure', 'temperature']
2026-02-27 04:00:00;1961.1286092673945;2473.217;['wind_speed', 'pressure', 'temperature']
2026-02-27 05:00:00;2107.590914776435;2305.593;['wind_speed', 'pressure', 'temperature']
2026-02-27 06:00:00;2108.102781310866;2977.48975;['wind_speed', 'pressure', 'temperature']
2026-02-27 07:00:00;2309.1790877998233;3342.68125;['wind_speed', 'pressure', 'temperature']
2026-02-27 08:00:00;2243.757748499561;1551.13275;['wind_speed', 'pressure', 'temperature']
2026-02-27 09:00:00;2537.2305954243816;1172.703;['wind_speed', 'pressure', 'temperature']
2026-02-27 10:00:00;2098.4445675840802;1888.36825;['wind_speed', 'pressure', 'temperature']
2026-02-27 11:00:00;2476.4597409645703;3043.5535;['wind_speed', 'pressure', 'temperature']
2026-02-27 12:00:00;2277.2983525193426;2145.57025;['wind_speed', 'pressure', 'temperature']
2026-02-27 13:00:00;2180.0700373514446;756.018;['wind_speed', 'pressure', 'temperature']
2026-02-27 14:00:00;2345.478848668248;761.868;['wind_speed', 'pressure', 'temperature']
2026-02-27 15:00:00;2084.772824923899;1121.75;['wind_speed', 'pressure', 'temperature']
2026-02-27 16:00:00;2017.673251045042;1032.1845;['wind_speed', 'pressure', 'temperature']
2026-02-27 17:00:00;3791.3346876684773;3098.913;['wind_speed', 'pressure', 'temperature']
2026-02-27 18:00:00;4329.979530341402;2677.49625;['wind_speed', 'pressure', 'temperature']
2026-02-27 19:00:00;2947.428555025428;2556.239;['wind_speed', 'pressure', 'temperature']
2026-02-27 20:00:00;3281.820774932896;2869.5155;['wind_speed', 'pressure', 'temperature']
2026-02-27 21:00:00;2712.932407694881;3065.46925;['wind_speed', 'pressure', 'temperature']
2026-02-27 22:00:00;2453.4764996329295;2299.8542500000003;['wind_speed', 'pressure', 'temperature']
2026-02-27 23:00:00;2527.9207076309613;2289.7025000000003;['wind_speed', 'pressure', 'temperature']
2026-02-28 00:00:00;2233.9865951232223;2230.26675;['wind_speed', 'pressure', 'temperature']
2026-02-28 01:00:00;2264.5922211146253;2372.79925;['wind_speed', 'pressure', 'temperature']
2026-02-28 02:00:00;2314.5307313779085;2630.50125;['wind_speed', 'pressure', 'temperature']
2026-02-28 03:00:00;2045.565938599556;1981.921;['wind_speed', 'pressure', 'temperature']
2026-02-28 04:00:00;2362.191364997082;1977.72725;['wind_speed', 'pressure', 'temperature']
2026-02-28 05:00:00;2535.196836081555;1957.68675;['wind_speed', 'pressure', 'temperature']
2026-02-28 06:00:00;2587.853990129068;1896.85625;['wind_speed', 'pressure', 'temperature']
2026-02-28 07:00:00;2757.961721067296;1561.8505;['wind_speed', 'pressure', 'temperature']
2026-02-28 08:00:00;2903.1395217547247;1123.34475;['wind_speed', 'pressure', 'temperature']
2026-02-28 09:00:00;2756.2200618294482;1466.5585;['wind_speed', 'pressure', 'temperature']
2026-02-28 10:00:00;1914.5354200106415;1740.317;['wind_speed', 'pressure', 'temperature']
2026-02-28 11:00:00;2405.733643521646;2625.6695;['wind_speed', 'pressure', 'temperature']
2026-02-28 12:00:00;1931.6925343920652;3085.0835;['wind_speed', 'pressure', 'temperature']
2026-02-28 13:00:00;1571.1563464304083;1037.36475;['wind_speed', 'pressure', 'temperature']
2026-02-28 14:00:00;1672.1661712295693;961.63275;['wind_speed', 'pressure', 'temperature']
2026-02-28 15:00:00;1803.4284547086854;954.55475;['wind_speed', 'pressure', 'temperature']
2026-02-28 16:00:00;1864.230013340185;1533.92725;['wind_speed', 'pressure', 'temperature']
2026-02-28 17:00:00;3328.274630763971;2240.077;['wind_speed', 'pressure', 'temperature']
2026-02-28 18:00:00;4283.262939103573;2810.08325;['wind_speed', 'pressure', 'temperature']
2026-02-28 19:00:00;2565.6298949892166;3149.1015;['wind_speed', 'pressure', 'temperature']
2026-02-28 20:00:00;2946.7468535076873;3243.71375;['wind_speed', 'pressure', 'temperature']
2026-02-28 21:00:00;3023.9282582438095;2889.52425;['wind_speed', 'pressure', 'temperature']
2026-02-28 22:00:00;2352.62590592035;2945.9410000000003;['wind_speed', 'pressure', 'temperature']
2026-02-28 23:00:00;2196.5033290502083;3344.285;['wind_speed', 'pressure', 'temperature']
2026-03-01 00:00:00;2766.126432999291;4005.7825;['wind_speed', 'pressure', 'temperature']
2026-03-01 01:00:00;2489.944801790987;3224.6197500000003;['wind_speed', 'pressure', 'temperature']
2026-03-01 02:00:00;2190.6480984216078;2222.49475;['wind_speed', 'pressure', 'temperature']
2026-03-01 03:00:00;1998.1909827845998;2238.53325;['wind_speed', 'pressure', 'temperature']
2026-03-01 04:00:00;2068.880412555039;2105.89225;['wind_speed', 'pressure', 'temperature']
2026-03-01 05:00:00;2225.9171622165923;1895.93;['wind_speed', 'pressure', 'temperature']
2026-03-01 06:00:00;1973.3513106497649;1915.9515;['wind_speed', 'pressure', 'temperature']
2026-03-01 07:00:00;2490.395803375287;1744.8925;['wind_speed', 'pressure', 'temperature']
2026-03-01 08:00:00;2678.770869431388;1552.0675;['wind_speed', 'pressure', 'temperature']
2026-03-01 09:00:00;2585.7760367503365;1486.991;['wind_speed', 'pressure', 'temperature']
2026-03-01 10:00:00;2446.9142766433624;1424.3685;['wind_speed', 'pressure', 'temperature']
2026-03-01 11:00:00;2385.4283647099764;1848.2955;['wind_speed', 'pressure', 'temperature']
2026-03-01 12:00:00;2380.132488393072;2020.3935;['wind_speed', 'pressure', 'temperature']
2026-03-01 13:00:00;2201.7119508567616;1075.92025;['wind_speed', 'pressure', 'temperature']
2026-03-01 14:00:00;2359.478040466398;2221.634;['wind_speed', 'pressure', 'temperature']
2026-03-01 15:00:00;2664.427017917181;1621.3802500000002;['wind_speed', 'pressure', 'temperature']
2026-03-01 16:00:00;2790.819538409852;2940.9017500000004;['wind_speed', 'pressure', 'temperature']
2026-03-01 17:00:00;3852.1651988726762;3469.55025;['wind_speed', 'pressure', 'temperature']
2026-03-01 18:00:00;4112.040272277;3401.025;['wind_speed', 'pressure', 'temperature']
2026-03-01 19:00:00;2965.731961400405;4648.9400000000005;['wind_speed', 'pressure', 'temperature']
2026-03-01 20:00:00;3257.8931736715563;3172.72825;['wind_speed', 'pressure', 'temperature']
2026-03-01 21:00:00;3301.7300663040614;3724.67375;['wind_speed', 'pressure', 'temperature']
2026-03-01 22:00:00;2932.791266949548;2194.51425;['wind_speed', 'pressure', 'temperature']
2026-03-01 23:00:00;2893.0313254993666;2766.385;['wind_speed', 'pressure', 'temperature']
2026-03-02 00:00:00;2793.678726513173;3246.745;['wind_speed', 'pressure', 'temperature']
2026-03-02 01:00:00;2719.549270850075;2790.22925;['wind_speed', 'pressure', 'temperature']
2026-03-02 02:00:00;2141.5482719713277;2155.6665;['wind_speed', 'pressure', 'temperature']
2026-03-02 03:00:00;2004.0983556127549;2621.298;['wind_speed', 'pressure', 'temperature']
2026-03-02 04:00:00;2056.2249198632403;2217.16675;['wind_speed', 'pressure', 'temperature']
2026-03-02 05:00:00;2146.066589930435;2487.078;['wind_speed', 'pressure', 'temperature']
2026-03-02 06:00:00;2148.614217116182;3034.98225;['wind_speed', 'pressure', 'temperature']
2026-03-02 07:00:00;1937.3484679246403;703.9855;['wind_speed', 'pressure', 'temperature']
2026-03-02 08:00:00;2257.335827869244;3024.90775;['wind_speed', 'pressure', 'temperature']
2026-03-02 09:00:00;2337.0349806098534;1042.5125;['wind_speed', 'pressure', 'temperature']
2026-03-02 10:00:00;1912.9134019050562;1443.9805;['wind_speed', 'pressure', 'temperature']
2026-03-02 11:00:00;2003.843073346432;3115.7045;['wind_speed', 'pressure', 'temperature']
2026-03-02 12:00:00;1840.1799432122555;3578.4032500000003;['wind_speed', 'pressure', 'temperature']
2026-03-02 13:00:00;1227.7128637622081;4828.33975;['wind_speed', 'pressure', 'temperature']
2026-03-02 14:00:00;1808.15342814212;4235.00525;['wind_speed', 'pressure', 'temperature']
2026-03-02 15:00:00;1696.3559711250064;4154.5925;['wind_speed', 'pressure', 'temperature']
2026-03-02 16:00:00;2116.590640970141;2162.64175;['wind_speed', 'pressure', 'temperature']
2026-03-02 17:00:00;4304.694872118619;2929.2985;['wind_speed', 'pressure', 'temperature']
2026-03-02 18:00:00;5287.574448888172;4386.6975;['wind_speed', 'pressure', 'temperature']
2026-03-02 19:00:00;3399.123594241102;3566.40925;['wind_speed', 'pressure', 'temperature']
2026-03-02 20:00:00;3515.2808991860966;3250.582;['wind_speed', 'pressure', 'temperature']
2026-03-02 21:00:00;2878.4752583843538;2445.295;['wind_speed', 'pressure', 'temperature']
2026-03-02 22:00:00;2875.9529838339013;3048.3762500000003;['wind_speed', 'pressure', 'temperature']
2026-03-02 23:00:00;2680.601167953823;2899.3835;['wind_speed', 'pressure', 'temperature']
2026-03-03 00:00:00;2470.1733922255034;2072.42525;['wind_speed', 'pressure', 'temperature']
2026-03-03 01:00:00;2693.8815647525435;2646.535;['wind_speed', 'pressure', 'temperature']
2026-03-03 02:00:00;2270.4635648481753;2631.8955;['wind_speed', 'pressure', 'temperature']
2026-03-03 03:00:00;2295.7323832399716;3036.797;['wind_speed', 'pressure', 'temperature']
2026-03-03 04:00:00;2295.9115330235745;2119.68425;['wind_speed', 'pressure', 'temperature']
2026-03-03 05:00:00;2630.795332763545;2895.75175;['wind_speed', 'pressure', 'temperature']
2026-03-03 06:00:00;3211.0730473442513;3432.59825;['wind_speed', 'pressure', 'temperature']
2026-03-03 07:00:00;2950.0283777852687;524.39675;['wind_speed', 'pressure', 'temperature']
2026-03-03 08:00:00;2703.0763204199375;1743.91575;['wind_speed', 'pressure', 'temperature']
2026-03-03 09:00:00;2011.4240939338033;1520.6104999999998;['wind_speed', 'pressure', 'temperature']
2026-03-03 10:00:00;1755.0313116471466;1320.03525;['wind_speed', 'pressure', 'temperature']
2026-03-03 11:00:00;2656.348873282541;2607.65675;['wind_speed', 'pressure', 'temperature']
2026-03-03 12:00:00;2596.076767466814;4472.4735;['wind_speed', 'pressure', 'temperature']
2026-03-03 13:00:00;2306.7294115973837;4663.9335;['wind_speed', 'pressure', 'temperature']
2026-03-03 14:00:00;2488.1630471714534;4119.155;['wind_speed', 'pressure', 'temperature']
2026-03-03 15:00:00;2506.7326850741383;3445.13;['wind_speed', 'pressure', 'temperature']
2026-03-03 16:00:00;2675.6748632546255;2418.37475;['wind_speed', 'pressure', 'temperature']
2026-03-03 17:00:00;3264.8427006730394;3358.39975;['wind_speed', 'pressure', 'temperature']
2026-03-03 18:00:00;4598.235241345152;6378.4400000000005;['wind_speed', 'pressure', 'temperature']
2026-03-03 19:00:00;3337.7124368707146;2789.0335;['wind_speed', 'pressure', 'temperature']
2026-03-03 20:00:00;3206.0189341753585;3805.4915;['wind_speed', 'pressure', 'temperature']
2026-03-03 21:00:00;2633.1285756051593;3770.307;['wind_speed', 'pressure', 'temperature']
2026-03-03 22:00:00;3121.105535329937;2653.62925;['wind_speed', 'pressure', 'temperature']
2026-03-03 23:00:00;2721.504768687394;2743.64325;['wind_speed', 'pressure', 'temperature']
2026-03-04 00:00:00;2587.963097477335;2341.52875;['wind_speed', 'pressure', 'temperature']
2026-03-04 01:00:00;2526.6210333271747;2976.6625;['wind_speed', 'pressure', 'temperature']
2026-03-04 02:00:00;2501.1091264682627;2663.9955;['wind_speed', 'pressure', 'temperature']
2026-03-04 03:00:00;2608.5990645959023;2132.85775;['wind_speed', 'pressure', 'temperature']
2026-03-04 04:00:00;2585.825434047497;2686.453;['wind_speed', 'pressure', 'temperature']
2026-03-04 05:00:00;2773.566213996608;2480.783;['wind_speed', 'pressure', 'temperature']
2026-03-04 06:00:00;2731.9624572931702;2484.50025;['wind_speed', 'pressure', 'temperature']
2026-03-04 07:00:00;2447.271822703707;3750.57025;['wind_speed', 'pressure', 'temperature']
2026-03-04 08:00:00;2400.2081980269945;962.9825;['wind_speed', 'pressure', 'temperature']
2026-03-04 09:00:00;2067.06318509595;913.50825;['wind_speed', 'pressure', 'temperature']
2026-03-04 10:00:00;1806.2935632822184;2335.989;['wind_speed', 'pressure', 'temperature']
2026-03-04 11:00:00;2255.6130475980513;2978.1815;['wind_speed', 'pressure', 'temperature']
2026-03-04 12:00:00;3131.5059649503937;4587.24025;['wind_speed', 'pressure', 'temperature']
2026-03-04 13:00:00;3260.9900636952843;4646.554749999999;['wind_speed', 'pressure', 'temperature']
2026-03-04 14:00:00;2945.1639531224337;4490.52625;['wind_speed', 'pressure', 'temperature']
2026-03-04 15:00:00;2525.1441274968092;3957.3565;['wind_speed', 'pressure', 'temperature']
2026-03-04 16:00:00;2998.728443028256;2997.356;['wind_speed', 'pressure', 'temperature']
2026-03-04 17:00:00;3524.7858899190305;1464.8985;['wind_speed', 'pressure', 'temperature']
2026-03-04 18:00:00;3621.5982420107694;4648.4705;['wind_speed', 'pressure', 'temperature']
2026-03-04 19:00:00;2761.697135129807;4129.09025;['wind_speed', 'pressure', 'temperature']
2026-03-04 20:00:00;3250.4664782122045;3670.78525;['wind_speed', 'pressure', 'temperature']
2026-03-04 21:00:00;3258.9034190371917;2636.34375;['wind_speed', 'pressure', 'temperature']
2026-03-04 22:00:00;2831.593005092803;3060.88225;['wind_speed', 'pressure', 'temperature']
2026-03-04 23:00:00;2849.944555624731;3818.83625;['wind_speed', 'pressure', 'temperature']
2026-03-05 00:00:00;3257.1641806166435;2839.1465;['wind_speed', 'pressure', 'temperature']
2026-03-05 01:00:00;3091.5222766592715;2795.9970000000003;['wind_speed', 'pressure', 'temperature']
2026-03-05 02:00:00;2872.036189798363;2804.9217500000004;['wind_speed', 'pressure', 'temperature']
2026-03-05 03:00:00;2814.607773475145;2636.8767500000004;['wind_speed', 'pressure', 'temperature']
2026-03-05 04:00:00;2913.4901580410215;2252.3625;['wind_speed', 'pressure', 'temperature']
2026-03-05 05:00:00;2997.6725492444584;2891.4347500000003;['wind_speed', 'pressure', 'temperature']
2026-03-05 06:00:00;3175.4732032308084;3542.1585;['wind_speed', 'pressure', 'temperature']
2026-03-05 07:00:00;2944.044588587633;4354.528;['wind_speed', 'pressure', 'temperature']
2026-03-05 08:00:00;2590.1030475553334;2665.74625;['wind_speed', 'pressure', 'temperature']
2026-03-05 09:00:00;3207.925044100936;1302.7145;['wind_speed', 'pressure', 'temperature']
2026-03-05 10:00:00;3045.3387042081913;2217.8925;['wind_speed', 'pressure', 'temperature']
2026-03-05 11:00:00;2779.6218579236406;1661.2067499999998;['wind_speed', 'pressure', 'temperature']
2026-03-05 12:00:00;3248.6381110794277;1502.9172500000002;['wind_speed', 'pressure', 'temperature']
2026-03-05 13:00:00;2976.1869049495763;869.1479999999999;['wind_speed', 'pressure', 'temperature']
2026-03-05 14:00:00;3042.2050481358733;1631.13325;['wind_speed', 'pressure', 'temperature']
2026-03-05 15:00:00;2535.6018186568795;3945.8165;['wind_speed', 'pressure', 'temperature']
2026-03-05 16:00:00;2443.055962415303;2468.259;['wind_speed', 'pressure', 'temperature']
2026-03-05 17:00:00;3086.3456448389097;3224.5152499999995;['wind_speed', 'pressure', 'temperature']
2026-03-05 18:00:00;5472.172845599189;5428.21475;['wind_speed', 'pressure', 'temperature']
2026-03-05 19:00:00;3504.2210949267856;3815.672;['wind_speed', 'pressure', 'temperature']
2026-03-05 20:00:00;3466.46126092989;4185.101;['wind_speed', 'pressure', 'temperature']
2026-03-05 21:00:00;3246.4517380958528;2708.38675;['wind_speed', 'pressure', 'temperature']
2026-03-05 22:00:00;3036.650764784703;2625.80675;['wind_speed', 'pressure', 'temperature']
2026-03-05 23:00:00;3085.724695142342;2412.5550000000003;['wind_speed', 'pressure', 'temperature']
2026-03-06 00:00:00;2399.64500712306;2537.2190000000005;['wind_speed', 'pressure', 'temperature']
2026-03-06 01:00:00;2820.6606735148102;2795.9970000000003;['wind_speed', 'pressure', 'temperature']
2026-03-06 02:00:00;2632.4425168401667;2804.9217500000004;['wind_speed', 'pressure', 'temperature']
2026-03-06 03:00:00;2563.2395437051537;2636.8767500000004;['wind_speed', 'pressure', 'temperature']
2026-03-06 04:00:00;2588.365130613188;2252.3625;['wind_speed', 'pressure', 'temperature']
2026-03-06 05:00:00;2783.196308842021;2891.4347500000003;['wind_speed', 'pressure', 'temperature']
2026-03-06 06:00:00;2960.036324305197;3542.1585;['wind_speed', 'pressure', 'temperature']
2026-03-06 07:00:00;3265.3326421859865;4354.528;['wind_speed', 'pressure', 'temperature']
2026-03-06 08:00:00;2499.183291246818;1813.133;['wind_speed', 'pressure', 'temperature']
2026-03-06 09:00:00;2816.044670959306;1455.8512500000002;['wind_speed', 'pressure', 'temperature']
2026-03-06 10:00:00;2099.4944941231965;2485.7415;['wind_speed', 'pressure', 'temperature']
2026-03-06 11:00:00;2459.515415893137;4530.7165;['wind_speed', 'pressure', 'temperature']
2026-03-06 12:00:00;2344.6613583565427;4249.43025;['wind_speed', 'pressure', 'temperature']
2026-03-06 13:00:00;1782.3183008983597;2027.85775;['wind_speed', 'pressure', 'temperature']
2026-03-06 14:00:00;2609.378695712017;1419.4865;['wind_speed', 'pressure', 'temperature']
2026-03-06 15:00:00;3120.622836088056;3713.09525;['wind_speed', 'pressure', 'temperature']
2026-03-06 16:00:00;2756.8472123260863;2572.8035;['wind_speed', 'pressure', 'temperature']
2026-03-06 17:00:00;3017.6325264822303;3580.1215;['wind_speed', 'pressure', 'temperature']
2026-03-06 18:00:00;4509.357041519532;6152.42875;['wind_speed', 'pressure', 'temperature']
2026-03-06 19:00:00;3042.9423907664377;3479.48725;['wind_speed', 'pressure', 'temperature']
2026-03-06 20:00:00;3091.4740123616357;2790.91975;['wind_speed', 'pressure', 'temperature']
2026-03-06 21:00:00;2724.921188168595;2074.9595;['wind_speed', 'pressure', 'temperature']
2026-03-06 22:00:00;2435.0339455987623;1739.635;['wind_speed', 'pressure', 'temperature']
2026-03-06 23:00:00;2363.719016337081;2311.847;['wind_speed', 'pressure', 'temperature']
2026-03-07 00:00:00;2520.4655839771976;2138.156;['wind_speed', 'pressure', 'temperature']
2026-03-07 01:00:00;2705.843781515761;2338.306;['wind_speed', 'pressure', 'temperature']
2026-03-07 02:00:00;2586.4247184901237;2584.2935;['wind_speed', 'pressure', 'temperature']
2026-03-07 03:00:00;2474.209125532031;1668.98875;['wind_speed', 'pressure', 'temperature']
2026-03-07 04:00:00;2480.6609121412744;1610.39575;['wind_speed', 'pressure', 'temperature']
2026-03-07 05:00:00;2697.3301102564487;2070.308;['wind_speed', 'pressure', 'temperature']
2026-03-07 06:00:00;2873.500264500134;2090.612;['wind_speed', 'pressure', 'temperature']
2026-03-07 07:00:00;3089.276050777196;1457.96075;['wind_speed', 'pressure', 'temperature']
2026-03-07 08:00:00;2477.3741562199243;756.50275;['wind_speed', 'pressure', 'temperature']
2026-03-07 09:00:00;2085.0904827731724;1590.6302500000002;['wind_speed', 'pressure', 'temperature']
2026-03-07 10:00:00;2471.7526496223218;1327.3035;['wind_speed', 'pressure', 'temperature']
2026-03-07 11:00:00;3254.2524789284307;2811.17875;['wind_speed', 'pressure', 'temperature']
2026-03-07 12:00:00;3647.644350160524;1682.80625;['wind_speed', 'pressure', 'temperature']
2026-03-07 13:00:00;2442.5291739546437;1354.13025;['wind_speed', 'pressure', 'temperature']
2026-03-07 14:00:00;1876.0691811304469;951.723;['wind_speed', 'pressure', 'temperature']
2026-03-07 15:00:00;3361.9909085871104;2364.96775;['wind_speed', 'pressure', 'temperature']
2026-03-07 16:00:00;2468.1703958870617;2298.85875;['wind_speed', 'pressure', 'temperature']
2026-03-07 17:00:00;3281.2275234955687;2192.87;['wind_speed', 'pressure', 'temperature']
2026-03-07 18:00:00;5229.129941586252;3587.63775;['wind_speed', 'pressure', 'temperature']
2026-03-07 19:00:00;3068.0781154023684;4620.41925;['wind_speed', 'pressure', 'temperature']
2026-03-07 20:00:00;3080.0153123564432;4156.529;['wind_speed', 'pressure', 'temperature']
2026-03-07 21:00:00;2952.46656951929;2222.4085;['wind_speed', 'pressure', 'temperature']
2026-03-07 22:00:00;2087.17905638194;4127.96075;['wind_speed', 'pressure', 'temperature']
2026-03-07 23:00:00;2350.703426196262;2806.2985;['wind_speed', 'pressure', 'temperature']
2026-03-08 00:00:00;2269.1119417643104;2072.6980000000003;['wind_speed', 'pressure', 'temperature']
2026-03-08 01:00:00;2554.8838569043714;3777.8255;['wind_speed', 'pressure', 'temperature']
2026-03-08 02:00:00;2383.516183828664;1967.07825;['wind_speed', 'pressure', 'temperature']
2026-03-08 03:00:00;2243.315568609667;2125.10075;['wind_speed', 'pressure', 'temperature']
2026-03-08 04:00:00;2203.909683040271;2076.188;['wind_speed', 'pressure', 'temperature']
2026-03-08 05:00:00;2445.8009281010095;2075.50675;['wind_speed', 'pressure', 'temperature']
2026-03-08 06:00:00;2653.383956473711;1866.8475;['wind_speed', 'pressure', 'temperature']
2026-03-08 07:00:00;2432.5669987879724;1325.2725;['wind_speed', 'pressure', 'temperature']
2026-03-08 08:00:00;1790.2918505818784;995.868;['wind_speed', 'pressure', 'temperature']
2026-03-08 09:00:00;1904.5360996901904;913.16325;['wind_speed', 'pressure', 'temperature']
2026-03-08 10:00:00;1888.2082857471125;1799.62;['wind_speed', 'pressure', 'temperature']
2026-03-08 11:00:00;3150.1376431880917;2870.49225;['wind_speed', 'pressure', 'temperature']
2026-03-08 12:00:00;2590.0316260916206;1250.2222499999998;['wind_speed', 'pressure', 'temperature']
2026-03-08 13:00:00;1573.1231426759548;1831.10675;['wind_speed', 'pressure', 'temperature']
2026-03-08 14:00:00;1741.4045293491888;1428.14675;['wind_speed', 'pressure', 'temperature']
2026-03-08 15:00:00;3131.7255832486435;1477.5485;['wind_speed', 'pressure', 'temperature']
2026-03-08 16:00:00;2023.394738308501;2029.1785;['wind_speed', 'pressure', 'temperature']
2026-03-08 17:00:00;2822.7074122611075;1926.54075;['wind_speed', 'pressure', 'temperature']
2026-03-08 18:00:00;4152.315999808552;3786.51925;['wind_speed', 'pressure', 'temperature']
2026-03-08 19:00:00;3603.9126702996427;3130.8587500000003;['wind_speed', 'pressure', 'temperature']
2026-03-08 20:00:00;3275.0363754384102;4166.77175;['wind_speed', 'pressure', 'temperature']
2026-03-08 21:00:00;2751.292892212459;3548.41575;['wind_speed', 'pressure', 'temperature']
2026-03-08 22:00:00;2818.911970819323;2750.8852500000003;['wind_speed', 'pressure', 'temperature']
2026-03-08 23:00:00;2589.2418756368443;2077.47225;['wind_speed', 'pressure', 'temperature']
2026-03-09 00:00:00;1998.5523701552734;1669.124;['wind_speed', 'pressure', 'temperature']
2026-03-09 01:00:00;2594.343442138328;2920.80125;['wind_speed', 'pressure', 'temperature']
2026-03-09 02:00:00;2147.927815523911;2274.465;['wind_speed', 'pressure', 'temperature']
2026-03-09 03:00:00;2103.5684833480673;1554.71575;['wind_speed', 'pressure', 'temperature']
2026-03-09 04:00:00;1976.401549335367;1631.3594999999998;['wind_speed', 'pressure', 'temperature']
2026-03-09 05:00:00;2249.2682747749886;3087.776;['wind_speed', 'pressure', 'temperature']
2026-03-09 06:00:00;2379.0501722302683;1866.8475;['wind_speed', 'pressure', 'temperature']
2026-03-09 07:00:00;1980.003411681761;1325.2725;['wind_speed', 'pressure', 'temperature']
2026-03-09 08:00:00;2671.421679244529;995.868;['wind_speed', 'pressure', 'temperature']
2026-03-09 09:00:00;1483.7571061238116;913.16325;['wind_speed', 'pressure', 'temperature']
2026-03-09 10:00:00;2029.9169894310403;2129.53325;['wind_speed', 'pressure', 'temperature']
2026-03-09 11:00:00;2739.7852231092684;2527.43425;['wind_speed', 'pressure', 'temperature']
2026-03-09 12:00:00;2264.312414118388;4109.2385;['wind_speed', 'pressure', 'temperature']
2026-03-09 13:00:00;2145.3831087948083;2127.6040000000003;['wind_speed', 'pressure', 'temperature']
2026-03-09 14:00:00;1649.1114366538445;1350.60725;['wind_speed', 'pressure', 'temperature']
2026-03-09 15:00:00;2386.8485540560882;2213.1385;['wind_speed', 'pressure', 'temperature']
2026-03-09 16:00:00;2268.6719295958587;1826.9195;['wind_speed', 'pressure', 'temperature']
2026-03-09 17:00:00;2670.828399529847;3601.039;['wind_speed', 'pressure', 'temperature']
2026-03-09 18:00:00;4168.40567213026;6124.2245;['wind_speed', 'pressure', 'temperature']
2026-03-09 19:00:00;2982.249188458308;3677.76775;['wind_speed', 'pressure', 'temperature']
2026-03-09 20:00:00;3316.0800638632627;2136.94175;['wind_speed', 'pressure', 'temperature']
2026-03-09 21:00:00;2657.923136493783;2988.7155;['wind_speed', 'pressure', 'temperature']
2026-03-09 22:00:00;2594.0622502072983;2318.666;['wind_speed', 'pressure', 'temperature']
2026-03-09 23:00:00;2350.1292173231222;1780.5255;['wind_speed', 'pressure', 'temperature']
2026-03-10 00:00:00;1971.5779632433087;2910.68175;['wind_speed', 'pressure', 'temperature']
2026-03-10 01:00:00;2584.2463158106593;1606.8917499999998;['wind_speed', 'pressure', 'temperature']
2026-03-10 02:00:00;2346.5250324748613;1834.1555;['wind_speed', 'pressure', 'temperature']
2026-03-10 03:00:00;2094.9728325757824;1829.8265;['wind_speed', 'pressure', 'temperature']
2026-03-10 04:00:00;2169.6539169373355;1621.01425;['wind_speed', 'pressure', 'temperature']
2026-03-10 05:00:00;2817.2780844376766;2817.76325;['wind_speed', 'pressure', 'temperature']
2026-03-10 06:00:00;2541.4404510283857;2770.8007500000003;['wind_speed', 'pressure', 'temperature']
2026-03-10 07:00:00;2202.1138167125528;3333.38175;['wind_speed', 'pressure', 'temperature']
2026-03-10 08:00:00;1750.7527755373585;2793.15375;['wind_speed', 'pressure', 'temperature']
2026-03-10 09:00:00;1664.4301917186058;1767.713;['wind_speed', 'pressure', 'temperature']
2026-03-10 10:00:00;2091.6436482584513;2210.927;['wind_speed', 'pressure', 'temperature']
2026-03-10 11:00:00;2803.4968990785474;3412.94075;['wind_speed', 'pressure', 'temperature']
2026-03-10 12:00:00;3096.637542754592;4061.66425;['wind_speed', 'pressure', 'temperature']
2026-03-10 13:00:00;2165.8850639496713;4106.809499999999;['wind_speed', 'pressure', 'temperature']
2026-03-10 14:00:00;1851.7156621526383;2908.1775;['wind_speed', 'pressure', 'temperature']
2026-03-10 15:00:00;2623.9409764322727;2550.7335;['wind_speed', 'pressure', 'temperature']
2026-03-10 16:00:00;2474.2254081941383;1788.1075;['wind_speed', 'pressure', 'temperature']
2026-03-10 17:00:00;3335.292697815562;2544.117;['wind_speed', 'pressure', 'temperature']
2026-03-10 18:00:00;5378.74076458323;5236.5315;['wind_speed', 'pressure', 'temperature']
2026-03-10 19:00:00;3403.39060219749;3303.29325;['wind_speed', 'pressure', 'temperature']
2026-03-10 20:00:00;2749.3376499235965;4674.07575;['wind_speed', 'pressure', 'temperature']
2026-03-10 21:00:00;2809.11446411848;2431.65825;['wind_speed', 'pressure', 'temperature']
2026-03-10 22:00:00;2754.567914450705;2185.2885;['wind_speed', 'pressure', 'temperature']
2026-03-10 23:00:00;4094.795014872093;2130.8632500000003;['wind_speed', 'pressure', 'temperature']
2026-03-11 00:00:00;2572.6534623057823;1892.9767500000005;['wind_speed', 'pressure', 'temperature']
2026-03-11 01:00:00;2686.12330484026;2013.29275;['wind_speed', 'pressure', 'temperature']
2026-03-11 02:00:00;2451.283447497137;1828.167;['wind_speed', 'pressure', 'temperature']
2026-03-11 03:00:00;2356.1916835202046;1877.80425;['wind_speed', 'pressure', 'temperature']
2026-03-11 04:00:00;2206.302142336713;1892.7795;['wind_speed', 'pressure', 'temperature']
2026-03-11 05:00:00;2689.7434510725184;3109.4265;['wind_speed', 'pressure', 'temperature']
2026-03-11 06:00:00;2702.909590363595;2762.2815;['wind_speed', 'pressure', 'temperature']
2026-03-11 07:00:00;2735.543130812801;2268.42275;['wind_speed', 'pressure', 'temperature']
2026-03-11 08:00:00;2036.7685411333573;1332.15575;['wind_speed', 'pressure', 'temperature']
2026-03-11 09:00:00;1871.6534695691944;946.02025;['wind_speed', 'pressure', 'temperature']
2026-03-11 10:00:00;2030.554104979037;2953.6225000000004;['wind_speed', 'pressure', 'temperature']
2026-03-11 11:00:00;3021.2570893986904;3048.2492500000003;['wind_speed', 'pressure', 'temperature']
2026-03-11 12:00:00;3230.066068209636;1016.1849999999998;['wind_speed', 'pressure', 'temperature']
2026-03-11 13:00:00;2890.2024076573916;735.11675;['wind_speed', 'pressure', 'temperature']
2026-03-11 14:00:00;2580.627341875671;1102.20775;['wind_speed', 'pressure', 'temperature']
2026-03-11 15:00:00;2832.601612296201;2617.099;['wind_speed', 'pressure', 'temperature']
2026-03-11 16:00:00;2424.5750963287956;3511.27;['wind_speed', 'pressure', 'temperature']
2026-03-11 17:00:00;2987.065420365593;2191.68175;['wind_speed', 'pressure', 'temperature']
2026-03-11 18:00:00;4830.870225395776;3577.4475;['wind_speed', 'pressure', 'temperature']
2026-03-11 19:00:00;3272.9465720770645;4741.882250000001;['wind_speed', 'pressure', 'temperature']
2026-03-11 20:00:00;3671.1629798572944;2768.617;['wind_speed', 'pressure', 'temperature']
2026-03-11 21:00:00;2886.1434457647956;3223.21725;['wind_speed', 'pressure', 'temperature']
2026-03-11 22:00:00;2671.595294940059;2263.3005;['wind_speed', 'pressure', 'temperature']
2026-03-11 23:00:00;2533.609536459713;1655.887;['wind_speed', 'pressure', 'temperature']
2026-02-21 00:00:00;3577.9122734634557;3220.53525;['wind_speed', 'precipitation', 'temperature']
2026-02-21 01:00:00;3802.2253623777297;4944.16275;['wind_speed', 'precipitation', 'temperature']
2026-02-21 02:00:00;3468.4462102463995;3109.51675;['wind_speed', 'precipitation', 'temperature']
2026-02-21 03:00:00;3271.2103500690496;3107.83475;['wind_speed', 'precipitation', 'temperature']
2026-02-21 04:00:00;3365.316197678181;3534.54725;['wind_speed', 'precipitation', 'temperature']
2026-02-21 05:00:00;3424.5441671718645;3540.4435;['wind_speed', 'precipitation', 'temperature']
2026-02-21 06:00:00;3396.8275914244546;2907.9265;['wind_speed', 'precipitation', 'temperature']
2026-02-21 07:00:00;3693.87994532658;3075.088;['wind_speed', 'precipitation', 'temperature']
2026-02-21 08:00:00;3824.2472913129127;3908.9975;['wind_speed', 'precipitation', 'temperature']
2026-02-21 09:00:00;3780.609405345939;5084.14325;['wind_speed', 'precipitation', 'temperature']
2026-02-21 10:00:00;3422.132141159535;3648.72875;['wind_speed', 'precipitation', 'temperature']
2026-02-21 11:00:00;3376.9153611191155;2904.00575;['wind_speed', 'precipitation', 'temperature']
2026-02-21 12:00:00;3319.1745665622407;3646.29625;['wind_speed', 'precipitation', 'temperature']
2026-02-21 13:00:00;3165.408639280266;3093.9895;['wind_speed', 'precipitation', 'temperature']
2026-02-21 14:00:00;3621.6290813881824;3318.7700000000004;['wind_speed', 'precipitation', 'temperature']
2026-02-21 15:00:00;3152.527730301798;3322.10225;['wind_speed', 'precipitation', 'temperature']
2026-02-21 16:00:00;3304.7884801478076;3020.13275;['wind_speed', 'precipitation', 'temperature']
2026-02-21 17:00:00;3962.148933041466;2320.5085;['wind_speed', 'precipitation', 'temperature']
2026-02-21 18:00:00;4649.056818056713;3975.71575;['wind_speed', 'precipitation', 'temperature']
2026-02-21 19:00:00;3100.1409886778797;3784.02475;['wind_speed', 'precipitation', 'temperature']
2026-02-21 20:00:00;3668.753065145153;3627.47425;['wind_speed', 'precipitation', 'temperature']
2026-02-21 21:00:00;3527.7506083160843;4353.26275;['wind_speed', 'precipitation', 'temperature']
2026-02-21 22:00:00;3086.4206031033314;3946.12675;['wind_speed', 'precipitation', 'temperature']
2026-02-21 23:00:00;2987.274578202789;2380.04225;['wind_speed', 'precipitation', 'temperature']
2026-02-22 00:00:00;2641.9959341347844;2629.34925;['wind_speed', 'precipitation', 'temperature']
2026-02-22 01:00:00;2921.6697628730294;2120.21475;['wind_speed', 'precipitation', 'temperature']
2026-02-22 02:00:00;2804.3738832264103;2591.9735000000005;['wind_speed', 'precipitation', 'temperature']
2026-02-22 03:00:00;2401.636226211653;2107.6405;['wind_speed', 'precipitation', 'temperature']
2026-02-22 04:00:00;2523.5906394774756;2663.44675;['wind_speed', 'precipitation', 'temperature']
2026-02-22 05:00:00;2917.4818051759994;2201.2252500000004;['wind_speed', 'precipitation', 'temperature']
2026-02-22 06:00:00;2760.83129380847;3617.4885;['wind_speed', 'precipitation', 'temperature']
2026-02-22 07:00:00;2839.434112580773;2402.6565;['wind_speed', 'precipitation', 'temperature']
2026-02-22 08:00:00;2924.6098167423816;2474.27325;['wind_speed', 'precipitation', 'temperature']
2026-02-22 09:00:00;2974.6422861640954;2407.15;['wind_speed', 'precipitation', 'temperature']
2026-02-22 10:00:00;2594.8910485365273;2644.01375;['wind_speed', 'precipitation', 'temperature']
2026-02-22 11:00:00;3299.4254716154337;2835.98975;['wind_speed', 'precipitation', 'temperature']
2026-02-22 12:00:00;3117.5697338640416;2392.25975;['wind_speed', 'precipitation', 'temperature']
2026-02-22 13:00:00;3127.19640819444;2305.58525;['wind_speed', 'precipitation', 'temperature']
2026-02-22 14:00:00;3051.312038026465;3217.099;['wind_speed', 'precipitation', 'temperature']
2026-02-22 15:00:00;2624.8075534404543;1857.12725;['wind_speed', 'precipitation', 'temperature']
2026-02-22 16:00:00;3146.593628626346;1684.09225;['wind_speed', 'precipitation', 'temperature']
2026-02-22 17:00:00;3480.543204913653;2181.636;['wind_speed', 'precipitation', 'temperature']
2026-02-22 18:00:00;3831.327178031371;3896.849;['wind_speed', 'precipitation', 'temperature']
2026-02-22 19:00:00;2635.9964119989886;2929.2675;['wind_speed', 'precipitation', 'temperature']
2026-02-22 20:00:00;2889.2586517615605;3539.39125;['wind_speed', 'precipitation', 'temperature']
2026-02-22 21:00:00;2894.16568723314;3225.271;['wind_speed', 'precipitation', 'temperature']
2026-02-22 22:00:00;2544.0801814903584;2870.692;['wind_speed', 'precipitation', 'temperature']
2026-02-22 23:00:00;2820.009960615973;2738.51825;['wind_speed', 'precipitation', 'temperature']
2026-02-23 00:00:00;2498.019400402292;1746.72925;['wind_speed', 'precipitation', 'temperature']
2026-02-23 01:00:00;2469.2595587886317;2174.40925;['wind_speed', 'precipitation', 'temperature']
2026-02-23 02:00:00;2202.545004388635;2312.4432500000003;['wind_speed', 'precipitation', 'temperature']
2026-02-23 03:00:00;2155.9991675539495;2503.66025;['wind_speed', 'precipitation', 'temperature']
2026-02-23 04:00:00;2277.5287165311975;2444.362;['wind_speed', 'precipitation', 'temperature']
2026-02-23 05:00:00;2339.5009594087983;2905.5025;['wind_speed', 'precipitation', 'temperature']
2026-02-23 06:00:00;2322.3103694416845;2810.3165;['wind_speed', 'precipitation', 'temperature']
2026-02-23 07:00:00;2638.2813186237336;3784.323;['wind_speed', 'precipitation', 'temperature']
2026-02-23 08:00:00;2569.9846834659097;3324.1055;['wind_speed', 'precipitation', 'temperature']
2026-02-23 09:00:00;2732.7783809830853;2637.14525;['wind_speed', 'precipitation', 'temperature']
2026-02-23 10:00:00;2751.144970831018;2564.26675;['wind_speed', 'precipitation', 'temperature']
2026-02-23 11:00:00;2610.9085463947413;2422.39275;['wind_speed', 'precipitation', 'temperature']
2026-02-23 12:00:00;2487.101788422792;1688.8627499999998;['wind_speed', 'precipitation', 'temperature']
2026-02-23 13:00:00;2363.735702494041;1263.13575;['wind_speed', 'precipitation', 'temperature']
2026-02-23 14:00:00;2442.11986547366;2432.09175;['wind_speed', 'precipitation', 'temperature']
2026-02-23 15:00:00;2297.3342956529923;3639.514;['wind_speed', 'precipitation', 'temperature']
2026-02-23 16:00:00;2979.3459875936546;3844.585;['wind_speed', 'precipitation', 'temperature']
2026-02-23 17:00:00;3896.1823243445024;7690.8945;['wind_speed', 'precipitation', 'temperature']
2026-02-23 18:00:00;3979.92962268244;7286.809499999999;['wind_speed', 'precipitation', 'temperature']
2026-02-23 19:00:00;3578.7075537699175;1459.71375;['wind_speed', 'precipitation', 'temperature']
2026-02-23 20:00:00;3425.503323984567;2066.23975;['wind_speed', 'precipitation', 'temperature']
2026-02-23 21:00:00;3650.567119833852;4231.92425;['wind_speed', 'precipitation', 'temperature']
2026-02-23 22:00:00;2940.188435969898;3387.08275;['wind_speed', 'precipitation', 'temperature']
2026-02-23 23:00:00;2783.958563801399;2707.083;['wind_speed', 'precipitation', 'temperature']
2026-02-24 00:00:00;3142.2398734795297;2087.3587500000003;['wind_speed', 'precipitation', 'temperature']
2026-02-24 01:00:00;3272.4447419200947;2805.0935;['wind_speed', 'precipitation', 'temperature']
2026-02-24 02:00:00;2660.9218927477264;2305.28275;['wind_speed', 'precipitation', 'temperature']
2026-02-24 03:00:00;2566.7893773722576;2668.79575;['wind_speed', 'precipitation', 'temperature']
2026-02-24 04:00:00;2694.637847960225;2515.11175;['wind_speed', 'precipitation', 'temperature']
2026-02-24 05:00:00;2740.5829560338675;3203.1455;['wind_speed', 'precipitation', 'temperature']
2026-02-24 06:00:00;2766.1104206802975;2993.927;['wind_speed', 'precipitation', 'temperature']
2026-02-24 07:00:00;3006.390705078581;3073.1355000000003;['wind_speed', 'precipitation', 'temperature']
2026-02-24 08:00:00;3281.2482530719044;3171.7027500000004;['wind_speed', 'precipitation', 'temperature']
2026-02-24 09:00:00;3713.3814893592503;3257.02575;['wind_speed', 'precipitation', 'temperature']
2026-02-24 10:00:00;3044.5129030793237;2908.47525;['wind_speed', 'precipitation', 'temperature']
2026-02-24 11:00:00;2989.0100349868085;2711.759;['wind_speed', 'precipitation', 'temperature']
2026-02-24 12:00:00;3249.431596318987;2309.90175;['wind_speed', 'precipitation', 'temperature']
2026-02-24 13:00:00;3095.610150622111;739.952;['wind_speed', 'precipitation', 'temperature']
2026-02-24 14:00:00;2888.807235868253;2432.09175;['wind_speed', 'precipitation', 'temperature']
2026-02-24 15:00:00;2667.2247091980653;3639.514;['wind_speed', 'precipitation', 'temperature']
2026-02-24 16:00:00;2838.6881619177675;3844.585;['wind_speed', 'precipitation', 'temperature']
2026-02-24 17:00:00;3317.3642343247425;7690.8945;['wind_speed', 'precipitation', 'temperature']
2026-02-24 18:00:00;3926.8011559666083;7286.809499999999;['wind_speed', 'precipitation', 'temperature']
2026-02-24 19:00:00;3223.292934732784;1459.71375;['wind_speed', 'precipitation', 'temperature']
2026-02-24 20:00:00;3172.603484157119;2066.23975;['wind_speed', 'precipitation', 'temperature']
2026-02-24 21:00:00;3266.803325659789;4231.92425;['wind_speed', 'precipitation', 'temperature']
2026-02-24 22:00:00;2922.3886121356854;3387.08275;['wind_speed', 'precipitation', 'temperature']
2026-02-24 23:00:00;2671.024826764314;2707.083;['wind_speed', 'precipitation', 'temperature']
2026-02-25 00:00:00;2598.227707702793;2087.3587500000003;['wind_speed', 'precipitation', 'temperature']
2026-02-25 01:00:00;2680.6012995991964;2805.0935;['wind_speed', 'precipitation', 'temperature']
2026-02-25 02:00:00;2606.4105707557974;2305.28275;['wind_speed', 'precipitation', 'temperature']
2026-02-25 03:00:00;2610.9796999755645;2668.79575;['wind_speed', 'precipitation', 'temperature']
2026-02-25 04:00:00;2701.448531747144;2515.11175;['wind_speed', 'precipitation', 'temperature']
2026-02-25 05:00:00;2851.528208388918;3203.1455;['wind_speed', 'precipitation', 'temperature']
2026-02-25 06:00:00;2900.2334182009745;2993.927;['wind_speed', 'precipitation', 'temperature']
2026-02-25 07:00:00;3093.510010653182;3073.1355000000003;['wind_speed', 'precipitation', 'temperature']
2026-02-25 08:00:00;2989.3493882591897;3171.7027500000004;['wind_speed', 'precipitation', 'temperature']
2026-02-25 09:00:00;3120.481582929873;3257.02575;['wind_speed', 'precipitation', 'temperature']
2026-02-25 10:00:00;2622.667553119665;2908.47525;['wind_speed', 'precipitation', 'temperature']
2026-02-25 11:00:00;2609.672675367314;2711.759;['wind_speed', 'precipitation', 'temperature']
2026-02-25 12:00:00;2506.4390051337245;2309.90175;['wind_speed', 'precipitation', 'temperature']
2026-02-25 13:00:00;2048.005653478981;739.952;['wind_speed', 'precipitation', 'temperature']
2026-02-25 14:00:00;2419.5933534509004;1733.7510000000002;['wind_speed', 'precipitation', 'temperature']
2026-02-25 15:00:00;2543.6928262765014;2727.55;['wind_speed', 'precipitation', 'temperature']
2026-02-25 16:00:00;2726.6056767981677;2268.04875;['wind_speed', 'precipitation', 'temperature']
2026-02-25 17:00:00;3827.2014710196263;2185.0825;['wind_speed', 'precipitation', 'temperature']
2026-02-25 18:00:00;5179.933680566621;5401.65;['wind_speed', 'precipitation', 'temperature']
2026-02-25 19:00:00;2973.2840045881353;4408.7265;['wind_speed', 'precipitation', 'temperature']
2026-02-25 20:00:00;3598.344937306865;3120.36225;['wind_speed', 'precipitation', 'temperature']
2026-02-25 21:00:00;3541.9536028678267;2523.31;['wind_speed', 'precipitation', 'temperature']
2026-02-25 22:00:00;2982.0350846497613;2395.0051041666666;['wind_speed', 'precipitation', 'temperature']
2026-02-25 23:00:00;2860.5917818265193;2266.700208333333;['wind_speed', 'precipitation', 'temperature']
2026-02-26 00:00:00;2575.4229653280668;2138.3953125;['wind_speed', 'precipitation', 'temperature']
2026-02-26 01:00:00;3109.4401880508267;2010.0904166666664;['wind_speed', 'precipitation', 'temperature']
2026-02-26 02:00:00;2612.2873583870914;1881.785520833333;['wind_speed', 'precipitation', 'temperature']
2026-02-26 03:00:00;2632.930382809172;1753.4806249999997;['wind_speed', 'precipitation', 'temperature']
2026-02-26 04:00:00;2702.1560641328306;1625.1757291666663;['wind_speed', 'precipitation', 'temperature']
2026-02-26 05:00:00;2962.281520022563;1496.8708333333332;['wind_speed', 'precipitation', 'temperature']
2026-02-26 06:00:00;2928.1695210900625;1368.5659374999998;['wind_speed', 'precipitation', 'temperature']
2026-02-26 07:00:00;3141.0155076241567;1240.2610416666664;['wind_speed', 'precipitation', 'temperature']
2026-02-26 08:00:00;3354.0537886674374;1111.956145833333;['wind_speed', 'precipitation', 'temperature']
2026-02-26 09:00:00;3144.306032862032;983.65125;['wind_speed', 'precipitation', 'temperature']
2026-02-26 10:00:00;2770.718674439347;1833.2985;['wind_speed', 'precipitation', 'temperature']
2026-02-26 11:00:00;2796.073626704637;3650.50475;['wind_speed', 'precipitation', 'temperature']
2026-02-26 12:00:00;2475.6989502743863;3347.99625;['wind_speed', 'precipitation', 'temperature']
2026-02-26 13:00:00;1734.3000327819682;4618.702;['wind_speed', 'precipitation', 'temperature']
2026-02-26 14:00:00;2361.3979025379745;4011.90325;['wind_speed', 'precipitation', 'temperature']
2026-02-26 15:00:00;2325.464414754803;3309.00375;['wind_speed', 'precipitation', 'temperature']
2026-02-26 16:00:00;2617.6720869795668;2059.02025;['wind_speed', 'precipitation', 'temperature']
2026-02-26 17:00:00;4045.316544615614;2137.0;['wind_speed', 'precipitation', 'temperature']
2026-02-26 18:00:00;4570.088644714247;5895.00775;['wind_speed', 'precipitation', 'temperature']
2026-02-26 19:00:00;3440.8376262226434;3952.2635;['wind_speed', 'precipitation', 'temperature']
2026-02-26 20:00:00;3107.4586552652463;3048.434;['wind_speed', 'precipitation', 'temperature']
2026-02-26 21:00:00;2961.666361254279;2100.1352500000003;['wind_speed', 'precipitation', 'temperature']
2026-02-26 22:00:00;2766.683198579777;2277.26325;['wind_speed', 'precipitation', 'temperature']
2026-02-26 23:00:00;2614.893236363073;2650.38725;['wind_speed', 'precipitation', 'temperature']
2026-02-27 00:00:00;2525.5917735857506;2599.7665;['wind_speed', 'precipitation', 'temperature']
2026-02-27 01:00:00;2613.9049338230984;2229.40875;['wind_speed', 'precipitation', 'temperature']
2026-02-27 02:00:00;2352.720180308251;3347.22275;['wind_speed', 'precipitation', 'temperature']
2026-02-27 03:00:00;2322.958239404593;2196.732;['wind_speed', 'precipitation', 'temperature']
2026-02-27 04:00:00;2415.4877890146076;2473.217;['wind_speed', 'precipitation', 'temperature']
2026-02-27 05:00:00;2571.5635517073765;2305.593;['wind_speed', 'precipitation', 'temperature']
2026-02-27 06:00:00;2573.506878001661;2977.48975;['wind_speed', 'precipitation', 'temperature']
2026-02-27 07:00:00;2767.0763282693515;3342.68125;['wind_speed', 'precipitation', 'temperature']
2026-02-27 08:00:00;2641.1406628610794;1551.13275;['wind_speed', 'precipitation', 'temperature']
2026-02-27 09:00:00;2553.821808994902;1172.703;['wind_speed', 'precipitation', 'temperature']
2026-02-27 10:00:00;2342.7102033515384;1888.36825;['wind_speed', 'precipitation', 'temperature']
2026-02-27 11:00:00;2408.827706313548;3043.5535;['wind_speed', 'precipitation', 'temperature']
2026-02-27 12:00:00;2418.1716386034946;2145.57025;['wind_speed', 'precipitation', 'temperature']
2026-02-27 13:00:00;2019.2983078412974;756.018;['wind_speed', 'precipitation', 'temperature']
2026-02-27 14:00:00;2452.1836051941887;761.868;['wind_speed', 'precipitation', 'temperature']
2026-02-27 15:00:00;2075.4277905243384;1121.75;['wind_speed', 'precipitation', 'temperature']
2026-02-27 16:00:00;2383.823629445034;1032.1845;['wind_speed', 'precipitation', 'temperature']
2026-02-27 17:00:00;3789.8869552966544;3098.913;['wind_speed', 'precipitation', 'temperature']
2026-02-27 18:00:00;4548.987165496402;2677.49625;['wind_speed', 'precipitation', 'temperature']
2026-02-27 19:00:00;2961.3318933525707;2556.239;['wind_speed', 'precipitation', 'temperature']
2026-02-27 20:00:00;3334.583789032323;2869.5155;['wind_speed', 'precipitation', 'temperature']
2026-02-27 21:00:00;2759.0699368371415;3065.46925;['wind_speed', 'precipitation', 'temperature']
2026-02-27 22:00:00;2414.800381551625;2299.8542500000003;['wind_speed', 'precipitation', 'temperature']
2026-02-27 23:00:00;2435.725354145339;2289.7025000000003;['wind_speed', 'precipitation', 'temperature']
2026-02-28 00:00:00;2243.542941110458;2230.26675;['wind_speed', 'precipitation', 'temperature']
2026-02-28 01:00:00;2405.2706994445707;2372.79925;['wind_speed', 'precipitation', 'temperature']
2026-02-28 02:00:00;2314.5510209965014;2630.50125;['wind_speed', 'precipitation', 'temperature']
2026-02-28 03:00:00;2315.723717735798;1981.921;['wind_speed', 'precipitation', 'temperature']
2026-02-28 04:00:00;2396.3618484471262;1977.72725;['wind_speed', 'precipitation', 'temperature']
2026-02-28 05:00:00;2559.188714381175;1957.68675;['wind_speed', 'precipitation', 'temperature']
2026-02-28 06:00:00;2592.4749286825545;1896.85625;['wind_speed', 'precipitation', 'temperature']
2026-02-28 07:00:00;2773.2765108911412;1561.8505;['wind_speed', 'precipitation', 'temperature']
2026-02-28 08:00:00;3048.612446459383;1123.34475;['wind_speed', 'precipitation', 'temperature']
2026-02-28 09:00:00;2917.4602902451143;1466.5585;['wind_speed', 'precipitation', 'temperature']
2026-02-28 10:00:00;2018.9913936076457;1740.317;['wind_speed', 'precipitation', 'temperature']
2026-02-28 11:00:00;2105.8476664671443;2625.6695;['wind_speed', 'precipitation', 'temperature']
2026-02-28 12:00:00;1904.712863780785;3085.0835;['wind_speed', 'precipitation', 'temperature']
2026-02-28 13:00:00;1560.9661699345647;1037.36475;['wind_speed', 'precipitation', 'temperature']
2026-02-28 14:00:00;1638.9806687532446;961.63275;['wind_speed', 'precipitation', 'temperature']
2026-02-28 15:00:00;1797.2612275319016;954.55475;['wind_speed', 'precipitation', 'temperature']
2026-02-28 16:00:00;2026.3014559091607;1533.92725;['wind_speed', 'precipitation', 'temperature']
2026-02-28 17:00:00;3403.18835193645;2240.077;['wind_speed', 'precipitation', 'temperature']
2026-02-28 18:00:00;4197.296026376654;2810.08325;['wind_speed', 'precipitation', 'temperature']
2026-02-28 19:00:00;2511.4768748988135;3149.1015;['wind_speed', 'precipitation', 'temperature']
2026-02-28 20:00:00;2924.8014986605053;3243.71375;['wind_speed', 'precipitation', 'temperature']
2026-02-28 21:00:00;2999.470918748397;2889.52425;['wind_speed', 'precipitation', 'temperature']
2026-02-28 22:00:00;2534.5177750005446;2945.9410000000003;['wind_speed', 'precipitation', 'temperature']
2026-02-28 23:00:00;2439.375195042604;3344.285;['wind_speed', 'precipitation', 'temperature']
2026-03-01 00:00:00;2811.245709668209;4005.7825;['wind_speed', 'precipitation', 'temperature']
2026-03-01 01:00:00;2425.343391109212;3224.6197500000003;['wind_speed', 'precipitation', 'temperature']
2026-03-01 02:00:00;2184.649919454679;2222.49475;['wind_speed', 'precipitation', 'temperature']
2026-03-01 03:00:00;2214.0224726498536;2238.53325;['wind_speed', 'precipitation', 'temperature']
2026-03-01 04:00:00;2235.82259310496;2105.89225;['wind_speed', 'precipitation', 'temperature']
2026-03-01 05:00:00;2491.520442481074;1895.93;['wind_speed', 'precipitation', 'temperature']
2026-03-01 06:00:00;2381.175296116222;1915.9515;['wind_speed', 'precipitation', 'temperature']
2026-03-01 07:00:00;2875.5636084999583;1744.8925;['wind_speed', 'precipitation', 'temperature']
2026-03-01 08:00:00;2675.8738362768336;1552.0675;['wind_speed', 'precipitation', 'temperature']
2026-03-01 09:00:00;2755.9526592960146;1486.991;['wind_speed', 'precipitation', 'temperature']
2026-03-01 10:00:00;2349.412136580627;1424.3685;['wind_speed', 'precipitation', 'temperature']
2026-03-01 11:00:00;2431.565876743501;1848.2955;['wind_speed', 'precipitation', 'temperature']
2026-03-01 12:00:00;2444.1297732613225;2020.3935;['wind_speed', 'precipitation', 'temperature']
2026-03-01 13:00:00;2401.5716132180337;1075.92025;['wind_speed', 'precipitation', 'temperature']
2026-03-01 14:00:00;2454.1788978926566;2221.634;['wind_speed', 'precipitation', 'temperature']
2026-03-01 15:00:00;2726.6340908911734;1621.3802500000002;['wind_speed', 'precipitation', 'temperature']
2026-03-01 16:00:00;2857.744207060504;2940.9017500000004;['wind_speed', 'precipitation', 'temperature']
2026-03-01 17:00:00;3700.0903312378464;3469.55025;['wind_speed', 'precipitation', 'temperature']
2026-03-01 18:00:00;4338.363026300372;3401.025;['wind_speed', 'precipitation', 'temperature']
2026-03-01 19:00:00;3029.519256403955;4648.9400000000005;['wind_speed', 'precipitation', 'temperature']
2026-03-01 20:00:00;3530.92567551589;3172.72825;['wind_speed', 'precipitation', 'temperature']
2026-03-01 21:00:00;3453.7273661563;3724.67375;['wind_speed', 'precipitation', 'temperature']
2026-03-01 22:00:00;3040.960496768221;2194.51425;['wind_speed', 'precipitation', 'temperature']
2026-03-01 23:00:00;2980.017831595425;2766.385;['wind_speed', 'precipitation', 'temperature']
2026-03-02 00:00:00;2872.367210035377;3246.745;['wind_speed', 'precipitation', 'temperature']
2026-03-02 01:00:00;2929.7988920239272;2790.22925;['wind_speed', 'precipitation', 'temperature']
2026-03-02 02:00:00;2158.497964549605;2155.6665;['wind_speed', 'precipitation', 'temperature']
2026-03-02 03:00:00;2032.5465115879306;2621.298;['wind_speed', 'precipitation', 'temperature']
2026-03-02 04:00:00;2062.726576893014;2217.16675;['wind_speed', 'precipitation', 'temperature']
2026-03-02 05:00:00;2136.34207470658;2487.078;['wind_speed', 'precipitation', 'temperature']
2026-03-02 06:00:00;2140.172542524139;3034.98225;['wind_speed', 'precipitation', 'temperature']
2026-03-02 07:00:00;2374.2953711040777;703.9855;['wind_speed', 'precipitation', 'temperature']
2026-03-02 08:00:00;2345.6433985921444;3024.90775;['wind_speed', 'precipitation', 'temperature']
2026-03-02 09:00:00;2518.400810606052;1042.5125;['wind_speed', 'precipitation', 'temperature']
2026-03-02 10:00:00;2100.7568586461534;1443.9805;['wind_speed', 'precipitation', 'temperature']
2026-03-02 11:00:00;2198.436405714612;3115.7045;['wind_speed', 'precipitation', 'temperature']
2026-03-02 12:00:00;2019.9334549738426;3578.4032500000003;['wind_speed', 'precipitation', 'temperature']
2026-03-02 13:00:00;1671.5763774092716;4828.33975;['wind_speed', 'precipitation', 'temperature']
2026-03-02 14:00:00;1824.26602037561;4235.00525;['wind_speed', 'precipitation', 'temperature']
2026-03-02 15:00:00;1845.8575442655385;4154.5925;['wind_speed', 'precipitation', 'temperature']
2026-03-02 16:00:00;2230.890665447605;2162.64175;['wind_speed', 'precipitation', 'temperature']
2026-03-02 17:00:00;4251.05789273206;2929.2985;['wind_speed', 'precipitation', 'temperature']
2026-03-02 18:00:00;5234.650225939322;4386.6975;['wind_speed', 'precipitation', 'temperature']
2026-03-02 19:00:00;3071.827123359196;3566.40925;['wind_speed', 'precipitation', 'temperature']
2026-03-02 20:00:00;3262.3149152538253;3250.582;['wind_speed', 'precipitation', 'temperature']
2026-03-02 21:00:00;3286.270968101281;2445.295;['wind_speed', 'precipitation', 'temperature']
2026-03-02 22:00:00;2713.0491628989225;3048.3762500000003;['wind_speed', 'precipitation', 'temperature']
2026-03-02 23:00:00;2544.9683813523975;2899.3835;['wind_speed', 'precipitation', 'temperature']
2026-03-03 00:00:00;2579.480072096015;2072.42525;['wind_speed', 'precipitation', 'temperature']
2026-03-03 01:00:00;2734.665528710133;2646.535;['wind_speed', 'precipitation', 'temperature']
2026-03-03 02:00:00;2545.8082151155495;2631.8955;['wind_speed', 'precipitation', 'temperature']
2026-03-03 03:00:00;2401.4482205258137;3036.797;['wind_speed', 'precipitation', 'temperature']
2026-03-03 04:00:00;2643.155826480244;2119.68425;['wind_speed', 'precipitation', 'temperature']
2026-03-03 05:00:00;2716.8339983482497;2895.75175;['wind_speed', 'precipitation', 'temperature']
2026-03-03 06:00:00;2815.540859484841;3432.59825;['wind_speed', 'precipitation', 'temperature']
2026-03-03 07:00:00;2389.859984748943;524.39675;['wind_speed', 'precipitation', 'temperature']
2026-03-03 08:00:00;2502.2767851033927;1743.91575;['wind_speed', 'precipitation', 'temperature']
2026-03-03 09:00:00;2112.524378414239;1520.6104999999998;['wind_speed', 'precipitation', 'temperature']
2026-03-03 10:00:00;1674.4038181823396;1320.03525;['wind_speed', 'precipitation', 'temperature']
2026-03-03 11:00:00;2097.41542145146;2607.65675;['wind_speed', 'precipitation', 'temperature']
2026-03-03 12:00:00;2086.8670243812585;4472.4735;['wind_speed', 'precipitation', 'temperature']
2026-03-03 13:00:00;1364.399119211381;4663.9335;['wind_speed', 'precipitation', 'temperature']
2026-03-03 14:00:00;1976.847304609984;4119.155;['wind_speed', 'precipitation', 'temperature']
2026-03-03 15:00:00;2027.6251797793593;3445.13;['wind_speed', 'precipitation', 'temperature']
2026-03-03 16:00:00;2214.72269638895;2418.37475;['wind_speed', 'precipitation', 'temperature']
2026-03-03 17:00:00;3322.7022440001065;3358.39975;['wind_speed', 'precipitation', 'temperature']
2026-03-03 18:00:00;4838.171069567797;6378.4400000000005;['wind_speed', 'precipitation', 'temperature']
2026-03-03 19:00:00;3187.383519085446;2789.0335;['wind_speed', 'precipitation', 'temperature']
2026-03-03 20:00:00;3227.3308241025884;3805.4915;['wind_speed', 'precipitation', 'temperature']
2026-03-03 21:00:00;3101.4213233749115;3770.307;['wind_speed', 'precipitation', 'temperature']
2026-03-03 22:00:00;2847.197381178691;2653.62925;['wind_speed', 'precipitation', 'temperature']
2026-03-03 23:00:00;2634.4594486221213;2743.64325;['wind_speed', 'precipitation', 'temperature']
2026-03-04 00:00:00;2588.425111069852;2341.52875;['wind_speed', 'precipitation', 'temperature']
2026-03-04 01:00:00;2450.776579964937;2976.6625;['wind_speed', 'precipitation', 'temperature']
2026-03-04 02:00:00;2531.623541826446;2663.9955;['wind_speed', 'precipitation', 'temperature']
2026-03-04 03:00:00;2597.4163870890525;2132.85775;['wind_speed', 'precipitation', 'temperature']
2026-03-04 04:00:00;2662.978138461083;2686.453;['wind_speed', 'precipitation', 'temperature']
2026-03-04 05:00:00;2663.395130609098;2480.783;['wind_speed', 'precipitation', 'temperature']
2026-03-04 06:00:00;2717.0041263515955;2484.50025;['wind_speed', 'precipitation', 'temperature']
2026-03-04 07:00:00;1337.9273704387542;3750.57025;['wind_speed', 'precipitation', 'temperature']
2026-03-04 08:00:00;2234.1321338155317;962.9825;['wind_speed', 'precipitation', 'temperature']
2026-03-04 09:00:00;2115.1644628517824;913.50825;['wind_speed', 'precipitation', 'temperature']
2026-03-04 10:00:00;1788.557415034013;2335.989;['wind_speed', 'precipitation', 'temperature']
2026-03-04 11:00:00;2478.7220478378035;2978.1815;['wind_speed', 'precipitation', 'temperature']
2026-03-04 12:00:00;2794.363532542502;4587.24025;['wind_speed', 'precipitation', 'temperature']
2026-03-04 13:00:00;2887.5624138250714;4646.554749999999;['wind_speed', 'precipitation', 'temperature']
2026-03-04 14:00:00;2434.6430600388703;4490.52625;['wind_speed', 'precipitation', 'temperature']
2026-03-04 15:00:00;2031.7280943886076;3957.3565;['wind_speed', 'precipitation', 'temperature']
2026-03-04 16:00:00;2162.089591002726;2997.356;['wind_speed', 'precipitation', 'temperature']
2026-03-04 17:00:00;3473.7502182450494;1464.8985;['wind_speed', 'precipitation', 'temperature']
2026-03-04 18:00:00;3513.0535438876686;4648.4705;['wind_speed', 'precipitation', 'temperature']
2026-03-04 19:00:00;2734.141969402098;4129.09025;['wind_speed', 'precipitation', 'temperature']
2026-03-04 20:00:00;3131.318563877486;3670.78525;['wind_speed', 'precipitation', 'temperature']
2026-03-04 21:00:00;3209.7605974220146;2636.34375;['wind_speed', 'precipitation', 'temperature']
2026-03-04 22:00:00;2766.1243196083315;3060.88225;['wind_speed', 'precipitation', 'temperature']
2026-03-04 23:00:00;2843.8272252886322;3818.83625;['wind_speed', 'precipitation', 'temperature']
2026-03-05 00:00:00;3311.3461083194497;2839.1465;['wind_speed', 'precipitation', 'temperature']
2026-03-05 01:00:00;3129.004928412431;2795.9970000000003;['wind_speed', 'precipitation', 'temperature']
2026-03-05 02:00:00;2902.8594662141622;2804.9217500000004;['wind_speed', 'precipitation', 'temperature']
2026-03-05 03:00:00;2841.3953017285803;2636.8767500000004;['wind_speed', 'precipitation', 'temperature']
2026-03-05 04:00:00;3004.4034356447714;2252.3625;['wind_speed', 'precipitation', 'temperature']
2026-03-05 05:00:00;3067.980469738776;2891.4347500000003;['wind_speed', 'precipitation', 'temperature']
2026-03-05 06:00:00;3249.900911597594;3542.1585;['wind_speed', 'precipitation', 'temperature']
2026-03-05 07:00:00;3465.9788610896767;4354.528;['wind_speed', 'precipitation', 'temperature']
2026-03-05 08:00:00;2520.8825564688595;2665.74625;['wind_speed', 'precipitation', 'temperature']
2026-03-05 09:00:00;2035.2786048343073;1302.7145;['wind_speed', 'precipitation', 'temperature']
2026-03-05 10:00:00;2513.737742964368;2217.8925;['wind_speed', 'precipitation', 'temperature']
2026-03-05 11:00:00;2593.5260603343863;1661.2067499999998;['wind_speed', 'precipitation', 'temperature']
2026-03-05 12:00:00;3182.333272184069;1502.9172500000002;['wind_speed', 'precipitation', 'temperature']
2026-03-05 13:00:00;2673.984198672738;869.1479999999999;['wind_speed', 'precipitation', 'temperature']
2026-03-05 14:00:00;2814.7943703806577;1631.13325;['wind_speed', 'precipitation', 'temperature']
2026-03-05 15:00:00;2854.289024435755;3945.8165;['wind_speed', 'precipitation', 'temperature']
2026-03-05 16:00:00;2941.2707339053636;2468.259;['wind_speed', 'precipitation', 'temperature']
2026-03-05 17:00:00;3129.642173008273;3224.5152499999995;['wind_speed', 'precipitation', 'temperature']
2026-03-05 18:00:00;5530.992915269305;5428.21475;['wind_speed', 'precipitation', 'temperature']
2026-03-05 19:00:00;3683.798462638631;3815.672;['wind_speed', 'precipitation', 'temperature']
2026-03-05 20:00:00;3432.6985755434725;4185.101;['wind_speed', 'precipitation', 'temperature']
2026-03-05 21:00:00;3233.8391080573597;2708.38675;['wind_speed', 'precipitation', 'temperature']
2026-03-05 22:00:00;2990.4818444030625;2625.80675;['wind_speed', 'precipitation', 'temperature']
2026-03-05 23:00:00;3058.7060110281323;2412.5550000000003;['wind_speed', 'precipitation', 'temperature']
2026-03-06 00:00:00;2343.363994150341;2537.2190000000005;['wind_speed', 'precipitation', 'temperature']
2026-03-06 01:00:00;2808.8129337834775;2795.9970000000003;['wind_speed', 'precipitation', 'temperature']
2026-03-06 02:00:00;2625.8630819902737;2804.9217500000004;['wind_speed', 'precipitation', 'temperature']
2026-03-06 03:00:00;2560.678521117902;2636.8767500000004;['wind_speed', 'precipitation', 'temperature']
2026-03-06 04:00:00;2683.3079378144334;2252.3625;['wind_speed', 'precipitation', 'temperature']
2026-03-06 05:00:00;2769.753658356285;2891.4347500000003;['wind_speed', 'precipitation', 'temperature']
2026-03-06 06:00:00;2933.4205818455357;3542.1585;['wind_speed', 'precipitation', 'temperature']
2026-03-06 07:00:00;3203.280647649382;4354.528;['wind_speed', 'precipitation', 'temperature']
2026-03-06 08:00:00;2614.114918139206;1813.133;['wind_speed', 'precipitation', 'temperature']
2026-03-06 09:00:00;2590.7411693409867;1455.8512500000002;['wind_speed', 'precipitation', 'temperature']
2026-03-06 10:00:00;2278.923926751575;2485.7415;['wind_speed', 'precipitation', 'temperature']
2026-03-06 11:00:00;2511.367763838089;4530.7165;['wind_speed', 'precipitation', 'temperature']
2026-03-06 12:00:00;2190.899446085599;4249.43025;['wind_speed', 'precipitation', 'temperature']
2026-03-06 13:00:00;1466.7610730613858;2027.85775;['wind_speed', 'precipitation', 'temperature']
2026-03-06 14:00:00;2423.094661259651;1419.4865;['wind_speed', 'precipitation', 'temperature']
2026-03-06 15:00:00;2974.0034808356554;3713.09525;['wind_speed', 'precipitation', 'temperature']
2026-03-06 16:00:00;2627.1863577857066;2572.8035;['wind_speed', 'precipitation', 'temperature']
2026-03-06 17:00:00;2862.1287014794952;3580.1215;['wind_speed', 'precipitation', 'temperature']
2026-03-06 18:00:00;4451.755054628384;6152.42875;['wind_speed', 'precipitation', 'temperature']
2026-03-06 19:00:00;2977.3870653310155;3479.48725;['wind_speed', 'precipitation', 'temperature']
2026-03-06 20:00:00;2992.721076044481;2790.91975;['wind_speed', 'precipitation', 'temperature']
2026-03-06 21:00:00;2693.2556482428017;2074.9595;['wind_speed', 'precipitation', 'temperature']
2026-03-06 22:00:00;2419.3692214146895;1739.635;['wind_speed', 'precipitation', 'temperature']
2026-03-06 23:00:00;2398.601674122315;2311.847;['wind_speed', 'precipitation', 'temperature']
2026-03-07 00:00:00;2455.585184053252;2138.156;['wind_speed', 'precipitation', 'temperature']
2026-03-07 01:00:00;2652.1728986684852;2338.306;['wind_speed', 'precipitation', 'temperature']
2026-03-07 02:00:00;2534.266961565036;2584.2935;['wind_speed', 'precipitation', 'temperature']
2026-03-07 03:00:00;2430.3897849446885;1668.98875;['wind_speed', 'precipitation', 'temperature']
2026-03-07 04:00:00;2436.078035210382;1610.39575;['wind_speed', 'precipitation', 'temperature']
2026-03-07 05:00:00;2638.0017296646274;2070.308;['wind_speed', 'precipitation', 'temperature']
2026-03-07 06:00:00;2856.6881263338605;2090.612;['wind_speed', 'precipitation', 'temperature']
2026-03-07 07:00:00;2822.3418208617763;1457.96075;['wind_speed', 'precipitation', 'temperature']
2026-03-07 08:00:00;2450.4017967498166;756.50275;['wind_speed', 'precipitation', 'temperature']
2026-03-07 09:00:00;2070.5523058496074;1590.6302500000002;['wind_speed', 'precipitation', 'temperature']
2026-03-07 10:00:00;2125.888800334523;1327.3035;['wind_speed', 'precipitation', 'temperature']
2026-03-07 11:00:00;2998.5566757427428;2811.17875;['wind_speed', 'precipitation', 'temperature']
2026-03-07 12:00:00;3071.2376546621417;1682.80625;['wind_speed', 'precipitation', 'temperature']
2026-03-07 13:00:00;1914.6777611218213;1354.13025;['wind_speed', 'precipitation', 'temperature']
2026-03-07 14:00:00;1920.552038518872;951.723;['wind_speed', 'precipitation', 'temperature']
2026-03-07 15:00:00;3256.6306015163746;2364.96775;['wind_speed', 'precipitation', 'temperature']
2026-03-07 16:00:00;2094.295458180326;2298.85875;['wind_speed', 'precipitation', 'temperature']
2026-03-07 17:00:00;3089.884740103882;2192.87;['wind_speed', 'precipitation', 'temperature']
2026-03-07 18:00:00;5346.539831337768;3587.63775;['wind_speed', 'precipitation', 'temperature']
2026-03-07 19:00:00;3088.827657697331;4620.41925;['wind_speed', 'precipitation', 'temperature']
2026-03-07 20:00:00;3092.6616828678148;4156.529;['wind_speed', 'precipitation', 'temperature']
2026-03-07 21:00:00;2954.857308179163;2222.4085;['wind_speed', 'precipitation', 'temperature']
2026-03-07 22:00:00;2543.8068286935213;4127.96075;['wind_speed', 'precipitation', 'temperature']
2026-03-07 23:00:00;2553.2242828142444;2806.2985;['wind_speed', 'precipitation', 'temperature']
2026-03-08 00:00:00;2421.7715220126966;2072.6980000000003;['wind_speed', 'precipitation', 'temperature']
2026-03-08 01:00:00;2611.1299873647413;3777.8255;['wind_speed', 'precipitation', 'temperature']
2026-03-08 02:00:00;2468.1779812619097;1967.07825;['wind_speed', 'precipitation', 'temperature']
2026-03-08 03:00:00;2342.4366917918987;2125.10075;['wind_speed', 'precipitation', 'temperature']
2026-03-08 04:00:00;2250.1013078521146;2076.188;['wind_speed', 'precipitation', 'temperature']
2026-03-08 05:00:00;2522.5547898786854;2075.50675;['wind_speed', 'precipitation', 'temperature']
2026-03-08 06:00:00;2692.5897827627414;1866.8475;['wind_speed', 'precipitation', 'temperature']
2026-03-08 07:00:00;2453.9628266461923;1325.2725;['wind_speed', 'precipitation', 'temperature']
2026-03-08 08:00:00;1654.1506546937912;995.868;['wind_speed', 'precipitation', 'temperature']
2026-03-08 09:00:00;1703.0085773530227;913.16325;['wind_speed', 'precipitation', 'temperature']
2026-03-08 10:00:00;1706.5524625960911;1799.62;['wind_speed', 'precipitation', 'temperature']
2026-03-08 11:00:00;2434.9839555646668;2870.49225;['wind_speed', 'precipitation', 'temperature']
2026-03-08 12:00:00;2392.4856859219776;1250.2222499999998;['wind_speed', 'precipitation', 'temperature']
2026-03-08 13:00:00;1625.6173126422793;1831.10675;['wind_speed', 'precipitation', 'temperature']
2026-03-08 14:00:00;1631.8522122355;1428.14675;['wind_speed', 'precipitation', 'temperature']
2026-03-08 15:00:00;2258.749772535401;1477.5485;['wind_speed', 'precipitation', 'temperature']
2026-03-08 16:00:00;2032.314632843499;2029.1785;['wind_speed', 'precipitation', 'temperature']
2026-03-08 17:00:00;2675.3322348489864;1926.54075;['wind_speed', 'precipitation', 'temperature']
2026-03-08 18:00:00;4249.706251011933;3786.51925;['wind_speed', 'precipitation', 'temperature']
2026-03-08 19:00:00;3389.8723591926628;3130.8587500000003;['wind_speed', 'precipitation', 'temperature']
2026-03-08 20:00:00;3266.653186183349;4166.77175;['wind_speed', 'precipitation', 'temperature']
2026-03-08 21:00:00;2725.663405191168;3548.41575;['wind_speed', 'precipitation', 'temperature']
2026-03-08 22:00:00;2827.762722401152;2750.8852500000003;['wind_speed', 'precipitation', 'temperature']
2026-03-08 23:00:00;2513.7695458035514;2077.47225;['wind_speed', 'precipitation', 'temperature']
2026-03-09 00:00:00;2018.5490477192914;1669.124;['wind_speed', 'precipitation', 'temperature']
2026-03-09 01:00:00;2625.6903100512245;2920.80125;['wind_speed', 'precipitation', 'temperature']
2026-03-09 02:00:00;2255.1696005928525;2274.465;['wind_speed', 'precipitation', 'temperature']
2026-03-09 03:00:00;2145.6790362167085;1554.71575;['wind_speed', 'precipitation', 'temperature']
2026-03-09 04:00:00;2071.4146073613642;1631.3594999999998;['wind_speed', 'precipitation', 'temperature']
2026-03-09 05:00:00;2282.9372372795715;3087.776;['wind_speed', 'precipitation', 'temperature']
2026-03-09 06:00:00;2376.401624807742;1866.8475;['wind_speed', 'precipitation', 'temperature']
2026-03-09 07:00:00;1929.947759488692;1325.2725;['wind_speed', 'precipitation', 'temperature']
2026-03-09 08:00:00;2467.268769255709;995.868;['wind_speed', 'precipitation', 'temperature']
2026-03-09 09:00:00;1784.2131966544844;913.16325;['wind_speed', 'precipitation', 'temperature']
2026-03-09 10:00:00;2200.3045857639654;2129.53325;['wind_speed', 'precipitation', 'temperature']
2026-03-09 11:00:00;3165.441726862979;2527.43425;['wind_speed', 'precipitation', 'temperature']
2026-03-09 12:00:00;2627.7905208727166;4109.2385;['wind_speed', 'precipitation', 'temperature']
2026-03-09 13:00:00;2180.0032556125934;2127.6040000000003;['wind_speed', 'precipitation', 'temperature']
2026-03-09 14:00:00;2093.116333942159;1350.60725;['wind_speed', 'precipitation', 'temperature']
2026-03-09 15:00:00;2252.5311639263846;2213.1385;['wind_speed', 'precipitation', 'temperature']
2026-03-09 16:00:00;2329.708705713027;1826.9195;['wind_speed', 'precipitation', 'temperature']
2026-03-09 17:00:00;2726.7287326823675;3601.039;['wind_speed', 'precipitation', 'temperature']
2026-03-09 18:00:00;4101.086533853038;6124.2245;['wind_speed', 'precipitation', 'temperature']
2026-03-09 19:00:00;2908.3791758555612;3677.76775;['wind_speed', 'precipitation', 'temperature']
2026-03-09 20:00:00;3275.739335738852;2136.94175;['wind_speed', 'precipitation', 'temperature']
2026-03-09 21:00:00;2734.6149253408803;2988.7155;['wind_speed', 'precipitation', 'temperature']
2026-03-09 22:00:00;2486.897969534982;2318.666;['wind_speed', 'precipitation', 'temperature']
2026-03-09 23:00:00;2403.3472804216744;1780.5255;['wind_speed', 'precipitation', 'temperature']
2026-03-10 00:00:00;1907.0807665860284;2910.68175;['wind_speed', 'precipitation', 'temperature']
2026-03-10 01:00:00;2439.9231431550365;1606.8917499999998;['wind_speed', 'precipitation', 'temperature']
2026-03-10 02:00:00;2298.8106069393625;1834.1555;['wind_speed', 'precipitation', 'temperature']
2026-03-10 03:00:00;2034.0398719455734;1829.8265;['wind_speed', 'precipitation', 'temperature']
2026-03-10 04:00:00;2111.94785262514;1621.01425;['wind_speed', 'precipitation', 'temperature']
2026-03-10 05:00:00;2819.0964150913424;2817.76325;['wind_speed', 'precipitation', 'temperature']
2026-03-10 06:00:00;2540.721292771245;2770.8007500000003;['wind_speed', 'precipitation', 'temperature']
2026-03-10 07:00:00;2092.7537518261456;3333.38175;['wind_speed', 'precipitation', 'temperature']
2026-03-10 08:00:00;1487.1121671785043;2793.15375;['wind_speed', 'precipitation', 'temperature']
2026-03-10 09:00:00;1391.2890374232868;1767.713;['wind_speed', 'precipitation', 'temperature']
2026-03-10 10:00:00;2274.888062699671;2210.927;['wind_speed', 'precipitation', 'temperature']
2026-03-10 11:00:00;2917.860735417833;3412.94075;['wind_speed', 'precipitation', 'temperature']
2026-03-10 12:00:00;2977.9774844085423;4061.66425;['wind_speed', 'precipitation', 'temperature']
2026-03-10 13:00:00;2005.3243482105572;4106.809499999999;['wind_speed', 'precipitation', 'temperature']
2026-03-10 14:00:00;2179.6645252545395;2908.1775;['wind_speed', 'precipitation', 'temperature']
2026-03-10 15:00:00;2744.0732547358502;2550.7335;['wind_speed', 'precipitation', 'temperature']
2026-03-10 16:00:00;2644.4496504514686;1788.1075;['wind_speed', 'precipitation', 'temperature']
2026-03-10 17:00:00;3314.8075861504067;2544.117;['wind_speed', 'precipitation', 'temperature']
2026-03-10 18:00:00;5330.512032594506;5236.5315;['wind_speed', 'precipitation', 'temperature']
2026-03-10 19:00:00;3274.1691426150614;3303.29325;['wind_speed', 'precipitation', 'temperature']
2026-03-10 20:00:00;2810.3930348584354;4674.07575;['wind_speed', 'precipitation', 'temperature']
2026-03-10 21:00:00;2815.304710172271;2431.65825;['wind_speed', 'precipitation', 'temperature']
2026-03-10 22:00:00;2659.603373088021;2185.2885;['wind_speed', 'precipitation', 'temperature']
2026-03-10 23:00:00;2675.5207342880267;2130.8632500000003;['wind_speed', 'precipitation', 'temperature']
2026-03-11 00:00:00;2439.2040323006686;1892.9767500000005;['wind_speed', 'precipitation', 'temperature']
2026-03-11 01:00:00;2693.6832484320585;2013.29275;['wind_speed', 'precipitation', 'temperature']
2026-03-11 02:00:00;2427.53058799242;1828.167;['wind_speed', 'precipitation', 'temperature']
2026-03-11 03:00:00;2241.3039501192907;1877.80425;['wind_speed', 'precipitation', 'temperature']
2026-03-11 04:00:00;2131.095110083832;1892.7795;['wind_speed', 'precipitation', 'temperature']
2026-03-11 05:00:00;2639.17509762229;3109.4265;['wind_speed', 'precipitation', 'temperature']
2026-03-11 06:00:00;2659.483971725068;2762.2815;['wind_speed', 'precipitation', 'temperature']
2026-03-11 07:00:00;2542.22779210032;2268.42275;['wind_speed', 'precipitation', 'temperature']
2026-03-11 08:00:00;1885.3885163350976;1332.15575;['wind_speed', 'precipitation', 'temperature']
2026-03-11 09:00:00;1688.6010340669163;946.02025;['wind_speed', 'precipitation', 'temperature']
2026-03-11 10:00:00;2117.0285081663405;2953.6225000000004;['wind_speed', 'precipitation', 'temperature']
2026-03-11 11:00:00;3069.152217991143;3048.2492500000003;['wind_speed', 'precipitation', 'temperature']
2026-03-11 12:00:00;3298.65487177099;1016.1849999999998;['wind_speed', 'precipitation', 'temperature']
2026-03-11 13:00:00;2899.7713341328063;735.11675;['wind_speed', 'precipitation', 'temperature']
2026-03-11 14:00:00;2331.278333658065;1102.20775;['wind_speed', 'precipitation', 'temperature']
2026-03-11 15:00:00;2621.6314161510295;2617.099;['wind_speed', 'precipitation', 'temperature']
2026-03-11 16:00:00;2326.184906198814;3511.27;['wind_speed', 'precipitation', 'temperature']
2026-03-11 17:00:00;3167.1981034753744;2191.68175;['wind_speed', 'precipitation', 'temperature']
2026-03-11 18:00:00;4979.538818983313;3577.4475;['wind_speed', 'precipitation', 'temperature']
2026-03-11 19:00:00;3296.7466591165303;4741.882250000001;['wind_speed', 'precipitation', 'temperature']
2026-03-11 20:00:00;3754.936715973894;2768.617;['wind_speed', 'precipitation', 'temperature']
2026-03-11 21:00:00;2845.4268243817837;3223.21725;['wind_speed', 'precipitation', 'temperature']
2026-03-11 22:00:00;2653.9141797043912;2263.3005;['wind_speed', 'precipitation', 'temperature']
2026-03-11 23:00:00;2442.9728756783306;1655.887;['wind_speed', 'precipitation', 'temperature']
2026-02-21 00:00:00;3559.4890700863416;3220.53525;['pressure', 'precipitation', 'temperature']
2026-02-21 01:00:00;3693.9181631916267;4944.16275;['pressure', 'precipitation', 'temperature']
2026-02-21 02:00:00;3437.7980097924597;3109.51675;['pressure', 'precipitation', 'temperature']
2026-02-21 03:00:00;3109.0330274626544;3107.83475;['pressure', 'precipitation', 'temperature']
2026-02-21 04:00:00;3371.126304386086;3534.54725;['pressure', 'precipitation', 'temperature']
2026-02-21 05:00:00;3422.844471498948;3540.4435;['pressure', 'precipitation', 'temperature']
2026-02-21 06:00:00;3394.094442095201;2907.9265;['pressure', 'precipitation', 'temperature']
2026-02-21 07:00:00;3612.957641061438;3075.088;['pressure', 'precipitation', 'temperature']
2026-02-21 08:00:00;3727.7688916600355;3908.9975;['pressure', 'precipitation', 'temperature']
2026-02-21 09:00:00;3862.040110988285;5084.14325;['pressure', 'precipitation', 'temperature']
2026-02-21 10:00:00;3433.487088472271;3648.72875;['pressure', 'precipitation', 'temperature']
2026-02-21 11:00:00;3289.7761907329273;2904.00575;['pressure', 'precipitation', 'temperature']
2026-02-21 12:00:00;3139.846741300435;3646.29625;['pressure', 'precipitation', 'temperature']
2026-02-21 13:00:00;3120.1902958261126;3093.9895;['pressure', 'precipitation', 'temperature']
2026-02-21 14:00:00;3655.1783535252916;3318.7700000000004;['pressure', 'precipitation', 'temperature']
2026-02-21 15:00:00;3070.43330599439;3322.10225;['pressure', 'precipitation', 'temperature']
2026-02-21 16:00:00;3035.581632222476;3020.13275;['pressure', 'precipitation', 'temperature']
2026-02-21 17:00:00;3562.723065080965;2320.5085;['pressure', 'precipitation', 'temperature']
2026-02-21 18:00:00;4376.804420748414;3975.71575;['pressure', 'precipitation', 'temperature']
2026-02-21 19:00:00;3321.9281764951206;3784.02475;['pressure', 'precipitation', 'temperature']
2026-02-21 20:00:00;3178.133076995946;3627.47425;['pressure', 'precipitation', 'temperature']
2026-02-21 21:00:00;3058.744352530818;4353.26275;['pressure', 'precipitation', 'temperature']
2026-02-21 22:00:00;2776.8658036088223;3946.12675;['pressure', 'precipitation', 'temperature']
2026-02-21 23:00:00;3007.0881698328694;2380.04225;['pressure', 'precipitation', 'temperature']
2026-02-22 00:00:00;2728.6783247660833;2629.34925;['pressure', 'precipitation', 'temperature']
2026-02-22 01:00:00;3030.7962741190186;2120.21475;['pressure', 'precipitation', 'temperature']
2026-02-22 02:00:00;2826.4900197150682;2591.9735000000005;['pressure', 'precipitation', 'temperature']
2026-02-22 03:00:00;2463.155333510237;2107.6405;['pressure', 'precipitation', 'temperature']
2026-02-22 04:00:00;2594.0205059723066;2663.44675;['pressure', 'precipitation', 'temperature']
2026-02-22 05:00:00;2868.891982426313;2201.2252500000004;['pressure', 'precipitation', 'temperature']
2026-02-22 06:00:00;2974.1269249142706;3617.4885;['pressure', 'precipitation', 'temperature']
2026-02-22 07:00:00;2760.467852165647;2402.6565;['pressure', 'precipitation', 'temperature']
2026-02-22 08:00:00;2889.330578037383;2474.27325;['pressure', 'precipitation', 'temperature']
2026-02-22 09:00:00;3062.3457323786597;2407.15;['pressure', 'precipitation', 'temperature']
2026-02-22 10:00:00;2701.468659801875;2644.01375;['pressure', 'precipitation', 'temperature']
2026-02-22 11:00:00;3137.71747702171;2835.98975;['pressure', 'precipitation', 'temperature']
2026-02-22 12:00:00;3113.128778307834;2392.25975;['pressure', 'precipitation', 'temperature']
2026-02-22 13:00:00;2878.0156943489974;2305.58525;['pressure', 'precipitation', 'temperature']
2026-02-22 14:00:00;2970.0007963170656;3217.099;['pressure', 'precipitation', 'temperature']
2026-02-22 15:00:00;2597.4429732079925;1857.12725;['pressure', 'precipitation', 'temperature']
2026-02-22 16:00:00;2757.248619096855;1684.09225;['pressure', 'precipitation', 'temperature']
2026-02-22 17:00:00;3769.9813246544527;2181.636;['pressure', 'precipitation', 'temperature']
2026-02-22 18:00:00;4349.481583003693;3896.849;['pressure', 'precipitation', 'temperature']
2026-02-22 19:00:00;3141.1029958904364;2929.2675;['pressure', 'precipitation', 'temperature']
2026-02-22 20:00:00;3372.0894635133636;3539.39125;['pressure', 'precipitation', 'temperature']
2026-02-22 21:00:00;3020.237653998891;3225.271;['pressure', 'precipitation', 'temperature']
2026-02-22 22:00:00;2642.382414671578;2870.692;['pressure', 'precipitation', 'temperature']
2026-02-22 23:00:00;2582.1158399501082;2738.51825;['pressure', 'precipitation', 'temperature']
2026-02-23 00:00:00;2554.9222900635687;1746.72925;['pressure', 'precipitation', 'temperature']
2026-02-23 01:00:00;2586.007227378648;2174.40925;['pressure', 'precipitation', 'temperature']
2026-02-23 02:00:00;2276.62783462672;2312.4432500000003;['pressure', 'precipitation', 'temperature']
2026-02-23 03:00:00;2185.3408331143823;2503.66025;['pressure', 'precipitation', 'temperature']
2026-02-23 04:00:00;2271.26774249561;2444.362;['pressure', 'precipitation', 'temperature']
2026-02-23 05:00:00;2368.4141063614907;2905.5025;['pressure', 'precipitation', 'temperature']
2026-02-23 06:00:00;2277.8174719077333;2810.3165;['pressure', 'precipitation', 'temperature']
2026-02-23 07:00:00;2583.9059687163535;3784.323;['pressure', 'precipitation', 'temperature']
2026-02-23 08:00:00;2578.402726017208;3324.1055;['pressure', 'precipitation', 'temperature']
2026-02-23 09:00:00;2859.5205088733537;2637.14525;['pressure', 'precipitation', 'temperature']
2026-02-23 10:00:00;2781.8269768326254;2564.26675;['pressure', 'precipitation', 'temperature']
2026-02-23 11:00:00;2596.596745888446;2422.39275;['pressure', 'precipitation', 'temperature']
2026-02-23 12:00:00;2403.8003115618244;1688.8627499999998;['pressure', 'precipitation', 'temperature']
2026-02-23 13:00:00;2280.475220010107;1263.13575;['pressure', 'precipitation', 'temperature']
2026-02-23 14:00:00;2252.6428213015297;2432.09175;['pressure', 'precipitation', 'temperature']
2026-02-23 15:00:00;2241.226675909665;3639.514;['pressure', 'precipitation', 'temperature']
2026-02-23 16:00:00;2546.79121645369;3844.585;['pressure', 'precipitation', 'temperature']
2026-02-23 17:00:00;3837.644111962368;7690.8945;['pressure', 'precipitation', 'temperature']
2026-02-23 18:00:00;3862.9888635796287;7286.809499999999;['pressure', 'precipitation', 'temperature']
2026-02-23 19:00:00;3276.9589578189643;1459.71375;['pressure', 'precipitation', 'temperature']
2026-02-23 20:00:00;3449.391323323487;2066.23975;['pressure', 'precipitation', 'temperature']
2026-02-23 21:00:00;3306.3228495429994;4231.92425;['pressure', 'precipitation', 'temperature']
2026-02-23 22:00:00;2777.871218375065;3387.08275;['pressure', 'precipitation', 'temperature']
2026-02-23 23:00:00;2821.8152210006247;2707.083;['pressure', 'precipitation', 'temperature']
2026-02-24 00:00:00;2999.8881549644284;2087.3587500000003;['pressure', 'precipitation', 'temperature']
2026-02-24 01:00:00;3226.164340148468;2805.0935;['pressure', 'precipitation', 'temperature']
2026-02-24 02:00:00;2541.379204088866;2305.28275;['pressure', 'precipitation', 'temperature']
2026-02-24 03:00:00;2586.498893306585;2668.79575;['pressure', 'precipitation', 'temperature']
2026-02-24 04:00:00;2568.155517000677;2515.11175;['pressure', 'precipitation', 'temperature']
2026-02-24 05:00:00;2786.7412415661584;3203.1455;['pressure', 'precipitation', 'temperature']
2026-02-24 06:00:00;2970.7761498015234;2993.927;['pressure', 'precipitation', 'temperature']
2026-02-24 07:00:00;3073.904664009445;3073.1355000000003;['pressure', 'precipitation', 'temperature']
2026-02-24 08:00:00;3207.012178558267;3171.7027500000004;['pressure', 'precipitation', 'temperature']
2026-02-24 09:00:00;3570.706479039777;3257.02575;['pressure', 'precipitation', 'temperature']
2026-02-24 10:00:00;2976.865171136203;2908.47525;['pressure', 'precipitation', 'temperature']
2026-02-24 11:00:00;2929.7380076446607;2711.759;['pressure', 'precipitation', 'temperature']
2026-02-24 12:00:00;2976.424184607582;2309.90175;['pressure', 'precipitation', 'temperature']
2026-02-24 13:00:00;2818.7968544752985;739.952;['pressure', 'precipitation', 'temperature']
2026-02-24 14:00:00;2749.150134471084;2432.09175;['pressure', 'precipitation', 'temperature']
2026-02-24 15:00:00;2893.5774974971628;3639.514;['pressure', 'precipitation', 'temperature']
2026-02-24 16:00:00;2885.991510177784;3844.585;['pressure', 'precipitation', 'temperature']
2026-02-24 17:00:00;3714.414799637444;7690.8945;['pressure', 'precipitation', 'temperature']
2026-02-24 18:00:00;4325.893510700159;7286.809499999999;['pressure', 'precipitation', 'temperature']
2026-02-24 19:00:00;3135.1438155373717;1459.71375;['pressure', 'precipitation', 'temperature']
2026-02-24 20:00:00;3169.50750722078;2066.23975;['pressure', 'precipitation', 'temperature']
2026-02-24 21:00:00;3634.5358803104295;4231.92425;['pressure', 'precipitation', 'temperature']
2026-02-24 22:00:00;3033.9364663868073;3387.08275;['pressure', 'precipitation', 'temperature']
2026-02-24 23:00:00;2679.4930212646104;2707.083;['pressure', 'precipitation', 'temperature']
2026-02-25 00:00:00;2822.1788997729022;2087.3587500000003;['pressure', 'precipitation', 'temperature']
2026-02-25 01:00:00;2809.859978993395;2805.0935;['pressure', 'precipitation', 'temperature']
2026-02-25 02:00:00;2610.0010897614256;2305.28275;['pressure', 'precipitation', 'temperature']
2026-02-25 03:00:00;2628.3591668400686;2668.79575;['pressure', 'precipitation', 'temperature']
2026-02-25 04:00:00;2807.554324201682;2515.11175;['pressure', 'precipitation', 'temperature']
2026-02-25 05:00:00;2952.7110208980653;3203.1455;['pressure', 'precipitation', 'temperature']
2026-02-25 06:00:00;2996.403558081458;2993.927;['pressure', 'precipitation', 'temperature']
2026-02-25 07:00:00;3077.6076124376223;3073.1355000000003;['pressure', 'precipitation', 'temperature']
2026-02-25 08:00:00;3010.7962427897774;3171.7027500000004;['pressure', 'precipitation', 'temperature']
2026-02-25 09:00:00;3089.1024283154657;3257.02575;['pressure', 'precipitation', 'temperature']
2026-02-25 10:00:00;2685.4674442795013;2908.47525;['pressure', 'precipitation', 'temperature']
2026-02-25 11:00:00;2682.0765880484146;2711.759;['pressure', 'precipitation', 'temperature']
2026-02-25 12:00:00;2771.9694211733276;2309.90175;['pressure', 'precipitation', 'temperature']
2026-02-25 13:00:00;2613.383006016227;739.952;['pressure', 'precipitation', 'temperature']
2026-02-25 14:00:00;2501.903096648904;1733.7510000000002;['pressure', 'precipitation', 'temperature']
2026-02-25 15:00:00;2601.020929643645;2727.55;['pressure', 'precipitation', 'temperature']
2026-02-25 16:00:00;2950.3230362591576;2268.04875;['pressure', 'precipitation', 'temperature']
2026-02-25 17:00:00;4323.213009151057;2185.0825;['pressure', 'precipitation', 'temperature']
2026-02-25 18:00:00;5061.667934485647;5401.65;['pressure', 'precipitation', 'temperature']
2026-02-25 19:00:00;3482.0263419654966;4408.7265;['pressure', 'precipitation', 'temperature']
2026-02-25 20:00:00;3674.147502570082;3120.36225;['pressure', 'precipitation', 'temperature']
2026-02-25 21:00:00;3798.6978956485495;2523.31;['pressure', 'precipitation', 'temperature']
2026-02-25 22:00:00;3014.1112882527855;2395.0051041666666;['pressure', 'precipitation', 'temperature']
2026-02-25 23:00:00;2864.394047563738;2266.700208333333;['pressure', 'precipitation', 'temperature']
2026-02-26 00:00:00;2383.116868381739;2138.3953125;['pressure', 'precipitation', 'temperature']
2026-02-26 01:00:00;2916.7085167134755;2010.0904166666664;['pressure', 'precipitation', 'temperature']
2026-02-26 02:00:00;2490.76009622947;1881.785520833333;['pressure', 'precipitation', 'temperature']
2026-02-26 03:00:00;2514.744706813266;1753.4806249999997;['pressure', 'precipitation', 'temperature']
2026-02-26 04:00:00;2553.8034981135747;1625.1757291666663;['pressure', 'precipitation', 'temperature']
2026-02-26 05:00:00;2789.7035710879536;1496.8708333333332;['pressure', 'precipitation', 'temperature']
2026-02-26 06:00:00;2748.2624662945095;1368.5659374999998;['pressure', 'precipitation', 'temperature']
2026-02-26 07:00:00;2952.316963688592;1240.2610416666664;['pressure', 'precipitation', 'temperature']
2026-02-26 08:00:00;2920.0522370901836;1111.956145833333;['pressure', 'precipitation', 'temperature']
2026-02-26 09:00:00;3038.4741492974763;983.65125;['pressure', 'precipitation', 'temperature']
2026-02-26 10:00:00;2613.9903053316393;1833.2985;['pressure', 'precipitation', 'temperature']
2026-02-26 11:00:00;2642.132671642691;3650.50475;['pressure', 'precipitation', 'temperature']
2026-02-26 12:00:00;2315.682470213318;3347.99625;['pressure', 'precipitation', 'temperature']
2026-02-26 13:00:00;1574.79573153011;4618.702;['pressure', 'precipitation', 'temperature']
2026-02-26 14:00:00;2152.7739668078134;4011.90325;['pressure', 'precipitation', 'temperature']
2026-02-26 15:00:00;2192.737723475384;3309.00375;['pressure', 'precipitation', 'temperature']
2026-02-26 16:00:00;2613.9273434550005;2059.02025;['pressure', 'precipitation', 'temperature']
2026-02-26 17:00:00;3970.9552568352615;2137.0;['pressure', 'precipitation', 'temperature']
2026-02-26 18:00:00;4563.706527137811;5895.00775;['pressure', 'precipitation', 'temperature']
2026-02-26 19:00:00;2743.591129648541;3952.2635;['pressure', 'precipitation', 'temperature']
2026-02-26 20:00:00;3067.741219494261;3048.434;['pressure', 'precipitation', 'temperature']
2026-02-26 21:00:00;3204.9654100860193;2100.1352500000003;['pressure', 'precipitation', 'temperature']
2026-02-26 22:00:00;2619.221716867345;2277.26325;['pressure', 'precipitation', 'temperature']
2026-02-26 23:00:00;2592.6811992752027;2650.38725;['pressure', 'precipitation', 'temperature']
2026-02-27 00:00:00;2489.25874575511;2599.7665;['pressure', 'precipitation', 'temperature']
2026-02-27 01:00:00;2570.8621110355452;2229.40875;['pressure', 'precipitation', 'temperature']
2026-02-27 02:00:00;2302.8894199473507;3347.22275;['pressure', 'precipitation', 'temperature']
2026-02-27 03:00:00;2288.760576262773;2196.732;['pressure', 'precipitation', 'temperature']
2026-02-27 04:00:00;2347.391011540248;2473.217;['pressure', 'precipitation', 'temperature']
2026-02-27 05:00:00;2505.5587626972347;2305.593;['pressure', 'precipitation', 'temperature']
2026-02-27 06:00:00;2509.5647877187685;2977.48975;['pressure', 'precipitation', 'temperature']
2026-02-27 07:00:00;2707.6412504948566;3342.68125;['pressure', 'precipitation', 'temperature']
2026-02-27 08:00:00;2225.759578437148;1551.13275;['pressure', 'precipitation', 'temperature']
2026-02-27 09:00:00;2424.3474765893607;1172.703;['pressure', 'precipitation', 'temperature']
2026-02-27 10:00:00;2539.78974262291;1888.36825;['pressure', 'precipitation', 'temperature']
2026-02-27 11:00:00;2493.6598437165558;3043.5535;['pressure', 'precipitation', 'temperature']
2026-02-27 12:00:00;2528.197780001094;2145.57025;['pressure', 'precipitation', 'temperature']
2026-02-27 13:00:00;2185.299845109378;756.018;['pressure', 'precipitation', 'temperature']
2026-02-27 14:00:00;2552.423122178845;761.868;['pressure', 'precipitation', 'temperature']
2026-02-27 15:00:00;2201.7512851936617;1121.75;['pressure', 'precipitation', 'temperature']
2026-02-27 16:00:00;2329.4532575887247;1032.1845;['pressure', 'precipitation', 'temperature']
2026-02-27 17:00:00;2788.917865822934;3098.913;['pressure', 'precipitation', 'temperature']
2026-02-27 18:00:00;4722.541953045351;2677.49625;['pressure', 'precipitation', 'temperature']
2026-02-27 19:00:00;2533.5865996203975;2556.239;['pressure', 'precipitation', 'temperature']
2026-02-27 20:00:00;2716.5661196518568;2869.5155;['pressure', 'precipitation', 'temperature']
2026-02-27 21:00:00;2688.3167544639973;3065.46925;['pressure', 'precipitation', 'temperature']
2026-02-27 22:00:00;2354.973448423898;2299.8542500000003;['pressure', 'precipitation', 'temperature']
2026-02-27 23:00:00;2404.8898646281114;2289.7025000000003;['pressure', 'precipitation', 'temperature']
2026-02-28 00:00:00;2236.102742706932;2230.26675;['pressure', 'precipitation', 'temperature']
2026-02-28 01:00:00;2376.3971207627483;2372.79925;['pressure', 'precipitation', 'temperature']
2026-02-28 02:00:00;2313.493670037151;2630.50125;['pressure', 'precipitation', 'temperature']
2026-02-28 03:00:00;2175.9957847839814;1981.921;['pressure', 'precipitation', 'temperature']
2026-02-28 04:00:00;2390.5240518425494;1977.72725;['pressure', 'precipitation', 'temperature']
2026-02-28 05:00:00;2554.341794053267;1957.68675;['pressure', 'precipitation', 'temperature']
2026-02-28 06:00:00;2581.7988491446754;1896.85625;['pressure', 'precipitation', 'temperature']
2026-02-28 07:00:00;2760.143869067335;1561.8505;['pressure', 'precipitation', 'temperature']
2026-02-28 08:00:00;2764.6997523607406;1123.34475;['pressure', 'precipitation', 'temperature']
2026-02-28 09:00:00;2659.8721430314818;1466.5585;['pressure', 'precipitation', 'temperature']
2026-02-28 10:00:00;1937.888104081839;1740.317;['pressure', 'precipitation', 'temperature']
2026-02-28 11:00:00;2227.682430928584;2625.6695;['pressure', 'precipitation', 'temperature']
2026-02-28 12:00:00;1933.447368713369;3085.0835;['pressure', 'precipitation', 'temperature']
2026-02-28 13:00:00;1616.1518019666619;1037.36475;['pressure', 'precipitation', 'temperature']
2026-02-28 14:00:00;1739.0151201411063;961.63275;['pressure', 'precipitation', 'temperature']
2026-02-28 15:00:00;1881.5604423481714;954.55475;['pressure', 'precipitation', 'temperature']
2026-02-28 16:00:00;2105.6781269766525;1533.92725;['pressure', 'precipitation', 'temperature']
2026-02-28 17:00:00;3349.3263113863904;2240.077;['pressure', 'precipitation', 'temperature']
2026-02-28 18:00:00;4211.246758076181;2810.08325;['pressure', 'precipitation', 'temperature']
2026-02-28 19:00:00;2529.8265011738804;3149.1015;['pressure', 'precipitation', 'temperature']
2026-02-28 20:00:00;3008.2474904856585;3243.71375;['pressure', 'precipitation', 'temperature']
2026-02-28 21:00:00;3058.2103444261206;2889.52425;['pressure', 'precipitation', 'temperature']
2026-02-28 22:00:00;2508.777187363322;2945.9410000000003;['pressure', 'precipitation', 'temperature']
2026-02-28 23:00:00;2345.7809346913727;3344.285;['pressure', 'precipitation', 'temperature']
2026-03-01 00:00:00;2730.8881902962594;4005.7825;['pressure', 'precipitation', 'temperature']
2026-03-01 01:00:00;2405.9349825484987;3224.6197500000003;['pressure', 'precipitation', 'temperature']
2026-03-01 02:00:00;2155.610306820158;2222.49475;['pressure', 'precipitation', 'temperature']
2026-03-01 03:00:00;2040.2996274156426;2238.53325;['pressure', 'precipitation', 'temperature']
2026-03-01 04:00:00;2181.803978275801;2105.89225;['pressure', 'precipitation', 'temperature']
2026-03-01 05:00:00;2200.5367029546496;1895.93;['pressure', 'precipitation', 'temperature']
2026-03-01 06:00:00;2135.9972094467694;1915.9515;['pressure', 'precipitation', 'temperature']
2026-03-01 07:00:00;2297.5985965037826;1744.8925;['pressure', 'precipitation', 'temperature']
2026-03-01 08:00:00;2751.9628247064297;1552.0675;['pressure', 'precipitation', 'temperature']
2026-03-01 09:00:00;2912.3981091065943;1486.991;['pressure', 'precipitation', 'temperature']
2026-03-01 10:00:00;2544.853220837788;1424.3685;['pressure', 'precipitation', 'temperature']
2026-03-01 11:00:00;2453.8967282524272;1848.2955;['pressure', 'precipitation', 'temperature']
2026-03-01 12:00:00;2596.276507650573;2020.3935;['pressure', 'precipitation', 'temperature']
2026-03-01 13:00:00;2618.438358177097;1075.92025;['pressure', 'precipitation', 'temperature']
2026-03-01 14:00:00;2912.9824979702407;2221.634;['pressure', 'precipitation', 'temperature']
2026-03-01 15:00:00;2906.7349630535527;1621.3802500000002;['pressure', 'precipitation', 'temperature']
2026-03-01 16:00:00;3066.263979464786;2940.9017500000004;['pressure', 'precipitation', 'temperature']
2026-03-01 17:00:00;3408.1606094772037;3469.55025;['pressure', 'precipitation', 'temperature']
2026-03-01 18:00:00;4409.277369591343;3401.025;['pressure', 'precipitation', 'temperature']
2026-03-01 19:00:00;3148.8839610967766;4648.9400000000005;['pressure', 'precipitation', 'temperature']
2026-03-01 20:00:00;3552.1205378717086;3172.72825;['pressure', 'precipitation', 'temperature']
2026-03-01 21:00:00;3116.6328576581523;3724.67375;['pressure', 'precipitation', 'temperature']
2026-03-01 22:00:00;2920.8340785555265;2194.51425;['pressure', 'precipitation', 'temperature']
2026-03-01 23:00:00;2850.2448134783212;2766.385;['pressure', 'precipitation', 'temperature']
2026-03-02 00:00:00;2851.6190878645075;3246.745;['pressure', 'precipitation', 'temperature']
2026-03-02 01:00:00;2778.6460656444274;2790.22925;['pressure', 'precipitation', 'temperature']
2026-03-02 02:00:00;2422.4325600296806;2155.6665;['pressure', 'precipitation', 'temperature']
2026-03-02 03:00:00;2224.48663835408;2621.298;['pressure', 'precipitation', 'temperature']
2026-03-02 04:00:00;2244.7117730649593;2217.16675;['pressure', 'precipitation', 'temperature']
2026-03-02 05:00:00;2459.0816530443894;2487.078;['pressure', 'precipitation', 'temperature']
2026-03-02 06:00:00;2422.2899919589977;3034.98225;['pressure', 'precipitation', 'temperature']
2026-03-02 07:00:00;2501.3787527647446;703.9855;['pressure', 'precipitation', 'temperature']
2026-03-02 08:00:00;2376.2397333018325;3024.90775;['pressure', 'precipitation', 'temperature']
2026-03-02 09:00:00;2320.895153971952;1042.5125;['pressure', 'precipitation', 'temperature']
2026-03-02 10:00:00;2003.8696502655462;1443.9805;['pressure', 'precipitation', 'temperature']
2026-03-02 11:00:00;2133.018152706737;3115.7045;['pressure', 'precipitation', 'temperature']
2026-03-02 12:00:00;1876.1780060843646;3578.4032500000003;['pressure', 'precipitation', 'temperature']
2026-03-02 13:00:00;1533.0490837993334;4828.33975;['pressure', 'precipitation', 'temperature']
2026-03-02 14:00:00;1818.8683474404697;4235.00525;['pressure', 'precipitation', 'temperature']
2026-03-02 15:00:00;1944.3457494123452;4154.5925;['pressure', 'precipitation', 'temperature']
2026-03-02 16:00:00;2345.0651741376932;2162.64175;['pressure', 'precipitation', 'temperature']
2026-03-02 17:00:00;4340.988954319038;2929.2985;['pressure', 'precipitation', 'temperature']
2026-03-02 18:00:00;5386.600283656712;4386.6975;['pressure', 'precipitation', 'temperature']
2026-03-02 19:00:00;2926.3456499844497;3566.40925;['pressure', 'precipitation', 'temperature']
2026-03-02 20:00:00;3077.088171652051;3250.582;['pressure', 'precipitation', 'temperature']
2026-03-02 21:00:00;3231.1215543967473;2445.295;['pressure', 'precipitation', 'temperature']
2026-03-02 22:00:00;2640.060244469863;3048.3762500000003;['pressure', 'precipitation', 'temperature']
2026-03-02 23:00:00;2583.3911789904946;2899.3835;['pressure', 'precipitation', 'temperature']
2026-03-03 00:00:00;2457.5321490303304;2072.42525;['pressure', 'precipitation', 'temperature']
2026-03-03 01:00:00;2623.4018780368824;2646.535;['pressure', 'precipitation', 'temperature']
2026-03-03 02:00:00;2333.6932371138832;2631.8955;['pressure', 'precipitation', 'temperature']
2026-03-03 03:00:00;2376.610619965356;3036.797;['pressure', 'precipitation', 'temperature']
2026-03-03 04:00:00;2449.6515913865514;2119.68425;['pressure', 'precipitation', 'temperature']
2026-03-03 05:00:00;2743.8096120785003;2895.75175;['pressure', 'precipitation', 'temperature']
2026-03-03 06:00:00;2864.8505136222193;3432.59825;['pressure', 'precipitation', 'temperature']
2026-03-03 07:00:00;2533.0992496348117;524.39675;['pressure', 'precipitation', 'temperature']
2026-03-03 08:00:00;2535.4352292851177;1743.91575;['pressure', 'precipitation', 'temperature']
2026-03-03 09:00:00;2202.3294070467355;1520.6104999999998;['pressure', 'precipitation', 'temperature']
2026-03-03 10:00:00;1920.2766249699766;1320.03525;['pressure', 'precipitation', 'temperature']
2026-03-03 11:00:00;2605.985281551367;2607.65675;['pressure', 'precipitation', 'temperature']
2026-03-03 12:00:00;2589.4603145932897;4472.4735;['pressure', 'precipitation', 'temperature']
2026-03-03 13:00:00;2083.3903302734307;4663.9335;['pressure', 'precipitation', 'temperature']
2026-03-03 14:00:00;2427.6094638992977;4119.155;['pressure', 'precipitation', 'temperature']
2026-03-03 15:00:00;2523.245968493292;3445.13;['pressure', 'precipitation', 'temperature']
2026-03-03 16:00:00;2744.6816558933424;2418.37475;['pressure', 'precipitation', 'temperature']
2026-03-03 17:00:00;3193.315371062791;3358.39975;['pressure', 'precipitation', 'temperature']
2026-03-03 18:00:00;4431.9509785596;6378.4400000000005;['pressure', 'precipitation', 'temperature']
2026-03-03 19:00:00;3109.081053316451;2789.0335;['pressure', 'precipitation', 'temperature']
2026-03-03 20:00:00;3120.6303245472136;3805.4915;['pressure', 'precipitation', 'temperature']
2026-03-03 21:00:00;2872.079128607701;3770.307;['pressure', 'precipitation', 'temperature']
2026-03-03 22:00:00;2861.169338637239;2653.62925;['pressure', 'precipitation', 'temperature']
2026-03-03 23:00:00;2635.3652494710614;2743.64325;['pressure', 'precipitation', 'temperature']
2026-03-04 00:00:00;2464.884025887108;2341.52875;['pressure', 'precipitation', 'temperature']
2026-03-04 01:00:00;2469.891875342275;2976.6625;['pressure', 'precipitation', 'temperature']
2026-03-04 02:00:00;2441.8811985896955;2663.9955;['pressure', 'precipitation', 'temperature']
2026-03-04 03:00:00;2586.001354776907;2132.85775;['pressure', 'precipitation', 'temperature']
2026-03-04 04:00:00;2526.6844312275657;2686.453;['pressure', 'precipitation', 'temperature']
2026-03-04 05:00:00;2734.9977951655364;2480.783;['pressure', 'precipitation', 'temperature']
2026-03-04 06:00:00;2762.5002246541326;2484.50025;['pressure', 'precipitation', 'temperature']
2026-03-04 07:00:00;2469.4685640668567;3750.57025;['pressure', 'precipitation', 'temperature']
2026-03-04 08:00:00;2339.794010079509;962.9825;['pressure', 'precipitation', 'temperature']
2026-03-04 09:00:00;2181.429010388822;913.50825;['pressure', 'precipitation', 'temperature']
2026-03-04 10:00:00;1760.7712823964334;2335.989;['pressure', 'precipitation', 'temperature']
2026-03-04 11:00:00;2245.0815537070657;2978.1815;['pressure', 'precipitation', 'temperature']
2026-03-04 12:00:00;2973.236708204374;4587.24025;['pressure', 'precipitation', 'temperature']
2026-03-04 13:00:00;2952.1043447634856;4646.554749999999;['pressure', 'precipitation', 'temperature']
2026-03-04 14:00:00;2760.950758779053;4490.52625;['pressure', 'precipitation', 'temperature']
2026-03-04 15:00:00;2388.543858385565;3957.3565;['pressure', 'precipitation', 'temperature']
2026-03-04 16:00:00;2902.381442558507;2997.356;['pressure', 'precipitation', 'temperature']
2026-03-04 17:00:00;3431.335908476578;1464.8985;['pressure', 'precipitation', 'temperature']
2026-03-04 18:00:00;3532.6967824844323;4648.4705;['pressure', 'precipitation', 'temperature']
2026-03-04 19:00:00;2639.540255507433;4129.09025;['pressure', 'precipitation', 'temperature']
2026-03-04 20:00:00;3138.1548630146776;3670.78525;['pressure', 'precipitation', 'temperature']
2026-03-04 21:00:00;3150.3905319981945;2636.34375;['pressure', 'precipitation', 'temperature']
2026-03-04 22:00:00;2744.941191674296;3060.88225;['pressure', 'precipitation', 'temperature']
2026-03-04 23:00:00;2773.5149489226123;3818.83625;['pressure', 'precipitation', 'temperature']
2026-03-05 00:00:00;3157.266151015924;2839.1465;['pressure', 'precipitation', 'temperature']
2026-03-05 01:00:00;3033.7465585817868;2795.9970000000003;['pressure', 'precipitation', 'temperature']
2026-03-05 02:00:00;2737.4628070098406;2804.9217500000004;['pressure', 'precipitation', 'temperature']
2026-03-05 03:00:00;2719.5338682133925;2636.8767500000004;['pressure', 'precipitation', 'temperature']
2026-03-05 04:00:00;2882.883321866552;2252.3625;['pressure', 'precipitation', 'temperature']
2026-03-05 05:00:00;2968.1257799186506;2891.4347500000003;['pressure', 'precipitation', 'temperature']
2026-03-05 06:00:00;3024.977029523395;3542.1585;['pressure', 'precipitation', 'temperature']
2026-03-05 07:00:00;2973.28083292422;4354.528;['pressure', 'precipitation', 'temperature']
2026-03-05 08:00:00;2045.3852281251425;2665.74625;['pressure', 'precipitation', 'temperature']
2026-03-05 09:00:00;3165.373334011286;1302.7145;['pressure', 'precipitation', 'temperature']
2026-03-05 10:00:00;3126.8731710342113;2217.8925;['pressure', 'precipitation', 'temperature']
2026-03-05 11:00:00;2681.8387871242007;1661.2067499999998;['pressure', 'precipitation', 'temperature']
2026-03-05 12:00:00;3018.2006466964413;1502.9172500000002;['pressure', 'precipitation', 'temperature']
2026-03-05 13:00:00;2763.606091497246;869.1479999999999;['pressure', 'precipitation', 'temperature']
2026-03-05 14:00:00;2826.444170291591;1631.13325;['pressure', 'precipitation', 'temperature']
2026-03-05 15:00:00;2541.1888106443002;3945.8165;['pressure', 'precipitation', 'temperature']
2026-03-05 16:00:00;2270.5014316532397;2468.259;['pressure', 'precipitation', 'temperature']
2026-03-05 17:00:00;3092.1305474458986;3224.5152499999995;['pressure', 'precipitation', 'temperature']
2026-03-05 18:00:00;5615.352853607301;5428.21475;['pressure', 'precipitation', 'temperature']
2026-03-05 19:00:00;3509.2095808281265;3815.672;['pressure', 'precipitation', 'temperature']
2026-03-05 20:00:00;3477.4538985530326;4185.101;['pressure', 'precipitation', 'temperature']
2026-03-05 21:00:00;3279.143842487181;2708.38675;['pressure', 'precipitation', 'temperature']
2026-03-05 22:00:00;2935.386991763273;2625.80675;['pressure', 'precipitation', 'temperature']
2026-03-05 23:00:00;2931.0816498667136;2412.5550000000003;['pressure', 'precipitation', 'temperature']
2026-03-06 00:00:00;2354.441074902249;2537.2190000000005;['pressure', 'precipitation', 'temperature']
2026-03-06 01:00:00;2772.543958345675;2795.9970000000003;['pressure', 'precipitation', 'temperature']
2026-03-06 02:00:00;2584.3254349029953;2804.9217500000004;['pressure', 'precipitation', 'temperature']
2026-03-06 03:00:00;2506.7493291009096;2636.8767500000004;['pressure', 'precipitation', 'temperature']
2026-03-06 04:00:00;2513.999486220451;2252.3625;['pressure', 'precipitation', 'temperature']
2026-03-06 05:00:00;2707.4100838063973;2891.4347500000003;['pressure', 'precipitation', 'temperature']
2026-03-06 06:00:00;2884.644221746106;3542.1585;['pressure', 'precipitation', 'temperature']
2026-03-06 07:00:00;3152.213307525769;4354.528;['pressure', 'precipitation', 'temperature']
2026-03-06 08:00:00;2461.0763149638697;1813.133;['pressure', 'precipitation', 'temperature']
2026-03-06 09:00:00;2775.965567146366;1455.8512500000002;['pressure', 'precipitation', 'temperature']
2026-03-06 10:00:00;1998.7519205474218;2485.7415;['pressure', 'precipitation', 'temperature']
2026-03-06 11:00:00;2213.8919589596485;4530.7165;['pressure', 'precipitation', 'temperature']
2026-03-06 12:00:00;2315.3957870116083;4249.43025;['pressure', 'precipitation', 'temperature']
2026-03-06 13:00:00;1682.9908883343674;2027.85775;['pressure', 'precipitation', 'temperature']
2026-03-06 14:00:00;2510.0818435655574;1419.4865;['pressure', 'precipitation', 'temperature']
2026-03-06 15:00:00;3036.846995069687;3713.09525;['pressure', 'precipitation', 'temperature']
2026-03-06 16:00:00;2524.1603538446097;2572.8035;['pressure', 'precipitation', 'temperature']
2026-03-06 17:00:00;2934.12661203848;3580.1215;['pressure', 'precipitation', 'temperature']
2026-03-06 18:00:00;4478.267497505083;6152.42875;['pressure', 'precipitation', 'temperature']
2026-03-06 19:00:00;2908.8437667125427;3479.48725;['pressure', 'precipitation', 'temperature']
2026-03-06 20:00:00;3034.5463598562033;2790.91975;['pressure', 'precipitation', 'temperature']
2026-03-06 21:00:00;2625.974117299401;2074.9595;['pressure', 'precipitation', 'temperature']
2026-03-06 22:00:00;2348.865028459312;1739.635;['pressure', 'precipitation', 'temperature']
2026-03-06 23:00:00;2338.5359035568586;2311.847;['pressure', 'precipitation', 'temperature']
2026-03-07 00:00:00;2434.9365594322117;2138.156;['pressure', 'precipitation', 'temperature']
2026-03-07 01:00:00;2629.4295389786676;2338.306;['pressure', 'precipitation', 'temperature']
2026-03-07 02:00:00;2503.76362241752;2584.2935;['pressure', 'precipitation', 'temperature']
2026-03-07 03:00:00;2398.8185830097777;1668.98875;['pressure', 'precipitation', 'temperature']
2026-03-07 04:00:00;2414.0485093222755;1610.39575;['pressure', 'precipitation', 'temperature']
2026-03-07 05:00:00;2616.1801611133506;2070.308;['pressure', 'precipitation', 'temperature']
2026-03-07 06:00:00;2792.715243777632;2090.612;['pressure', 'precipitation', 'temperature']
2026-03-07 07:00:00;2977.424004693948;1457.96075;['pressure', 'precipitation', 'temperature']
2026-03-07 08:00:00;2263.6852091585847;756.50275;['pressure', 'precipitation', 'temperature']
2026-03-07 09:00:00;2057.175097861084;1590.6302500000002;['pressure', 'precipitation', 'temperature']
2026-03-07 10:00:00;2269.1246168388784;1327.3035;['pressure', 'precipitation', 'temperature']
2026-03-07 11:00:00;3127.9346001579934;2811.17875;['pressure', 'precipitation', 'temperature']
2026-03-07 12:00:00;3296.7060724640805;1682.80625;['pressure', 'precipitation', 'temperature']
2026-03-07 13:00:00;2253.2646187416017;1354.13025;['pressure', 'precipitation', 'temperature']
2026-03-07 14:00:00;2011.739458029081;951.723;['pressure', 'precipitation', 'temperature']
2026-03-07 15:00:00;3368.4914226414103;2364.96775;['pressure', 'precipitation', 'temperature']
2026-03-07 16:00:00;2213.577898900254;2298.85875;['pressure', 'precipitation', 'temperature']
2026-03-07 17:00:00;3152.9887672580494;2192.87;['pressure', 'precipitation', 'temperature']
2026-03-07 18:00:00;5405.730987104185;3587.63775;['pressure', 'precipitation', 'temperature']
2026-03-07 19:00:00;3053.8746341836377;4620.41925;['pressure', 'precipitation', 'temperature']
2026-03-07 20:00:00;3095.1874842259977;4156.529;['pressure', 'precipitation', 'temperature']
2026-03-07 21:00:00;2960.3986795465153;2222.4085;['pressure', 'precipitation', 'temperature']
2026-03-07 22:00:00;1956.5152735567722;4127.96075;['pressure', 'precipitation', 'temperature']
2026-03-07 23:00:00;2509.48546176014;2806.2985;['pressure', 'precipitation', 'temperature']
2026-03-08 00:00:00;2332.5379096208235;2072.6980000000003;['pressure', 'precipitation', 'temperature']
2026-03-08 01:00:00;2613.5975016182574;3777.8255;['pressure', 'precipitation', 'temperature']
2026-03-08 02:00:00;2442.14258193542;1967.07825;['pressure', 'precipitation', 'temperature']
2026-03-08 03:00:00;2224.2721507918386;2125.10075;['pressure', 'precipitation', 'temperature']
2026-03-08 04:00:00;2133.9880973231748;2076.188;['pressure', 'precipitation', 'temperature']
2026-03-08 05:00:00;2386.776752145014;2075.50675;['pressure', 'precipitation', 'temperature']
2026-03-08 06:00:00;2571.7231226083018;1866.8475;['pressure', 'precipitation', 'temperature']
2026-03-08 07:00:00;2349.944760067042;1325.2725;['pressure', 'precipitation', 'temperature']
2026-03-08 08:00:00;1511.3111872368286;995.868;['pressure', 'precipitation', 'temperature']
2026-03-08 09:00:00;1865.6227635987455;913.16325;['pressure', 'precipitation', 'temperature']
2026-03-08 10:00:00;1779.6701759502153;1799.62;['pressure', 'precipitation', 'temperature']
2026-03-08 11:00:00;2771.807162460355;2870.49225;['pressure', 'precipitation', 'temperature']
2026-03-08 12:00:00;2376.8672207679683;1250.2222499999998;['pressure', 'precipitation', 'temperature']
2026-03-08 13:00:00;1696.0698396925984;1831.10675;['pressure', 'precipitation', 'temperature']
2026-03-08 14:00:00;1567.5426218771033;1428.14675;['pressure', 'precipitation', 'temperature']
2026-03-08 15:00:00;2939.707607862157;1477.5485;['pressure', 'precipitation', 'temperature']
2026-03-08 16:00:00;2060.9724831416725;2029.1785;['pressure', 'precipitation', 'temperature']
2026-03-08 17:00:00;2897.203223826862;1926.54075;['pressure', 'precipitation', 'temperature']
2026-03-08 18:00:00;4244.276192545378;3786.51925;['pressure', 'precipitation', 'temperature']
2026-03-08 19:00:00;3324.988475211144;3130.8587500000003;['pressure', 'precipitation', 'temperature']
2026-03-08 20:00:00;3246.6719276590775;4166.77175;['pressure', 'precipitation', 'temperature']
2026-03-08 21:00:00;2554.392922062194;3548.41575;['pressure', 'precipitation', 'temperature']
2026-03-08 22:00:00;2814.002036971555;2750.8852500000003;['pressure', 'precipitation', 'temperature']
2026-03-08 23:00:00;2465.7051125681737;2077.47225;['pressure', 'precipitation', 'temperature']
2026-03-09 00:00:00;1944.9618741871905;1669.124;['pressure', 'precipitation', 'temperature']
2026-03-09 01:00:00;2546.813152375779;2920.80125;['pressure', 'precipitation', 'temperature']
2026-03-09 02:00:00;2182.8038255667475;2274.465;['pressure', 'precipitation', 'temperature']
2026-03-09 03:00:00;2093.5828092601737;1554.71575;['pressure', 'precipitation', 'temperature']
2026-03-09 04:00:00;2004.1183756677242;1631.3594999999998;['pressure', 'precipitation', 'temperature']
2026-03-09 05:00:00;2202.7019369613135;3087.776;['pressure', 'precipitation', 'temperature']
2026-03-09 06:00:00;2304.790784901943;1866.8475;['pressure', 'precipitation', 'temperature']
2026-03-09 07:00:00;1905.63770019485;1325.2725;['pressure', 'precipitation', 'temperature']
2026-03-09 08:00:00;2550.8909914618753;995.868;['pressure', 'precipitation', 'temperature']
2026-03-09 09:00:00;1514.981895102536;913.16325;['pressure', 'precipitation', 'temperature']
2026-03-09 10:00:00;2056.736528148148;2129.53325;['pressure', 'precipitation', 'temperature']
2026-03-09 11:00:00;2860.8630133938277;2527.43425;['pressure', 'precipitation', 'temperature']
2026-03-09 12:00:00;2266.3020283039396;4109.2385;['pressure', 'precipitation', 'temperature']
2026-03-09 13:00:00;1998.1479331307644;2127.6040000000003;['pressure', 'precipitation', 'temperature']
2026-03-09 14:00:00;1706.8951787129533;1350.60725;['pressure', 'precipitation', 'temperature']
2026-03-09 15:00:00;2355.917245998417;2213.1385;['pressure', 'precipitation', 'temperature']
2026-03-09 16:00:00;2239.435705006499;1826.9195;['pressure', 'precipitation', 'temperature']
2026-03-09 17:00:00;2569.0735272632783;3601.039;['pressure', 'precipitation', 'temperature']
2026-03-09 18:00:00;3979.14190985777;6124.2245;['pressure', 'precipitation', 'temperature']
2026-03-09 19:00:00;2781.479436229713;3677.76775;['pressure', 'precipitation', 'temperature']
2026-03-09 20:00:00;3228.104831303356;2136.94175;['pressure', 'precipitation', 'temperature']
2026-03-09 21:00:00;2616.565725189459;2988.7155;['pressure', 'precipitation', 'temperature']
2026-03-09 22:00:00;2468.1874487891514;2318.666;['pressure', 'precipitation', 'temperature']
2026-03-09 23:00:00;2334.527631929208;1780.5255;['pressure', 'precipitation', 'temperature']
2026-03-10 00:00:00;1985.3958547282691;2910.68175;['pressure', 'precipitation', 'temperature']
2026-03-10 01:00:00;2612.698941262154;1606.8917499999998;['pressure', 'precipitation', 'temperature']
2026-03-10 02:00:00;2409.173102369781;1834.1555;['pressure', 'precipitation', 'temperature']
2026-03-10 03:00:00;2143.9765557770024;1829.8265;['pressure', 'precipitation', 'temperature']
2026-03-10 04:00:00;2227.2782118107943;1621.01425;['pressure', 'precipitation', 'temperature']
2026-03-10 05:00:00;2871.067544874153;2817.76325;['pressure', 'precipitation', 'temperature']
2026-03-10 06:00:00;2680.7447962573833;2770.8007500000003;['pressure', 'precipitation', 'temperature']
2026-03-10 07:00:00;2282.3407926178643;3333.38175;['pressure', 'precipitation', 'temperature']
2026-03-10 08:00:00;1664.7597196385668;2793.15375;['pressure', 'precipitation', 'temperature']
2026-03-10 09:00:00;1586.598731957587;1767.713;['pressure', 'precipitation', 'temperature']
2026-03-10 10:00:00;2185.365569416451;2210.927;['pressure', 'precipitation', 'temperature']
2026-03-10 11:00:00;2833.9381312794603;3412.94075;['pressure', 'precipitation', 'temperature']
2026-03-10 12:00:00;3113.7110286717725;4061.66425;['pressure', 'precipitation', 'temperature']
2026-03-10 13:00:00;2033.5946200202816;4106.809499999999;['pressure', 'precipitation', 'temperature']
2026-03-10 14:00:00;2252.449360401233;2908.1775;['pressure', 'precipitation', 'temperature']
2026-03-10 15:00:00;2807.302436919649;2550.7335;['pressure', 'precipitation', 'temperature']
2026-03-10 16:00:00;2611.6847848471934;1788.1075;['pressure', 'precipitation', 'temperature']
2026-03-10 17:00:00;3374.2107559911383;2544.117;['pressure', 'precipitation', 'temperature']
2026-03-10 18:00:00;5460.534004627843;5236.5315;['pressure', 'precipitation', 'temperature']
2026-03-10 19:00:00;3408.0121629348514;3303.29325;['pressure', 'precipitation', 'temperature']
2026-03-10 20:00:00;2863.8072499781474;4674.07575;['pressure', 'precipitation', 'temperature']
2026-03-10 21:00:00;2982.292735648186;2431.65825;['pressure', 'precipitation', 'temperature']
2026-03-10 22:00:00;2751.1226385586415;2185.2885;['pressure', 'precipitation', 'temperature']
2026-03-10 23:00:00;3557.2458260547046;2130.8632500000003;['pressure', 'precipitation', 'temperature']
2026-03-11 00:00:00;2548.792614074068;1892.9767500000005;['pressure', 'precipitation', 'temperature']
2026-03-11 01:00:00;2738.4889410560295;2013.29275;['pressure', 'precipitation', 'temperature']
2026-03-11 02:00:00;2487.618441750896;1828.167;['pressure', 'precipitation', 'temperature']
2026-03-11 03:00:00;2343.915165658418;1877.80425;['pressure', 'precipitation', 'temperature']
2026-03-11 04:00:00;2214.6177281772752;1892.7795;['pressure', 'precipitation', 'temperature']
2026-03-11 05:00:00;2725.577950677033;3109.4265;['pressure', 'precipitation', 'temperature']
2026-03-11 06:00:00;2700.246529955833;2762.2815;['pressure', 'precipitation', 'temperature']
2026-03-11 07:00:00;2621.348768704779;2268.42275;['pressure', 'precipitation', 'temperature']
2026-03-11 08:00:00;1782.768442255313;1332.15575;['pressure', 'precipitation', 'temperature']
2026-03-11 09:00:00;1796.7994919625694;946.02025;['pressure', 'precipitation', 'temperature']
2026-03-11 10:00:00;2001.0472735243418;2953.6225000000004;['pressure', 'precipitation', 'temperature']
2026-03-11 11:00:00;2869.4915287174686;3048.2492500000003;['pressure', 'precipitation', 'temperature']
2026-03-11 12:00:00;3122.1750194757924;1016.1849999999998;['pressure', 'precipitation', 'temperature']
2026-03-11 13:00:00;2723.313755860424;735.11675;['pressure', 'precipitation', 'temperature']
2026-03-11 14:00:00;2353.5530918615614;1102.20775;['pressure', 'precipitation', 'temperature']
2026-03-11 15:00:00;2617.411604260271;2617.099;['pressure', 'precipitation', 'temperature']
2026-03-11 16:00:00;2199.2314674327426;3511.27;['pressure', 'precipitation', 'temperature']
2026-03-11 17:00:00;2962.182184375948;2191.68175;['pressure', 'precipitation', 'temperature']
2026-03-11 18:00:00;4475.904817148222;3577.4475;['pressure', 'precipitation', 'temperature']
2026-03-11 19:00:00;3295.7759384367464;4741.882250000001;['pressure', 'precipitation', 'temperature']
2026-03-11 20:00:00;3913.839840374007;2768.617;['pressure', 'precipitation', 'temperature']
2026-03-11 21:00:00;2891.3639845210314;3223.21725;['pressure', 'precipitation', 'temperature']
2026-03-11 22:00:00;2705.7356012623927;2263.3005;['pressure', 'precipitation', 'temperature']
2026-03-11 23:00:00;2478.8536448902587;1655.887;['pressure', 'precipitation', 'temperature']
2026-02-21 00:00:00;3591.7042989056135;3220.53525;['wind_speed', 'pressure', 'precipitation', 'temperature']
2026-02-21 01:00:00;3806.3131713704624;4944.16275;['wind_speed', 'pressure', 'precipitation', 'temperature']
2026-02-21 02:00:00;3528.4518643924366;3109.51675;['wind_speed', 'pressure', 'precipitation', 'temperature']
2026-02-21 03:00:00;3360.7684168983033;3107.83475;['wind_speed', 'pressure', 'precipitation', 'temperature']
2026-02-21 04:00:00;3481.3000909549933;3534.54725;['wind_speed', 'pressure', 'precipitation', 'temperature']
2026-02-21 05:00:00;3544.9070112614536;3540.4435;['wind_speed', 'pressure', 'precipitation', 'temperature']
2026-02-21 06:00:00;3539.9525414944846;2907.9265;['wind_speed', 'pressure', 'precipitation', 'temperature']
2026-02-21 07:00:00;3884.1810657443198;3075.088;['wind_speed', 'pressure', 'precipitation', 'temperature']
2026-02-21 08:00:00;3982.7934358988723;3908.9975;['wind_speed', 'pressure', 'precipitation', 'temperature']
2026-02-21 09:00:00;3994.413382216403;5084.14325;['wind_speed', 'pressure', 'precipitation', 'temperature']
2026-02-21 10:00:00;3545.8533682345605;3648.72875;['wind_speed', 'pressure', 'precipitation', 'temperature']
2026-02-21 11:00:00;3503.3701367837903;2904.00575;['wind_speed', 'pressure', 'precipitation', 'temperature']
2026-02-21 12:00:00;3679.8907403944395;3646.29625;['wind_speed', 'pressure', 'precipitation', 'temperature']
2026-02-21 13:00:00;3272.1030810614716;3093.9895;['wind_speed', 'pressure', 'precipitation', 'temperature']
2026-02-21 14:00:00;3707.471329466524;3318.7700000000004;['wind_speed', 'pressure', 'precipitation', 'temperature']
2026-02-21 15:00:00;3290.751224356224;3322.10225;['wind_speed', 'pressure', 'precipitation', 'temperature']
2026-02-21 16:00:00;3451.3473265318453;3020.13275;['wind_speed', 'pressure', 'precipitation', 'temperature']
2026-02-21 17:00:00;4204.7594450141005;2320.5085;['wind_speed', 'pressure', 'precipitation', 'temperature']
2026-02-21 18:00:00;4752.242104071391;3975.71575;['wind_speed', 'pressure', 'precipitation', 'temperature']
2026-02-21 19:00:00;3318.691998908901;3784.02475;['wind_speed', 'pressure', 'precipitation', 'temperature']
2026-02-21 20:00:00;3900.1457943967534;3627.47425;['wind_speed', 'pressure', 'precipitation', 'temperature']
2026-02-21 21:00:00;3705.1586989840343;4353.26275;['wind_speed', 'pressure', 'precipitation', 'temperature']
2026-02-21 22:00:00;3263.6057866623632;3946.12675;['wind_speed', 'pressure', 'precipitation', 'temperature']
2026-02-21 23:00:00;3128.0895945709703;2380.04225;['wind_speed', 'pressure', 'precipitation', 'temperature']
2026-02-22 00:00:00;2686.3448290349443;2629.34925;['wind_speed', 'pressure', 'precipitation', 'temperature']
2026-02-22 01:00:00;2900.341864179574;2120.21475;['wind_speed', 'pressure', 'precipitation', 'temperature']
2026-02-22 02:00:00;2824.7406364064195;2591.9735000000005;['wind_speed', 'pressure', 'precipitation', 'temperature']
2026-02-22 03:00:00;2438.675611582138;2107.6405;['wind_speed', 'pressure', 'precipitation', 'temperature']
2026-02-22 04:00:00;2543.7567798444957;2663.44675;['wind_speed', 'pressure', 'precipitation', 'temperature']
2026-02-22 05:00:00;2912.904350009787;2201.2252500000004;['wind_speed', 'pressure', 'precipitation', 'temperature']
2026-02-22 06:00:00;2810.762781300782;3617.4885;['wind_speed', 'pressure', 'precipitation', 'temperature']
2026-02-22 07:00:00;2888.5038082911924;2402.6565;['wind_speed', 'pressure', 'precipitation', 'temperature']
2026-02-22 08:00:00;2905.123791019995;2474.27325;['wind_speed', 'pressure', 'precipitation', 'temperature']
2026-02-22 09:00:00;3037.655876251547;2407.15;['wind_speed', 'pressure', 'precipitation', 'temperature']
2026-02-22 10:00:00;2764.119723599919;2644.01375;['wind_speed', 'pressure', 'precipitation', 'temperature']
2026-02-22 11:00:00;3318.432393960813;2835.98975;['wind_speed', 'pressure', 'precipitation', 'temperature']
2026-02-22 12:00:00;3145.4378452527644;2392.25975;['wind_speed', 'pressure', 'precipitation', 'temperature']
2026-02-22 13:00:00;3104.537824377321;2305.58525;['wind_speed', 'pressure', 'precipitation', 'temperature']
2026-02-22 14:00:00;3056.853090339937;3217.099;['wind_speed', 'pressure', 'precipitation', 'temperature']
2026-02-22 15:00:00;2707.061671915838;1857.12725;['wind_speed', 'pressure', 'precipitation', 'temperature']
2026-02-22 16:00:00;2903.0514551365086;1684.09225;['wind_speed', 'pressure', 'precipitation', 'temperature']
2026-02-22 17:00:00;3585.495039045326;2181.636;['wind_speed', 'pressure', 'precipitation', 'temperature']
2026-02-22 18:00:00;3908.4309164425867;3896.849;['wind_speed', 'pressure', 'precipitation', 'temperature']
2026-02-22 19:00:00;2716.753191949233;2929.2675;['wind_speed', 'pressure', 'precipitation', 'temperature']
2026-02-22 20:00:00;3053.360655876573;3539.39125;['wind_speed', 'pressure', 'precipitation', 'temperature']
2026-02-22 21:00:00;2933.926632696771;3225.271;['wind_speed', 'pressure', 'precipitation', 'temperature']
2026-02-22 22:00:00;2505.632526012304;2870.692;['wind_speed', 'pressure', 'precipitation', 'temperature']
2026-02-22 23:00:00;2735.8826086330637;2738.51825;['wind_speed', 'pressure', 'precipitation', 'temperature']
2026-02-23 00:00:00;2386.052245442582;1746.72925;['wind_speed', 'pressure', 'precipitation', 'temperature']
2026-02-23 01:00:00;2409.6101297748755;2174.40925;['wind_speed', 'pressure', 'precipitation', 'temperature']
2026-02-23 02:00:00;2113.395470103135;2312.4432500000003;['wind_speed', 'pressure', 'precipitation', 'temperature']
2026-02-23 03:00:00;2064.1026669266375;2503.66025;['wind_speed', 'pressure', 'precipitation', 'temperature']
2026-02-23 04:00:00;2192.156926348147;2444.362;['wind_speed', 'pressure', 'precipitation', 'temperature']
2026-02-23 05:00:00;2243.712171597969;2905.5025;['wind_speed', 'pressure', 'precipitation', 'temperature']
2026-02-23 06:00:00;2389.1801780463957;2810.3165;['wind_speed', 'pressure', 'precipitation', 'temperature']
2026-02-23 07:00:00;2728.952296980029;3784.323;['wind_speed', 'pressure', 'precipitation', 'temperature']
2026-02-23 08:00:00;2620.682481723171;3324.1055;['wind_speed', 'pressure', 'precipitation', 'temperature']
2026-02-23 09:00:00;2804.696480966165;2637.14525;['wind_speed', 'pressure', 'precipitation', 'temperature']
2026-02-23 10:00:00;2823.634490075621;2564.26675;['wind_speed', 'pressure', 'precipitation', 'temperature']
2026-02-23 11:00:00;2719.69904461243;2422.39275;['wind_speed', 'pressure', 'precipitation', 'temperature']
2026-02-23 12:00:00;2581.7245665157866;1688.8627499999998;['wind_speed', 'pressure', 'precipitation', 'temperature']
2026-02-23 13:00:00;2418.7760196831628;1263.13575;['wind_speed', 'pressure', 'precipitation', 'temperature']
2026-02-23 14:00:00;2446.4276343717233;2432.09175;['wind_speed', 'pressure', 'precipitation', 'temperature']
2026-02-23 15:00:00;2399.9625874114554;3639.514;['wind_speed', 'pressure', 'precipitation', 'temperature']
2026-02-23 16:00:00;2573.7051302301497;3844.585;['wind_speed', 'pressure', 'precipitation', 'temperature']
2026-02-23 17:00:00;4037.9216683929712;7690.8945;['wind_speed', 'pressure', 'precipitation', 'temperature']
2026-02-23 18:00:00;4017.106732369858;7286.809499999999;['wind_speed', 'pressure', 'precipitation', 'temperature']
2026-02-23 19:00:00;3392.065034241667;1459.71375;['wind_speed', 'pressure', 'precipitation', 'temperature']
2026-02-23 20:00:00;3374.073228780067;2066.23975;['wind_speed', 'pressure', 'precipitation', 'temperature']
2026-02-23 21:00:00;3748.0633791583355;4231.92425;['wind_speed', 'pressure', 'precipitation', 'temperature']
2026-02-23 22:00:00;2923.0883031427347;3387.08275;['wind_speed', 'pressure', 'precipitation', 'temperature']
2026-02-23 23:00:00;2784.512747701404;2707.083;['wind_speed', 'pressure', 'precipitation', 'temperature']
2026-02-24 00:00:00;3205.031796298411;2087.3587500000003;['wind_speed', 'pressure', 'precipitation', 'temperature']
2026-02-24 01:00:00;3726.424801363375;2805.0935;['wind_speed', 'pressure', 'precipitation', 'temperature']
2026-02-24 02:00:00;2626.968906528663;2305.28275;['wind_speed', 'pressure', 'precipitation', 'temperature']
2026-02-24 03:00:00;2604.020830279431;2668.79575;['wind_speed', 'pressure', 'precipitation', 'temperature']
2026-02-24 04:00:00;2663.3519318961703;2515.11175;['wind_speed', 'pressure', 'precipitation', 'temperature']
2026-02-24 05:00:00;2699.2044636537044;3203.1455;['wind_speed', 'pressure', 'precipitation', 'temperature']
2026-02-24 06:00:00;2748.3047305903106;2993.927;['wind_speed', 'pressure', 'precipitation', 'temperature']
2026-02-24 07:00:00;3087.47584999853;3073.1355000000003;['wind_speed', 'pressure', 'precipitation', 'temperature']
2026-02-24 08:00:00;3100.9203814355706;3171.7027500000004;['wind_speed', 'pressure', 'precipitation', 'temperature']
2026-02-24 09:00:00;3401.6183173774493;3257.02575;['wind_speed', 'pressure', 'precipitation', 'temperature']
2026-02-24 10:00:00;2971.3558546578274;2908.47525;['wind_speed', 'pressure', 'precipitation', 'temperature']
2026-02-24 11:00:00;2937.3818690580215;2711.759;['wind_speed', 'pressure', 'precipitation', 'temperature']
2026-02-24 12:00:00;3323.840254633702;2309.90175;['wind_speed', 'pressure', 'precipitation', 'temperature']
2026-02-24 13:00:00;3161.2906463536183;739.952;['wind_speed', 'pressure', 'precipitation', 'temperature']
2026-02-24 14:00:00;2914.409293462243;2432.09175;['wind_speed', 'pressure', 'precipitation', 'temperature']
2026-02-24 15:00:00;2662.229501904914;3639.514;['wind_speed', 'pressure', 'precipitation', 'temperature']
2026-02-24 16:00:00;2895.53664664803;3844.585;['wind_speed', 'pressure', 'precipitation', 'temperature']
2026-02-24 17:00:00;3257.8363566400835;7690.8945;['wind_speed', 'pressure', 'precipitation', 'temperature']
2026-02-24 18:00:00;4120.000990105239;7286.809499999999;['wind_speed', 'pressure', 'precipitation', 'temperature']
2026-02-24 19:00:00;3440.4421111895026;1459.71375;['wind_speed', 'pressure', 'precipitation', 'temperature']
2026-02-24 20:00:00;3283.125514471164;2066.23975;['wind_speed', 'pressure', 'precipitation', 'temperature']
2026-02-24 21:00:00;3229.032263107253;4231.92425;['wind_speed', 'pressure', 'precipitation', 'temperature']
2026-02-24 22:00:00;3052.634902262442;3387.08275;['wind_speed', 'pressure', 'precipitation', 'temperature']
2026-02-24 23:00:00;2634.1703446350657;2707.083;['wind_speed', 'pressure', 'precipitation', 'temperature']
2026-02-25 00:00:00;2840.9755088117836;2087.3587500000003;['wind_speed', 'pressure', 'precipitation', 'temperature']
2026-02-25 01:00:00;2835.905974159549;2805.0935;['wind_speed', 'pressure', 'precipitation', 'temperature']
2026-02-25 02:00:00;2458.0797780051716;2305.28275;['wind_speed', 'pressure', 'precipitation', 'temperature']
2026-02-25 03:00:00;2499.336339873684;2668.79575;['wind_speed', 'pressure', 'precipitation', 'temperature']
2026-02-25 04:00:00;2663.029420149103;2515.11175;['wind_speed', 'pressure', 'precipitation', 'temperature']
2026-02-25 05:00:00;2817.0477789446372;3203.1455;['wind_speed', 'pressure', 'precipitation', 'temperature']
2026-02-25 06:00:00;2862.8883281270037;2993.927;['wind_speed', 'pressure', 'precipitation', 'temperature']
2026-02-25 07:00:00;3040.713961769013;3073.1355000000003;['wind_speed', 'pressure', 'precipitation', 'temperature']
2026-02-25 08:00:00;2943.6900618487857;3171.7027500000004;['wind_speed', 'pressure', 'precipitation', 'temperature']
2026-02-25 09:00:00;2970.6143596668767;3257.02575;['wind_speed', 'pressure', 'precipitation', 'temperature']
2026-02-25 10:00:00;2541.177907676409;2908.47525;['wind_speed', 'pressure', 'precipitation', 'temperature']
2026-02-25 11:00:00;2550.1536039665075;2711.759;['wind_speed', 'pressure', 'precipitation', 'temperature']
2026-02-25 12:00:00;2811.0688799093855;2309.90175;['wind_speed', 'pressure', 'precipitation', 'temperature']
2026-02-25 13:00:00;2517.849658811042;739.952;['wind_speed', 'pressure', 'precipitation', 'temperature']
2026-02-25 14:00:00;2363.0619944977598;1733.7510000000002;['wind_speed', 'pressure', 'precipitation', 'temperature']
2026-02-25 15:00:00;2513.3192780981044;2727.55;['wind_speed', 'pressure', 'precipitation', 'temperature']
2026-02-25 16:00:00;2819.4420365174283;2268.04875;['wind_speed', 'pressure', 'precipitation', 'temperature']
2026-02-25 17:00:00;4512.9051002982615;2185.0825;['wind_speed', 'pressure', 'precipitation', 'temperature']
2026-02-25 18:00:00;5003.348282931915;5401.65;['wind_speed', 'pressure', 'precipitation', 'temperature']
2026-02-25 19:00:00;3279.587343718763;4408.7265;['wind_speed', 'pressure', 'precipitation', 'temperature']
2026-02-25 20:00:00;3378.8175425389186;3120.36225;['wind_speed', 'pressure', 'precipitation', 'temperature']
2026-02-25 21:00:00;3626.7141962443093;2523.31;['wind_speed', 'pressure', 'precipitation', 'temperature']
2026-02-25 22:00:00;3032.6058076527124;2395.0051041666666;['wind_speed', 'pressure', 'precipitation', 'temperature']
2026-02-25 23:00:00;2778.987932280944;2266.700208333333;['wind_speed', 'pressure', 'precipitation', 'temperature']
2026-02-26 00:00:00;2430.096825296472;2138.3953125;['wind_speed', 'pressure', 'precipitation', 'temperature']
2026-02-26 01:00:00;2911.307168650219;2010.0904166666664;['wind_speed', 'pressure', 'precipitation', 'temperature']
2026-02-26 02:00:00;2522.2657115419875;1881.785520833333;['wind_speed', 'pressure', 'precipitation', 'temperature']
2026-02-26 03:00:00;2525.2530301333923;1753.4806249999997;['wind_speed', 'pressure', 'precipitation', 'temperature']
2026-02-26 04:00:00;2585.425746272954;1625.1757291666663;['wind_speed', 'pressure', 'precipitation', 'temperature']
2026-02-26 05:00:00;2853.222519786252;1496.8708333333332;['wind_speed', 'pressure', 'precipitation', 'temperature']
2026-02-26 06:00:00;2801.4486312413896;1368.5659374999998;['wind_speed', 'pressure', 'precipitation', 'temperature']
2026-02-26 07:00:00;3051.2836248849176;1240.2610416666664;['wind_speed', 'pressure', 'precipitation', 'temperature']
2026-02-26 08:00:00;3114.847591090537;1111.956145833333;['wind_speed', 'pressure', 'precipitation', 'temperature']
2026-02-26 09:00:00;2996.662399955222;983.65125;['wind_speed', 'pressure', 'precipitation', 'temperature']
2026-02-26 10:00:00;2668.739752629591;1833.2985;['wind_speed', 'pressure', 'precipitation', 'temperature']
2026-02-26 11:00:00;2670.618063669903;3650.50475;['wind_speed', 'pressure', 'precipitation', 'temperature']
2026-02-26 12:00:00;2380.0401795147527;3347.99625;['wind_speed', 'pressure', 'precipitation', 'temperature']
2026-02-26 13:00:00;1608.7117882706527;4618.702;['wind_speed', 'pressure', 'precipitation', 'temperature']
2026-02-26 14:00:00;2065.267735085623;4011.90325;['wind_speed', 'pressure', 'precipitation', 'temperature']
2026-02-26 15:00:00;2208.841478957233;3309.00375;['wind_speed', 'pressure', 'precipitation', 'temperature']
2026-02-26 16:00:00;2625.129740369599;2059.02025;['wind_speed', 'pressure', 'precipitation', 'temperature']
2026-02-26 17:00:00;3884.418908013403;2137.0;['wind_speed', 'pressure', 'precipitation', 'temperature']
2026-02-26 18:00:00;4964.053452675009;5895.00775;['wind_speed', 'pressure', 'precipitation', 'temperature']
2026-02-26 19:00:00;2653.427764283257;3952.2635;['wind_speed', 'pressure', 'precipitation', 'temperature']
2026-02-26 20:00:00;3057.7976965902726;3048.434;['wind_speed', 'pressure', 'precipitation', 'temperature']
2026-02-26 21:00:00;3085.822600271288;2100.1352500000003;['wind_speed', 'pressure', 'precipitation', 'temperature']
2026-02-26 22:00:00;2747.1984321558334;2277.26325;['wind_speed', 'pressure', 'precipitation', 'temperature']
2026-02-26 23:00:00;2560.318717691923;2650.38725;['wind_speed', 'pressure', 'precipitation', 'temperature']
2026-02-27 00:00:00;2520.051192018216;2599.7665;['wind_speed', 'pressure', 'precipitation', 'temperature']
2026-02-27 01:00:00;2585.937815040689;2229.40875;['wind_speed', 'pressure', 'precipitation', 'temperature']
2026-02-27 02:00:00;2291.325681726146;3347.22275;['wind_speed', 'pressure', 'precipitation', 'temperature']
2026-02-27 03:00:00;2280.645672304552;2196.732;['wind_speed', 'pressure', 'precipitation', 'temperature']
2026-02-27 04:00:00;2278.73120785079;2473.217;['wind_speed', 'pressure', 'precipitation', 'temperature']
2026-02-27 05:00:00;2419.8976948519276;2305.593;['wind_speed', 'pressure', 'precipitation', 'temperature']
2026-02-27 06:00:00;2416.9006744847693;2977.48975;['wind_speed', 'pressure', 'precipitation', 'temperature']
2026-02-27 07:00:00;2628.782141278988;3342.68125;['wind_speed', 'pressure', 'precipitation', 'temperature']
2026-02-27 08:00:00;2552.420410233093;1551.13275;['wind_speed', 'pressure', 'precipitation', 'temperature']
2026-02-27 09:00:00;2428.6041511783137;1172.703;['wind_speed', 'pressure', 'precipitation', 'temperature']
2026-02-27 10:00:00;2358.093434294869;1888.36825;['wind_speed', 'pressure', 'precipitation', 'temperature']
2026-02-27 11:00:00;2427.8466091836576;3043.5535;['wind_speed', 'pressure', 'precipitation', 'temperature']
2026-02-27 12:00:00;2421.8935337838675;2145.57025;['wind_speed', 'pressure', 'precipitation', 'temperature']
2026-02-27 13:00:00;2038.2403760768357;756.018;['wind_speed', 'pressure', 'precipitation', 'temperature']
2026-02-27 14:00:00;2434.9890632245124;761.868;['wind_speed', 'pressure', 'precipitation', 'temperature']
2026-02-27 15:00:00;2106.929392592866;1121.75;['wind_speed', 'pressure', 'precipitation', 'temperature']
2026-02-27 16:00:00;2282.4913274270602;1032.1845;['wind_speed', 'pressure', 'precipitation', 'temperature']
2026-02-27 17:00:00;3729.6367844460556;3098.913;['wind_speed', 'pressure', 'precipitation', 'temperature']
2026-02-27 18:00:00;4453.7410903819955;2677.49625;['wind_speed', 'pressure', 'precipitation', 'temperature']
2026-02-27 19:00:00;2838.2298310799415;2556.239;['wind_speed', 'pressure', 'precipitation', 'temperature']
2026-02-27 20:00:00;3336.323823680551;2869.5155;['wind_speed', 'pressure', 'precipitation', 'temperature']
2026-02-27 21:00:00;2750.739087394337;3065.46925;['wind_speed', 'pressure', 'precipitation', 'temperature']
2026-02-27 22:00:00;2433.8704857963157;2299.8542500000003;['wind_speed', 'pressure', 'precipitation', 'temperature']
2026-02-27 23:00:00;2382.177451785071;2289.7025000000003;['wind_speed', 'pressure', 'precipitation', 'temperature']
2026-02-28 00:00:00;2213.366026801961;2230.26675;['wind_speed', 'pressure', 'precipitation', 'temperature']
2026-02-28 01:00:00;2283.5967385499926;2372.79925;['wind_speed', 'pressure', 'precipitation', 'temperature']
2026-02-28 02:00:00;2282.541181852052;2630.50125;['wind_speed', 'pressure', 'precipitation', 'temperature']
2026-02-28 03:00:00;2138.0059477288232;1981.921;['wind_speed', 'pressure', 'precipitation', 'temperature']
2026-02-28 04:00:00;2370.8854586642983;1977.72725;['wind_speed', 'pressure', 'precipitation', 'temperature']
2026-02-28 05:00:00;2531.676022006004;1957.68675;['wind_speed', 'pressure', 'precipitation', 'temperature']
2026-02-28 06:00:00;2557.473326252742;1896.85625;['wind_speed', 'pressure', 'precipitation', 'temperature']
2026-02-28 07:00:00;2740.95872311448;1561.8505;['wind_speed', 'pressure', 'precipitation', 'temperature']
2026-02-28 08:00:00;2857.163899592705;1123.34475;['wind_speed', 'pressure', 'precipitation', 'temperature']
2026-02-28 09:00:00;2711.1645299067054;1466.5585;['wind_speed', 'pressure', 'precipitation', 'temperature']
2026-02-28 10:00:00;2139.7038219212955;1740.317;['wind_speed', 'pressure', 'precipitation', 'temperature']
2026-02-28 11:00:00;2381.239357310982;2625.6695;['wind_speed', 'pressure', 'precipitation', 'temperature']
2026-02-28 12:00:00;1856.5456052145594;3085.0835;['wind_speed', 'pressure', 'precipitation', 'temperature']
2026-02-28 13:00:00;1473.210145330062;1037.36475;['wind_speed', 'pressure', 'precipitation', 'temperature']
2026-02-28 14:00:00;1614.1289815788396;961.63275;['wind_speed', 'pressure', 'precipitation', 'temperature']
2026-02-28 15:00:00;1761.4489937807416;954.55475;['wind_speed', 'pressure', 'precipitation', 'temperature']
2026-02-28 16:00:00;2150.136931597537;1533.92725;['wind_speed', 'pressure', 'precipitation', 'temperature']
2026-02-28 17:00:00;3278.279880869556;2240.077;['wind_speed', 'pressure', 'precipitation', 'temperature']
2026-02-28 18:00:00;4136.382431789949;2810.08325;['wind_speed', 'pressure', 'precipitation', 'temperature']
2026-02-28 19:00:00;2524.6485327150563;3149.1015;['wind_speed', 'pressure', 'precipitation', 'temperature']
2026-02-28 20:00:00;2940.6908871663363;3243.71375;['wind_speed', 'pressure', 'precipitation', 'temperature']
2026-02-28 21:00:00;2995.5278248514505;2889.52425;['wind_speed', 'pressure', 'precipitation', 'temperature']
2026-02-28 22:00:00;2370.9246155710616;2945.9410000000003;['wind_speed', 'pressure', 'precipitation', 'temperature']
2026-02-28 23:00:00;2195.3680582067;3344.285;['wind_speed', 'pressure', 'precipitation', 'temperature']
2026-03-01 00:00:00;2729.1041750306917;4005.7825;['wind_speed', 'pressure', 'precipitation', 'temperature']
2026-03-01 01:00:00;2429.5835487870013;3224.6197500000003;['wind_speed', 'pressure', 'precipitation', 'temperature']
2026-03-01 02:00:00;2186.8981285151126;2222.49475;['wind_speed', 'pressure', 'precipitation', 'temperature']
2026-03-01 03:00:00;2059.4923066685633;2238.53325;['wind_speed', 'pressure', 'precipitation', 'temperature']
2026-03-01 04:00:00;2172.9843870029695;2105.89225;['wind_speed', 'pressure', 'precipitation', 'temperature']
2026-03-01 05:00:00;2336.3653950705416;1895.93;['wind_speed', 'pressure', 'precipitation', 'temperature']
2026-03-01 06:00:00;2225.388248547324;1915.9515;['wind_speed', 'pressure', 'precipitation', 'temperature']
2026-03-01 07:00:00;2424.966536316715;1744.8925;['wind_speed', 'pressure', 'precipitation', 'temperature']
2026-03-01 08:00:00;2597.3780611978127;1552.0675;['wind_speed', 'pressure', 'precipitation', 'temperature']
2026-03-01 09:00:00;2640.006806186574;1486.991;['wind_speed', 'pressure', 'precipitation', 'temperature']
2026-03-01 10:00:00;2375.1912697851767;1424.3685;['wind_speed', 'pressure', 'precipitation', 'temperature']
2026-03-01 11:00:00;2276.0696398826913;1848.2955;['wind_speed', 'pressure', 'precipitation', 'temperature']
2026-03-01 12:00:00;2429.175170204952;2020.3935;['wind_speed', 'pressure', 'precipitation', 'temperature']
2026-03-01 13:00:00;2323.182488409442;1075.92025;['wind_speed', 'pressure', 'precipitation', 'temperature']
2026-03-01 14:00:00;2505.5878662211103;2221.634;['wind_speed', 'pressure', 'precipitation', 'temperature']
2026-03-01 15:00:00;2640.7985612691327;1621.3802500000002;['wind_speed', 'pressure', 'precipitation', 'temperature']
2026-03-01 16:00:00;2780.293609457618;2940.9017500000004;['wind_speed', 'pressure', 'precipitation', 'temperature']
2026-03-01 17:00:00;3588.909431157319;3469.55025;['wind_speed', 'pressure', 'precipitation', 'temperature']
2026-03-01 18:00:00;4188.101252214128;3401.025;['wind_speed', 'pressure', 'precipitation', 'temperature']
2026-03-01 19:00:00;2936.9190512398795;4648.9400000000005;['wind_speed', 'pressure', 'precipitation', 'temperature']
2026-03-01 20:00:00;3361.4729496626396;3172.72825;['wind_speed', 'pressure', 'precipitation', 'temperature']
2026-03-01 21:00:00;3231.6354261672295;3724.67375;['wind_speed', 'pressure', 'precipitation', 'temperature']
2026-03-01 22:00:00;2934.8050280164607;2194.51425;['wind_speed', 'pressure', 'precipitation', 'temperature']
2026-03-01 23:00:00;2857.510202196854;2766.385;['wind_speed', 'pressure', 'precipitation', 'temperature']
2026-03-02 00:00:00;2856.0190873293636;3246.745;['wind_speed', 'pressure', 'precipitation', 'temperature']
2026-03-02 01:00:00;2815.6312233128288;2790.22925;['wind_speed', 'pressure', 'precipitation', 'temperature']
2026-03-02 02:00:00;2058.6592776346392;2155.6665;['wind_speed', 'pressure', 'precipitation', 'temperature']
2026-03-02 03:00:00;1912.90431649815;2621.298;['wind_speed', 'pressure', 'precipitation', 'temperature']
2026-03-02 04:00:00;1991.6330785442656;2217.16675;['wind_speed', 'pressure', 'precipitation', 'temperature']
2026-03-02 05:00:00;2196.4622013259636;2487.078;['wind_speed', 'pressure', 'precipitation', 'temperature']
2026-03-02 06:00:00;2190.485455153065;3034.98225;['wind_speed', 'pressure', 'precipitation', 'temperature']
2026-03-02 07:00:00;2021.1826369980422;703.9855;['wind_speed', 'pressure', 'precipitation', 'temperature']
2026-03-02 08:00:00;2480.6653721121274;3024.90775;['wind_speed', 'pressure', 'precipitation', 'temperature']
2026-03-02 09:00:00;2460.280377290463;1042.5125;['wind_speed', 'pressure', 'precipitation', 'temperature']
2026-03-02 10:00:00;2025.1610539207104;1443.9805;['wind_speed', 'pressure', 'precipitation', 'temperature']
2026-03-02 11:00:00;2106.4548361044176;3115.7045;['wind_speed', 'pressure', 'precipitation', 'temperature']
2026-03-02 12:00:00;2034.3451292499676;3578.4032500000003;['wind_speed', 'pressure', 'precipitation', 'temperature']
2026-03-02 13:00:00;1478.000694020077;4828.33975;['wind_speed', 'pressure', 'precipitation', 'temperature']
2026-03-02 14:00:00;1897.6457770364925;4235.00525;['wind_speed', 'pressure', 'precipitation', 'temperature']
2026-03-02 15:00:00;1849.5764167498091;4154.5925;['wind_speed', 'pressure', 'precipitation', 'temperature']
2026-03-02 16:00:00;2191.4460057030437;2162.64175;['wind_speed', 'pressure', 'precipitation', 'temperature']
2026-03-02 17:00:00;4312.3661050603205;2929.2985;['wind_speed', 'pressure', 'precipitation', 'temperature']
2026-03-02 18:00:00;5330.788572867062;4386.6975;['wind_speed', 'pressure', 'precipitation', 'temperature']
2026-03-02 19:00:00;3260.60395556513;3566.40925;['wind_speed', 'pressure', 'precipitation', 'temperature']
2026-03-02 20:00:00;3448.8143736745856;3250.582;['wind_speed', 'pressure', 'precipitation', 'temperature']
2026-03-02 21:00:00;3118.9080456893516;2445.295;['wind_speed', 'pressure', 'precipitation', 'temperature']
2026-03-02 22:00:00;2897.8916489065514;3048.3762500000003;['wind_speed', 'pressure', 'precipitation', 'temperature']
2026-03-02 23:00:00;2678.097654753043;2899.3835;['wind_speed', 'pressure', 'precipitation', 'temperature']
2026-03-03 00:00:00;2573.666264408204;2072.42525;['wind_speed', 'pressure', 'precipitation', 'temperature']
2026-03-03 01:00:00;2714.249588894468;2646.535;['wind_speed', 'pressure', 'precipitation', 'temperature']
2026-03-03 02:00:00;2352.58186636596;2631.8955;['wind_speed', 'pressure', 'precipitation', 'temperature']
2026-03-03 03:00:00;2378.51653005467;3036.797;['wind_speed', 'pressure', 'precipitation', 'temperature']
2026-03-03 04:00:00;2490.01509286527;2119.68425;['wind_speed', 'pressure', 'precipitation', 'temperature']
2026-03-03 05:00:00;2709.1255505719446;2895.75175;['wind_speed', 'pressure', 'precipitation', 'temperature']
2026-03-03 06:00:00;2815.009842313141;3432.59825;['wind_speed', 'pressure', 'precipitation', 'temperature']
2026-03-03 07:00:00;2546.4255619583587;524.39675;['wind_speed', 'pressure', 'precipitation', 'temperature']
2026-03-03 08:00:00;2443.6104733018915;1743.91575;['wind_speed', 'pressure', 'precipitation', 'temperature']
2026-03-03 09:00:00;2153.8158424760472;1520.6104999999998;['wind_speed', 'pressure', 'precipitation', 'temperature']
2026-03-03 10:00:00;1946.9661910916848;1320.03525;['wind_speed', 'pressure', 'precipitation', 'temperature']
2026-03-03 11:00:00;2222.643384212443;2607.65675;['wind_speed', 'pressure', 'precipitation', 'temperature']
2026-03-03 12:00:00;2144.6492661772836;4472.4735;['wind_speed', 'pressure', 'precipitation', 'temperature']
2026-03-03 13:00:00;2649.6291704861756;4663.9335;['wind_speed', 'pressure', 'precipitation', 'temperature']
2026-03-03 14:00:00;2085.471222246142;4119.155;['wind_speed', 'pressure', 'precipitation', 'temperature']
2026-03-03 15:00:00;2197.619226041829;3445.13;['wind_speed', 'pressure', 'precipitation', 'temperature']
2026-03-03 16:00:00;2065.1166755980403;2418.37475;['wind_speed', 'pressure', 'precipitation', 'temperature']
2026-03-03 17:00:00;3157.9423027638913;3358.39975;['wind_speed', 'pressure', 'precipitation', 'temperature']
2026-03-03 18:00:00;4439.289417421976;6378.4400000000005;['wind_speed', 'pressure', 'precipitation', 'temperature']
2026-03-03 19:00:00;3392.766023224626;2789.0335;['wind_speed', 'pressure', 'precipitation', 'temperature']
2026-03-03 20:00:00;3151.668162263884;3805.4915;['wind_speed', 'pressure', 'precipitation', 'temperature']
2026-03-03 21:00:00;2820.8889157995773;3770.307;['wind_speed', 'pressure', 'precipitation', 'temperature']
2026-03-03 22:00:00;2777.898542839418;2653.62925;['wind_speed', 'pressure', 'precipitation', 'temperature']
2026-03-03 23:00:00;2674.644068871752;2743.64325;['wind_speed', 'pressure', 'precipitation', 'temperature']
2026-03-04 00:00:00;2505.1456046804246;2341.52875;['wind_speed', 'pressure', 'precipitation', 'temperature']
2026-03-04 01:00:00;2489.5277939397183;2976.6625;['wind_speed', 'pressure', 'precipitation', 'temperature']
2026-03-04 02:00:00;2469.538699221243;2663.9955;['wind_speed', 'pressure', 'precipitation', 'temperature']
2026-03-04 03:00:00;2606.089901568991;2132.85775;['wind_speed', 'pressure', 'precipitation', 'temperature']
2026-03-04 04:00:00;2569.1357000861285;2686.453;['wind_speed', 'pressure', 'precipitation', 'temperature']
2026-03-04 05:00:00;2748.677969570137;2480.783;['wind_speed', 'pressure', 'precipitation', 'temperature']
2026-03-04 06:00:00;2768.641908410195;2484.50025;['wind_speed', 'pressure', 'precipitation', 'temperature']
2026-03-04 07:00:00;1894.2607690317427;3750.57025;['wind_speed', 'pressure', 'precipitation', 'temperature']
2026-03-04 08:00:00;2297.4176027245535;962.9825;['wind_speed', 'pressure', 'precipitation', 'temperature']
2026-03-04 09:00:00;2093.233981023775;913.50825;['wind_speed', 'pressure', 'precipitation', 'temperature']
2026-03-04 10:00:00;1778.5215389591997;2335.989;['wind_speed', 'pressure', 'precipitation', 'temperature']
2026-03-04 11:00:00;2213.97861849605;2978.1815;['wind_speed', 'pressure', 'precipitation', 'temperature']
2026-03-04 12:00:00;3173.9768004582806;4587.24025;['wind_speed', 'pressure', 'precipitation', 'temperature']
2026-03-04 13:00:00;3306.519172706798;4646.554749999999;['wind_speed', 'pressure', 'precipitation', 'temperature']
2026-03-04 14:00:00;2781.1000328439277;4490.52625;['wind_speed', 'pressure', 'precipitation', 'temperature']
2026-03-04 15:00:00;2401.1468442143623;3957.3565;['wind_speed', 'pressure', 'precipitation', 'temperature']
2026-03-04 16:00:00;2814.6737526183097;2997.356;['wind_speed', 'pressure', 'precipitation', 'temperature']
2026-03-04 17:00:00;3445.1869739454064;1464.8985;['wind_speed', 'pressure', 'precipitation', 'temperature']
2026-03-04 18:00:00;3676.82885280166;4648.4705;['wind_speed', 'pressure', 'precipitation', 'temperature']
2026-03-04 19:00:00;2572.779125112446;4129.09025;['wind_speed', 'pressure', 'precipitation', 'temperature']
2026-03-04 20:00:00;3138.9158922005313;3670.78525;['wind_speed', 'pressure', 'precipitation', 'temperature']
2026-03-04 21:00:00;3181.0675207198374;2636.34375;['wind_speed', 'pressure', 'precipitation', 'temperature']
2026-03-04 22:00:00;2753.8586981297267;3060.88225;['wind_speed', 'pressure', 'precipitation', 'temperature']
2026-03-04 23:00:00;2775.3440755648494;3818.83625;['wind_speed', 'pressure', 'precipitation', 'temperature']
2026-03-05 00:00:00;3239.926124026686;2839.1465;['wind_speed', 'pressure', 'precipitation', 'temperature']
2026-03-05 01:00:00;3051.081218522188;2795.9970000000003;['wind_speed', 'pressure', 'precipitation', 'temperature']
2026-03-05 02:00:00;2848.021864778838;2804.9217500000004;['wind_speed', 'pressure', 'precipitation', 'temperature']
2026-03-05 03:00:00;2806.808324358328;2636.8767500000004;['wind_speed', 'pressure', 'precipitation', 'temperature']
2026-03-05 04:00:00;2946.9554495420007;2252.3625;['wind_speed', 'pressure', 'precipitation', 'temperature']
2026-03-05 05:00:00;3027.055630351866;2891.4347500000003;['wind_speed', 'pressure', 'precipitation', 'temperature']
2026-03-05 06:00:00;3112.6697072078778;3542.1585;['wind_speed', 'pressure', 'precipitation', 'temperature']
2026-03-05 07:00:00;3049.9700684863974;4354.528;['wind_speed', 'pressure', 'precipitation', 'temperature']
2026-03-05 08:00:00;2257.687515371512;2665.74625;['wind_speed', 'pressure', 'precipitation', 'temperature']
2026-03-05 09:00:00;3190.118312391586;1302.7145;['wind_speed', 'pressure', 'precipitation', 'temperature']
2026-03-05 10:00:00;3084.145857965712;2217.8925;['wind_speed', 'pressure', 'precipitation', 'temperature']
2026-03-05 11:00:00;2722.5938478205767;1661.2067499999998;['wind_speed', 'pressure', 'precipitation', 'temperature']
2026-03-05 12:00:00;3005.5075692726778;1502.9172500000002;['wind_speed', 'pressure', 'precipitation', 'temperature']
2026-03-05 13:00:00;2851.7609130278347;869.1479999999999;['wind_speed', 'pressure', 'precipitation', 'temperature']
2026-03-05 14:00:00;2807.182768073457;1631.13325;['wind_speed', 'pressure', 'precipitation', 'temperature']
2026-03-05 15:00:00;2408.592760670761;3945.8165;['wind_speed', 'pressure', 'precipitation', 'temperature']
2026-03-05 16:00:00;2436.6503863713647;2468.259;['wind_speed', 'pressure', 'precipitation', 'temperature']
2026-03-05 17:00:00;3018.471964274995;3224.5152499999995;['wind_speed', 'pressure', 'precipitation', 'temperature']
2026-03-05 18:00:00;5433.447845206172;5428.21475;['wind_speed', 'pressure', 'precipitation', 'temperature']
2026-03-05 19:00:00;3469.4621524271133;3815.672;['wind_speed', 'pressure', 'precipitation', 'temperature']
2026-03-05 20:00:00;3416.8199732469884;4185.101;['wind_speed', 'pressure', 'precipitation', 'temperature']
2026-03-05 21:00:00;3292.7129352770453;2708.38675;['wind_speed', 'pressure', 'precipitation', 'temperature']
2026-03-05 22:00:00;3018.4008315744804;2625.80675;['wind_speed', 'pressure', 'precipitation', 'temperature']
2026-03-05 23:00:00;3034.29638717557;2412.5550000000003;['wind_speed', 'pressure', 'precipitation', 'temperature']
2026-03-06 00:00:00;2377.649595308924;2537.2190000000005;['wind_speed', 'pressure', 'precipitation', 'temperature']
2026-03-06 01:00:00;2835.8996103033305;2795.9970000000003;['wind_speed', 'pressure', 'precipitation', 'temperature']
2026-03-06 02:00:00;2650.946321819668;2804.9217500000004;['wind_speed', 'pressure', 'precipitation', 'temperature']
2026-03-06 03:00:00;2558.9930993017465;2636.8767500000004;['wind_speed', 'pressure', 'precipitation', 'temperature']
2026-03-06 04:00:00;2583.6705318771965;2252.3625;['wind_speed', 'pressure', 'precipitation', 'temperature']
2026-03-06 05:00:00;2766.2645393470493;2891.4347500000003;['wind_speed', 'pressure', 'precipitation', 'temperature']
2026-03-06 06:00:00;2940.620588005725;3542.1585;['wind_speed', 'pressure', 'precipitation', 'temperature']
2026-03-06 07:00:00;3216.7897424337284;4354.528;['wind_speed', 'pressure', 'precipitation', 'temperature']
2026-03-06 08:00:00;2522.3346753850183;1813.133;['wind_speed', 'pressure', 'precipitation', 'temperature']
2026-03-06 09:00:00;2617.278720399296;1455.8512500000002;['wind_speed', 'pressure', 'precipitation', 'temperature']
2026-03-06 10:00:00;1957.4197272598403;2485.7415;['wind_speed', 'pressure', 'precipitation', 'temperature']
2026-03-06 11:00:00;2426.312082805408;4530.7165;['wind_speed', 'pressure', 'precipitation', 'temperature']
2026-03-06 12:00:00;2485.9778215326437;4249.43025;['wind_speed', 'pressure', 'precipitation', 'temperature']
2026-03-06 13:00:00;1846.6452457306937;2027.85775;['wind_speed', 'pressure', 'precipitation', 'temperature']
2026-03-06 14:00:00;2370.476107229697;1419.4865;['wind_speed', 'pressure', 'precipitation', 'temperature']
2026-03-06 15:00:00;3030.507091359697;3713.09525;['wind_speed', 'pressure', 'precipitation', 'temperature']
2026-03-06 16:00:00;2638.566561436413;2572.8035;['wind_speed', 'pressure', 'precipitation', 'temperature']
2026-03-06 17:00:00;2960.986067446188;3580.1215;['wind_speed', 'pressure', 'precipitation', 'temperature']
2026-03-06 18:00:00;4481.010969799683;6152.42875;['wind_speed', 'pressure', 'precipitation', 'temperature']
2026-03-06 19:00:00;2986.701777352202;3479.48725;['wind_speed', 'pressure', 'precipitation', 'temperature']
2026-03-06 20:00:00;3055.0004086352697;2790.91975;['wind_speed', 'pressure', 'precipitation', 'temperature']
2026-03-06 21:00:00;2726.686509298561;2074.9595;['wind_speed', 'pressure', 'precipitation', 'temperature']
2026-03-06 22:00:00;2448.320629176043;1739.635;['wind_speed', 'pressure', 'precipitation', 'temperature']
2026-03-06 23:00:00;2510.1898249383216;2311.847;['wind_speed', 'pressure', 'precipitation', 'temperature']
2026-03-07 00:00:00;2488.2952264540313;2138.156;['wind_speed', 'pressure', 'precipitation', 'temperature']
2026-03-07 01:00:00;2687.821566223926;2338.306;['wind_speed', 'pressure', 'precipitation', 'temperature']
2026-03-07 02:00:00;2569.5659507947285;2584.2935;['wind_speed', 'pressure', 'precipitation', 'temperature']
2026-03-07 03:00:00;2467.7070218527156;1668.98875;['wind_speed', 'pressure', 'precipitation', 'temperature']
2026-03-07 04:00:00;2440.4950792431464;1610.39575;['wind_speed', 'pressure', 'precipitation', 'temperature']
2026-03-07 05:00:00;2679.6481633824123;2070.308;['wind_speed', 'pressure', 'precipitation', 'temperature']
2026-03-07 06:00:00;2865.928270132954;2090.612;['wind_speed', 'pressure', 'precipitation', 'temperature']
2026-03-07 07:00:00;3016.2003014783304;1457.96075;['wind_speed', 'pressure', 'precipitation', 'temperature']
2026-03-07 08:00:00;2399.5977558665827;756.50275;['wind_speed', 'pressure', 'precipitation', 'temperature']
2026-03-07 09:00:00;1958.4968788839365;1590.6302500000002;['wind_speed', 'pressure', 'precipitation', 'temperature']
2026-03-07 10:00:00;2339.78505085413;1327.3035;['wind_speed', 'pressure', 'precipitation', 'temperature']
2026-03-07 11:00:00;3237.4103643251624;2811.17875;['wind_speed', 'pressure', 'precipitation', 'temperature']
2026-03-07 12:00:00;3625.4732672373084;1682.80625;['wind_speed', 'pressure', 'precipitation', 'temperature']
2026-03-07 13:00:00;2020.5552836945535;1354.13025;['wind_speed', 'pressure', 'precipitation', 'temperature']
2026-03-07 14:00:00;1832.5881480352218;951.723;['wind_speed', 'pressure', 'precipitation', 'temperature']
2026-03-07 15:00:00;3141.271718796091;2364.96775;['wind_speed', 'pressure', 'precipitation', 'temperature']
2026-03-07 16:00:00;2514.54387619734;2298.85875;['wind_speed', 'pressure', 'precipitation', 'temperature']
2026-03-07 17:00:00;3328.441168283115;2192.87;['wind_speed', 'pressure', 'precipitation', 'temperature']
2026-03-07 18:00:00;5210.412330265091;3587.63775;['wind_speed', 'pressure', 'precipitation', 'temperature']
2026-03-07 19:00:00;3055.3312853147813;4620.41925;['wind_speed', 'pressure', 'precipitation', 'temperature']
2026-03-07 20:00:00;3093.524211262808;4156.529;['wind_speed', 'pressure', 'precipitation', 'temperature']
2026-03-07 21:00:00;2976.9296026838942;2222.4085;['wind_speed', 'pressure', 'precipitation', 'temperature']
2026-03-07 22:00:00;2254.3276715370284;4127.96075;['wind_speed', 'pressure', 'precipitation', 'temperature']
2026-03-07 23:00:00;2444.2317273512854;2806.2985;['wind_speed', 'pressure', 'precipitation', 'temperature']
2026-03-08 00:00:00;2345.2636178605844;2072.6980000000003;['wind_speed', 'pressure', 'precipitation', 'temperature']
2026-03-08 01:00:00;2626.761936566545;3777.8255;['wind_speed', 'pressure', 'precipitation', 'temperature']
2026-03-08 02:00:00;2442.5304223021412;1967.07825;['wind_speed', 'pressure', 'precipitation', 'temperature']
2026-03-08 03:00:00;2248.5097576966236;2125.10075;['wind_speed', 'pressure', 'precipitation', 'temperature']
2026-03-08 04:00:00;2156.987006983476;2076.188;['wind_speed', 'pressure', 'precipitation', 'temperature']
2026-03-08 05:00:00;2419.281137075875;2075.50675;['wind_speed', 'pressure', 'precipitation', 'temperature']
2026-03-08 06:00:00;2628.6525379678897;1866.8475;['wind_speed', 'pressure', 'precipitation', 'temperature']
2026-03-08 07:00:00;2473.4925331161467;1325.2725;['wind_speed', 'pressure', 'precipitation', 'temperature']
2026-03-08 08:00:00;1658.4714571422855;995.868;['wind_speed', 'pressure', 'precipitation', 'temperature']
2026-03-08 09:00:00;1983.071658295154;913.16325;['wind_speed', 'pressure', 'precipitation', 'temperature']
2026-03-08 10:00:00;1877.8369750743925;1799.62;['wind_speed', 'pressure', 'precipitation', 'temperature']
2026-03-08 11:00:00;3089.3785297742515;2870.49225;['wind_speed', 'pressure', 'precipitation', 'temperature']
2026-03-08 12:00:00;2597.4022940579557;1250.2222499999998;['wind_speed', 'pressure', 'precipitation', 'temperature']
2026-03-08 13:00:00;1847.808239515294;1831.10675;['wind_speed', 'pressure', 'precipitation', 'temperature']
2026-03-08 14:00:00;1703.7624262107142;1428.14675;['wind_speed', 'pressure', 'precipitation', 'temperature']
2026-03-08 15:00:00;3131.8250541475263;1477.5485;['wind_speed', 'pressure', 'precipitation', 'temperature']
2026-03-08 16:00:00;1985.7502485696082;2029.1785;['wind_speed', 'pressure', 'precipitation', 'temperature']
2026-03-08 17:00:00;2912.8699417791695;1926.54075;['wind_speed', 'pressure', 'precipitation', 'temperature']
2026-03-08 18:00:00;4210.523047785138;3786.51925;['wind_speed', 'pressure', 'precipitation', 'temperature']
2026-03-08 19:00:00;3387.767347796057;3130.8587500000003;['wind_speed', 'pressure', 'precipitation', 'temperature']
2026-03-08 20:00:00;3259.116364476148;4166.77175;['wind_speed', 'pressure', 'precipitation', 'temperature']
2026-03-08 21:00:00;2683.056300937742;3548.41575;['wind_speed', 'pressure', 'precipitation', 'temperature']
2026-03-08 22:00:00;2805.407991594284;2750.8852500000003;['wind_speed', 'pressure', 'precipitation', 'temperature']
2026-03-08 23:00:00;2557.0269611369185;2077.47225;['wind_speed', 'pressure', 'precipitation', 'temperature']
2026-03-09 00:00:00;1992.5274621546555;1669.124;['wind_speed', 'pressure', 'precipitation', 'temperature']
2026-03-09 01:00:00;2591.790175003264;2920.80125;['wind_speed', 'pressure', 'precipitation', 'temperature']
2026-03-09 02:00:00;2201.843829777177;2274.465;['wind_speed', 'pressure', 'precipitation', 'temperature']
2026-03-09 03:00:00;2117.352773491277;1554.71575;['wind_speed', 'pressure', 'precipitation', 'temperature']
2026-03-09 04:00:00;2041.2265732378346;1631.3594999999998;['wind_speed', 'pressure', 'precipitation', 'temperature']
2026-03-09 05:00:00;2238.0356736274875;3087.776;['wind_speed', 'pressure', 'precipitation', 'temperature']
2026-03-09 06:00:00;2381.277072861219;1866.8475;['wind_speed', 'pressure', 'precipitation', 'temperature']
2026-03-09 07:00:00;2014.225437614487;1325.2725;['wind_speed', 'pressure', 'precipitation', 'temperature']
2026-03-09 08:00:00;2623.137176653648;995.868;['wind_speed', 'pressure', 'precipitation', 'temperature']
2026-03-09 09:00:00;1574.365550922425;913.16325;['wind_speed', 'pressure', 'precipitation', 'temperature']
2026-03-09 10:00:00;2170.0192780799125;2129.53325;['wind_speed', 'pressure', 'precipitation', 'temperature']
2026-03-09 11:00:00;2951.799435911509;2527.43425;['wind_speed', 'pressure', 'precipitation', 'temperature']
2026-03-09 12:00:00;2435.30173654714;4109.2385;['wind_speed', 'pressure', 'precipitation', 'temperature']
2026-03-09 13:00:00;2085.253091996937;2127.6040000000003;['wind_speed', 'pressure', 'precipitation', 'temperature']
2026-03-09 14:00:00;1744.6805213702175;1350.60725;['wind_speed', 'pressure', 'precipitation', 'temperature']
2026-03-09 15:00:00;2457.516771064542;2213.1385;['wind_speed', 'pressure', 'precipitation', 'temperature']
2026-03-09 16:00:00;2351.523056386011;1826.9195;['wind_speed', 'pressure', 'precipitation', 'temperature']
2026-03-09 17:00:00;2693.6693243025056;3601.039;['wind_speed', 'pressure', 'precipitation', 'temperature']
2026-03-09 18:00:00;4113.833644206577;6124.2245;['wind_speed', 'pressure', 'precipitation', 'temperature']
2026-03-09 19:00:00;2888.42934350043;3677.76775;['wind_speed', 'pressure', 'precipitation', 'temperature']
2026-03-09 20:00:00;3335.8214559510243;2136.94175;['wind_speed', 'pressure', 'precipitation', 'temperature']
2026-03-09 21:00:00;2562.045027789378;2988.7155;['wind_speed', 'pressure', 'precipitation', 'temperature']
2026-03-09 22:00:00;2561.296671957308;2318.666;['wind_speed', 'pressure', 'precipitation', 'temperature']
2026-03-09 23:00:00;2465.262026272573;1780.5255;['wind_speed', 'pressure', 'precipitation', 'temperature']
2026-03-10 00:00:00;1935.23437081263;2910.68175;['wind_speed', 'pressure', 'precipitation', 'temperature']
2026-03-10 01:00:00;2561.2682095867667;1606.8917499999998;['wind_speed', 'pressure', 'precipitation', 'temperature']
2026-03-10 02:00:00;2357.7066654134887;1834.1555;['wind_speed', 'pressure', 'precipitation', 'temperature']
2026-03-10 03:00:00;2087.419152765243;1829.8265;['wind_speed', 'pressure', 'precipitation', 'temperature']
2026-03-10 04:00:00;2185.4204676707395;1621.01425;['wind_speed', 'pressure', 'precipitation', 'temperature']
2026-03-10 05:00:00;2885.5825242840456;2817.76325;['wind_speed', 'pressure', 'precipitation', 'temperature']
2026-03-10 06:00:00;2630.8185041891193;2770.8007500000003;['wind_speed', 'pressure', 'precipitation', 'temperature']
2026-03-10 07:00:00;2273.30371008163;3333.38175;['wind_speed', 'pressure', 'precipitation', 'temperature']
2026-03-10 08:00:00;1594.8367597586748;2793.15375;['wind_speed', 'pressure', 'precipitation', 'temperature']
2026-03-10 09:00:00;1512.5949795215656;1767.713;['wind_speed', 'pressure', 'precipitation', 'temperature']
2026-03-10 10:00:00;2187.9171607257467;2210.927;['wind_speed', 'pressure', 'precipitation', 'temperature']
2026-03-10 11:00:00;2835.920358485807;3412.94075;['wind_speed', 'pressure', 'precipitation', 'temperature']
2026-03-10 12:00:00;3052.8335098884627;4061.66425;['wind_speed', 'pressure', 'precipitation', 'temperature']
2026-03-10 13:00:00;2058.06367080402;4106.809499999999;['wind_speed', 'pressure', 'precipitation', 'temperature']
2026-03-10 14:00:00;2181.3098716652703;2908.1775;['wind_speed', 'pressure', 'precipitation', 'temperature']
2026-03-10 15:00:00;2794.3853179707558;2550.7335;['wind_speed', 'pressure', 'precipitation', 'temperature']
2026-03-10 16:00:00;2645.28498871606;1788.1075;['wind_speed', 'pressure', 'precipitation', 'temperature']
2026-03-10 17:00:00;3529.4379719344597;2544.117;['wind_speed', 'pressure', 'precipitation', 'temperature']
2026-03-10 18:00:00;5449.152689256329;5236.5315;['wind_speed', 'pressure', 'precipitation', 'temperature']
2026-03-10 19:00:00;3403.392405408231;3303.29325;['wind_speed', 'pressure', 'precipitation', 'temperature']
2026-03-10 20:00:00;2852.25725353479;4674.07575;['wind_speed', 'pressure', 'precipitation', 'temperature']
2026-03-10 21:00:00;2955.934688670758;2431.65825;['wind_speed', 'pressure', 'precipitation', 'temperature']
2026-03-10 22:00:00;2761.019700046888;2185.2885;['wind_speed', 'pressure', 'precipitation', 'temperature']
2026-03-10 23:00:00;3500.3398346658278;2130.8632500000003;['wind_speed', 'pressure', 'precipitation', 'temperature']
2026-03-11 00:00:00;2535.9000433628566;1892.9767500000005;['wind_speed', 'pressure', 'precipitation', 'temperature']
2026-03-11 01:00:00;2774.582052079294;2013.29275;['wind_speed', 'pressure', 'precipitation', 'temperature']
2026-03-11 02:00:00;2467.1603041785947;1828.167;['wind_speed', 'pressure', 'precipitation', 'temperature']
2026-03-11 03:00:00;2343.9326494805737;1877.80425;['wind_speed', 'pressure', 'precipitation', 'temperature']
2026-03-11 04:00:00;2214.831528745859;1892.7795;['wind_speed', 'pressure', 'precipitation', 'temperature']
2026-03-11 05:00:00;2693.1932522323173;3109.4265;['wind_speed', 'pressure', 'precipitation', 'temperature']
2026-03-11 06:00:00;2673.000788149898;2762.2815;['wind_speed', 'pressure', 'precipitation', 'temperature']
2026-03-11 07:00:00;2699.0841312434536;2268.42275;['wind_speed', 'pressure', 'precipitation', 'temperature']
2026-03-11 08:00:00;1944.745921917969;1332.15575;['wind_speed', 'pressure', 'precipitation', 'temperature']
2026-03-11 09:00:00;1825.4274200361288;946.02025;['wind_speed', 'pressure', 'precipitation', 'temperature']
2026-03-11 10:00:00;2010.0690260151048;2953.6225000000004;['wind_speed', 'pressure', 'precipitation', 'temperature']
2026-03-11 11:00:00;3064.7756481148813;3048.2492500000003;['wind_speed', 'pressure', 'precipitation', 'temperature']
2026-03-11 12:00:00;3292.961743212349;1016.1849999999998;['wind_speed', 'pressure', 'precipitation', 'temperature']
2026-03-11 13:00:00;2915.509117295199;735.11675;['wind_speed', 'pressure', 'precipitation', 'temperature']
2026-03-11 14:00:00;2486.49946796167;1102.20775;['wind_speed', 'pressure', 'precipitation', 'temperature']
2026-03-11 15:00:00;2767.623536448198;2617.099;['wind_speed', 'pressure', 'precipitation', 'temperature']
2026-03-11 16:00:00;2376.7871242823667;3511.27;['wind_speed', 'pressure', 'precipitation', 'temperature']
2026-03-11 17:00:00;2977.4953896138377;2191.68175;['wind_speed', 'pressure', 'precipitation', 'temperature']
2026-03-11 18:00:00;4813.808736130824;3577.4475;['wind_speed', 'pressure', 'precipitation', 'temperature']
2026-03-11 19:00:00;3314.3015249312853;4741.882250000001;['wind_speed', 'pressure', 'precipitation', 'temperature']
2026-03-11 20:00:00;3865.4708705538237;2768.617;['wind_speed', 'pressure', 'precipitation', 'temperature']
2026-03-11 21:00:00;2872.515328343586;3223.21725;['wind_speed', 'pressure', 'precipitation', 'temperature']
2026-03-11 22:00:00;2696.790650881698;2263.3005;['wind_speed', 'pressure', 'precipitation', 'temperature']
2026-03-11 23:00:00;2548.056195699247;1655.887;['wind_speed', 'pressure', 'precipitation', 'temperature']
