date;forecast;actual;weather_combo
2026-01-20 00:00:00;3382.40295319108;3324.11425;[]
2026-01-20 01:00:00;3291.4389827304403;3196.69175;[]
2026-01-20 02:00:00;3109.424934860011;3564.13325;[]
2026-01-20 03:00:00;2973.756508124923;2707.383;[]
2026-01-20 04:00:00;3367.881017903771;2789.41325;[]
2026-01-20 05:00:00;2996.435572884172;2898.3705;[]
2026-01-20 06:00:00;3263.626944898904;3033.4665;[]
2026-01-20 07:00:00;3489.101727814994;3828.01275;[]
2026-01-20 08:00:00;3394.2034713116345;3828.861;[]
2026-01-20 09:00:00;2991.971022056786;3481.7545;[]
2026-01-20 10:00:00;3127.753212434691;3349.58575;[]
2026-01-20 11:00:00;3134.806263503102;2320.389;[]
2026-01-20 12:00:00;3543.216229634801;1065.9830000000002;[]
2026-01-20 13:00:00;3542.708541611752;2686.33025;[]
2026-01-20 14:00:00;3418.7357366973233;3281.29675;[]
2026-01-20 15:00:00;3524.325020255337;2185.54725;[]
2026-01-20 16:00:00;3500.1072632626656;3583.29175;[]
2026-01-20 17:00:00;3474.755226807267;5103.80775;[]
2026-01-20 18:00:00;3170.0981398272197;5433.498250000001;[]
2026-01-20 19:00:00;3910.8823733954646;3254.337;[]
2026-01-20 20:00:00;3683.052898870872;4163.027;[]
2026-01-20 21:00:00;3597.8265217232874;3972.6565;[]
2026-01-20 22:00:00;3212.4298605322856;3771.60525;[]
2026-01-20 23:00:00;3349.7149266940532;3864.2335;[]
2026-01-21 00:00:00;3864.9923542494466;3600.33125;[]
2026-01-21 01:00:00;3548.040539089129;3360.08675;[]
2026-01-21 02:00:00;3600.272823305832;3005.55825;[]
2026-01-21 03:00:00;3133.455152198705;3117.1915;[]
2026-01-21 04:00:00;3192.4497051240146;3537.741;[]
2026-01-21 05:00:00;3181.0350284463198;3386.89575;[]
2026-01-21 06:00:00;3320.6026356873244;2914.7335;[]
2026-01-21 07:00:00;3473.1391143325163;4593.3165;[]
2026-01-21 08:00:00;3347.3183116458995;4870.53275;[]
2026-01-21 09:00:00;3458.1143807570625;2633.8055;[]
2026-01-21 10:00:00;3295.6003290095496;1883.37975;[]
2026-01-21 11:00:00;3169.7091005531875;1246.6372500000002;[]
2026-01-21 12:00:00;2867.008097086428;3255.17325;[]
2026-01-21 13:00:00;3224.766780752271;3642.69175;[]
2026-01-21 14:00:00;3484.2024943733627;3443.1165;[]
2026-01-21 15:00:00;3456.740821883892;2767.1085000000003;[]
2026-01-21 16:00:00;3965.5155776152324;2878.73225;[]
2026-01-21 17:00:00;3533.915750216922;5212.20875;[]
2026-01-21 18:00:00;4110.809534253559;5884.1085;[]
2026-01-21 19:00:00;3408.6819703575834;5043.75125;[]
2026-01-21 20:00:00;3775.7865250861473;4514.99425;[]
2026-01-21 21:00:00;3301.1939171450526;3905.21425;[]
2026-01-21 22:00:00;3809.48210639281;4084.417;[]
2026-01-21 23:00:00;3725.3630883356345;3505.25175;[]
2026-01-22 00:00:00;3843.6324851480877;4382.88325;[]
2026-01-22 01:00:00;3670.9337388076106;3667.35;[]
2026-01-22 02:00:00;3439.806923716742;3949.475;[]
2026-01-22 03:00:00;3372.904286625307;3619.1745;[]
2026-01-22 04:00:00;3803.3095804298578;3195.02325;[]
2026-01-22 05:00:00;3477.921136579855;3207.64475;[]
2026-01-22 06:00:00;3442.842999855696;3834.892;[]
2026-01-22 07:00:00;3930.6978867525017;3332.436;[]
2026-01-22 08:00:00;4025.319447660083;4101.32475;[]
2026-01-22 09:00:00;3248.2790970540354;2792.25975;[]
2026-01-22 10:00:00;3001.982661585089;3343.5355;[]
2026-01-22 11:00:00;3376.9845323477534;1024.81275;[]
2026-01-22 12:00:00;2986.2553020806645;2345.626;[]
2026-01-22 13:00:00;3550.2060733719045;4000.7015;[]
2026-01-22 14:00:00;3708.5472674313023;3066.969;[]
2026-01-22 15:00:00;3496.7076089216816;2576.49325;[]
2026-01-22 16:00:00;3718.49374241267;4892.4605;[]
2026-01-22 17:00:00;3993.2185854404943;4693.0;[]
2026-01-22 18:00:00;4783.042766867923;5675.33575;[]
2026-01-22 19:00:00;5146.13624079028;5423.83425;[]
2026-01-22 20:00:00;4394.559382568616;5436.4;[]
2026-01-22 21:00:00;4152.3986312097495;3945.58875;[]
2026-01-22 22:00:00;4205.394552146612;3972.6965;[]
2026-01-22 23:00:00;3740.453626471455;2663.9855;[]
2026-01-23 00:00:00;3662.4815733862442;3361.307;[]
2026-01-23 01:00:00;3637.945242106578;3379.777;[]
2026-01-23 02:00:00;3765.568410382544;3830.91175;[]
2026-01-23 03:00:00;3493.2458293893355;3616.4825;[]
2026-01-23 04:00:00;3586.0557421451026;3049.29125;[]
2026-01-23 05:00:00;3377.8709148506455;3813.81625;[]
2026-01-23 06:00:00;3677.423153170833;2841.50725;[]
2026-01-23 07:00:00;3985.34974383383;3103.87025;[]
2026-01-23 08:00:00;4040.3215893952784;769.03125;[]
2026-01-23 09:00:00;3109.2143410765702;1197.06775;[]
2026-01-23 10:00:00;3208.5721566457487;2176.22575;[]
2026-01-23 11:00:00;2804.848800125071;2017.9665;[]
2026-01-23 12:00:00;2801.9806411488144;3823.25725;[]
2026-01-23 13:00:00;3682.1465041723527;2267.88875;[]
2026-01-23 14:00:00;3525.7206290564814;3227.23325;[]
2026-01-23 15:00:00;3235.8036395395093;2640.10975;[]
2026-01-23 16:00:00;4858.736863928651;4200.918250000001;[]
2026-01-23 17:00:00;4514.918831956518;4261.9315;[]
2026-01-23 18:00:00;4646.576958070365;3950.993750000001;[]
2026-01-23 19:00:00;3944.8796519826565;3119.8;[]
2026-01-23 20:00:00;4185.932534194864;3737.94975;[]
2026-01-23 21:00:00;3985.8512220948305;3837.417;[]
2026-01-23 22:00:00;4043.9808902814166;3223.48975;[]
2026-01-23 23:00:00;3420.6128303725345;2826.59125;[]
2026-01-24 00:00:00;3385.712968395835;2617.28325;[]
2026-01-24 01:00:00;3125.7269792529282;3046.392;[]
2026-01-24 02:00:00;3342.159058794412;3411.9126666666666;[]
2026-01-24 03:00:00;3102.7834044865494;2343.45825;[]
2026-01-24 04:00:00;3018.791921584259;2843.999;[]
2026-01-24 05:00:00;3169.815574602097;2873.38325;[]
2026-01-24 06:00:00;2855.086776964877;2907.02775;[]
2026-01-24 07:00:00;3150.6449029513574;2334.60825;[]
2026-01-24 08:00:00;3190.6994914445877;2823.44275;[]
2026-01-24 09:00:00;2069.5493086357565;2442.53925;[]
2026-01-24 10:00:00;2425.503311799646;2516.7375;[]
2026-01-24 11:00:00;2079.1138515618536;3611.406;[]
2026-01-24 12:00:00;2911.017247755079;4243.43825;[]
2026-01-24 13:00:00;2669.140115070092;2192.474;[]
2026-01-24 14:00:00;3096.3917148576343;3156.505;[]
2026-01-24 15:00:00;2647.0984197469515;2829.875;[]
2026-01-24 16:00:00;3570.209730094298;4099.4695;[]
2026-01-24 17:00:00;4048.808486183211;5198.8237500000005;[]
2026-01-24 18:00:00;4303.957569216296;4884.75125;[]
2026-01-24 19:00:00;3477.1469914896807;2075.6825;[]
2026-01-24 20:00:00;3645.7290985188047;4323.9585;[]
2026-01-24 21:00:00;3402.0156564926797;3607.17925;[]
2026-01-24 22:00:00;3481.800673379478;3738.1285;[]
2026-01-24 23:00:00;2808.9066946670387;3432.4435;[]
2026-01-25 00:00:00;3299.8742800674668;3474.86325;[]
2026-01-25 01:00:00;3228.424839241492;3669.751;[]
2026-01-25 02:00:00;3414.21076604939;4048.164;[]
2026-01-25 03:00:00;2880.108263978362;2848.222;[]
2026-01-25 04:00:00;3075.5368747947027;2863.81;[]
2026-01-25 05:00:00;2988.067396631031;3194.791;[]
2026-01-25 06:00:00;3037.275283889106;3292.455;[]
2026-01-25 07:00:00;2989.743901797125;2925.93075;[]
2026-01-25 08:00:00;3373.5439653013887;2567.88425;[]
2026-01-25 09:00:00;2485.899009471868;2779.9095;[]
2026-01-25 10:00:00;2620.104590906311;4691.433;[]
2026-01-25 11:00:00;2912.5660805282932;4666.953;[]
2026-01-25 12:00:00;3386.4603042812405;4243.43825;[]
2026-01-25 13:00:00;2693.6978441060037;2192.474;[]
2026-01-25 14:00:00;3241.5902797831404;3354.488666666666;[]
2026-01-25 15:00:00;3025.0905048740815;2592.30825;[]
2026-01-25 16:00:00;3909.105284595889;2440.2725;[]
2026-01-25 17:00:00;4233.200313773717;4202.912;[]
2026-01-25 18:00:00;4704.992851583118;1737.12275;[]
2026-01-25 19:00:00;3448.8383872896106;958.94425;[]
2026-01-25 20:00:00;4050.6742138018417;3723.2195;[]
2026-01-25 21:00:00;3644.9783020822306;2804.4895;[]
2026-01-25 22:00:00;3822.1799246247533;3094.9155;[]
2026-01-25 23:00:00;3344.186161109151;2390.568;[]
2026-01-26 00:00:00;2925.4683477278613;3275.88325;[]
2026-01-26 01:00:00;3121.2399777798723;2851.27575;[]
2026-01-26 02:00:00;3299.245006565229;2314.45425;[]
2026-01-26 03:00:00;2770.010339742332;2804.119;[]
2026-01-26 04:00:00;2814.0970178041734;1930.60775;[]
2026-01-26 05:00:00;2909.513582014671;2723.21625;[]
2026-01-26 06:00:00;2979.473138228241;2888.58725;[]
2026-01-26 07:00:00;2898.5445733161823;2713.859;[]
2026-01-26 08:00:00;2598.048595845877;4417.67925;[]
2026-01-26 09:00:00;2536.350254608084;3356.1275;[]
2026-01-26 10:00:00;3227.074926735345;3438.948;[]
2026-01-26 11:00:00;3354.59711518235;3563.75175;[]
2026-01-26 12:00:00;3304.1902580053556;2427.02325;[]
2026-01-26 13:00:00;2384.0126115206413;2582.1835;[]
2026-01-26 14:00:00;3056.138821811044;2928.6145;[]
2026-01-26 15:00:00;2680.5636603808284;3789.735;[]
2026-01-26 16:00:00;2861.5359173348525;4572.9445;[]
2026-01-26 17:00:00;3088.822973390682;5266.107;[]
2026-01-26 18:00:00;2774.908482912836;4283.08325;[]
2026-01-26 19:00:00;2429.3859417203666;2424.01675;[]
2026-01-26 20:00:00;3406.035792557757;4279.203;[]
2026-01-26 21:00:00;3488.0490869348887;3742.166;[]
2026-01-26 22:00:00;3265.012927106428;4314.9745;[]
2026-01-26 23:00:00;2749.165702006024;2969.2475;[]
2026-01-27 00:00:00;3406.0745079710596;2830.22625;[]
2026-01-27 01:00:00;3157.9821812406863;2744.937;[]
2026-01-27 02:00:00;2961.0632504877904;3257.3167500000004;[]
2026-01-27 03:00:00;2983.734221329552;2912.7870000000003;[]
2026-01-27 04:00:00;3069.133960461918;2666.22525;[]
2026-01-27 05:00:00;3001.2516151356003;2944.02975;[]
2026-01-27 06:00:00;3089.8230865327077;3157.67;[]
2026-01-27 07:00:00;2995.806858822449;4838.0755;[]
2026-01-27 08:00:00;3609.688687536326;4393.29025;[]
2026-01-27 09:00:00;2998.4466350512644;5051.76225;[]
2026-01-27 10:00:00;3333.7368750256883;2729.127;[]
2026-01-27 11:00:00;3423.788175648239;5356.0235;[]
2026-01-27 12:00:00;2905.557222632632;4141.3775000000005;[]
2026-01-27 13:00:00;2748.270873585031;5016.7125;[]
2026-01-27 14:00:00;3187.1523983942134;4572.88175;[]
2026-01-27 15:00:00;3380.391218381158;5905.1945;[]
2026-01-27 16:00:00;3682.955688531311;3749.44675;[]
2026-01-27 17:00:00;3866.6337045292576;4949.617;[]
2026-01-27 18:00:00;4497.302478535145;4155.69975;[]
2026-01-27 19:00:00;3609.1313267312157;2501.7875;[]
2026-01-27 20:00:00;4132.974392534299;4555.15975;[]
2026-01-27 21:00:00;3798.3468855790943;4213.807;[]
2026-01-27 22:00:00;4050.5141901814077;3972.591;[]
2026-01-27 23:00:00;3266.2145851182922;2477.69175;[]
2026-01-28 00:00:00;3187.815228985998;2930.86175;[]
2026-01-28 01:00:00;3346.9022899173888;2799.0625;[]
2026-01-28 02:00:00;3638.9685208283263;2599.72025;[]
2026-01-28 03:00:00;3292.1206520891164;2659.1175000000003;[]
2026-01-28 04:00:00;3355.219353558958;2997.5885;[]
2026-01-28 05:00:00;3439.076028732795;3240.1315;[]
2026-01-28 06:00:00;3540.447169265959;3348.08375;[]
2026-01-28 07:00:00;4163.714004932839;2768.882;[]
2026-01-28 08:00:00;4007.901133487022;3758.438;[]
2026-01-28 09:00:00;4247.519014521022;4153.29825;[]
2026-01-28 10:00:00;3409.7669633607748;3485.40875;[]
2026-01-28 11:00:00;3648.1462427224897;2457.739;[]
2026-01-28 12:00:00;3930.226161208757;2199.971;[]
2026-01-28 13:00:00;4040.3000304579327;2714.47975;[]
2026-01-28 14:00:00;4225.620694110362;2314.87675;[]
2026-01-28 15:00:00;3392.4961798691684;2226.03375;[]
2026-01-28 16:00:00;4189.82837098366;2161.29975;[]
2026-01-28 17:00:00;4382.453292769668;4241.76125;[]
2026-01-28 18:00:00;4468.527907359562;4462.1295;[]
2026-01-28 19:00:00;3540.1868045865226;3273.2575;[]
2026-01-28 20:00:00;4579.157277970033;4066.16375;[]
2026-01-28 21:00:00;4312.084081480388;3350.293;[]
2026-01-28 22:00:00;4129.987773321599;3015.4385;[]
2026-01-28 23:00:00;3502.8011587209107;2959.08775;[]
2026-01-29 00:00:00;3148.9329455030206;3130.11525;[]
2026-01-29 01:00:00;2899.547706808453;2990.9015;[]
2026-01-29 02:00:00;3229.7694919444316;3271.22725;[]
2026-01-29 03:00:00;3305.0416133473705;3629.855;[]
2026-01-29 04:00:00;2818.5951537732553;2829.71625;[]
2026-01-29 05:00:00;2949.352169588946;3074.8425;[]
2026-01-29 06:00:00;3034.650368786477;2983.11375;[]
2026-01-29 07:00:00;2814.506578180494;2818.86525;[]
2026-01-29 08:00:00;3297.1512003608805;2361.08125;[]
2026-01-29 09:00:00;3420.694500652062;3292.206;[]
2026-01-29 10:00:00;3076.083614882553;3860.7405;[]
2026-01-29 11:00:00;2694.275796287602;4322.213;[]
2026-01-29 12:00:00;3226.176059472058;3233.9055;[]
2026-01-29 13:00:00;2719.8033021749516;3161.515;[]
2026-01-29 14:00:00;2885.4584128532633;3518.00425;[]
2026-01-29 15:00:00;2829.8498522570085;3397.26675;[]
2026-01-29 16:00:00;3464.795207201607;3804.59875;[]
2026-01-29 17:00:00;4215.621020242762;3048.346;[]
2026-01-29 18:00:00;4137.82299316264;3831.81075;[]
2026-01-29 19:00:00;2999.97667652753;4592.51725;[]
2026-01-29 20:00:00;3898.83591005456;3198.797;[]
2026-01-29 21:00:00;3346.731111014349;3905.9085;[]
2026-01-29 22:00:00;3188.2048522112536;2584.36575;[]
2026-01-29 23:00:00;2885.0666599017623;2977.50875;[]
2026-01-30 00:00:00;3154.580981811323;2930.24125;[]
2026-01-30 01:00:00;3117.4685527006436;3045.52575;[]
2026-01-30 02:00:00;3257.253618338505;3382.778;[]
2026-01-30 03:00:00;3229.6315917166658;2108.5750000000003;[]
2026-01-30 04:00:00;2978.0618370340776;2711.36825;[]
2026-01-30 05:00:00;3037.43680668729;2823.3405;[]
2026-01-30 06:00:00;3141.2095642162367;2810.056;[]
2026-01-30 07:00:00;3032.3588879852737;2569.47575;[]
2026-01-30 08:00:00;2765.968524701535;3011.00925;[]
2026-01-30 09:00:00;3044.4195236010464;3970.83225;[]
2026-01-30 10:00:00;3372.84889730427;4316.86625;[]
2026-01-30 11:00:00;3524.8559937535474;3255.9585;[]
2026-01-30 12:00:00;3121.1093186034072;3856.16275;[]
2026-01-30 13:00:00;3144.7846619952106;5804.923;[]
2026-01-30 14:00:00;3473.113347451716;3518.00425;[]
2026-01-30 15:00:00;3391.900828067886;3397.26675;[]
2026-01-30 16:00:00;3650.4447139508234;2872.316;[]
2026-01-30 17:00:00;3428.6559527169065;4624.5915;[]
2026-01-30 18:00:00;3849.5003478346994;3331.67425;[]
2026-01-30 19:00:00;3507.9367701547117;2540.943;[]
2026-01-30 20:00:00;3430.343933962054;3665.77125;[]
2026-01-30 21:00:00;3685.888930672338;2802.63575;[]
2026-01-30 22:00:00;3294.94332428757;3011.39175;[]
2026-01-30 23:00:00;3018.3167562698745;2593.54575;[]
2026-01-31 00:00:00;2958.1977925213932;3173.0025;[]
2026-01-31 01:00:00;2981.5468357345703;3842.7335;[]
2026-01-31 02:00:00;3208.937033391056;3099.48925;[]
2026-01-31 03:00:00;2738.271867417489;3333.14125;[]
2026-01-31 04:00:00;3010.2869102857426;2831.7290000000003;[]
2026-01-31 05:00:00;2900.5115105136033;2721.9165000000003;[]
2026-01-31 06:00:00;2961.1045631212355;3373.83025;[]
2026-01-31 07:00:00;2892.2018223608525;3361.293;[]
2026-01-31 08:00:00;3079.0436956237922;3424.02625;[]
2026-01-31 09:00:00;3289.625445607152;3892.46575;[]
2026-01-31 10:00:00;3468.5047579526945;4093.56525;[]
2026-01-31 11:00:00;3047.508518724118;3468.38725;[]
2026-01-31 12:00:00;3218.135192802508;3645.032;[]
2026-01-31 13:00:00;3789.341263628806;3006.9835;[]
2026-01-31 14:00:00;3498.941975193961;3079.298;[]
2026-01-31 15:00:00;3247.7482341805107;3843.243;[]
2026-01-31 16:00:00;3375.1459844911174;2761.37025;[]
2026-01-31 17:00:00;4037.081884387626;2594.62925;[]
2026-01-31 18:00:00;3716.420796636351;5439.38975;[]
2026-01-31 19:00:00;3541.856245019207;4224.091;[]
2026-01-31 20:00:00;3699.7290785198707;3178.35475;[]
2026-01-31 21:00:00;3213.9478598518326;4102.47225;[]
2026-01-31 22:00:00;3368.5666361254525;4452.82625;[]
2026-01-31 23:00:00;2883.6621493830285;1587.8345;[]
2026-02-01 00:00:00;2799.0095664948662;1227.2925;[]
2026-02-01 01:00:00;3155.053331567712;986.55825;[]
2026-02-01 02:00:00;3146.2913436848676;523.318;[]
2026-02-01 03:00:00;2900.749028652906;419.4962499999999;[]
2026-02-01 04:00:00;2989.3052175269354;809.1597499999999;[]
2026-02-01 05:00:00;2906.822656049551;879.83475;[]
2026-02-01 06:00:00;3206.011759236054;644.55125;[]
2026-02-01 07:00:00;3354.372914819737;2779.7565000000004;[]
2026-02-01 08:00:00;3245.37436579928;4242.7392500000005;[]
2026-02-01 09:00:00;3539.6774436077853;4539.58225;[]
2026-02-01 10:00:00;3209.1510052143453;3902.5285;[]
2026-02-01 11:00:00;3280.0918582062836;3690.70825;[]
2026-02-01 12:00:00;3189.6556796723876;3770.9095;[]
2026-02-01 13:00:00;3651.5569652096588;3929.826;[]
2026-02-01 14:00:00;3242.2869630136397;2997.2215;[]
2026-02-01 15:00:00;3477.6352410111463;3139.48325;[]
2026-02-01 16:00:00;3312.2890390657362;4010.29575;[]
2026-02-01 17:00:00;3516.2415936632397;3188.33075;[]
2026-02-01 18:00:00;4287.804687553131;4498.370000000001;[]
2026-02-01 19:00:00;3769.0772826412845;5959.908;[]
2026-02-01 20:00:00;3664.384005027123;2655.0615;[]
2026-02-01 21:00:00;3732.722839794696;4070.45725;[]
2026-02-01 22:00:00;3910.2019077233235;3704.6875;[]
2026-02-01 23:00:00;2730.202916204613;4307.6215;[]
2026-02-02 00:00:00;3391.768866429488;4194.2355;[]
2026-02-02 01:00:00;3223.8983844317145;3838.329;[]
2026-02-02 02:00:00;2922.9091976904197;3883.407;[]
2026-02-02 03:00:00;2649.045761138132;2908.932;[]
2026-02-02 04:00:00;2744.2869060862545;3679.78875;[]
2026-02-02 05:00:00;2617.893379764436;2860.6365;[]
2026-02-02 06:00:00;2682.3349700254357;3718.30325;[]
2026-02-02 07:00:00;3119.5119222648214;4196.75575;[]
2026-02-02 08:00:00;3504.9167075619516;3431.86475;[]
2026-02-02 09:00:00;3598.7686152042866;3188.44575;[]
2026-02-02 10:00:00;3387.1548669684744;3551.37525;[]
2026-02-02 11:00:00;3311.5183202610733;3092.7580000000003;[]
2026-02-02 12:00:00;3415.1791618547795;2944.382;[]
2026-02-02 13:00:00;3467.8251752484166;3419.67125;[]
2026-02-02 14:00:00;3292.062412679904;2483.34625;[]
2026-02-02 15:00:00;3195.6650355950983;3997.7985;[]
2026-02-02 16:00:00;3441.608326466763;3957.9355;[]
2026-02-02 17:00:00;3971.195384987832;6156.93275;[]
2026-02-02 18:00:00;3887.475490510634;5374.7855;[]
2026-02-02 19:00:00;4546.44419822235;4602.8735;[]
2026-02-02 20:00:00;3369.3091617835707;4762.261;[]
2026-02-02 21:00:00;3695.808375918287;2763.79025;[]
2026-02-02 22:00:00;3467.603373408573;3169.481;[]
2026-02-02 23:00:00;3215.725187626117;2885.26125;[]
2026-02-03 00:00:00;3196.3829888277182;3208.07325;[]
2026-02-03 01:00:00;2854.011534429833;2903.31075;[]
2026-02-03 02:00:00;3211.6440969052956;2636.27025;[]
2026-02-03 03:00:00;2761.8313377999157;3501.708;[]
2026-02-03 04:00:00;3077.22491120944;3136.13775;[]
2026-02-03 05:00:00;2784.5933817727937;3059.192;[]
2026-02-03 06:00:00;3285.6745996661707;3381.67525;[]
2026-02-03 07:00:00;3289.8154055687087;2936.9875;[]
2026-02-03 08:00:00;3352.587394608091;2881.34175;[]
2026-02-03 09:00:00;3323.6437425573877;3689.56575;[]
2026-02-03 10:00:00;3711.553597572797;4700.9365;[]
2026-02-03 11:00:00;3623.2391165216563;4837.66625;[]
2026-02-03 12:00:00;3127.7916845428863;3223.52525;[]
2026-02-03 13:00:00;3758.098550191463;3071.254;[]
2026-02-03 14:00:00;3272.983884554323;4405.00475;[]
2026-02-03 15:00:00;3442.6860087561427;3237.20825;[]
2026-02-03 16:00:00;3260.370591467408;4089.68875;[]
2026-02-03 17:00:00;4508.553308648141;5304.03325;[]
2026-02-03 18:00:00;4264.80087536562;5559.15675;[]
2026-02-03 19:00:00;4527.512863283052;3708.947;[]
2026-02-03 20:00:00;3806.799562043462;3665.57175;[]
2026-02-03 21:00:00;3532.0273215982047;3451.28325;[]
2026-02-03 22:00:00;3585.940788849669;3417.2;[]
2026-02-03 23:00:00;3112.840496311042;4015.31775;[]
2026-02-04 00:00:00;3610.9135402891193;3004.00075;[]
2026-02-04 01:00:00;3491.4282056374373;3396.32175;[]
2026-02-04 02:00:00;3375.016326870326;3114.4585;[]
2026-02-04 03:00:00;3379.547609464922;2805.3185;[]
2026-02-04 04:00:00;3254.712531880232;2795.15475;[]
2026-02-04 05:00:00;2976.2609590917914;2969.17225;[]
2026-02-04 06:00:00;3269.6490625449783;3460.06175;[]
2026-02-04 07:00:00;3681.8943081329844;3189.5730000000003;[]
2026-02-04 08:00:00;3371.437262231823;3796.666;[]
2026-02-04 09:00:00;3450.6953264269637;3479.20375;[]
2026-02-04 10:00:00;3255.1318502307495;4332.7065;[]
2026-02-04 11:00:00;3702.7554726939215;2879.26525;[]
2026-02-04 12:00:00;3593.445051975466;2504.1825;[]
2026-02-04 13:00:00;3445.151234037644;2285.1665;[]
2026-02-04 14:00:00;3595.1799463663256;1426.6965;[]
2026-02-04 15:00:00;4025.4226159565696;1973.97525;[]
2026-02-04 16:00:00;4095.0044163289376;3078.4485;[]
2026-02-04 17:00:00;4362.5585987395825;3131.75175;[]
2026-02-04 18:00:00;4481.192926019736;3145.325;[]
2026-02-04 19:00:00;3397.1284597227373;2937.0585;[]
2026-02-04 20:00:00;3615.822188574055;2372.80775;[]
2026-02-04 21:00:00;3890.0672173188577;2626.7202500000003;[]
2026-02-04 22:00:00;3716.97843571948;3097.12075;[]
2026-02-04 23:00:00;3431.3938480627303;2309.46375;[]
2026-02-05 00:00:00;2690.6861596339186;2383.21975;[]
2026-02-05 01:00:00;2866.720477277566;2960.2615;[]
2026-02-05 02:00:00;2722.7377585707286;2172.40875;[]
2026-02-05 03:00:00;2595.467676612551;2315.36425;[]
2026-02-05 04:00:00;2794.6750046222514;2231.8865;[]
2026-02-05 05:00:00;2867.2950741027453;2299.616;[]
2026-02-05 06:00:00;3139.9247380428164;2751.74825;[]
2026-02-05 07:00:00;3242.7016867723005;2285.11125;[]
2026-02-05 08:00:00;3508.296564172584;2690.5555;[]
2026-02-05 09:00:00;3276.7887618889918;2209.523;[]
2026-02-05 10:00:00;3576.9361454951404;2035.103;[]
2026-02-05 11:00:00;2952.322049037836;3871.413;[]
2026-02-05 12:00:00;2834.2363017853604;2481.76625;[]
2026-02-05 13:00:00;2912.6275492125314;2475.083;[]
2026-02-05 14:00:00;2742.2855967098994;2266.7945;[]
2026-02-05 15:00:00;2865.6293769717745;3025.16625;[]
2026-02-05 16:00:00;3608.479968804348;3120.888;[]
2026-02-05 17:00:00;4417.101768892685;5058.1865;[]
2026-02-05 18:00:00;4144.096058749489;4388.71075;[]
2026-02-05 19:00:00;3598.2291634605476;2322.8345;[]
2026-02-05 20:00:00;3721.859051931914;2892.934;[]
2026-02-05 21:00:00;3733.414993121095;2691.11;[]
2026-02-05 22:00:00;3624.1027705196666;2040.70725;[]
2026-02-05 23:00:00;2947.406120871923;2318.614;[]
2026-02-06 00:00:00;2464.3686740020075;2417.388;[]
2026-02-06 01:00:00;2579.7633666114007;3028.649;[]
2026-02-06 02:00:00;2561.0490731624577;2456.4425;[]
2026-02-06 03:00:00;2401.6137855095258;1991.96825;[]
2026-02-06 04:00:00;2497.150082232005;2168.60175;[]
2026-02-06 05:00:00;2500.620839227998;2554.5777500000004;[]
2026-02-06 06:00:00;2734.9415774530116;2480.9035;[]
2026-02-06 07:00:00;2809.650331517607;2516.1095;[]
2026-02-06 08:00:00;3036.6902459268404;2358.27875;[]
2026-02-06 09:00:00;2932.4440786821015;3043.82875;[]
2026-02-06 10:00:00;2792.225637315477;1863.571;[]
2026-02-06 11:00:00;2890.734102757706;1953.389;[]
2026-02-06 12:00:00;3075.4707404005494;2709.674;[]
2026-02-06 13:00:00;2702.1633837207646;2834.37725;[]
2026-02-06 14:00:00;2412.181373254025;3653.3685;[]
2026-02-06 15:00:00;2905.5414750860837;3025.16625;[]
2026-02-06 16:00:00;3364.2473381939362;3120.888;[]
2026-02-06 17:00:00;4127.7199045174175;5058.1865;[]
2026-02-06 18:00:00;4389.26026500326;4388.71075;[]
2026-02-06 19:00:00;3417.862411211465;2322.8345;[]
2026-02-06 20:00:00;3413.3303599338537;2892.934;[]
2026-02-06 21:00:00;3394.706209979364;2691.11;[]
2026-02-06 22:00:00;3272.400626707282;2040.70725;[]
2026-02-06 23:00:00;2607.9345968358875;2318.614;[]
2026-02-07 00:00:00;2368.774672173684;2417.388;[]
2026-02-07 01:00:00;2419.5361956566176;3028.649;[]
2026-02-07 02:00:00;2290.652711485452;2456.4425;[]
2026-02-07 03:00:00;2166.3601222013654;1991.96825;[]
2026-02-07 04:00:00;2223.69603858786;2168.60175;[]
2026-02-07 05:00:00;2325.366967694007;2554.5777500000004;[]
2026-02-07 06:00:00;2431.5866527253893;2480.9035;[]
2026-02-07 07:00:00;2579.6216094789866;2516.1095;[]
2026-02-07 08:00:00;2688.105132593363;2358.27875;[]
2026-02-07 09:00:00;2609.2203705063703;3043.82875;[]
2026-02-07 10:00:00;2555.3343457729793;1863.571;[]
2026-02-07 11:00:00;2698.2183499242874;1953.389;[]
2026-02-07 12:00:00;2574.652386818857;2709.674;[]
2026-02-07 13:00:00;2634.392972747947;2834.37725;[]
2026-02-07 14:00:00;2706.0298543923827;3653.3685;[]
2026-02-07 15:00:00;2678.368550801638;2864.2456666666667;[]
2026-02-07 16:00:00;3116.0566448862087;2075.1228333333333;[]
2026-02-07 17:00:00;4173.991686142052;1286.0;[]
2026-02-07 18:00:00;3928.4450193816097;1953.83375;[]
2026-02-07 19:00:00;3111.337450098829;1765.97475;[]
2026-02-07 20:00:00;3122.7442665772446;4467.39375;[]
2026-02-07 21:00:00;3046.954938903902;4289.70725;[]
2026-02-07 22:00:00;2989.2660322532784;2769.21075;[]
2026-02-07 23:00:00;2217.161500213604;2518.1585;[]
2026-02-08 00:00:00;2625.747724467792;2938.06875;[]
2026-02-08 01:00:00;2870.9623416938803;2957.5335;[]
2026-02-08 02:00:00;2495.0352237346065;1970.80175;[]
2026-02-08 03:00:00;2196.104475452694;2352.781;[]
2026-02-08 04:00:00;2264.722034592079;2566.9445;[]
2026-02-08 05:00:00;2345.3949946286853;2694.618;[]
2026-02-08 06:00:00;2445.80143339347;3327.3340000000003;[]
2026-02-08 07:00:00;2602.3301707255187;2645.92225;[]
2026-02-08 08:00:00;2740.775263274277;2682.03925;[]
2026-02-08 09:00:00;2877.4692484990856;2049.55625;[]
2026-02-08 10:00:00;2385.545045898215;3419.758;[]
2026-02-08 11:00:00;2353.7673706403943;3716.1535;[]
2026-02-08 12:00:00;2648.9908519881433;3340.28175;[]
2026-02-08 13:00:00;2665.8814101869602;2959.019;[]
2026-02-08 14:00:00;2739.088767457848;2486.248;[]
2026-02-08 15:00:00;2701.9968314066464;2433.7925;[]
2026-02-08 16:00:00;2758.4553901548898;3127.31125;[]
2026-02-08 17:00:00;3009.5258112857887;2999.37275;[]
2026-02-08 18:00:00;3434.045964386546;5183.34525;[]
2026-02-08 19:00:00;2674.473723745813;3736.658;[]
2026-02-08 20:00:00;3473.8643553005136;2797.79775;[]
2026-02-08 21:00:00;3629.961457083931;4569.61725;[]
2026-02-08 22:00:00;2853.6458536240702;3223.9255000000003;[]
2026-02-08 23:00:00;2427.8927974428143;2572.21625;[]
2026-02-09 00:00:00;2696.4959561646715;2426.5875;[]
2026-02-09 01:00:00;2728.231250499212;2814.69075;[]
2026-02-09 02:00:00;2627.112664092433;2158.1762500000004;[]
2026-02-09 03:00:00;2295.554222803723;2665.0825;[]
2026-02-09 04:00:00;2621.7639245603186;2046.7645;[]
2026-02-09 05:00:00;2437.3615671993366;3459.894;[]
2026-02-09 06:00:00;2584.8508017479094;2796.855;[]
2026-02-09 07:00:00;2916.402151331232;2588.22925;[]
2026-02-09 08:00:00;2722.6991193623617;2782.715;[]
2026-02-09 09:00:00;2518.887936788707;2941.144;[]
2026-02-09 10:00:00;2657.403823284888;2378.2555;[]
2026-02-09 11:00:00;2913.7146629531317;1645.005;[]
2026-02-09 12:00:00;3232.2338679112904;2864.45375;[]
2026-02-09 13:00:00;2605.9788016434554;3099.12325;[]
2026-02-09 14:00:00;2886.7470799348994;2231.92525;[]
2026-02-09 15:00:00;3029.3217287221364;1882.14975;[]
2026-02-09 16:00:00;2932.6771806203265;2290.892;[]
2026-02-09 17:00:00;3610.2018224898543;3762.23375;[]
2026-02-09 18:00:00;4304.956648769148;3246.77025;[]
2026-02-09 19:00:00;3079.7456371882763;3761.3245;[]
2026-02-09 20:00:00;3165.5909111622095;3345.93475;[]
2026-02-09 21:00:00;3206.0556853067455;3058.4565;[]
2026-02-09 22:00:00;3363.667992194869;3274.3425;[]
2026-02-09 23:00:00;2487.6607620603054;3204.72675;[]
2026-02-10 00:00:00;2792.9807861471736;2312.257;[]
2026-02-10 01:00:00;2855.288580780938;2445.75475;[]
2026-02-10 02:00:00;2596.5772365845805;2738.38875;[]
2026-02-10 03:00:00;2430.9407702632025;2507.56425;[]
2026-02-10 04:00:00;2363.83671395395;2972.28575;[]
2026-02-10 05:00:00;2642.560754343959;2894.95425;[]
2026-02-10 06:00:00;2552.045881535001;3762.406;[]
2026-02-10 07:00:00;2729.3417217552314;2580.2795;[]
2026-02-10 08:00:00;2847.572329794235;4036.3455;[]
2026-02-10 09:00:00;2757.095144171988;3671.19375;[]
2026-02-10 10:00:00;2729.059149273154;2416.94175;[]
2026-02-10 11:00:00;2594.003747953654;2677.89175;[]
2026-02-10 12:00:00;2496.507023474026;1806.73475;[]
2026-02-10 13:00:00;2684.5980477793546;3154.1665;[]
2026-02-10 14:00:00;2715.6458435565273;2227.19575;[]
2026-02-10 15:00:00;2456.337870430112;2543.43525;[]
2026-02-10 16:00:00;2863.0942897605473;2576.265;[]
2026-02-10 17:00:00;3730.926912597517;5342.617;[]
2026-02-10 18:00:00;4346.237314268644;5926.32475;[]
2026-02-10 19:00:00;3069.7587774258045;3875.02825;[]
2026-02-10 20:00:00;3410.0475601074468;4273.53175;[]
2026-02-10 21:00:00;2861.008829709712;2881.09475;[]
2026-02-10 22:00:00;2801.0513273367314;2286.139;[]
2026-02-10 23:00:00;2579.7657732878065;3057.192;[]
2026-02-11 00:00:00;2676.0185305936475;2366.50825;[]
2026-02-11 01:00:00;2686.4922345679815;2711.8525;[]
2026-02-11 02:00:00;2598.922453608648;2083.15775;[]
2026-02-11 03:00:00;2362.802558875722;2465.2165000000005;[]
2026-02-11 04:00:00;2423.2603139370867;2897.0037500000003;[]
2026-02-11 05:00:00;2558.892268518913;2676.7915000000003;[]
2026-02-11 06:00:00;2729.4344773729053;2365.58925;[]
2026-02-11 07:00:00;2642.5649442726826;3238.81225;[]
2026-02-11 08:00:00;2782.3433655331637;2706.17225;[]
2026-02-11 09:00:00;2889.975651720672;3475.922;[]
2026-02-11 10:00:00;2738.5681073492824;2244.5915;[]
2026-02-11 11:00:00;2891.9788031308212;2952.637;[]
2026-02-11 12:00:00;2790.980530394618;1686.3925;[]
2026-02-11 13:00:00;3051.387140248276;3154.1665;[]
2026-02-11 14:00:00;2366.2885911163257;2227.19575;[]
2026-02-11 15:00:00;2824.070632907914;2543.43525;[]
2026-02-11 16:00:00;3082.9283917589423;2576.265;[]
2026-02-11 17:00:00;3927.9622032238726;1333.5;[]
2026-02-11 18:00:00;4227.166114498633;3750.33275;[]
2026-02-11 19:00:00;3086.7772537907604;3982.69175;[]
2026-02-11 20:00:00;3682.507174850056;3578.161;[]
2026-02-11 21:00:00;3102.537096194219;2482.21025;[]
2026-02-11 22:00:00;2792.174955659616;2358.59375;[]
2026-02-11 23:00:00;2786.1070253325224;2322.409;[]
2026-02-12 00:00:00;2476.180630622356;2297.366;[]
2026-02-12 01:00:00;2573.1276899360273;2377.4665;[]
2026-02-12 02:00:00;2447.743787349715;1861.1955;[]
2026-02-12 03:00:00;2417.8962585525574;1835.98825;[]
2026-02-12 04:00:00;2389.3998769939153;1987.42975;[]
2026-02-12 05:00:00;2545.233395771233;2928.504;[]
2026-02-12 06:00:00;2584.79522048368;2122.81;[]
2026-02-12 07:00:00;2923.601515490192;2338.194;[]
2026-02-12 08:00:00;2881.7314655610135;1348.37875;[]
2026-02-12 09:00:00;2922.0698855637866;928.61625;[]
2026-02-12 10:00:00;2748.0175013918847;2329.8340000000003;[]
2026-02-12 11:00:00;2593.0459390308897;1817.92825;[]
2026-02-12 12:00:00;3326.859241878523;3735.537;[]
2026-02-12 13:00:00;2936.48612439323;2596.203;[]
2026-02-12 14:00:00;2446.7470370924357;2194.61975;[]
2026-02-12 15:00:00;2703.8072446351093;1834.60225;[]
2026-02-12 16:00:00;3058.493258707309;2180.3565;[]
2026-02-12 17:00:00;3442.7622647194876;3746.30075;[]
2026-02-12 18:00:00;3790.9952740567805;4982.87875;[]
2026-02-12 19:00:00;2708.6905799993638;3386.71775;[]
2026-02-12 20:00:00;3358.6021522152378;3613.59775;[]
2026-02-12 21:00:00;3095.32098279265;3065.22725;[]
2026-02-12 22:00:00;2838.093425216845;2475.28875;[]
2026-02-12 23:00:00;2458.725771811716;2045.159;[]
2026-02-13 00:00:00;2140.8294621263185;2855.48325;[]
2026-02-13 01:00:00;2372.2184725124803;2102.1375;[]
2026-02-13 02:00:00;2548.4602422427174;2721.5535;[]
2026-02-13 03:00:00;2213.7362488371105;2265.05425;[]
2026-02-13 04:00:00;1926.0783758510265;2724.386;[]
2026-02-13 05:00:00;2358.7138414630726;1950.27;[]
2026-02-13 06:00:00;2347.535457120639;2676.27525;[]
2026-02-13 07:00:00;2388.201773271244;1876.716;[]
2026-02-13 08:00:00;2844.8614477345304;3155.0185;[]
2026-02-13 09:00:00;2644.6135192900415;3419.00525;[]
2026-02-13 10:00:00;2604.460027446571;2633.61775;[]
2026-02-13 11:00:00;2076.3957054765074;3832.5985;[]
2026-02-13 12:00:00;2642.3923225228787;2113.4985;[]
2026-02-13 13:00:00;2655.6867639603865;2406.8145;[]
2026-02-13 14:00:00;2515.493797203454;2225.23925;[]
2026-02-13 15:00:00;2447.542450975263;2112.819;[]
2026-02-13 16:00:00;2731.2186197988194;2119.783;[]
2026-02-13 17:00:00;4565.62873848687;2762.934;[]
2026-02-13 18:00:00;3781.0480668853593;3519.851;[]
2026-02-13 19:00:00;2654.8881171802627;3490.8465;[]
2026-02-13 20:00:00;3266.46761066305;3538.6712499999994;[]
2026-02-13 21:00:00;3012.273214694958;3449.1785;[]
2026-02-13 22:00:00;2715.5411095821078;2324.8065;[]
2026-02-13 23:00:00;2207.959468991767;3431.5795;[]
2026-02-14 00:00:00;2640.165934683872;2411.443;[]
2026-02-14 01:00:00;2682.551766691427;2943.3845;[]
2026-02-14 02:00:00;2768.7605797921615;2579.4275;[]
2026-02-14 03:00:00;2530.8034376469705;2204.52425;[]
2026-02-14 04:00:00;2606.836308760022;2660.8965000000003;[]
2026-02-14 05:00:00;2278.325546290522;3597.15675;[]
2026-02-14 06:00:00;2827.2789736294044;2461.59075;[]
2026-02-14 07:00:00;2363.044165777718;2936.82475;[]
2026-02-14 08:00:00;2930.6543507696806;2971.81825;[]
2026-02-14 09:00:00;2505.5405633393616;2900.61125;[]
2026-02-14 10:00:00;2859.0447530722886;2713.67975;[]
2026-02-14 11:00:00;3527.41377220207;2756.77525;[]
2026-02-14 12:00:00;2547.3814272620325;3727.64475;[]
2026-02-14 13:00:00;2636.807110363925;2757.3445;[]
2026-02-14 14:00:00;2419.450717649813;3371.52475;[]
2026-02-14 15:00:00;2577.4370516307517;3231.48225;[]
2026-02-14 16:00:00;2671.3757951554326;4488.084;[]
2026-02-14 17:00:00;3627.124454679648;5352.45;[]
2026-02-14 18:00:00;4217.2482715837305;6210.828;[]
2026-02-14 19:00:00;3099.5716068651373;1903.77525;[]
2026-02-14 20:00:00;2972.2731373551396;2630.102;[]
2026-02-14 21:00:00;2705.8586035640938;4245.20475;[]
2026-02-14 22:00:00;2601.1897569677512;3723.198;[]
2026-02-14 23:00:00;2347.277222518885;3729.623;[]
2026-02-15 00:00:00;3104.688375407926;3933.857;[]
2026-02-15 01:00:00;3037.6776062386193;3709.625;[]
2026-02-15 02:00:00;2891.6911949971086;3698.68875;[]
2026-02-15 03:00:00;2589.8113446107386;3668.341;[]
2026-02-15 04:00:00;2641.4200018705897;3783.91125;[]
2026-02-15 05:00:00;2895.1590632768634;3444.12875;[]
2026-02-15 06:00:00;2739.2499626180675;4090.44675;[]
2026-02-15 07:00:00;2915.896678662811;4660.0415;[]
2026-02-15 08:00:00;2840.145292813112;3879.998;[]
2026-02-15 09:00:00;3127.6365967894953;4359.39175;[]
2026-02-15 10:00:00;3074.7328997005607;5136.501;[]
2026-02-15 11:00:00;3220.940154239159;4608.921;[]
2026-02-15 12:00:00;2927.306754711203;3958.311;[]
2026-02-15 13:00:00;3027.264028494117;2757.3445;[]
2026-02-15 14:00:00;2891.3456299343925;3371.52475;[]
2026-02-15 15:00:00;3086.4763286162115;3231.48225;[]
2026-02-15 16:00:00;2911.256105825354;5022.667;[]
2026-02-15 17:00:00;3661.171072352729;3789.986;[]
2026-02-15 18:00:00;4552.601738029301;1972.2715;[]
2026-02-15 19:00:00;3177.270265041494;1211.72575;[]
2026-02-15 20:00:00;3413.5303354195257;2768.893;[]
2026-02-15 21:00:00;3685.4684874791756;4284.85;[]
2026-02-15 22:00:00;2981.614989816593;3674.49175;[]
2026-02-15 23:00:00;2828.3920871606356;3857.04075;[]
2026-02-16 00:00:00;2852.02706352472;4270.74175;[]
2026-02-16 01:00:00;3243.1194156845922;4172.0475;[]
2026-02-16 02:00:00;2855.4939678768005;4192.84925;[]
2026-02-16 03:00:00;2895.755913436679;4297.218;[]
2026-02-16 04:00:00;2790.039716320204;3792.167;[]
2026-02-16 05:00:00;2770.728072856889;3905.2105;[]
2026-02-16 06:00:00;2964.5139169002077;4322.625;[]
2026-02-16 07:00:00;3047.6609631195197;5897.072;[]
2026-02-16 08:00:00;3163.3350719891027;2816.22675;[]
2026-02-16 09:00:00;3731.263619340806;3726.25825;[]
2026-02-16 10:00:00;3003.697248727397;3709.35825;[]
2026-02-16 11:00:00;3003.308235334551;4097.0225;[]
2026-02-16 12:00:00;3413.165070708441;4383.431500000001;[]
2026-02-16 13:00:00;3374.397458539874;3789.0565;[]
2026-02-16 14:00:00;2911.5221630960013;4607.666;[]
2026-02-16 15:00:00;3150.856852292251;4367.22325;[]
2026-02-16 16:00:00;2959.1186086330863;3437.96925;[]
2026-02-16 17:00:00;3731.7704477236475;5117.6485;[]
2026-02-16 18:00:00;4515.422775102443;5031.2195;[]
2026-02-16 19:00:00;3378.048019043963;5013.32925;[]
2026-02-16 20:00:00;3752.6405519387317;3950.84225;[]
2026-02-16 21:00:00;3976.9053201167444;3260.27925;[]
2026-02-16 22:00:00;3240.0935039414926;3727.6415;[]
2026-02-16 23:00:00;3178.76079766566;2914.66625;[]
2026-02-17 00:00:00;3284.790203297146;3134.171;[]
2026-02-17 01:00:00;3412.7336898920757;2905.419;[]
2026-02-17 02:00:00;3244.261148654582;3407.01775;[]
2026-02-17 03:00:00;3125.4436317976806;2895.731;[]
2026-02-17 04:00:00;3347.2356577867276;3551.5375;[]
2026-02-17 05:00:00;3519.46365551747;3038.49075;[]
2026-02-17 06:00:00;3636.6016334447017;2865.9880000000003;[]
2026-02-17 07:00:00;3878.6433206219594;4217.9155;[]
2026-02-17 08:00:00;3750.3410364308256;4631.85375;[]
2026-02-17 09:00:00;3840.3102984136635;5666.0205000000005;[]
2026-02-17 10:00:00;4304.012893069808;3033.71925;[]
2026-02-17 11:00:00;4262.35772239124;3668.54275;[]
2026-02-17 12:00:00;3534.8666177232208;3205.1977500000003;[]
2026-02-17 13:00:00;3708.837257007047;3569.85825;[]
2026-02-17 14:00:00;3382.2025283134926;4546.28325;[]
2026-02-17 15:00:00;3516.4178763184213;3355.98275;[]
2026-02-17 16:00:00;4208.512916970576;3155.60275;[]
2026-02-17 17:00:00;4663.750229997333;3948.281;[]
2026-02-17 18:00:00;4784.403444006119;6586.86025;[]
2026-02-17 19:00:00;3886.0436230503437;2688.89675;[]
2026-02-17 20:00:00;4302.40012384908;4654.51275;[]
2026-02-17 21:00:00;4233.254448115367;3142.6025;[]
2026-02-17 22:00:00;3717.708926799389;2652.804;[]
2026-02-17 23:00:00;3732.8412291331415;2618.7905;[]
2026-02-18 00:00:00;2944.628848978493;3148.755;[]
2026-02-18 01:00:00;3347.487042252669;3693.88525;[]
2026-02-18 02:00:00;2779.576162790705;2656.90925;[]
2026-02-18 03:00:00;2844.083122486234;2022.2365;[]
2026-02-18 04:00:00;3398.652157054079;2714.6582499999995;[]
2026-02-18 05:00:00;3295.462753239814;3138.4825;[]
2026-02-18 06:00:00;3293.3116836154827;3251.8665;[]
2026-02-18 07:00:00;3678.316063745489;3767.39;[]
2026-02-18 08:00:00;3016.7128309877853;3704.433;[]
2026-02-18 09:00:00;3164.3067008235184;4502.9775;[]
2026-02-18 10:00:00;3609.8407718483995;2839.84175;[]
2026-02-18 11:00:00;3891.2600823937;3027.432;[]
2026-02-18 12:00:00;3704.7374383912534;3523.302;[]
2026-02-18 13:00:00;3661.9604115299744;3065.7345000000005;[]
2026-02-18 14:00:00;3634.6389943580075;3746.467;[]
2026-02-18 15:00:00;3664.3120792183972;3357.258;[]
2026-02-18 16:00:00;3552.7884433978406;3739.85675;[]
2026-02-18 17:00:00;4881.487966883165;5383.882;[]
2026-02-18 18:00:00;4357.94153446125;5460.044;[]
2026-02-18 19:00:00;3536.422529833067;3423.06;[]
2026-02-18 20:00:00;3688.8342063059263;4988.140666666666;[]
2026-02-18 21:00:00;3855.2595361059975;3943.082;[]
2026-02-18 22:00:00;3746.878801109568;3280.73875;[]
2026-02-18 23:00:00;3975.6439393735936;4189.85225;[]
2026-02-19 00:00:00;3806.9987093329332;3798.69625;[]
2026-02-19 01:00:00;3837.1902381088903;3470.1565;[]
2026-02-19 02:00:00;3355.272172519775;3887.978;[]
2026-02-19 03:00:00;3428.031411272971;3463.55225;[]
2026-02-19 04:00:00;3383.25354708929;3694.54025;[]
2026-02-19 05:00:00;3412.409370089079;4024.671;[]
2026-02-19 06:00:00;3720.871644053104;3976.81075;[]
2026-02-19 07:00:00;3693.4718493997498;4254.63175;[]
2026-02-19 08:00:00;4135.495167283201;5451.65625;[]
2026-02-19 09:00:00;4270.31481099068;4617.72725;[]
2026-02-19 10:00:00;3647.581780079837;4048.07275;[]
2026-02-19 11:00:00;3715.835814064882;4006.33275;[]
2026-02-19 12:00:00;3570.1233098344746;2886.07425;[]
2026-02-19 13:00:00;3704.521154459855;3151.84075;[]
2026-02-19 14:00:00;4182.666242652121;2118.81075;[]
2026-02-19 15:00:00;3715.0064447187697;2872.442;[]
2026-02-19 16:00:00;3910.367302063124;3774.00675;[]
2026-02-19 17:00:00;4357.896979082838;5136.79725;[]
2026-02-19 18:00:00;4838.980424732765;5757.4375;[]
2026-02-19 19:00:00;3993.567317716118;2808.28475;[]
2026-02-19 20:00:00;4089.950503279346;4316.30025;[]
2026-02-19 21:00:00;3882.4886224367906;4116.61075;[]
2026-02-19 22:00:00;3666.0230349676285;3227.96925;[]
2026-02-19 23:00:00;3382.086460025818;3393.52525;[]
2026-02-20 00:00:00;3396.9032696636336;3867.99625;[]
2026-02-20 01:00:00;3512.4824934800213;3100.64225;[]
2026-02-20 02:00:00;3333.679109561469;2828.1715;[]
2026-02-20 03:00:00;3284.407631632306;4158.9235;[]
2026-02-20 04:00:00;3403.1640514180544;3933.11075;[]
2026-02-20 05:00:00;3469.8528067437474;3965.08175;[]
2026-02-20 06:00:00;3550.866509213707;3080.9115;[]
2026-02-20 07:00:00;3695.8018935351997;4425.24725;[]
2026-02-20 08:00:00;3821.4086631280634;5264.822999999999;[]
2026-02-20 09:00:00;4020.5054744573454;3476.0955;[]
2026-02-20 10:00:00;3970.369816252032;3282.589;[]
2026-02-20 11:00:00;3721.878338748049;3600.80525;[]
2026-02-20 12:00:00;3693.5480424226866;4432.64325;[]
2026-02-20 13:00:00;3629.2127712463075;2361.1320000000005;[]
2026-02-20 14:00:00;3633.8139567011067;1551.0443333333333;[]
2026-02-20 15:00:00;3572.8666252202165;2872.442;[]
2026-02-20 16:00:00;3844.7612891180497;3774.00675;[]
2026-02-20 17:00:00;4198.543609628907;5136.79725;[]
2026-02-20 18:00:00;5004.120234753864;5177.334;[]
2026-02-20 19:00:00;3602.455038480944;5452.91475;[]
2026-02-20 20:00:00;4280.736277920824;5548.0960000000005;[]
2026-02-20 21:00:00;3816.024671030333;4351.4605;[]
2026-02-20 22:00:00;3493.5030982960197;4562.4445;[]
2026-02-20 23:00:00;3458.9854126500854;3240.04275;[]
2026-01-20 00:00:00;3519.842795415201;3324.11425;['wind_speed']
2026-01-20 01:00:00;3314.181223636202;3196.69175;['wind_speed']
2026-01-20 02:00:00;3246.456123824855;3564.13325;['wind_speed']
2026-01-20 03:00:00;2931.056213630294;2707.383;['wind_speed']
2026-01-20 04:00:00;3435.0957662863393;2789.41325;['wind_speed']
2026-01-20 05:00:00;2975.520919106096;2898.3705;['wind_speed']
2026-01-20 06:00:00;3319.6175149672636;3033.4665;['wind_speed']
2026-01-20 07:00:00;3495.8001757577276;3828.01275;['wind_speed']
2026-01-20 08:00:00;3395.3672744122205;3828.861;['wind_speed']
2026-01-20 09:00:00;3076.4338363878405;3481.7545;['wind_speed']
2026-01-20 10:00:00;3180.997353059691;3349.58575;['wind_speed']
2026-01-20 11:00:00;3120.5802617636;2320.389;['wind_speed']
2026-01-20 12:00:00;3532.4375583701526;1065.9830000000002;['wind_speed']
2026-01-20 13:00:00;3303.645522812924;2686.33025;['wind_speed']
2026-01-20 14:00:00;3494.952453940518;3281.29675;['wind_speed']
2026-01-20 15:00:00;3531.6055988686185;2185.54725;['wind_speed']
2026-01-20 16:00:00;3574.2644559697274;3583.29175;['wind_speed']
2026-01-20 17:00:00;3428.8896963163916;5103.80775;['wind_speed']
2026-01-20 18:00:00;3413.459528987376;5433.498250000001;['wind_speed']
2026-01-20 19:00:00;3941.6127811103083;3254.337;['wind_speed']
2026-01-20 20:00:00;3723.284489141868;4163.027;['wind_speed']
2026-01-20 21:00:00;3534.4776957917384;3972.6565;['wind_speed']
2026-01-20 22:00:00;3216.760861814024;3771.60525;['wind_speed']
2026-01-20 23:00:00;3413.282549832481;3864.2335;['wind_speed']
2026-01-21 00:00:00;3843.4867390150716;3600.33125;['wind_speed']
2026-01-21 01:00:00;3518.240703884051;3360.08675;['wind_speed']
2026-01-21 02:00:00;3529.7050742823944;3005.55825;['wind_speed']
2026-01-21 03:00:00;3188.002774879369;3117.1915;['wind_speed']
2026-01-21 04:00:00;3243.2813978196323;3537.741;['wind_speed']
2026-01-21 05:00:00;3223.047227848175;3386.89575;['wind_speed']
2026-01-21 06:00:00;3396.8348973450393;2914.7335;['wind_speed']
2026-01-21 07:00:00;3539.521379900296;4593.3165;['wind_speed']
2026-01-21 08:00:00;3456.9722022556407;4870.53275;['wind_speed']
2026-01-21 09:00:00;3461.0521859328437;2633.8055;['wind_speed']
2026-01-21 10:00:00;3374.0588889994788;1883.37975;['wind_speed']
2026-01-21 11:00:00;3262.0351708618728;1246.6372500000002;['wind_speed']
2026-01-21 12:00:00;2867.3653740029317;3255.17325;['wind_speed']
2026-01-21 13:00:00;3224.650363821119;3642.69175;['wind_speed']
2026-01-21 14:00:00;3595.9268653297836;3443.1165;['wind_speed']
2026-01-21 15:00:00;3824.9316177823293;2767.1085000000003;['wind_speed']
2026-01-21 16:00:00;4035.303083718748;2878.73225;['wind_speed']
2026-01-21 17:00:00;3729.5635659212676;5212.20875;['wind_speed']
2026-01-21 18:00:00;4123.528192700825;5884.1085;['wind_speed']
2026-01-21 19:00:00;3606.6502473351225;5043.75125;['wind_speed']
2026-01-21 20:00:00;3861.5769718444176;4514.99425;['wind_speed']
2026-01-21 21:00:00;3789.2492741244228;3905.21425;['wind_speed']
2026-01-21 22:00:00;3817.3949024133176;4084.417;['wind_speed']
2026-01-21 23:00:00;3624.2365777155173;3505.25175;['wind_speed']
2026-01-22 00:00:00;3777.1901710001384;4382.88325;['wind_speed']
2026-01-22 01:00:00;3530.3053933181086;3667.35;['wind_speed']
2026-01-22 02:00:00;3466.2028039390625;3949.475;['wind_speed']
2026-01-22 03:00:00;3567.3850071453267;3619.1745;['wind_speed']
2026-01-22 04:00:00;3771.331141098803;3195.02325;['wind_speed']
2026-01-22 05:00:00;3512.022424421652;3207.64475;['wind_speed']
2026-01-22 06:00:00;3502.415639321028;3834.892;['wind_speed']
2026-01-22 07:00:00;3944.599963473693;3332.436;['wind_speed']
2026-01-22 08:00:00;4151.020852231616;4101.32475;['wind_speed']
2026-01-22 09:00:00;3233.4059776997874;2792.25975;['wind_speed']
2026-01-22 10:00:00;2668.992976526495;3343.5355;['wind_speed']
2026-01-22 11:00:00;3228.3051195059566;1024.81275;['wind_speed']
2026-01-22 12:00:00;3399.9550396294926;2345.626;['wind_speed']
2026-01-22 13:00:00;3703.2016187591726;4000.7015;['wind_speed']
2026-01-22 14:00:00;3783.3686571064427;3066.969;['wind_speed']
2026-01-22 15:00:00;3419.7774741484272;2576.49325;['wind_speed']
2026-01-22 16:00:00;3690.6783351365166;4892.4605;['wind_speed']
2026-01-22 17:00:00;4047.022174307682;4693.0;['wind_speed']
2026-01-22 18:00:00;4836.846355735111;5675.33575;['wind_speed']
2026-01-22 19:00:00;5049.0348613957485;5423.83425;['wind_speed']
2026-01-22 20:00:00;4258.846816192883;5436.4;['wind_speed']
2026-01-22 21:00:00;4027.3918830102866;3945.58875;['wind_speed']
2026-01-22 22:00:00;4066.9372653118953;3972.6965;['wind_speed']
2026-01-22 23:00:00;3613.712415533955;2663.9855;['wind_speed']
2026-01-23 00:00:00;3673.077747387938;3361.307;['wind_speed']
2026-01-23 01:00:00;3598.700115382335;3379.777;['wind_speed']
2026-01-23 02:00:00;3772.82539127854;3830.91175;['wind_speed']
2026-01-23 03:00:00;3489.1923625924605;3616.4825;['wind_speed']
2026-01-23 04:00:00;3548.1149176364356;3049.29125;['wind_speed']
2026-01-23 05:00:00;3338.6042100529007;3813.81625;['wind_speed']
2026-01-23 06:00:00;3684.7074072449295;2841.50725;['wind_speed']
2026-01-23 07:00:00;3898.6121339705487;3103.87025;['wind_speed']
2026-01-23 08:00:00;4040.4362827985224;769.03125;['wind_speed']
2026-01-23 09:00:00;3110.1924332701738;1197.06775;['wind_speed']
2026-01-23 10:00:00;3187.578347899411;2176.22575;['wind_speed']
2026-01-23 11:00:00;2637.0246729278056;2017.9665;['wind_speed']
2026-01-23 12:00:00;2698.027279637584;3823.25725;['wind_speed']
2026-01-23 13:00:00;3650.24408031371;2267.88875;['wind_speed']
2026-01-23 14:00:00;3445.3027814231195;3227.23325;['wind_speed']
2026-01-23 15:00:00;3266.1383906686597;2640.10975;['wind_speed']
2026-01-23 16:00:00;4746.386857825135;4200.918250000001;['wind_speed']
2026-01-23 17:00:00;4527.211608064306;4261.9315;['wind_speed']
2026-01-23 18:00:00;4586.428398500053;3950.993750000001;['wind_speed']
2026-01-23 19:00:00;3735.9721812795315;3119.8;['wind_speed']
2026-01-23 20:00:00;4321.705605483927;3737.94975;['wind_speed']
2026-01-23 21:00:00;3987.842341479596;3837.417;['wind_speed']
2026-01-23 22:00:00;4040.175619132735;3223.48975;['wind_speed']
2026-01-23 23:00:00;3383.247328968726;2826.59125;['wind_speed']
2026-01-24 00:00:00;3326.956033276206;2617.28325;['wind_speed']
2026-01-24 01:00:00;3137.941361424559;3046.392;['wind_speed']
2026-01-24 02:00:00;3323.0600139946073;3411.9126666666666;['wind_speed']
2026-01-24 03:00:00;3086.5158263615494;2343.45825;['wind_speed']
2026-01-24 04:00:00;2974.542341200958;2843.999;['wind_speed']
2026-01-24 05:00:00;3155.8473052539525;2873.38325;['wind_speed']
2026-01-24 06:00:00;2810.517549746249;2907.02775;['wind_speed']
2026-01-24 07:00:00;3112.2164781161523;2334.60825;['wind_speed']
2026-01-24 08:00:00;3190.6994914445877;2823.44275;['wind_speed']
2026-01-24 09:00:00;2089.3274687309713;2442.53925;['wind_speed']
2026-01-24 10:00:00;2408.8435522781615;2516.7375;['wind_speed']
2026-01-24 11:00:00;2117.9227943566534;3611.406;['wind_speed']
2026-01-24 12:00:00;2964.979489881544;4243.43825;['wind_speed']
2026-01-24 13:00:00;2657.725590991723;2192.474;['wind_speed']
2026-01-24 14:00:00;3101.888823317107;3156.505;['wind_speed']
2026-01-24 15:00:00;2645.5546918721957;2829.875;['wind_speed']
2026-01-24 16:00:00;3554.4837626870712;4099.4695;['wind_speed']
2026-01-24 17:00:00;3856.4553367691483;5198.8237500000005;['wind_speed']
2026-01-24 18:00:00;4335.312824343249;4884.75125;['wind_speed']
2026-01-24 19:00:00;3444.2664124949297;2075.6825;['wind_speed']
2026-01-24 20:00:00;3601.5266177258054;4323.9585;['wind_speed']
2026-01-24 21:00:00;3465.491807005375;3607.17925;['wind_speed']
2026-01-24 22:00:00;3594.7213581939313;3738.1285;['wind_speed']
2026-01-24 23:00:00;2802.372217433152;3432.4435;['wind_speed']
2026-01-25 00:00:00;3308.138777824425;3474.86325;['wind_speed']
2026-01-25 01:00:00;3238.5259573292606;3669.751;['wind_speed']
2026-01-25 02:00:00;3458.811901303296;4048.164;['wind_speed']
2026-01-25 03:00:00;2944.304926881194;2848.222;['wind_speed']
2026-01-25 04:00:00;3083.8013725516607;2863.81;['wind_speed']
2026-01-25 05:00:00;3017.088513841419;3194.791;['wind_speed']
2026-01-25 06:00:00;3047.3764019768746;3292.455;['wind_speed']
2026-01-25 07:00:00;3060.1465964992735;2925.93075;['wind_speed']
2026-01-25 08:00:00;3367.381154022092;2567.88425;['wind_speed']
2026-01-25 09:00:00;2741.0149991569265;2779.9095;['wind_speed']
2026-01-25 10:00:00;2668.0412085191497;4691.433;['wind_speed']
2026-01-25 11:00:00;2956.99842305759;4666.953;['wind_speed']
2026-01-25 12:00:00;3255.190078756338;4243.43825;['wind_speed']
2026-01-25 13:00:00;2747.433358746812;2192.474;['wind_speed']
2026-01-25 14:00:00;3240.1704793824065;3354.488666666666;['wind_speed']
2026-01-25 15:00:00;2987.0965607059907;2592.30825;['wind_speed']
2026-01-25 16:00:00;4011.0355824474514;2440.2725;['wind_speed']
2026-01-25 17:00:00;4321.646904197301;4202.912;['wind_speed']
2026-01-25 18:00:00;4655.444839803333;1737.12275;['wind_speed']
2026-01-25 19:00:00;3859.591194906798;958.94425;['wind_speed']
2026-01-25 20:00:00;3801.7716430773544;3723.2195;['wind_speed']
2026-01-25 21:00:00;3509.167946895768;2804.4895;['wind_speed']
2026-01-25 22:00:00;4035.6980215485814;3094.9155;['wind_speed']
2026-01-25 23:00:00;3550.5488930427446;2390.568;['wind_speed']
2026-01-26 00:00:00;2833.272979914751;3275.88325;['wind_speed']
2026-01-26 01:00:00;3131.8725041775774;2851.27575;['wind_speed']
2026-01-26 02:00:00;3246.459323887006;2314.45425;['wind_speed']
2026-01-26 03:00:00;2601.649904256492;2804.119;['wind_speed']
2026-01-26 04:00:00;2845.257799664525;1930.60775;['wind_speed']
2026-01-26 05:00:00;2748.613218092552;2723.21625;['wind_speed']
2026-01-26 06:00:00;2818.572774306122;2888.58725;['wind_speed']
2026-01-26 07:00:00;2884.273718366231;2713.859;['wind_speed']
2026-01-26 08:00:00;2613.8377384545197;4417.67925;['wind_speed']
2026-01-26 09:00:00;2533.3612938651336;3356.1275;['wind_speed']
2026-01-26 10:00:00;3271.2932723774347;3438.948;['wind_speed']
2026-01-26 11:00:00;3342.6982656950454;3563.75175;['wind_speed']
2026-01-26 12:00:00;3492.8749875814665;2427.02325;['wind_speed']
2026-01-26 13:00:00;2309.7548142794303;2582.1835;['wind_speed']
2026-01-26 14:00:00;2908.6969310944914;2928.6145;['wind_speed']
2026-01-26 15:00:00;2589.542216536987;3789.735;['wind_speed']
2026-01-26 16:00:00;2875.8162994912245;4572.9445;['wind_speed']
2026-01-26 17:00:00;3399.87622656451;5266.107;['wind_speed']
2026-01-26 18:00:00;2491.514714602289;4283.08325;['wind_speed']
2026-01-26 19:00:00;2491.952897286773;2424.01675;['wind_speed']
2026-01-26 20:00:00;3462.561701981585;4279.203;['wind_speed']
2026-01-26 21:00:00;3696.981337911451;3742.166;['wind_speed']
2026-01-26 22:00:00;3183.8389616523264;4314.9745;['wind_speed']
2026-01-26 23:00:00;2849.3658210245785;2969.2475;['wind_speed']
2026-01-27 00:00:00;3413.150753278982;2830.22625;['wind_speed']
2026-01-27 01:00:00;3157.0394951597536;2744.937;['wind_speed']
2026-01-27 02:00:00;2981.991797393308;3257.3167500000004;['wind_speed']
2026-01-27 03:00:00;2957.143500199181;2912.7870000000003;['wind_speed']
2026-01-27 04:00:00;2888.8924596074257;2666.22525;['wind_speed']
2026-01-27 05:00:00;2988.672561256816;2944.02975;['wind_speed']
2026-01-27 06:00:00;3102.6327140656667;3157.67;['wind_speed']
2026-01-27 07:00:00;3038.904339596375;4838.0755;['wind_speed']
2026-01-27 08:00:00;3589.704800817576;4393.29025;['wind_speed']
2026-01-27 09:00:00;3012.7225749926706;5051.76225;['wind_speed']
2026-01-27 10:00:00;3302.2110876721727;2729.127;['wind_speed']
2026-01-27 11:00:00;3458.7836895642545;5356.0235;['wind_speed']
2026-01-27 12:00:00;3088.6010096351956;4141.3775000000005;['wind_speed']
2026-01-27 13:00:00;2761.735961475656;5016.7125;['wind_speed']
2026-01-27 14:00:00;3236.328019426928;4572.88175;['wind_speed']
2026-01-27 15:00:00;3452.308885770074;5905.1945;['wind_speed']
2026-01-27 16:00:00;3614.727966363342;3749.44675;['wind_speed']
2026-01-27 17:00:00;3835.2887338261326;4949.617;['wind_speed']
2026-01-27 18:00:00;4333.830791218251;4155.69975;['wind_speed']
2026-01-27 19:00:00;3995.4010410866845;2501.7875;['wind_speed']
2026-01-27 20:00:00;4112.238845468564;4555.15975;['wind_speed']
2026-01-27 21:00:00;3776.4352415971607;4213.807;['wind_speed']
2026-01-27 22:00:00;4037.322272761974;3972.591;['wind_speed']
2026-01-27 23:00:00;3204.36069565296;2477.69175;['wind_speed']
2026-01-28 00:00:00;3097.082791852209;2930.86175;['wind_speed']
2026-01-28 01:00:00;3862.893119385162;2799.0625;['wind_speed']
2026-01-28 02:00:00;3628.9590451203185;2599.72025;['wind_speed']
2026-01-28 03:00:00;3263.0265883302663;2659.1175000000003;['wind_speed']
2026-01-28 04:00:00;3859.9892662786847;2997.5885;['wind_speed']
2026-01-28 05:00:00;3429.8901919408027;3240.1315;['wind_speed']
2026-01-28 06:00:00;3595.303984604094;3348.08375;['wind_speed']
2026-01-28 07:00:00;4136.93103831907;2768.882;['wind_speed']
2026-01-28 08:00:00;4021.1579408142925;3758.438;['wind_speed']
2026-01-28 09:00:00;4237.192636652369;4153.29825;['wind_speed']
2026-01-28 10:00:00;3486.9900773744466;3485.40875;['wind_speed']
2026-01-28 11:00:00;3989.9044824685834;2457.739;['wind_speed']
2026-01-28 12:00:00;3928.78738709987;2199.971;['wind_speed']
2026-01-28 13:00:00;4085.9229476332257;2714.47975;['wind_speed']
2026-01-28 14:00:00;4220.2385262942;2314.87675;['wind_speed']
2026-01-28 15:00:00;4488.042154600614;2226.03375;['wind_speed']
2026-01-28 16:00:00;4327.825731213152;2161.29975;['wind_speed']
2026-01-28 17:00:00;4743.611320418594;4241.76125;['wind_speed']
2026-01-28 18:00:00;4494.548129308186;4462.1295;['wind_speed']
2026-01-28 19:00:00;3691.8086307583976;3273.2575;['wind_speed']
2026-01-28 20:00:00;4593.449914126115;4066.16375;['wind_speed']
2026-01-28 21:00:00;4354.926580259685;3350.293;['wind_speed']
2026-01-28 22:00:00;4101.453427694768;3015.4385;['wind_speed']
2026-01-28 23:00:00;3246.1105535573365;2959.08775;['wind_speed']
2026-01-29 00:00:00;3163.3534605634454;3130.11525;['wind_speed']
2026-01-29 01:00:00;2922.817621435528;2990.9015;['wind_speed']
2026-01-29 02:00:00;3005.3745563365214;3271.22725;['wind_speed']
2026-01-29 03:00:00;2798.7487208913158;3629.855;['wind_speed']
2026-01-29 04:00:00;2790.767433369584;2829.71625;['wind_speed']
2026-01-29 05:00:00;2954.0357068337426;3074.8425;['wind_speed']
2026-01-29 06:00:00;3030.7654152876366;2983.11375;['wind_speed']
2026-01-29 07:00:00;2748.3826157781505;2818.86525;['wind_speed']
2026-01-29 08:00:00;3302.8086710640055;2361.08125;['wind_speed']
2026-01-29 09:00:00;3248.3682830006946;3292.206;['wind_speed']
2026-01-29 10:00:00;3081.6802869406583;3860.7405;['wind_speed']
2026-01-29 11:00:00;3064.3484433823287;4322.213;['wind_speed']
2026-01-29 12:00:00;2907.254871117566;3233.9055;['wind_speed']
2026-01-29 13:00:00;2741.073039418604;3161.515;['wind_speed']
2026-01-29 14:00:00;2760.5859458122477;3518.00425;['wind_speed']
2026-01-29 15:00:00;3106.0004355242204;3397.26675;['wind_speed']
2026-01-29 16:00:00;3443.038584887154;3804.59875;['wind_speed']
2026-01-29 17:00:00;4146.695101186823;3048.346;['wind_speed']
2026-01-29 18:00:00;4120.194984320172;3831.81075;['wind_speed']
2026-01-29 19:00:00;2978.1487107911407;4592.51725;['wind_speed']
2026-01-29 20:00:00;3725.100573750849;3198.797;['wind_speed']
2026-01-29 21:00:00;3084.5467505101988;3905.9085;['wind_speed']
2026-01-29 22:00:00;3213.8616438982654;2584.36575;['wind_speed']
2026-01-29 23:00:00;2835.473161671782;2977.50875;['wind_speed']
2026-01-30 00:00:00;3168.2047749364756;2930.24125;['wind_speed']
2026-01-30 01:00:00;3063.515751949911;3045.52575;['wind_speed']
2026-01-30 02:00:00;3316.2490139989054;3382.778;['wind_speed']
2026-01-30 03:00:00;3251.507972637076;2108.5750000000003;['wind_speed']
2026-01-30 04:00:00;2909.3431289957475;2711.36825;['wind_speed']
2026-01-30 05:00:00;3023.7995777215306;2823.3405;['wind_speed']
2026-01-30 06:00:00;3030.2013893199965;2810.056;['wind_speed']
2026-01-30 07:00:00;3003.0141790657485;2569.47575;['wind_speed']
2026-01-30 08:00:00;2793.7637288641326;3011.00925;['wind_speed']
2026-01-30 09:00:00;3132.8204292101773;3970.83225;['wind_speed']
2026-01-30 10:00:00;3341.4662373921606;4316.86625;['wind_speed']
2026-01-30 11:00:00;3337.9511303960035;3255.9585;['wind_speed']
2026-01-30 12:00:00;3195.0006044997085;3856.16275;['wind_speed']
2026-01-30 13:00:00;3268.7044274676227;5804.923;['wind_speed']
2026-01-30 14:00:00;3442.692101876765;3518.00425;['wind_speed']
2026-01-30 15:00:00;3329.209479038345;3397.26675;['wind_speed']
2026-01-30 16:00:00;3625.361988425921;2872.316;['wind_speed']
2026-01-30 17:00:00;3314.167392994006;4624.5915;['wind_speed']
2026-01-30 18:00:00;3728.322964411848;3331.67425;['wind_speed']
2026-01-30 19:00:00;3431.7028224008054;2540.943;['wind_speed']
2026-01-30 20:00:00;3454.547791383929;3665.77125;['wind_speed']
2026-01-30 21:00:00;3747.8571904837395;2802.63575;['wind_speed']
2026-01-30 22:00:00;3125.2213928300503;3011.39175;['wind_speed']
2026-01-30 23:00:00;2908.9716463302993;2593.54575;['wind_speed']
2026-01-31 00:00:00;2928.8737192067265;3173.0025;['wind_speed']
2026-01-31 01:00:00;2935.483698680127;3842.7335;['wind_speed']
2026-01-31 02:00:00;3130.606913304386;3099.48925;['wind_speed']
2026-01-31 03:00:00;2780.1636673442467;3333.14125;['wind_speed']
2026-01-31 04:00:00;3016.8650505445316;2831.7290000000003;['wind_speed']
2026-01-31 05:00:00;2841.6018072589036;2721.9165000000003;['wind_speed']
2026-01-31 06:00:00;2902.3818258089186;3373.83025;['wind_speed']
2026-01-31 07:00:00;2720.5456181372197;3361.293;['wind_speed']
2026-01-31 08:00:00;3041.1565911125313;3424.02625;['wind_speed']
2026-01-31 09:00:00;3637.2790176896715;3892.46575;['wind_speed']
2026-01-31 10:00:00;3595.5814696073576;4093.56525;['wind_speed']
2026-01-31 11:00:00;3399.488026170407;3468.38725;['wind_speed']
2026-01-31 12:00:00;2910.887248924334;3645.032;['wind_speed']
2026-01-31 13:00:00;3327.654587603415;3006.9835;['wind_speed']
2026-01-31 14:00:00;3277.055519658072;3079.298;['wind_speed']
2026-01-31 15:00:00;3137.5769857445366;3843.243;['wind_speed']
2026-01-31 16:00:00;3236.4070442521647;2761.37025;['wind_speed']
2026-01-31 17:00:00;3707.1420345341103;2594.62925;['wind_speed']
2026-01-31 18:00:00;3834.32639241577;5439.38975;['wind_speed']
2026-01-31 19:00:00;3625.3509044430352;4224.091;['wind_speed']
2026-01-31 20:00:00;3753.6950152998465;3178.35475;['wind_speed']
2026-01-31 21:00:00;3154.4819403572037;4102.47225;['wind_speed']
2026-01-31 22:00:00;3295.9777751368356;4452.82625;['wind_speed']
2026-01-31 23:00:00;2854.784891082247;1587.8345;['wind_speed']
2026-02-01 00:00:00;2677.9766819566926;1227.2925;['wind_speed']
2026-02-01 01:00:00;3335.5908247966245;986.55825;['wind_speed']
2026-02-01 02:00:00;3508.0921554524457;523.318;['wind_speed']
2026-02-01 03:00:00;2874.4029898345466;419.4962499999999;['wind_speed']
2026-02-01 04:00:00;2988.303371213459;809.1597499999999;['wind_speed']
2026-02-01 05:00:00;3090.6346811197413;879.83475;['wind_speed']
2026-02-01 06:00:00;3373.0740685011906;644.55125;['wind_speed']
2026-02-01 07:00:00;3218.021523981114;2779.7565000000004;['wind_speed']
2026-02-01 08:00:00;3274.5253934787233;4242.7392500000005;['wind_speed']
2026-02-01 09:00:00;3527.752104862668;4539.58225;['wind_speed']
2026-02-01 10:00:00;3517.431003993642;3902.5285;['wind_speed']
2026-02-01 11:00:00;3053.9059250931855;3690.70825;['wind_speed']
2026-02-01 12:00:00;3060.674486129907;3770.9095;['wind_speed']
2026-02-01 13:00:00;3097.4050639645416;3929.826;['wind_speed']
2026-02-01 14:00:00;3583.3522115030196;2997.2215;['wind_speed']
2026-02-01 15:00:00;3197.3615784440076;3139.48325;['wind_speed']
2026-02-01 16:00:00;3312.582419803041;4010.29575;['wind_speed']
2026-02-01 17:00:00;3379.36030799582;3188.33075;['wind_speed']
2026-02-01 18:00:00;3914.6637116009824;4498.370000000001;['wind_speed']
2026-02-01 19:00:00;3286.6619689205813;5959.908;['wind_speed']
2026-02-01 20:00:00;3675.556082206078;2655.0615;['wind_speed']
2026-02-01 21:00:00;3429.8868889432556;4070.45725;['wind_speed']
2026-02-01 22:00:00;3523.6367374352376;3704.6875;['wind_speed']
2026-02-01 23:00:00;2706.7658434507066;4307.6215;['wind_speed']
2026-02-02 00:00:00;3324.6550048686663;4194.2355;['wind_speed']
2026-02-02 01:00:00;3216.961235383863;3838.329;['wind_speed']
2026-02-02 02:00:00;3008.9557827734275;3883.407;['wind_speed']
2026-02-02 03:00:00;2620.604370146921;2908.932;['wind_speed']
2026-02-02 04:00:00;2839.9356029856685;3679.78875;['wind_speed']
2026-02-02 05:00:00;2735.444634036897;2860.6365;['wind_speed']
2026-02-02 06:00:00;2640.954125909225;3718.30325;['wind_speed']
2026-02-02 07:00:00;3131.717687035329;4196.75575;['wind_speed']
2026-02-02 08:00:00;3510.344213531953;3431.86475;['wind_speed']
2026-02-02 09:00:00;3617.609641510439;3188.44575;['wind_speed']
2026-02-02 10:00:00;3387.9085386145925;3551.37525;['wind_speed']
2026-02-02 11:00:00;3315.616138635707;3092.7580000000003;['wind_speed']
2026-02-02 12:00:00;3261.0881298265813;2944.382;['wind_speed']
2026-02-02 13:00:00;3386.1176738369786;3419.67125;['wind_speed']
2026-02-02 14:00:00;3299.597065389865;2483.34625;['wind_speed']
2026-02-02 15:00:00;3231.387434353033;3997.7985;['wind_speed']
2026-02-02 16:00:00;3603.7372937519194;3957.9355;['wind_speed']
2026-02-02 17:00:00;3623.9253006067283;6156.93275;['wind_speed']
2026-02-02 18:00:00;4124.983982026747;5374.7855;['wind_speed']
2026-02-02 19:00:00;4627.7466274215685;4602.8735;['wind_speed']
2026-02-02 20:00:00;3525.524207712526;4762.261;['wind_speed']
2026-02-02 21:00:00;3701.795177065748;2763.79025;['wind_speed']
2026-02-02 22:00:00;3324.2360790970497;3169.481;['wind_speed']
2026-02-02 23:00:00;3143.426084842914;2885.26125;['wind_speed']
2026-02-03 00:00:00;3434.9858902864585;3208.07325;['wind_speed']
2026-02-03 01:00:00;3340.5382830870594;2903.31075;['wind_speed']
2026-02-03 02:00:00;3222.3446393552467;2636.27025;['wind_speed']
2026-02-03 03:00:00;2947.9064339302868;3501.708;['wind_speed']
2026-02-03 04:00:00;3210.579472061491;3136.13775;['wind_speed']
2026-02-03 05:00:00;2998.2019327981843;3059.192;['wind_speed']
2026-02-03 06:00:00;3322.310277003817;3381.67525;['wind_speed']
2026-02-03 07:00:00;3552.0742899986403;2936.9875;['wind_speed']
2026-02-03 08:00:00;3394.4903639684426;2881.34175;['wind_speed']
2026-02-03 09:00:00;3541.100232597213;3689.56575;['wind_speed']
2026-02-03 10:00:00;3705.3317347798284;4700.9365;['wind_speed']
2026-02-03 11:00:00;3798.878246160328;4837.66625;['wind_speed']
2026-02-03 12:00:00;3196.9409059631744;3223.52525;['wind_speed']
2026-02-03 13:00:00;3568.440575948299;3071.254;['wind_speed']
2026-02-03 14:00:00;3384.487760286745;4405.00475;['wind_speed']
2026-02-03 15:00:00;3612.473926846963;3237.20825;['wind_speed']
2026-02-03 16:00:00;3234.126206701783;4089.68875;['wind_speed']
2026-02-03 17:00:00;4649.845485371621;5304.03325;['wind_speed']
2026-02-03 18:00:00;4129.208193480855;5559.15675;['wind_speed']
2026-02-03 19:00:00;4662.222335939302;3708.947;['wind_speed']
2026-02-03 20:00:00;3883.7805495922903;3665.57175;['wind_speed']
2026-02-03 21:00:00;3425.2273624154654;3451.28325;['wind_speed']
2026-02-03 22:00:00;3582.1789444530777;3417.2;['wind_speed']
2026-02-03 23:00:00;3267.257404575202;4015.31775;['wind_speed']
2026-02-04 00:00:00;3650.6477436277423;3004.00075;['wind_speed']
2026-02-04 01:00:00;3482.8073832077803;3396.32175;['wind_speed']
2026-02-04 02:00:00;3351.370530571345;3114.4585;['wind_speed']
2026-02-04 03:00:00;3329.4823743269826;2805.3185;['wind_speed']
2026-02-04 04:00:00;3280.9949138916454;2795.15475;['wind_speed']
2026-02-04 05:00:00;3136.0453795820563;2969.17225;['wind_speed']
2026-02-04 06:00:00;3277.1461061545974;3460.06175;['wind_speed']
2026-02-04 07:00:00;3618.807241482594;3189.5730000000003;['wind_speed']
2026-02-04 08:00:00;3371.106310541149;3796.666;['wind_speed']
2026-02-04 09:00:00;3491.9329744372176;3479.20375;['wind_speed']
2026-02-04 10:00:00;3595.3120260119995;4332.7065;['wind_speed']
2026-02-04 11:00:00;3643.985794578077;2879.26525;['wind_speed']
2026-02-04 12:00:00;3736.911146946169;2504.1825;['wind_speed']
2026-02-04 13:00:00;3416.286892301804;2285.1665;['wind_speed']
2026-02-04 14:00:00;3783.5046839151537;1426.6965;['wind_speed']
2026-02-04 15:00:00;4032.2130822651634;1973.97525;['wind_speed']
2026-02-04 16:00:00;4203.360678535969;3078.4485;['wind_speed']
2026-02-04 17:00:00;4211.07588694759;3131.75175;['wind_speed']
2026-02-04 18:00:00;4470.546594232626;3145.325;['wind_speed']
2026-02-04 19:00:00;3677.3523671934404;2937.0585;['wind_speed']
2026-02-04 20:00:00;3802.263396459797;2372.80775;['wind_speed']
2026-02-04 21:00:00;3998.812815158213;2626.7202500000003;['wind_speed']
2026-02-04 22:00:00;3722.85098084258;3097.12075;['wind_speed']
2026-02-04 23:00:00;3363.6249710333113;2309.46375;['wind_speed']
2026-02-05 00:00:00;2852.745770954414;2383.21975;['wind_speed']
2026-02-05 01:00:00;2856.5898877923973;2960.2615;['wind_speed']
2026-02-05 02:00:00;2810.8436011610606;2172.40875;['wind_speed']
2026-02-05 03:00:00;2674.31184956711;2315.36425;['wind_speed']
2026-02-05 04:00:00;2984.5347839801616;2231.8865;['wind_speed']
2026-02-05 05:00:00;2992.879027960167;2299.616;['wind_speed']
2026-02-05 06:00:00;3212.9302998714297;2751.74825;['wind_speed']
2026-02-05 07:00:00;3369.971370610191;2285.11125;['wind_speed']
2026-02-05 08:00:00;3402.336186479408;2690.5555;['wind_speed']
2026-02-05 09:00:00;3241.1260879387964;2209.523;['wind_speed']
2026-02-05 10:00:00;3489.780692766869;2035.103;['wind_speed']
2026-02-05 11:00:00;2918.994549648188;3871.413;['wind_speed']
2026-02-05 12:00:00;2899.704098111044;2481.76625;['wind_speed']
2026-02-05 13:00:00;2806.7655039244455;2475.083;['wind_speed']
2026-02-05 14:00:00;2959.6925314480586;2266.7945;['wind_speed']
2026-02-05 15:00:00;3003.6203132510714;3025.16625;['wind_speed']
2026-02-05 16:00:00;3640.9392496528512;3120.888;['wind_speed']
2026-02-05 17:00:00;4205.836052339951;5058.1865;['wind_speed']
2026-02-05 18:00:00;3983.1808976166767;4388.71075;['wind_speed']
2026-02-05 19:00:00;3613.3892930076668;2322.8345;['wind_speed']
2026-02-05 20:00:00;3598.386147726592;2892.934;['wind_speed']
2026-02-05 21:00:00;3762.062743975587;2691.11;['wind_speed']
2026-02-05 22:00:00;3612.090281200819;2040.70725;['wind_speed']
2026-02-05 23:00:00;2817.6221376413323;2318.614;['wind_speed']
2026-02-06 00:00:00;2503.078456125573;2417.388;['wind_speed']
2026-02-06 01:00:00;2588.4149836615716;3028.649;['wind_speed']
2026-02-06 02:00:00;2412.776537838361;2456.4425;['wind_speed']
2026-02-06 03:00:00;2437.9794080299725;1991.96825;['wind_speed']
2026-02-06 04:00:00;2503.664194227702;2168.60175;['wind_speed']
2026-02-06 05:00:00;2538.173867811525;2554.5777500000004;['wind_speed']
2026-02-06 06:00:00;2728.0808186715785;2480.9035;['wind_speed']
2026-02-06 07:00:00;2767.569934388548;2516.1095;['wind_speed']
2026-02-06 08:00:00;2990.186422646506;2358.27875;['wind_speed']
2026-02-06 09:00:00;3174.053018806613;3043.82875;['wind_speed']
2026-02-06 10:00:00;2897.9012278306136;1863.571;['wind_speed']
2026-02-06 11:00:00;2924.7349725086824;1953.389;['wind_speed']
2026-02-06 12:00:00;3084.3907233107057;2709.674;['wind_speed']
2026-02-06 13:00:00;2676.359565971741;2834.37725;['wind_speed']
2026-02-06 14:00:00;2635.0484081661343;3653.3685;['wind_speed']
2026-02-06 15:00:00;3005.8484173105862;3025.16625;['wind_speed']
2026-02-06 16:00:00;3336.888960737271;3120.888;['wind_speed']
2026-02-06 17:00:00;3521.0307260506206;5058.1865;['wind_speed']
2026-02-06 18:00:00;3840.7138477669323;4388.71075;['wind_speed']
2026-02-06 19:00:00;3381.1281277641992;2322.8345;['wind_speed']
2026-02-06 20:00:00;3546.398074625016;2892.934;['wind_speed']
2026-02-06 21:00:00;3310.8184231141295;2691.11;['wind_speed']
2026-02-06 22:00:00;3245.3011241438053;2040.70725;['wind_speed']
2026-02-06 23:00:00;2683.5474718206287;2318.614;['wind_speed']
2026-02-07 00:00:00;2373.5863443843773;2417.388;['wind_speed']
2026-02-07 01:00:00;2481.209138771852;3028.649;['wind_speed']
2026-02-07 02:00:00;2360.2197967515654;2456.4425;['wind_speed']
2026-02-07 03:00:00;2263.469617364329;1991.96825;['wind_speed']
2026-02-07 04:00:00;2214.0433095534363;2168.60175;['wind_speed']
2026-02-07 05:00:00;2345.782274262153;2554.5777500000004;['wind_speed']
2026-02-07 06:00:00;2418.2119006807116;2480.9035;['wind_speed']
2026-02-07 07:00:00;2569.1997154055002;2516.1095;['wind_speed']
2026-02-07 08:00:00;2695.0785403387245;2358.27875;['wind_speed']
2026-02-07 09:00:00;2669.8546974411847;3043.82875;['wind_speed']
2026-02-07 10:00:00;2657.8390359432674;1863.571;['wind_speed']
2026-02-07 11:00:00;2695.638180246553;1953.389;['wind_speed']
2026-02-07 12:00:00;2625.1023131951997;2709.674;['wind_speed']
2026-02-07 13:00:00;2627.441655914451;2834.37725;['wind_speed']
2026-02-07 14:00:00;2611.315315818164;3653.3685;['wind_speed']
2026-02-07 15:00:00;2699.420384908083;2864.2456666666667;['wind_speed']
2026-02-07 16:00:00;3199.2338604623806;2075.1228333333333;['wind_speed']
2026-02-07 17:00:00;4025.739216125572;1286.0;['wind_speed']
2026-02-07 18:00:00;3622.985623019305;1953.83375;['wind_speed']
2026-02-07 19:00:00;2564.084352564649;1765.97475;['wind_speed']
2026-02-07 20:00:00;3005.488544531346;4467.39375;['wind_speed']
2026-02-07 21:00:00;2501.948820129488;4289.70725;['wind_speed']
2026-02-07 22:00:00;2819.4641266212593;2769.21075;['wind_speed']
2026-02-07 23:00:00;2050.2955944518853;2518.1585;['wind_speed']
2026-02-08 00:00:00;2800.01368373064;2938.06875;['wind_speed']
2026-02-08 01:00:00;2873.7266086616537;2957.5335;['wind_speed']
2026-02-08 02:00:00;2629.9395625712764;1970.80175;['wind_speed']
2026-02-08 03:00:00;2304.0783485911215;2352.781;['wind_speed']
2026-02-08 04:00:00;2388.163636345314;2566.9445;['wind_speed']
2026-02-08 05:00:00;2462.1592425229724;2694.618;['wind_speed']
2026-02-08 06:00:00;2897.450378248206;3327.3340000000003;['wind_speed']
2026-02-08 07:00:00;2625.0853973376097;2645.92225;['wind_speed']
2026-02-08 08:00:00;2689.2661280280004;2682.03925;['wind_speed']
2026-02-08 09:00:00;2943.201304163148;2049.55625;['wind_speed']
2026-02-08 10:00:00;2391.7985706784884;3419.758;['wind_speed']
2026-02-08 11:00:00;2347.3132004133436;3716.1535;['wind_speed']
2026-02-08 12:00:00;2538.2877975600427;3340.28175;['wind_speed']
2026-02-08 13:00:00;2685.417192047312;2959.019;['wind_speed']
2026-02-08 14:00:00;2825.413422990685;2486.248;['wind_speed']
2026-02-08 15:00:00;2727.8825020685726;2433.7925;['wind_speed']
2026-02-08 16:00:00;2870.4360267515694;3127.31125;['wind_speed']
2026-02-08 17:00:00;3238.83471021157;2999.37275;['wind_speed']
2026-02-08 18:00:00;3496.5321246648664;5183.34525;['wind_speed']
2026-02-08 19:00:00;2708.26673827218;3736.658;['wind_speed']
2026-02-08 20:00:00;3537.1295130000985;2797.79775;['wind_speed']
2026-02-08 21:00:00;3127.3618858559034;4569.61725;['wind_speed']
2026-02-08 22:00:00;2809.7788091752177;3223.9255000000003;['wind_speed']
2026-02-08 23:00:00;2384.3609580720868;2572.21625;['wind_speed']
2026-02-09 00:00:00;2766.1036488831774;2426.5875;['wind_speed']
2026-02-09 01:00:00;2779.1589600786797;2814.69075;['wind_speed']
2026-02-09 02:00:00;2661.7452400812026;2158.1762500000004;['wind_speed']
2026-02-09 03:00:00;2287.9256141001097;2665.0825;['wind_speed']
2026-02-09 04:00:00;2585.497185668717;2046.7645;['wind_speed']
2026-02-09 05:00:00;2449.880114257442;3459.894;['wind_speed']
2026-02-09 06:00:00;2589.4520667015227;2796.855;['wind_speed']
2026-02-09 07:00:00;2884.9211027472475;2588.22925;['wind_speed']
2026-02-09 08:00:00;2752.247245583065;2782.715;['wind_speed']
2026-02-09 09:00:00;2582.079167562633;2941.144;['wind_speed']
2026-02-09 10:00:00;2764.8337930724856;2378.2555;['wind_speed']
2026-02-09 11:00:00;2900.096300526374;1645.005;['wind_speed']
2026-02-09 12:00:00;3074.0383417882435;2864.45375;['wind_speed']
2026-02-09 13:00:00;2667.9696082230453;3099.12325;['wind_speed']
2026-02-09 14:00:00;2767.381801690881;2231.92525;['wind_speed']
2026-02-09 15:00:00;2946.4950533070974;1882.14975;['wind_speed']
2026-02-09 16:00:00;3026.2937348805804;2290.892;['wind_speed']
2026-02-09 17:00:00;3745.494184702989;3762.23375;['wind_speed']
2026-02-09 18:00:00;4348.290621700056;3246.77025;['wind_speed']
2026-02-09 19:00:00;3129.5106747248974;3761.3245;['wind_speed']
2026-02-09 20:00:00;3209.3485787037134;3345.93475;['wind_speed']
2026-02-09 21:00:00;3274.1611998331127;3058.4565;['wind_speed']
2026-02-09 22:00:00;3276.1543966138142;3274.3425;['wind_speed']
2026-02-09 23:00:00;2535.790034521243;3204.72675;['wind_speed']
2026-02-10 00:00:00;2810.3373916769588;2312.257;['wind_speed']
2026-02-10 01:00:00;2850.160657113507;2445.75475;['wind_speed']
2026-02-10 02:00:00;2545.447002819932;2738.38875;['wind_speed']
2026-02-10 03:00:00;2436.7378169245794;2507.56425;['wind_speed']
2026-02-10 04:00:00;2336.750532313325;2972.28575;['wind_speed']
2026-02-10 05:00:00;2657.1273971051896;2894.95425;['wind_speed']
2026-02-10 06:00:00;2536.0665266766027;3762.406;['wind_speed']
2026-02-10 07:00:00;2700.9097378074775;2580.2795;['wind_speed']
2026-02-10 08:00:00;2845.97038391716;4036.3455;['wind_speed']
2026-02-10 09:00:00;2735.1624316170564;3671.19375;['wind_speed']
2026-02-10 10:00:00;2742.595300205466;2416.94175;['wind_speed']
2026-02-10 11:00:00;2513.2330994741924;2677.89175;['wind_speed']
2026-02-10 12:00:00;2437.881764074612;1806.73475;['wind_speed']
2026-02-10 13:00:00;2675.415682361874;3154.1665;['wind_speed']
2026-02-10 14:00:00;2741.017391255502;2227.19575;['wind_speed']
2026-02-10 15:00:00;2439.575659584165;2543.43525;['wind_speed']
2026-02-10 16:00:00;2935.7801112937505;2576.265;['wind_speed']
2026-02-10 17:00:00;4232.594297698835;5342.617;['wind_speed']
2026-02-10 18:00:00;4239.702981993253;5926.32475;['wind_speed']
2026-02-10 19:00:00;3171.9346816997913;3875.02825;['wind_speed']
2026-02-10 20:00:00;3358.657135379053;4273.53175;['wind_speed']
2026-02-10 21:00:00;2851.4438272683055;2881.09475;['wind_speed']
2026-02-10 22:00:00;2876.8205686697393;2286.139;['wind_speed']
2026-02-10 23:00:00;2589.6692023191786;3057.192;['wind_speed']
2026-02-11 00:00:00;2663.836041198506;2366.50825;['wind_speed']
2026-02-11 01:00:00;2728.271716455799;2711.8525;['wind_speed']
2026-02-11 02:00:00;2633.1833750869196;2083.15775;['wind_speed']
2026-02-11 03:00:00;2343.9273018604936;2465.2165000000005;['wind_speed']
2026-02-11 04:00:00;2415.151888796706;2897.0037500000003;['wind_speed']
2026-02-11 05:00:00;2560.3352392716292;2676.7915000000003;['wind_speed']
2026-02-11 06:00:00;2724.943527742168;2365.58925;['wind_speed']
2026-02-11 07:00:00;2659.121119504616;3238.81225;['wind_speed']
2026-02-11 08:00:00;2874.563916070273;2706.17225;['wind_speed']
2026-02-11 09:00:00;2909.1240720545343;3475.922;['wind_speed']
2026-02-11 10:00:00;2760.1296822851955;2244.5915;['wind_speed']
2026-02-11 11:00:00;2896.8595099179306;2952.637;['wind_speed']
2026-02-11 12:00:00;2903.695053710048;1686.3925;['wind_speed']
2026-02-11 13:00:00;2823.998472187973;3154.1665;['wind_speed']
2026-02-11 14:00:00;2341.456895559685;2227.19575;['wind_speed']
2026-02-11 15:00:00;2830.135070774125;2543.43525;['wind_speed']
2026-02-11 16:00:00;3139.1600964708564;2576.265;['wind_speed']
2026-02-11 17:00:00;4043.764281470943;1333.5;['wind_speed']
2026-02-11 18:00:00;4208.274741817969;3750.33275;['wind_speed']
2026-02-11 19:00:00;3195.9864670475963;3982.69175;['wind_speed']
2026-02-11 20:00:00;3777.3154481654856;3578.161;['wind_speed']
2026-02-11 21:00:00;3100.2458593167776;2482.21025;['wind_speed']
2026-02-11 22:00:00;2775.1336424882293;2358.59375;['wind_speed']
2026-02-11 23:00:00;3197.818145937991;2322.409;['wind_speed']
2026-02-12 00:00:00;2491.6008881907155;2297.366;['wind_speed']
2026-02-12 01:00:00;2580.1062513373945;2377.4665;['wind_speed']
2026-02-12 02:00:00;2456.564870418563;1861.1955;['wind_speed']
2026-02-12 03:00:00;2402.0179168777527;1835.98825;['wind_speed']
2026-02-12 04:00:00;2393.2352422893255;1987.42975;['wind_speed']
2026-02-12 05:00:00;2559.014905170647;2928.504;['wind_speed']
2026-02-12 06:00:00;2588.7051783694224;2122.81;['wind_speed']
2026-02-12 07:00:00;2757.139689165729;2338.194;['wind_speed']
2026-02-12 08:00:00;2872.692342025857;1348.37875;['wind_speed']
2026-02-12 09:00:00;2788.5196498154955;928.61625;['wind_speed']
2026-02-12 10:00:00;2547.8478198428124;2329.8340000000003;['wind_speed']
2026-02-12 11:00:00;2736.553007664923;1817.92825;['wind_speed']
2026-02-12 12:00:00;2997.431080257429;3735.537;['wind_speed']
2026-02-12 13:00:00;2990.2099250524097;2596.203;['wind_speed']
2026-02-12 14:00:00;2252.5709506666544;2194.61975;['wind_speed']
2026-02-12 15:00:00;2665.6427930359882;1834.60225;['wind_speed']
2026-02-12 16:00:00;2993.98583530643;2180.3565;['wind_speed']
2026-02-12 17:00:00;3447.197987070562;3746.30075;['wind_speed']
2026-02-12 18:00:00;3546.140873422015;4982.87875;['wind_speed']
2026-02-12 19:00:00;2383.8878151067856;3386.71775;['wind_speed']
2026-02-12 20:00:00;3342.3459547626926;3613.59775;['wind_speed']
2026-02-12 21:00:00;3056.934771397386;3065.22725;['wind_speed']
2026-02-12 22:00:00;2733.2505125428947;2475.28875;['wind_speed']
2026-02-12 23:00:00;2457.027248290293;2045.159;['wind_speed']
2026-02-13 00:00:00;2155.1685581956544;2855.48325;['wind_speed']
2026-02-13 01:00:00;2403.797917397734;2102.1375;['wind_speed']
2026-02-13 02:00:00;2196.1272830676076;2721.5535;['wind_speed']
2026-02-13 03:00:00;1950.7163742643565;2265.05425;['wind_speed']
2026-02-13 04:00:00;1665.9377813686046;2724.386;['wind_speed']
2026-02-13 05:00:00;2344.9509191760853;1950.27;['wind_speed']
2026-02-13 06:00:00;2375.782855497104;2676.27525;['wind_speed']
2026-02-13 07:00:00;2402.4354234787634;1876.716;['wind_speed']
2026-02-13 08:00:00;2893.456784648593;3155.0185;['wind_speed']
2026-02-13 09:00:00;2544.805035212588;3419.00525;['wind_speed']
2026-02-13 10:00:00;2590.1429741285474;2633.61775;['wind_speed']
2026-02-13 11:00:00;2518.4223802239744;3832.5985;['wind_speed']
2026-02-13 12:00:00;2807.4128112618923;2113.4985;['wind_speed']
2026-02-13 13:00:00;2655.5539671960128;2406.8145;['wind_speed']
2026-02-13 14:00:00;2529.3069914783564;2225.23925;['wind_speed']
2026-02-13 15:00:00;2471.878379892194;2112.819;['wind_speed']
2026-02-13 16:00:00;2739.844585870902;2119.783;['wind_speed']
2026-02-13 17:00:00;4564.402237022026;2762.934;['wind_speed']
2026-02-13 18:00:00;3711.355577261336;3519.851;['wind_speed']
2026-02-13 19:00:00;2878.935816154872;3490.8465;['wind_speed']
2026-02-13 20:00:00;3338.7525554357703;3538.6712499999994;['wind_speed']
2026-02-13 21:00:00;2990.978914615612;3449.1785;['wind_speed']
2026-02-13 22:00:00;2734.609285851639;2324.8065;['wind_speed']
2026-02-13 23:00:00;2230.7893640112984;3431.5795;['wind_speed']
2026-02-14 00:00:00;2788.047307135654;2411.443;['wind_speed']
2026-02-14 01:00:00;2737.957808790426;2943.3845;['wind_speed']
2026-02-14 02:00:00;2789.9532067452865;2579.4275;['wind_speed']
2026-02-14 03:00:00;2585.46246474658;2204.52425;['wind_speed']
2026-02-14 04:00:00;2564.575383467053;2660.8965000000003;['wind_speed']
2026-02-14 05:00:00;2309.669204737788;3597.15675;['wind_speed']
2026-02-14 06:00:00;2860.8773623012794;2461.59075;['wind_speed']
2026-02-14 07:00:00;2354.4436179871905;2936.82475;['wind_speed']
2026-02-14 08:00:00;2971.2393117071806;2971.81825;['wind_speed']
2026-02-14 09:00:00;2590.099004501471;2900.61125;['wind_speed']
2026-02-14 10:00:00;2839.6357717490464;2713.67975;['wind_speed']
2026-02-14 11:00:00;3629.2600856786325;2756.77525;['wind_speed']
2026-02-14 12:00:00;2433.3775515296106;3727.64475;['wind_speed']
2026-02-14 13:00:00;2627.095684582675;2757.3445;['wind_speed']
2026-02-14 14:00:00;2471.9922053436;3371.52475;['wind_speed']
2026-02-14 15:00:00;2611.645707941787;3231.48225;['wind_speed']
2026-02-14 16:00:00;2760.3973520096806;4488.084;['wind_speed']
2026-02-14 17:00:00;3524.097415151755;5352.45;['wind_speed']
2026-02-14 18:00:00;3897.913661598379;6210.828;['wind_speed']
2026-02-14 19:00:00;2895.5033771898443;1903.77525;['wind_speed']
2026-02-14 20:00:00;3099.5902912858037;2630.102;['wind_speed']
2026-02-14 21:00:00;2847.7879553707344;4245.20475;['wind_speed']
2026-02-14 22:00:00;2595.148529627053;3723.198;['wind_speed']
2026-02-14 23:00:00;2354.15747535702;3729.623;['wind_speed']
2026-02-15 00:00:00;3107.171554500333;3933.857;['wind_speed']
2026-02-15 01:00:00;3259.3978210823693;3709.625;['wind_speed']
2026-02-15 02:00:00;2757.011375890053;3698.68875;['wind_speed']
2026-02-15 03:00:00;2610.1235337129115;3668.341;['wind_speed']
2026-02-15 04:00:00;2604.905924684005;3783.91125;['wind_speed']
2026-02-15 05:00:00;2882.482168135262;3444.12875;['wind_speed']
2026-02-15 06:00:00;2749.284523775294;4090.44675;['wind_speed']
2026-02-15 07:00:00;2996.519984937225;4660.0415;['wind_speed']
2026-02-15 08:00:00;2887.3456559722918;3879.998;['wind_speed']
2026-02-15 09:00:00;3009.746061434881;4359.39175;['wind_speed']
2026-02-15 10:00:00;3115.062104259887;5136.501;['wind_speed']
2026-02-15 11:00:00;3200.660544558983;4608.921;['wind_speed']
2026-02-15 12:00:00;2943.830649974875;3958.311;['wind_speed']
2026-02-15 13:00:00;2977.45579332566;2757.3445;['wind_speed']
2026-02-15 14:00:00;2868.846800569616;3371.52475;['wind_speed']
2026-02-15 15:00:00;3293.1420848417974;3231.48225;['wind_speed']
2026-02-15 16:00:00;3305.1095146388307;5022.667;['wind_speed']
2026-02-15 17:00:00;3522.6204131730415;3789.986;['wind_speed']
2026-02-15 18:00:00;4398.250816398441;1972.2715;['wind_speed']
2026-02-15 19:00:00;3056.672795234823;1211.72575;['wind_speed']
2026-02-15 20:00:00;3408.493859284272;2768.893;['wind_speed']
2026-02-15 21:00:00;3485.4586455602303;4284.85;['wind_speed']
2026-02-15 22:00:00;2934.0570083255043;3674.49175;['wind_speed']
2026-02-15 23:00:00;2755.1900646081453;3857.04075;['wind_speed']
2026-02-16 00:00:00;2799.895587122437;4270.74175;['wind_speed']
2026-02-16 01:00:00;3273.4398979386206;4172.0475;['wind_speed']
2026-02-16 02:00:00;2849.7676800350037;4192.84925;['wind_speed']
2026-02-16 03:00:00;2921.851053893832;4297.218;['wind_speed']
2026-02-16 04:00:00;2778.4135032464737;3792.167;['wind_speed']
2026-02-16 05:00:00;2861.196548198686;3905.2105;['wind_speed']
2026-02-16 06:00:00;2954.63721840625;4322.625;['wind_speed']
2026-02-16 07:00:00;2904.9121838226447;5897.072;['wind_speed']
2026-02-16 08:00:00;3220.296049543424;2816.22675;['wind_speed']
2026-02-16 09:00:00;3685.426720537095;3726.25825;['wind_speed']
2026-02-16 10:00:00;3372.2209608856;3709.35825;['wind_speed']
2026-02-16 11:00:00;3336.8349687329883;4097.0225;['wind_speed']
2026-02-16 12:00:00;3072.974328215765;4383.431500000001;['wind_speed']
2026-02-16 13:00:00;3380.37038563338;3789.0565;['wind_speed']
2026-02-16 14:00:00;3132.5429913430717;4607.666;['wind_speed']
2026-02-16 15:00:00;3132.8263957492823;4367.22325;['wind_speed']
2026-02-16 16:00:00;2635.7026540432425;3437.96925;['wind_speed']
2026-02-16 17:00:00;3906.436799042007;5117.6485;['wind_speed']
2026-02-16 18:00:00;4452.789306474513;5031.2195;['wind_speed']
2026-02-16 19:00:00;3482.919269196551;5013.32925;['wind_speed']
2026-02-16 20:00:00;3752.5353959939075;3950.84225;['wind_speed']
2026-02-16 21:00:00;4005.7452249019007;3260.27925;['wind_speed']
2026-02-16 22:00:00;3275.746080388026;3727.6415;['wind_speed']
2026-02-16 23:00:00;3194.256189511363;2914.66625;['wind_speed']
2026-02-17 00:00:00;3252.580658161648;3134.171;['wind_speed']
2026-02-17 01:00:00;3334.001260387681;2905.419;['wind_speed']
2026-02-17 02:00:00;3166.837969028117;3407.01775;['wind_speed']
2026-02-17 03:00:00;3066.6215950545165;2895.731;['wind_speed']
2026-02-17 04:00:00;3330.0833836549527;3551.5375;['wind_speed']
2026-02-17 05:00:00;3445.4281802634114;3038.49075;['wind_speed']
2026-02-17 06:00:00;3398.268816367065;2865.9880000000003;['wind_speed']
2026-02-17 07:00:00;3466.998911442272;4217.9155;['wind_speed']
2026-02-17 08:00:00;3728.4747949757475;4631.85375;['wind_speed']
2026-02-17 09:00:00;3805.046489209562;5666.0205000000005;['wind_speed']
2026-02-17 10:00:00;4053.6026071201013;3033.71925;['wind_speed']
2026-02-17 11:00:00;4057.5605355397383;3668.54275;['wind_speed']
2026-02-17 12:00:00;3706.55347685408;3205.1977500000003;['wind_speed']
2026-02-17 13:00:00;3838.312834361478;3569.85825;['wind_speed']
2026-02-17 14:00:00;3760.0531295097817;4546.28325;['wind_speed']
2026-02-17 15:00:00;3754.7740422043466;3355.98275;['wind_speed']
2026-02-17 16:00:00;4027.821350503291;3155.60275;['wind_speed']
2026-02-17 17:00:00;4688.535839242633;3948.281;['wind_speed']
2026-02-17 18:00:00;4480.145478918228;6586.86025;['wind_speed']
2026-02-17 19:00:00;3479.5967026554463;2688.89675;['wind_speed']
2026-02-17 20:00:00;4358.645889535115;4654.51275;['wind_speed']
2026-02-17 21:00:00;4334.304084956188;3142.6025;['wind_speed']
2026-02-17 22:00:00;3608.2975727344474;2652.804;['wind_speed']
2026-02-17 23:00:00;3836.22040241195;2618.7905;['wind_speed']
2026-02-18 00:00:00;3092.748878427956;3148.755;['wind_speed']
2026-02-18 01:00:00;3262.3007572337483;3693.88525;['wind_speed']
2026-02-18 02:00:00;2639.917196726252;2656.90925;['wind_speed']
2026-02-18 03:00:00;3043.9648249093298;2022.2365;['wind_speed']
2026-02-18 04:00:00;3220.0045435286884;2714.6582499999995;['wind_speed']
2026-02-18 05:00:00;3360.4763144885933;3138.4825;['wind_speed']
2026-02-18 06:00:00;3521.9695853793987;3251.8665;['wind_speed']
2026-02-18 07:00:00;3420.3384636478327;3767.39;['wind_speed']
2026-02-18 08:00:00;3371.0780653627853;3704.433;['wind_speed']
2026-02-18 09:00:00;3673.1916114070145;4502.9775;['wind_speed']
2026-02-18 10:00:00;3863.9426776711534;2839.84175;['wind_speed']
2026-02-18 11:00:00;3740.0906983910145;3027.432;['wind_speed']
2026-02-18 12:00:00;3783.662166784808;3523.302;['wind_speed']
2026-02-18 13:00:00;3650.249286156134;3065.7345000000005;['wind_speed']
2026-02-18 14:00:00;3777.919359348242;3746.467;['wind_speed']
2026-02-18 15:00:00;3442.193968561659;3357.258;['wind_speed']
2026-02-18 16:00:00;3758.106713127455;3739.85675;['wind_speed']
2026-02-18 17:00:00;4847.121237146837;5383.882;['wind_speed']
2026-02-18 18:00:00;4308.534979285469;5460.044;['wind_speed']
2026-02-18 19:00:00;3712.287291185606;3423.06;['wind_speed']
2026-02-18 20:00:00;3637.4875266184263;4988.140666666666;['wind_speed']
2026-02-18 21:00:00;3783.8679498022866;3943.082;['wind_speed']
2026-02-18 22:00:00;3554.3244187853493;3280.73875;['wind_speed']
2026-02-18 23:00:00;4095.10689103375;4189.85225;['wind_speed']
2026-02-19 00:00:00;3767.062697064867;3798.69625;['wind_speed']
2026-02-19 01:00:00;3877.2632208969762;3470.1565;['wind_speed']
2026-02-19 02:00:00;3521.504348346801;3887.978;['wind_speed']
2026-02-19 03:00:00;3468.483010394065;3463.55225;['wind_speed']
2026-02-19 04:00:00;3243.6756204535477;3694.54025;['wind_speed']
2026-02-19 05:00:00;3482.5778805260907;4024.671;['wind_speed']
2026-02-19 06:00:00;3832.953690561893;3976.81075;['wind_speed']
2026-02-19 07:00:00;3831.252626377289;4254.63175;['wind_speed']
2026-02-19 08:00:00;4289.4373669902325;5451.65625;['wind_speed']
2026-02-19 09:00:00;4208.324439286578;4617.72725;['wind_speed']
2026-02-19 10:00:00;3980.9879232683134;4048.07275;['wind_speed']
2026-02-19 11:00:00;4071.417372292421;4006.33275;['wind_speed']
2026-02-19 12:00:00;3518.352061970705;2886.07425;['wind_speed']
2026-02-19 13:00:00;3736.2686081494303;3151.84075;['wind_speed']
2026-02-19 14:00:00;3628.631949119749;2118.81075;['wind_speed']
2026-02-19 15:00:00;3879.0351465009962;2872.442;['wind_speed']
2026-02-19 16:00:00;3815.007522705214;3774.00675;['wind_speed']
2026-02-19 17:00:00;4435.435515154615;5136.79725;['wind_speed']
2026-02-19 18:00:00;5160.643113941749;5757.4375;['wind_speed']
2026-02-19 19:00:00;3975.9484288611375;2808.28475;['wind_speed']
2026-02-19 20:00:00;3995.013640333789;4316.30025;['wind_speed']
2026-02-19 21:00:00;3969.143852005272;4116.61075;['wind_speed']
2026-02-19 22:00:00;3781.3136233465348;3227.96925;['wind_speed']
2026-02-19 23:00:00;3652.022716434509;3393.52525;['wind_speed']
2026-02-20 00:00:00;3365.4379910381454;3867.99625;['wind_speed']
2026-02-20 01:00:00;3462.2193556626385;3100.64225;['wind_speed']
2026-02-20 02:00:00;3331.4153394580144;2828.1715;['wind_speed']
2026-02-20 03:00:00;3276.193085428693;4158.9235;['wind_speed']
2026-02-20 04:00:00;3372.644593362558;3933.11075;['wind_speed']
2026-02-20 05:00:00;3508.3570505944554;3965.08175;['wind_speed']
2026-02-20 06:00:00;3517.798218503258;3080.9115;['wind_speed']
2026-02-20 07:00:00;3760.7942946582466;4425.24725;['wind_speed']
2026-02-20 08:00:00;3659.5388053399774;5264.822999999999;['wind_speed']
2026-02-20 09:00:00;3639.969868073068;3476.0955;['wind_speed']
2026-02-20 10:00:00;4108.809025236407;3282.589;['wind_speed']
2026-02-20 11:00:00;3710.6832627592794;3600.80525;['wind_speed']
2026-02-20 12:00:00;3621.1799804033385;4432.64325;['wind_speed']
2026-02-20 13:00:00;3574.9251011108095;2361.1320000000005;['wind_speed']
2026-02-20 14:00:00;3699.0740446680256;1551.0443333333333;['wind_speed']
2026-02-20 15:00:00;3596.6421035832536;2872.442;['wind_speed']
2026-02-20 16:00:00;3610.735757349251;3774.00675;['wind_speed']
2026-02-20 17:00:00;4445.69493104004;5136.79725;['wind_speed']
2026-02-20 18:00:00;5144.20453193404;5177.334;['wind_speed']
2026-02-20 19:00:00;3755.5524963666862;5452.91475;['wind_speed']
2026-02-20 20:00:00;4135.069735867602;5548.0960000000005;['wind_speed']
2026-02-20 21:00:00;3822.0216040137316;4351.4605;['wind_speed']
2026-02-20 22:00:00;3494.1109168995354;4562.4445;['wind_speed']
2026-02-20 23:00:00;3471.549934439636;3240.04275;['wind_speed']
2026-01-20 00:00:00;3403.4305334523106;3324.11425;['pressure']
2026-01-20 01:00:00;3319.8577983432333;3196.69175;['pressure']
2026-01-20 02:00:00;3187.0647358854017;3564.13325;['pressure']
2026-01-20 03:00:00;2998.9324953685755;2707.383;['pressure']
2026-01-20 04:00:00;3372.5076830191274;2789.41325;['pressure']
2026-01-20 05:00:00;2991.3309433675704;2898.3705;['pressure']
2026-01-20 06:00:00;3238.404761671365;3033.4665;['pressure']
2026-01-20 07:00:00;3462.3902052358007;3828.01275;['pressure']
2026-01-20 08:00:00;3425.5909491863904;3828.861;['pressure']
2026-01-20 09:00:00;3074.8848938219226;3481.7545;['pressure']
2026-01-20 10:00:00;3167.133659822386;3349.58575;['pressure']
2026-01-20 11:00:00;3144.5793347921644;2320.389;['pressure']
2026-01-20 12:00:00;3482.3855869346057;1065.9830000000002;['pressure']
2026-01-20 13:00:00;3494.842565278134;2686.33025;['pressure']
2026-01-20 14:00:00;3101.2185061866116;3281.29675;['pressure']
2026-01-20 15:00:00;3670.0036091225247;2185.54725;['pressure']
2026-01-20 16:00:00;3436.5584012822274;3583.29175;['pressure']
2026-01-20 17:00:00;3216.4135939642492;5103.80775;['pressure']
2026-01-20 18:00:00;3154.8518019365947;5433.498250000001;['pressure']
2026-01-20 19:00:00;3761.859973493121;3254.337;['pressure']
2026-01-20 20:00:00;3571.5200524200663;4163.027;['pressure']
2026-01-20 21:00:00;3637.615187494772;3972.6565;['pressure']
2026-01-20 22:00:00;3289.680581510069;3771.60525;['pressure']
2026-01-20 23:00:00;3093.2557019931255;3864.2335;['pressure']
2026-01-21 00:00:00;3829.534094666927;3600.33125;['pressure']
2026-01-21 01:00:00;3496.3877833518245;3360.08675;['pressure']
2026-01-21 02:00:00;3513.9739875514374;3005.55825;['pressure']
2026-01-21 03:00:00;3174.0501305312246;3117.1915;['pressure']
2026-01-21 04:00:00;3162.2260684968173;3537.741;['pressure']
2026-01-21 05:00:00;3258.231119144562;3386.89575;['pressure']
2026-01-21 06:00:00;3360.336888617012;2914.7335;['pressure']
2026-01-21 07:00:00;3514.513200712521;4593.3165;['pressure']
2026-01-21 08:00:00;3372.6458453678233;4870.53275;['pressure']
2026-01-21 09:00:00;3436.728844563215;2633.8055;['pressure']
2026-01-21 10:00:00;3423.6698671260046;1883.37975;['pressure']
2026-01-21 11:00:00;3276.948974439296;1246.6372500000002;['pressure']
2026-01-21 12:00:00;2892.996683512209;3255.17325;['pressure']
2026-01-21 13:00:00;3347.5493315640388;3642.69175;['pressure']
2026-01-21 14:00:00;3582.8140876198227;3443.1165;['pressure']
2026-01-21 15:00:00;3386.2173386075247;2767.1085000000003;['pressure']
2026-01-21 16:00:00;4018.890211404295;2878.73225;['pressure']
2026-01-21 17:00:00;3726.796895694217;5212.20875;['pressure']
2026-01-21 18:00:00;4080.666238965473;5884.1085;['pressure']
2026-01-21 19:00:00;3480.4402711388334;5043.75125;['pressure']
2026-01-21 20:00:00;3820.084616497738;4514.99425;['pressure']
2026-01-21 21:00:00;3922.4624260561854;3905.21425;['pressure']
2026-01-21 22:00:00;3847.4851886682004;4084.417;['pressure']
2026-01-21 23:00:00;3713.7478997370017;3505.25175;['pressure']
2026-01-22 00:00:00;3864.699257609025;4382.88325;['pressure']
2026-01-22 01:00:00;3730.605186561517;3667.35;['pressure']
2026-01-22 02:00:00;3464.643403380591;3949.475;['pressure']
2026-01-22 03:00:00;3434.6215183757954;3619.1745;['pressure']
2026-01-22 04:00:00;3819.633570298022;3195.02325;['pressure']
2026-01-22 05:00:00;3532.849801740988;3207.64475;['pressure']
2026-01-22 06:00:00;3526.1950887839184;3834.892;['pressure']
2026-01-22 07:00:00;3932.098124789611;3332.436;['pressure']
2026-01-22 08:00:00;4054.510558271045;4101.32475;['pressure']
2026-01-22 09:00:00;3221.7890648579905;2792.25975;['pressure']
2026-01-22 10:00:00;2924.516125301596;3343.5355;['pressure']
2026-01-22 11:00:00;3415.190281859472;1024.81275;['pressure']
2026-01-22 12:00:00;3165.950591692481;2345.626;['pressure']
2026-01-22 13:00:00;3564.823238460558;4000.7015;['pressure']
2026-01-22 14:00:00;3700.543441766782;3066.969;['pressure']
2026-01-22 15:00:00;3452.876775486623;2576.49325;['pressure']
2026-01-22 16:00:00;3712.0124573174553;4892.4605;['pressure']
2026-01-22 17:00:00;4001.8279604404943;4693.0;['pressure']
2026-01-22 18:00:00;4779.155529319095;5675.33575;['pressure']
2026-01-22 19:00:00;5178.355540106686;5423.83425;['pressure']
2026-01-22 20:00:00;4302.053805481213;5436.4;['pressure']
2026-01-22 21:00:00;4063.171115035433;3945.58875;['pressure']
2026-01-22 22:00:00;4112.450719749151;3972.6965;['pressure']
2026-01-22 23:00:00;3659.2159097966505;2663.9855;['pressure']
2026-01-23 00:00:00;3674.039882464461;3361.307;['pressure']
2026-01-23 01:00:00;3619.537641703746;3379.777;['pressure']
2026-01-23 02:00:00;3768.671151623999;3830.91175;['pressure']
2026-01-23 03:00:00;3480.86119727874;3616.4825;['pressure']
2026-01-23 04:00:00;3565.550134540122;3049.29125;['pressure']
2026-01-23 05:00:00;3359.4761489967636;3813.81625;['pressure']
2026-01-23 06:00:00;3676.376241931209;2841.50725;['pressure']
2026-01-23 07:00:00;3952.0717897322675;3103.87025;['pressure']
2026-01-23 08:00:00;4035.709932252639;769.03125;['pressure']
2026-01-23 09:00:00;3110.227364453035;1197.06775;['pressure']
2026-01-23 10:00:00;3210.475412108395;2176.22575;['pressure']
2026-01-23 11:00:00;2669.3632349395243;2017.9665;['pressure']
2026-01-23 12:00:00;2789.1712997181503;3823.25725;['pressure']
2026-01-23 13:00:00;3678.07074046996;2267.88875;['pressure']
2026-01-23 14:00:00;3489.568097432641;3227.23325;['pressure']
2026-01-23 15:00:00;3185.7470294320874;2640.10975;['pressure']
2026-01-23 16:00:00;4829.366319495057;4200.918250000001;['pressure']
2026-01-23 17:00:00;4567.397002351416;4261.9315;['pressure']
2026-01-23 18:00:00;4631.055778871147;3950.993750000001;['pressure']
2026-01-23 19:00:00;3781.8422984670315;3119.8;['pressure']
2026-01-23 20:00:00;4290.145577407755;3737.94975;['pressure']
2026-01-23 21:00:00;4067.105388697919;3837.417;['pressure']
2026-01-23 22:00:00;4097.015101440169;3223.48975;['pressure']
2026-01-23 23:00:00;3345.3016655165775;2826.59125;['pressure']
2026-01-24 00:00:00;3361.034486340171;2617.28325;['pressure']
2026-01-24 01:00:00;3139.73834705078;3046.392;['pressure']
2026-01-24 02:00:00;3347.966363176736;3411.9126666666666;['pressure']
2026-01-24 03:00:00;3102.7876998356705;2343.45825;['pressure']
2026-01-24 04:00:00;3034.7395839377746;2843.999;['pressure']
2026-01-24 05:00:00;3197.5172576465307;2873.38325;['pressure']
2026-01-24 06:00:00;2863.5037157466154;2907.02775;['pressure']
2026-01-24 07:00:00;3170.831777341006;2334.60825;['pressure']
2026-01-24 08:00:00;3190.6994914445877;2823.44275;['pressure']
2026-01-24 09:00:00;1634.3575438042137;2442.53925;['pressure']
2026-01-24 10:00:00;2441.4068457351927;2516.7375;['pressure']
2026-01-24 11:00:00;2229.368534102747;3611.406;['pressure']
2026-01-24 12:00:00;2931.2274394817637;4243.43825;['pressure']
2026-01-24 13:00:00;2677.5570538518305;2192.474;['pressure']
2026-01-24 14:00:00;3079.837408827361;3156.505;['pressure']
2026-01-24 15:00:00;2686.238597473697;2829.875;['pressure']
2026-01-24 16:00:00;3621.0012578424057;4099.4695;['pressure']
2026-01-24 17:00:00;4074.248976905867;5198.8237500000005;['pressure']
2026-01-24 18:00:00;4363.126270388171;4884.75125;['pressure']
2026-01-24 19:00:00;3635.221576450618;2075.6825;['pressure']
2026-01-24 20:00:00;3750.0492693981687;4323.9585;['pressure']
2026-01-24 21:00:00;3506.7829685425454;3607.17925;['pressure']
2026-01-24 22:00:00;3647.4050129790876;3738.1285;['pressure']
2026-01-24 23:00:00;2833.6236899062965;3432.4435;['pressure']
2026-01-25 00:00:00;3293.3561106643906;3474.86325;['pressure']
2026-01-25 01:00:00;3223.7432901692264;3669.751;['pressure']
2026-01-25 02:00:00;3391.875959607129;4048.164;['pressure']
2026-01-25 03:00:00;2918.811945924163;2848.222;['pressure']
2026-01-25 04:00:00;3069.0187053916266;2863.81;['pressure']
2026-01-25 05:00:00;2986.9999251268196;3194.791;['pressure']
2026-01-25 06:00:00;3032.5937348168404;3292.455;['pressure']
2026-01-25 07:00:00;2958.205857821295;2925.93075;['pressure']
2026-01-25 08:00:00;3335.375142059201;2567.88425;['pressure']
2026-01-25 09:00:00;2752.6023557243093;2779.9095;['pressure']
2026-01-25 10:00:00;2669.3396368161925;4691.433;['pressure']
2026-01-25 11:00:00;2955.6548218307835;4666.953;['pressure']
2026-01-25 12:00:00;3399.223541280752;4243.43825;['pressure']
2026-01-25 13:00:00;2640.9015832722635;2192.474;['pressure']
2026-01-25 14:00:00;3211.784348334204;3354.488666666666;['pressure']
2026-01-25 15:00:00;3061.239526022763;2592.30825;['pressure']
2026-01-25 16:00:00;3973.4935673717678;2440.2725;['pressure']
2026-01-25 17:00:00;4241.219036307897;4202.912;['pressure']
2026-01-25 18:00:00;4624.899273244495;1737.12275;['pressure']
2026-01-25 19:00:00;3411.24594954547;958.94425;['pressure']
2026-01-25 20:00:00;4061.624732976179;3723.2195;['pressure']
2026-01-25 21:00:00;3678.5537081567545;2804.4895;['pressure']
2026-01-25 22:00:00;3829.181267398191;3094.9155;['pressure']
2026-01-25 23:00:00;3267.3427200996293;2390.568;['pressure']
2026-01-26 00:00:00;2921.301405131426;3275.88325;['pressure']
2026-01-26 01:00:00;3077.5595797925066;2851.27575;['pressure']
2026-01-26 02:00:00;3228.365123752729;2314.45425;['pressure']
2026-01-26 03:00:00;2700.799140935569;2804.119;['pressure']
2026-01-26 04:00:00;4220.372160473851;1930.60775;['pressure']
2026-01-26 05:00:00;4291.937833571068;2723.21625;['pressure']
2026-01-26 06:00:00;2919.5981458576357;2888.58725;['pressure']
2026-01-26 07:00:00;2837.7181973548786;2713.859;['pressure']
2026-01-26 08:00:00;2591.5994724633088;4417.67925;['pressure']
2026-01-26 09:00:00;2554.743344856192;3356.1275;['pressure']
2026-01-26 10:00:00;3339.8663085712824;3438.948;['pressure']
2026-01-26 11:00:00;3214.4532667631606;3563.75175;['pressure']
2026-01-26 12:00:00;3276.3537511617888;2427.02325;['pressure']
2026-01-26 13:00:00;2413.2991334322624;2582.1835;['pressure']
2026-01-26 14:00:00;3135.8365833466887;2928.6145;['pressure']
2026-01-26 15:00:00;2637.2775452113033;3789.735;['pressure']
2026-01-26 16:00:00;2757.4007397225478;4572.9445;['pressure']
2026-01-26 17:00:00;3505.592359682186;5266.107;['pressure']
2026-01-26 18:00:00;2985.105229739008;4283.08325;['pressure']
2026-01-26 19:00:00;2056.8605510953666;2424.01675;['pressure']
2026-01-26 20:00:00;3609.3600036783623;4279.203;['pressure']
2026-01-26 21:00:00;3230.611922628248;3742.166;['pressure']
2026-01-26 22:00:00;3156.1441145453928;4314.9745;['pressure']
2026-01-26 23:00:00;2356.127219340008;2969.2475;['pressure']
2026-01-27 00:00:00;3415.634727735769;2830.22625;['pressure']
2026-01-27 01:00:00;3138.8660046354616;2744.937;['pressure']
2026-01-27 02:00:00;3201.960993712888;3257.3167500000004;['pressure']
2026-01-27 03:00:00;2937.112359871727;2912.7870000000003;['pressure']
2026-01-27 04:00:00;3127.396899915043;2666.22525;['pressure']
2026-01-27 05:00:00;2968.6414209293625;2944.02975;['pressure']
2026-01-27 06:00:00;3123.796852859612;3157.67;['pressure']
2026-01-27 07:00:00;3001.034813686951;4838.0755;['pressure']
2026-01-27 08:00:00;3618.3512584896953;4393.29025;['pressure']
2026-01-27 09:00:00;3025.94544105102;5051.76225;['pressure']
2026-01-27 10:00:00;3247.997787920891;2729.127;['pressure']
2026-01-27 11:00:00;3420.8407879529263;5356.0235;['pressure']
2026-01-27 12:00:00;3038.6572306434964;4141.3775000000005;['pressure']
2026-01-27 13:00:00;2545.8345561411834;5016.7125;['pressure']
2026-01-27 14:00:00;3248.29114465581;4572.88175;['pressure']
2026-01-27 15:00:00;3415.457567410699;5905.1945;['pressure']
2026-01-27 16:00:00;3912.9563446592406;3749.44675;['pressure']
2026-01-27 17:00:00;4123.814032898398;4949.617;['pressure']
2026-01-27 18:00:00;4346.413753254384;4155.69975;['pressure']
2026-01-27 19:00:00;3586.8520298562157;2501.7875;['pressure']
2026-01-27 20:00:00;4155.336784959836;4555.15975;['pressure']
2026-01-27 21:00:00;3768.1825789384693;4213.807;['pressure']
2026-01-27 22:00:00;3984.0151896320913;3972.591;['pressure']
2026-01-27 23:00:00;3249.0369575548157;2477.69175;['pressure']
2026-01-28 00:00:00;3145.8476825229855;2930.86175;['pressure']
2026-01-28 01:00:00;3390.046439697662;2799.0625;['pressure']
2026-01-28 02:00:00;3639.0802075348693;2599.72025;['pressure']
2026-01-28 03:00:00;3261.9164627885793;2659.1175000000003;['pressure']
2026-01-28 04:00:00;3393.824288251341;2997.5885;['pressure']
2026-01-28 05:00:00;3406.1005686803046;3240.1315;['pressure']
2026-01-28 06:00:00;3501.4572190859053;3348.08375;['pressure']
2026-01-28 07:00:00;4121.295624195534;2768.882;['pressure']
2026-01-28 08:00:00;3830.6669492218853;3758.438;['pressure']
2026-01-28 09:00:00;4222.211801691432;4153.29825;['pressure']
2026-01-28 10:00:00;3565.1978410463216;3485.40875;['pressure']
2026-01-28 11:00:00;3846.5749536599897;2457.739;['pressure']
2026-01-28 12:00:00;3760.449248519548;2199.971;['pressure']
2026-01-28 13:00:00;4163.010233628709;2714.47975;['pressure']
2026-01-28 14:00:00;4090.0981568789166;2314.87675;['pressure']
2026-01-28 15:00:00;3865.6754401230746;2226.03375;['pressure']
2026-01-28 16:00:00;4104.998239452898;2161.29975;['pressure']
2026-01-28 17:00:00;4570.2485350792385;4241.76125;['pressure']
2026-01-28 18:00:00;4241.0690297960855;4462.1295;['pressure']
2026-01-28 19:00:00;3291.249218755834;3273.2575;['pressure']
2026-01-28 20:00:00;4710.058934120851;4066.16375;['pressure']
2026-01-28 21:00:00;4258.080875227336;3350.293;['pressure']
2026-01-28 22:00:00;4170.128056906194;3015.4385;['pressure']
2026-01-28 23:00:00;3336.8814046925904;2959.08775;['pressure']
2026-01-29 00:00:00;3164.4639113080743;3130.11525;['pressure']
2026-01-29 01:00:00;2953.9316484588435;2990.9015;['pressure']
2026-01-29 02:00:00;3334.701285157322;3271.22725;['pressure']
2026-01-29 03:00:00;3171.0374629567455;3629.855;['pressure']
2026-01-29 04:00:00;2793.5963897351694;2829.71625;['pressure']
2026-01-29 05:00:00;2947.972320155047;3074.8425;['pressure']
2026-01-29 06:00:00;3060.6261740690697;2983.11375;['pressure']
2026-01-29 07:00:00;2907.5145127508067;2818.86525;['pressure']
2026-01-29 08:00:00;3397.9198237129312;2361.08125;['pressure']
2026-01-29 09:00:00;3270.649365154015;3292.206;['pressure']
2026-01-29 10:00:00;3072.3110776511076;3860.7405;['pressure']
2026-01-29 11:00:00;2891.7634671860396;4322.213;['pressure']
2026-01-29 12:00:00;2823.129123436902;3233.9055;['pressure']
2026-01-29 13:00:00;2866.0707620443363;3161.515;['pressure']
2026-01-29 14:00:00;2907.351792064689;3518.00425;['pressure']
2026-01-29 15:00:00;2873.0874373247575;3397.26675;['pressure']
2026-01-29 16:00:00;3346.172373949654;3804.59875;['pressure']
2026-01-29 17:00:00;4176.213526651453;3048.346;['pressure']
2026-01-29 18:00:00;4120.523197058209;3831.81075;['pressure']
2026-01-29 19:00:00;2908.785521093875;4592.51725;['pressure']
2026-01-29 20:00:00;3893.2541420186712;3198.797;['pressure']
2026-01-29 21:00:00;3308.016133749945;3905.9085;['pressure']
2026-01-29 22:00:00;3231.7827178118396;2584.36575;['pressure']
2026-01-29 23:00:00;2689.168794606352;2977.50875;['pressure']
2026-01-30 00:00:00;3155.4543052518748;2930.24125;['pressure']
2026-01-30 01:00:00;3066.1785727659512;3045.52575;['pressure']
2026-01-30 02:00:00;3273.5941983250773;3382.778;['pressure']
2026-01-30 03:00:00;3257.977729717154;2108.5750000000003;['pressure']
2026-01-30 04:00:00;2978.961800412984;2711.36825;['pressure']
2026-01-30 05:00:00;3063.1935415353123;2823.3405;['pressure']
2026-01-30 06:00:00;3124.238147742848;2810.056;['pressure']
2026-01-30 07:00:00;3072.632850482985;2569.47575;['pressure']
2026-01-30 08:00:00;3021.965511090695;3011.00925;['pressure']
2026-01-30 09:00:00;3167.1684211535367;3970.83225;['pressure']
2026-01-30 10:00:00;3358.581662502024;4316.86625;['pressure']
2026-01-30 11:00:00;3457.4114193974683;3255.9585;['pressure']
2026-01-30 12:00:00;3150.538438667189;3856.16275;['pressure']
2026-01-30 13:00:00;3178.1826989519977;5804.923;['pressure']
2026-01-30 14:00:00;3458.606797616511;3518.00425;['pressure']
2026-01-30 15:00:00;3390.4503123208156;3397.26675;['pressure']
2026-01-30 16:00:00;3793.6377605206476;2872.316;['pressure']
2026-01-30 17:00:00;3386.498600269397;4624.5915;['pressure']
2026-01-30 18:00:00;3865.626679164045;3331.67425;['pressure']
2026-01-30 19:00:00;3515.076052381274;2540.943;['pressure']
2026-01-30 20:00:00;3544.0794495565365;3665.77125;['pressure']
2026-01-30 21:00:00;3765.950505608251;2802.63575;['pressure']
2026-01-30 22:00:00;3437.9210311967495;3011.39175;['pressure']
2026-01-30 23:00:00;3041.2969141220474;2593.54575;['pressure']
2026-01-31 00:00:00;2935.8403714808583;3173.0025;['pressure']
2026-01-31 01:00:00;2985.0872133514526;3842.7335;['pressure']
2026-01-31 02:00:00;3229.8924739122963;3099.48925;['pressure']
2026-01-31 03:00:00;2862.153459214364;3333.14125;['pressure']
2026-01-31 04:00:00;3028.7298271558598;2831.7290000000003;['pressure']
2026-01-31 05:00:00;2904.4920679553147;2721.9165000000003;['pressure']
2026-01-31 06:00:00;2979.450345401204;3373.83025;['pressure']
2026-01-31 07:00:00;2883.3612042273076;3361.293;['pressure']
2026-01-31 08:00:00;3115.4123608421455;3424.02625;['pressure']
2026-01-31 09:00:00;3331.6211855439806;3892.46575;['pressure']
2026-01-31 10:00:00;3455.4258728742643;4093.56525;['pressure']
2026-01-31 11:00:00;3047.9617810532195;3468.38725;['pressure']
2026-01-31 12:00:00;3214.686981132586;3645.032;['pressure']
2026-01-31 13:00:00;3925.234890080298;3006.9835;['pressure']
2026-01-31 14:00:00;3544.8967786607577;3079.298;['pressure']
2026-01-31 15:00:00;3299.7521757164604;3843.243;['pressure']
2026-01-31 16:00:00;3203.533042749174;2761.37025;['pressure']
2026-01-31 17:00:00;4140.43685913433;2594.62925;['pressure']
2026-01-31 18:00:00;3733.1290714776596;5439.38975;['pressure']
2026-01-31 19:00:00;3206.547361352215;4224.091;['pressure']
2026-01-31 20:00:00;3700.3729765301246;3178.35475;['pressure']
2026-01-31 21:00:00;3317.2493277473404;4102.47225;['pressure']
2026-01-31 22:00:00;3370.1122293871713;4452.82625;['pressure']
2026-01-31 23:00:00;2887.4046802057824;1587.8345;['pressure']
2026-02-01 00:00:00;2804.609998473569;1227.2925;['pressure']
2026-02-01 01:00:00;3152.7087509173825;986.55825;['pressure']
2026-02-01 02:00:00;3136.4837570149457;523.318;['pressure']
2026-02-01 03:00:00;2908.4934668242927;419.4962499999999;['pressure']
2026-02-01 04:00:00;2992.3759610877264;809.1597499999999;['pressure']
2026-02-01 05:00:00;2916.905745878042;879.83475;['pressure']
2026-02-01 06:00:00;3353.780275776581;644.55125;['pressure']
2026-02-01 07:00:00;3347.564290552159;2779.7565000000004;['pressure']
2026-02-01 08:00:00;3368.5751447604616;4242.7392500000005;['pressure']
2026-02-01 09:00:00;3558.4560233196994;4539.58225;['pressure']
2026-02-01 10:00:00;3206.7762340961813;3902.5285;['pressure']
2026-02-01 11:00:00;3290.9998491387482;3690.70825;['pressure']
2026-02-01 12:00:00;3221.5751285249266;3770.9095;['pressure']
2026-02-01 13:00:00;3204.0915454403716;3929.826;['pressure']
2026-02-01 14:00:00;3200.3498235025313;2997.2215;['pressure']
2026-02-01 15:00:00;3596.679586866859;3139.48325;['pressure']
2026-02-01 16:00:00;3296.4871401094374;4010.29575;['pressure']
2026-02-01 17:00:00;3394.8551963014843;3188.33075;['pressure']
2026-02-01 18:00:00;4167.310440116607;4498.370000000001;['pressure']
2026-02-01 19:00:00;3850.263012621753;5959.908;['pressure']
2026-02-01 20:00:00;3722.6948761513904;2655.0615;['pressure']
2026-02-01 21:00:00;3828.7424416165954;4070.45725;['pressure']
2026-02-01 22:00:00;4049.6946140221517;3704.6875;['pressure']
2026-02-01 23:00:00;2603.4083071347886;4307.6215;['pressure']
2026-02-02 00:00:00;3343.196537861983;4194.2355;['pressure']
2026-02-02 01:00:00;3215.510322908277;3838.329;['pressure']
2026-02-02 02:00:00;3085.9665249609275;3883.407;['pressure']
2026-02-02 03:00:00;2644.87098696821;2908.932;['pressure']
2026-02-02 04:00:00;2888.585627399731;3679.78875;['pressure']
2026-02-02 05:00:00;2664.472466068147;2860.6365;['pressure']
2026-02-02 06:00:00;2714.455606011764;3718.30325;['pressure']
2026-02-02 07:00:00;3079.701672936208;4196.75575;['pressure']
2026-02-02 08:00:00;3458.3677072987375;3431.86475;['pressure']
2026-02-02 09:00:00;3626.8219675602436;3188.44575;['pressure']
2026-02-02 10:00:00;3326.504659448943;3551.37525;['pressure']
2026-02-02 11:00:00;3265.645881830287;3092.7580000000003;['pressure']
2026-02-02 12:00:00;3392.1896446428655;2944.382;['pressure']
2026-02-02 13:00:00;3441.4532346356236;3419.67125;['pressure']
2026-02-02 14:00:00;3135.575397909396;2483.34625;['pressure']
2026-02-02 15:00:00;3199.575682033697;3997.7985;['pressure']
2026-02-02 16:00:00;3490.2608914692046;3957.9355;['pressure']
2026-02-02 17:00:00;3982.8611259546287;6156.93275;['pressure']
2026-02-02 18:00:00;3828.557857453993;5374.7855;['pressure']
2026-02-02 19:00:00;4608.805587382506;4602.8735;['pressure']
2026-02-02 20:00:00;3295.979575754518;4762.261;['pressure']
2026-02-02 21:00:00;3706.7367454403816;2763.79025;['pressure']
2026-02-02 22:00:00;3152.2353466751747;3169.481;['pressure']
2026-02-02 23:00:00;3106.544233646625;2885.26125;['pressure']
2026-02-03 00:00:00;3120.734722989095;3208.07325;['pressure']
2026-02-03 01:00:00;2915.867567755028;2903.31075;['pressure']
2026-02-03 02:00:00;3225.925722652976;2636.27025;['pressure']
2026-02-03 03:00:00;2755.3266953133434;3501.708;['pressure']
2026-02-03 04:00:00;3154.361635204649;3136.13775;['pressure']
2026-02-03 05:00:00;2777.1224879129304;3059.192;['pressure']
2026-02-03 06:00:00;3342.7349748797938;3381.67525;['pressure']
2026-02-03 07:00:00;3325.875509938826;2936.9875;['pressure']
2026-02-03 08:00:00;3388.1482828984963;2881.34175;['pressure']
2026-02-03 09:00:00;3624.4094214399865;3689.56575;['pressure']
2026-02-03 10:00:00;3624.060448769086;4700.9365;['pressure']
2026-02-03 11:00:00;3497.508861394703;4837.66625;['pressure']
2026-02-03 12:00:00;3126.1051420319;3223.52525;['pressure']
2026-02-03 13:00:00;3638.137399068416;3071.254;['pressure']
2026-02-03 14:00:00;3232.561376314577;4405.00475;['pressure']
2026-02-03 15:00:00;3479.043850247842;3237.20825;['pressure']
2026-02-03 16:00:00;3287.5478070435797;4089.68875;['pressure']
2026-02-03 17:00:00;4553.622867268594;5304.03325;['pressure']
2026-02-03 18:00:00;4355.593996703511;5559.15675;['pressure']
2026-02-03 19:00:00;4556.6641084002395;3708.947;['pressure']
2026-02-03 20:00:00;4132.869491166387;3665.57175;['pressure']
2026-02-03 21:00:00;3536.5114429208365;3451.28325;['pressure']
2026-02-03 22:00:00;3589.6014600838;3417.2;['pressure']
2026-02-03 23:00:00;3187.3055765722725;4015.31775;['pressure']
2026-02-04 00:00:00;3690.713425085262;3004.00075;['pressure']
2026-02-04 01:00:00;3557.46233954857;3396.32175;['pressure']
2026-02-04 02:00:00;3444.3015398639477;3114.4585;['pressure']
2026-02-04 03:00:00;3365.6559010908986;2805.3185;['pressure']
2026-02-04 04:00:00;3319.7614706314525;2795.15475;['pressure']
2026-02-04 05:00:00;3011.965747299799;2969.17225;['pressure']
2026-02-04 06:00:00;3242.189326674617;3460.06175;['pressure']
2026-02-04 07:00:00;3824.597860379078;3189.5730000000003;['pressure']
2026-02-04 08:00:00;3334.577746088024;3796.666;['pressure']
2026-02-04 09:00:00;3439.5800310168074;3479.20375;['pressure']
2026-02-04 10:00:00;3425.8560018420776;4332.7065;['pressure']
2026-02-04 11:00:00;3693.816822562696;2879.26525;['pressure']
2026-02-04 12:00:00;3581.2300556375753;2504.1825;['pressure']
2026-02-04 13:00:00;3436.7644542524877;2285.1665;['pressure']
2026-02-04 14:00:00;3721.556762162224;1426.6965;['pressure']
2026-02-04 15:00:00;4109.259224843288;1973.97525;['pressure']
2026-02-04 16:00:00;4135.097922188313;3078.4485;['pressure']
2026-02-04 17:00:00;4268.4936573333325;3131.75175;['pressure']
2026-02-04 18:00:00;4547.988931268759;3145.325;['pressure']
2026-02-04 19:00:00;3457.3900258848466;2937.0585;['pressure']
2026-02-04 20:00:00;3611.008986669758;2372.80775;['pressure']
2026-02-04 21:00:00;3766.9576439546;2626.7202500000003;['pressure']
2026-02-04 22:00:00;3820.8369117622274;3097.12075;['pressure']
2026-02-04 23:00:00;3545.2236095678572;2309.46375;['pressure']
2026-02-05 00:00:00;2692.254571937843;2383.21975;['pressure']
2026-02-05 01:00:00;2850.0147988145836;2960.2615;['pressure']
2026-02-05 02:00:00;2732.40896218401;2172.40875;['pressure']
2026-02-05 03:00:00;2650.5279869763203;2315.36425;['pressure']
2026-02-05 04:00:00;2786.4766937702007;2231.8865;['pressure']
2026-02-05 05:00:00;2844.7522741530993;2299.616;['pressure']
2026-02-05 06:00:00;3086.816787832245;2751.74825;['pressure']
2026-02-05 07:00:00;3218.1593627061384;2285.11125;['pressure']
2026-02-05 08:00:00;3490.76212508567;2690.5555;['pressure']
2026-02-05 09:00:00;3191.0533340325464;2209.523;['pressure']
2026-02-05 10:00:00;3522.294799517357;2035.103;['pressure']
2026-02-05 11:00:00;2961.978772060297;3871.413;['pressure']
2026-02-05 12:00:00;3026.367298489462;2481.76625;['pressure']
2026-02-05 13:00:00;2830.7456827574533;2475.083;['pressure']
2026-02-05 14:00:00;2869.7995279843135;2266.7945;['pressure']
2026-02-05 15:00:00;2985.86919935947;3025.16625;['pressure']
2026-02-05 16:00:00;3626.1573331537134;3120.888;['pressure']
2026-02-05 17:00:00;4329.3016132530365;5058.1865;['pressure']
2026-02-05 18:00:00;3810.266652011208;4388.71075;['pressure']
2026-02-05 19:00:00;3852.3271630333015;2322.8345;['pressure']
2026-02-05 20:00:00;3779.45697902542;2892.934;['pressure']
2026-02-05 21:00:00;3627.751731707521;2691.11;['pressure']
2026-02-05 22:00:00;3626.7118136410045;2040.70725;['pressure']
2026-02-05 23:00:00;2993.0171419137932;2318.614;['pressure']
2026-02-06 00:00:00;2446.77961178811;2417.388;['pressure']
2026-02-06 01:00:00;2535.381565006176;3028.649;['pressure']
2026-02-06 02:00:00;2543.0258516696904;2456.4425;['pressure']
2026-02-06 03:00:00;2399.980331186711;1991.96825;['pressure']
2026-02-06 04:00:00;2465.2795840516155;2168.60175;['pressure']
2026-02-06 05:00:00;2491.595315565431;2554.5777500000004;['pressure']
2026-02-06 06:00:00;2683.0582099145595;2480.9035;['pressure']
2026-02-06 07:00:00;2800.859362503439;2516.1095;['pressure']
2026-02-06 08:00:00;2968.4969590310884;2358.27875;['pressure']
2026-02-06 09:00:00;3080.5584814530976;3043.82875;['pressure']
2026-02-06 10:00:00;3115.2815073716292;1863.571;['pressure']
2026-02-06 11:00:00;2852.6120019276277;1953.389;['pressure']
2026-02-06 12:00:00;3181.912055097815;2709.674;['pressure']
2026-02-06 13:00:00;2727.239776848206;2834.37725;['pressure']
2026-02-06 14:00:00;2477.943366662228;3653.3685;['pressure']
2026-02-06 15:00:00;2790.6304567145016;3025.16625;['pressure']
2026-02-06 16:00:00;3284.194365400357;3120.888;['pressure']
2026-02-06 17:00:00;3763.034754370933;5058.1865;['pressure']
2026-02-06 18:00:00;4328.494907032069;4388.71075;['pressure']
2026-02-06 19:00:00;3320.7371365532617;2322.8345;['pressure']
2026-02-06 20:00:00;3210.658919809342;2892.934;['pressure']
2026-02-06 21:00:00;3221.5074451783385;2691.11;['pressure']
2026-02-06 22:00:00;3124.290935087409;2040.70725;['pressure']
2026-02-06 23:00:00;2500.03317052058;2318.614;['pressure']
2026-02-07 00:00:00;2390.3920656673363;2417.388;['pressure']
2026-02-07 01:00:00;2464.7324694603285;3028.649;['pressure']
2026-02-07 02:00:00;2346.5531478868193;2456.4425;['pressure']
2026-02-07 03:00:00;2051.4474921201886;1991.96825;['pressure']
2026-02-07 04:00:00;2232.553330763153;2168.60175;['pressure']
2026-02-07 05:00:00;2305.1237807433236;2554.5777500000004;['pressure']
2026-02-07 06:00:00;2431.66004750078;2480.9035;['pressure']
2026-02-07 07:00:00;2595.536034375227;2516.1095;['pressure']
2026-02-07 08:00:00;2688.498744501322;2358.27875;['pressure']
2026-02-07 09:00:00;2691.809077476585;3043.82875;['pressure']
2026-02-07 10:00:00;2654.0218648464656;1863.571;['pressure']
2026-02-07 11:00:00;2714.316601267061;1953.389;['pressure']
2026-02-07 12:00:00;2581.8871127710054;2709.674;['pressure']
2026-02-07 13:00:00;2627.90171603408;2834.37725;['pressure']
2026-02-07 14:00:00;2680.4557348245116;3653.3685;['pressure']
2026-02-07 15:00:00;2684.3709464315207;2864.2456666666667;['pressure']
2026-02-07 16:00:00;3148.4032313520443;2075.1228333333333;['pressure']
2026-02-07 17:00:00;4191.179064071739;1286.0;['pressure']
2026-02-07 18:00:00;4037.731014865008;1953.83375;['pressure']
2026-02-07 19:00:00;3027.5166376350685;1765.97475;['pressure']
2026-02-07 20:00:00;3210.092632360936;4467.39375;['pressure']
2026-02-07 21:00:00;2991.9263403569203;4289.70725;['pressure']
2026-02-07 22:00:00;3459.410670314802;2769.21075;['pressure']
2026-02-07 23:00:00;2374.6253082732965;2518.1585;['pressure']
2026-02-08 00:00:00;2933.380611831226;2938.06875;['pressure']
2026-02-08 01:00:00;2933.672272113802;2957.5335;['pressure']
2026-02-08 02:00:00;2812.728388560046;1970.80175;['pressure']
2026-02-08 03:00:00;2525.9635872385825;2352.781;['pressure']
2026-02-08 04:00:00;2582.1428920215835;2566.9445;['pressure']
2026-02-08 05:00:00;2663.0881594541247;2694.618;['pressure']
2026-02-08 06:00:00;2763.4945982189092;3327.3340000000003;['pressure']
2026-02-08 07:00:00;2616.7143026339354;2645.92225;['pressure']
2026-02-08 08:00:00;2698.443613494004;2682.03925;['pressure']
2026-02-08 09:00:00;2894.8608348027965;2049.55625;['pressure']
2026-02-08 10:00:00;2398.3975315549533;3419.758;['pressure']
2026-02-08 11:00:00;2359.807547031996;3716.1535;['pressure']
2026-02-08 12:00:00;2635.4009395735925;3340.28175;['pressure']
2026-02-08 13:00:00;2651.2551122362156;2959.019;['pressure']
2026-02-08 14:00:00;2762.6163477190785;2486.248;['pressure']
2026-02-08 15:00:00;2715.162327279144;2433.7925;['pressure']
2026-02-08 16:00:00;2805.896094500593;3127.31125;['pressure']
2026-02-08 17:00:00;3528.0587397525856;2999.37275;['pressure']
2026-02-08 18:00:00;3700.777653839671;5183.34525;['pressure']
2026-02-08 19:00:00;2535.8700707917114;3736.658;['pressure']
2026-02-08 20:00:00;3334.6632101283944;2797.79775;['pressure']
2026-02-08 21:00:00;3205.6138694984816;4569.61725;['pressure']
2026-02-08 22:00:00;2665.322144136155;3223.9255000000003;['pressure']
2026-02-08 23:00:00;2223.4825839723553;2572.21625;['pressure']
2026-02-09 00:00:00;2782.648624163939;2426.5875;['pressure']
2026-02-09 01:00:00;2666.228248332464;2814.69075;['pressure']
2026-02-09 02:00:00;2447.924370635402;2158.1762500000004;['pressure']
2026-02-09 03:00:00;2180.594319086682;2665.0825;['pressure']
2026-02-09 04:00:00;2556.779557189713;2046.7645;['pressure']
2026-02-09 05:00:00;2491.378197372066;3459.894;['pressure']
2026-02-09 06:00:00;2448.678720754257;2796.855;['pressure']
2026-02-09 07:00:00;2730.0093881934145;2588.22925;['pressure']
2026-02-09 08:00:00;2665.5038297505453;2782.715;['pressure']
2026-02-09 09:00:00;2582.143376547008;2941.144;['pressure']
2026-02-09 10:00:00;2577.2421411559817;2378.2555;['pressure']
2026-02-09 11:00:00;2839.7962326247625;1645.005;['pressure']
2026-02-09 12:00:00;2780.700905112218;2864.45375;['pressure']
2026-02-09 13:00:00;2496.1548728104476;3099.12325;['pressure']
2026-02-09 14:00:00;3071.836977090661;2231.92525;['pressure']
2026-02-09 15:00:00;2917.851635948699;1882.14975;['pressure']
2026-02-09 16:00:00;3073.6442674123186;2290.892;['pressure']
2026-02-09 17:00:00;4216.154848307726;3762.23375;['pressure']
2026-02-09 18:00:00;4227.492371501692;3246.77025;['pressure']
2026-02-09 19:00:00;3047.6098797419872;3761.3245;['pressure']
2026-02-09 20:00:00;3355.3153946521998;3345.93475;['pressure']
2026-02-09 21:00:00;3141.119711185652;3058.4565;['pressure']
2026-02-09 22:00:00;3095.897415717818;3274.3425;['pressure']
2026-02-09 23:00:00;2462.4243404752224;3204.72675;['pressure']
2026-02-10 00:00:00;2960.9855697775447;2312.257;['pressure']
2026-02-10 01:00:00;2917.5264288839844;2445.75475;['pressure']
2026-02-10 02:00:00;2537.981495312608;2738.38875;['pressure']
2026-02-10 03:00:00;2426.574006194599;2507.56425;['pressure']
2026-02-10 04:00:00;2310.2878514966746;2972.28575;['pressure']
2026-02-10 05:00:00;2658.4221892804826;2894.95425;['pressure']
2026-02-10 06:00:00;2604.646993900724;3762.406;['pressure']
2026-02-10 07:00:00;2727.906327468122;2580.2795;['pressure']
2026-02-10 08:00:00;2832.9323180068204;4036.3455;['pressure']
2026-02-10 09:00:00;2784.9821270897737;3671.19375;['pressure']
2026-02-10 10:00:00;2880.4716086466283;2416.94175;['pressure']
2026-02-10 11:00:00;2558.961465849162;2677.89175;['pressure']
2026-02-10 12:00:00;2547.6055799925807;1806.73475;['pressure']
2026-02-10 13:00:00;2735.648874805722;3154.1665;['pressure']
2026-02-10 14:00:00;2704.665647557382;2227.19575;['pressure']
2026-02-10 15:00:00;2526.7567203751805;2543.43525;['pressure']
2026-02-10 16:00:00;2901.161756496387;2576.265;['pressure']
2026-02-10 17:00:00;3987.0992568052807;5342.617;['pressure']
2026-02-10 18:00:00;4437.880655333097;5926.32475;['pressure']
2026-02-10 19:00:00;3009.5718267422108;3875.02825;['pressure']
2026-02-10 20:00:00;3510.886057269312;4273.53175;['pressure']
2026-02-10 21:00:00;2888.699106809321;2881.09475;['pressure']
2026-02-10 22:00:00;2844.8120847830205;2286.139;['pressure']
2026-02-10 23:00:00;2488.5348582182264;3057.192;['pressure']
2026-02-11 00:00:00;2674.040615783467;2366.50825;['pressure']
2026-02-11 01:00:00;2756.052260736805;2711.8525;['pressure']
2026-02-11 02:00:00;2576.26639625086;2083.15775;['pressure']
2026-02-11 03:00:00;2350.51228187148;2465.2165000000005;['pressure']
2026-02-11 04:00:00;2414.0282620877215;2897.0037500000003;['pressure']
2026-02-11 05:00:00;2489.6042107148055;2676.7915000000003;['pressure']
2026-02-11 06:00:00;2701.5145745713917;2365.58925;['pressure']
2026-02-11 07:00:00;2660.9379301125264;3238.81225;['pressure']
2026-02-11 08:00:00;2648.025311333945;2706.17225;['pressure']
2026-02-11 09:00:00;2882.8752755915216;3475.922;['pressure']
2026-02-11 10:00:00;2734.7287137335597;2244.5915;['pressure']
2026-02-11 11:00:00;2771.007596465782;2952.637;['pressure']
2026-02-11 12:00:00;2551.127426756923;1686.3925;['pressure']
2026-02-11 13:00:00;2831.857973072983;3154.1665;['pressure']
2026-02-11 14:00:00;2550.3348557647632;2227.19575;['pressure']
2026-02-11 15:00:00;2695.6809234352577;2543.43525;['pressure']
2026-02-11 16:00:00;3073.9245618028876;2576.265;['pressure']
2026-02-11 17:00:00;3979.999922950435;1333.5;['pressure']
2026-02-11 18:00:00;4266.795478512305;3750.33275;['pressure']
2026-02-11 19:00:00;2959.148469611073;3982.69175;['pressure']
2026-02-11 20:00:00;3550.597506881306;3578.161;['pressure']
2026-02-11 21:00:00;2957.577442339849;2482.21025;['pressure']
2026-02-11 22:00:00;2696.846041017282;2358.59375;['pressure']
2026-02-11 23:00:00;2675.272457308841;2322.409;['pressure']
2026-02-12 00:00:00;2327.2075204233815;2297.366;['pressure']
2026-02-12 01:00:00;2534.37701664196;2377.4665;['pressure']
2026-02-12 02:00:00;2382.7856746330403;1861.1955;['pressure']
2026-02-12 03:00:00;2303.6716262893738;1835.98825;['pressure']
2026-02-12 04:00:00;2364.8242544353216;1987.42975;['pressure']
2026-02-12 05:00:00;2491.0447094003835;2928.504;['pressure']
2026-02-12 06:00:00;2553.2546816958384;2122.81;['pressure']
2026-02-12 07:00:00;2789.834265429157;2338.194;['pressure']
2026-02-12 08:00:00;2827.406054718118;1348.37875;['pressure']
2026-02-12 09:00:00;2933.055141758855;928.61625;['pressure']
2026-02-12 10:00:00;2648.2579303164453;2329.8340000000003;['pressure']
2026-02-12 11:00:00;2677.3558488514464;1817.92825;['pressure']
2026-02-12 12:00:00;2473.899456417097;3735.537;['pressure']
2026-02-12 13:00:00;2887.0954765050465;2596.203;['pressure']
2026-02-12 14:00:00;2472.199719587553;2194.61975;['pressure']
2026-02-12 15:00:00;2604.6253579621357;1834.60225;['pressure']
2026-02-12 16:00:00;2902.209296457553;2180.3565;['pressure']
2026-02-12 17:00:00;3455.300747385503;3746.30075;['pressure']
2026-02-12 18:00:00;3645.198276986468;4982.87875;['pressure']
2026-02-12 19:00:00;2982.232389081395;3386.71775;['pressure']
2026-02-12 20:00:00;3378.441318379636;3613.59775;['pressure']
2026-02-12 21:00:00;3026.438698628221;3065.22725;['pressure']
2026-02-12 22:00:00;2655.8896364595207;2475.28875;['pressure']
2026-02-12 23:00:00;2424.340388205759;2045.159;['pressure']
2026-02-13 00:00:00;2256.256866530005;2855.48325;['pressure']
2026-02-13 01:00:00;2291.0603514034715;2102.1375;['pressure']
2026-02-13 02:00:00;2505.19815728178;2721.5535;['pressure']
2026-02-13 03:00:00;2101.6847828489513;2265.05425;['pressure']
2026-02-13 04:00:00;2096.0494165767345;2724.386;['pressure']
2026-02-13 05:00:00;2297.4864225635365;1950.27;['pressure']
2026-02-13 06:00:00;2431.270440564853;2676.27525;['pressure']
2026-02-13 07:00:00;2333.2598329636266;1876.716;['pressure']
2026-02-13 08:00:00;2762.3991064259367;3155.0185;['pressure']
2026-02-13 09:00:00;2421.7910553007837;3419.00525;['pressure']
2026-02-13 10:00:00;2572.795392265144;2633.61775;['pressure']
2026-02-13 11:00:00;2488.536753907904;3832.5985;['pressure']
2026-02-13 12:00:00;2847.2397155587673;2113.4985;['pressure']
2026-02-13 13:00:00;2590.607123571898;2406.8145;['pressure']
2026-02-13 14:00:00;2394.571388145837;2225.23925;['pressure']
2026-02-13 15:00:00;2296.2440949190495;2112.819;['pressure']
2026-02-13 16:00:00;2638.7920183889073;2119.783;['pressure']
2026-02-13 17:00:00;4497.764419639214;2762.934;['pressure']
2026-02-13 18:00:00;3892.1447770904374;3519.851;['pressure']
2026-02-13 19:00:00;2737.040567741786;3490.8465;['pressure']
2026-02-13 20:00:00;3202.180327957743;3538.6712499999994;['pressure']
2026-02-13 21:00:00;2942.4764600963404;3449.1785;['pressure']
2026-02-13 22:00:00;2612.95696880452;2324.8065;['pressure']
2026-02-13 23:00:00;2140.5301324439156;3431.5795;['pressure']
2026-02-14 00:00:00;2677.6178160925633;2411.443;['pressure']
2026-02-14 01:00:00;2698.5649512388513;2943.3845;['pressure']
2026-02-14 02:00:00;2705.1399438058334;2579.4275;['pressure']
2026-02-14 03:00:00;2535.2308973637673;2204.52425;['pressure']
2026-02-14 04:00:00;2542.5845692580688;2660.8965000000003;['pressure']
2026-02-14 05:00:00;2362.2141189833933;3597.15675;['pressure']
2026-02-14 06:00:00;2768.2445955776466;2461.59075;['pressure']
2026-02-14 07:00:00;2401.182669806038;2936.82475;['pressure']
2026-02-14 08:00:00;2913.4919667364775;2971.81825;['pressure']
2026-02-14 09:00:00;2777.260091537604;2900.61125;['pressure']
2026-02-14 10:00:00;2794.9791631675034;2713.67975;['pressure']
2026-02-14 11:00:00;3744.0706325536325;2756.77525;['pressure']
2026-02-14 12:00:00;2761.3184847571497;3727.64475;['pressure']
2026-02-14 13:00:00;2816.0166173524503;2757.3445;['pressure']
2026-02-14 14:00:00;2511.6455304244714;3371.52475;['pressure']
2026-02-14 15:00:00;2770.6759203441306;3231.48225;['pressure']
2026-02-14 16:00:00;3083.623834401038;4488.084;['pressure']
2026-02-14 17:00:00;3700.8767053510346;5352.45;['pressure']
2026-02-14 18:00:00;4023.8733326188867;6210.828;['pressure']
2026-02-14 19:00:00;3180.064511528223;1903.77525;['pressure']
2026-02-14 20:00:00;2999.788396144202;2630.102;['pressure']
2026-02-14 21:00:00;2793.553732958625;4245.20475;['pressure']
2026-02-14 22:00:00;2753.189928629128;3723.198;['pressure']
2026-02-14 23:00:00;2642.5068825530648;3729.623;['pressure']
2026-02-15 00:00:00;3204.7645491902745;3933.857;['pressure']
2026-02-15 01:00:00;3303.962472571627;3709.625;['pressure']
2026-02-15 02:00:00;2977.5975289204484;3698.68875;['pressure']
2026-02-15 03:00:00;2782.0821289887904;3668.341;['pressure']
2026-02-15 04:00:00;2794.2298697294764;3783.91125;['pressure']
2026-02-15 05:00:00;2917.050626692391;3444.12875;['pressure']
2026-02-15 06:00:00;2547.4599922201182;4090.44675;['pressure']
2026-02-15 07:00:00;3130.3166920905455;4660.0415;['pressure']
2026-02-15 08:00:00;3027.22060256653;3879.998;['pressure']
2026-02-15 09:00:00;3078.4269353057307;4359.39175;['pressure']
2026-02-15 10:00:00;2860.5873041500236;5136.501;['pressure']
2026-02-15 11:00:00;2898.9812347140123;4608.921;['pressure']
2026-02-15 12:00:00;2728.371551158957;3958.311;['pressure']
2026-02-15 13:00:00;3159.1894092009043;2757.3445;['pressure']
2026-02-15 14:00:00;3240.1297466793876;3371.52475;['pressure']
2026-02-15 15:00:00;3359.6296031523443;3231.48225;['pressure']
2026-02-15 16:00:00;3632.0830711573853;5022.667;['pressure']
2026-02-15 17:00:00;4071.0043624528266;3789.986;['pressure']
2026-02-15 18:00:00;4605.158348136722;1972.2715;['pressure']
2026-02-15 19:00:00;2921.1429185258385;1211.72575;['pressure']
2026-02-15 20:00:00;3367.4626474312445;2768.893;['pressure']
2026-02-15 21:00:00;3083.9694640416756;4284.85;['pressure']
2026-02-15 22:00:00;3006.5615906113853;3674.49175;['pressure']
2026-02-15 23:00:00;2687.8423206201082;3857.04075;['pressure']
2026-02-16 00:00:00;2872.717954790589;4270.74175;['pressure']
2026-02-16 01:00:00;3305.3331989487524;4172.0475;['pressure']
2026-02-16 02:00:00;2874.801203594574;4192.84925;['pressure']
2026-02-16 03:00:00;2912.7543093564786;4297.218;['pressure']
2026-02-16 04:00:00;2752.3715797235245;3792.167;['pressure']
2026-02-16 05:00:00;2847.733688091264;3905.2105;['pressure']
2026-02-16 06:00:00;3011.1476535106203;4322.625;['pressure']
2026-02-16 07:00:00;3192.2840214386115;5897.072;['pressure']
2026-02-16 08:00:00;3232.169678159757;2816.22675;['pressure']
2026-02-16 09:00:00;3613.3871106280376;3726.25825;['pressure']
2026-02-16 10:00:00;3305.5909374061384;3709.35825;['pressure']
2026-02-16 11:00:00;2924.101936506426;4097.0225;['pressure']
2026-02-16 12:00:00;3226.101645644354;4383.431500000001;['pressure']
2026-02-16 13:00:00;3396.7175001963683;3789.0565;['pressure']
2026-02-16 14:00:00;2973.962829294732;4607.666;['pressure']
2026-02-16 15:00:00;3262.8714473239893;4367.22325;['pressure']
2026-02-16 16:00:00;2625.357072988555;3437.96925;['pressure']
2026-02-16 17:00:00;4102.747895233413;5117.6485;['pressure']
2026-02-16 18:00:00;4519.703918290919;5031.2195;['pressure']
2026-02-16 19:00:00;3554.019740693133;5013.32925;['pressure']
2026-02-16 20:00:00;3761.9105104348255;3950.84225;['pressure']
2026-02-16 21:00:00;3923.666245409713;3260.27925;['pressure']
2026-02-16 22:00:00;3099.670095433192;3727.6415;['pressure']
2026-02-16 23:00:00;3099.634622738902;2914.66625;['pressure']
2026-02-17 00:00:00;3292.421493732937;3134.171;['pressure']
2026-02-17 01:00:00;3403.1171890375836;2905.419;['pressure']
2026-02-17 02:00:00;3235.9538976780195;3407.01775;['pressure']
2026-02-17 03:00:00;3146.585294395337;2895.731;['pressure']
2026-02-17 04:00:00;3329.114451026321;3551.5375;['pressure']
2026-02-17 05:00:00;3510.2606254080647;3038.49075;['pressure']
2026-02-17 06:00:00;3587.788072958862;2865.9880000000003;['pressure']
2026-02-17 07:00:00;3375.224314274303;4217.9155;['pressure']
2026-02-17 08:00:00;3752.6781335987944;4631.85375;['pressure']
2026-02-17 09:00:00;3845.399028272062;5666.0205000000005;['pressure']
2026-02-17 10:00:00;4235.7807458530115;3033.71925;['pressure']
2026-02-17 11:00:00;4211.474406351201;3668.54275;['pressure']
2026-02-17 12:00:00;3537.081980272049;3205.1977500000003;['pressure']
2026-02-17 13:00:00;3801.3776203188145;3569.85825;['pressure']
2026-02-17 14:00:00;3471.0266860283364;4546.28325;['pressure']
2026-02-17 15:00:00;3605.5983267578745;3355.98275;['pressure']
2026-02-17 16:00:00;3946.9873317960155;3155.60275;['pressure']
2026-02-17 17:00:00;4663.870701951679;3948.281;['pressure']
2026-02-17 18:00:00;4745.530290319595;6586.86025;['pressure']
2026-02-17 19:00:00;3853.8446961246846;2688.89675;['pressure']
2026-02-17 20:00:00;4416.714859261678;4654.51275;['pressure']
2026-02-17 21:00:00;4346.315101801891;3142.6025;['pressure']
2026-02-17 22:00:00;3823.253249766918;2652.804;['pressure']
2026-02-17 23:00:00;3758.5517470164423;2618.7905;['pressure']
2026-02-18 00:00:00;2873.0442847695085;3148.755;['pressure']
2026-02-18 01:00:00;3406.1175735637044;3693.88525;['pressure']
2026-02-18 02:00:00;2962.5719513649237;2656.90925;['pressure']
2026-02-18 03:00:00;3003.716583484769;2022.2365;['pressure']
2026-02-18 04:00:00;3210.641254649294;2714.6582499999995;['pressure']
2026-02-18 05:00:00;3534.4123267566597;3138.4825;['pressure']
2026-02-18 06:00:00;3302.2649917209515;3251.8665;['pressure']
2026-02-18 07:00:00;3371.7411888675592;3767.39;['pressure']
2026-02-18 08:00:00;2980.2624525698166;3704.433;['pressure']
2026-02-18 09:00:00;3273.062895891878;4502.9775;['pressure']
2026-02-18 10:00:00;3646.0820972268175;2839.84175;['pressure']
2026-02-18 11:00:00;3879.789669185692;3027.432;['pressure']
2026-02-18 12:00:00;3759.0426904664487;3523.302;['pressure']
2026-02-18 13:00:00;3640.6946413926644;3065.7345000000005;['pressure']
2026-02-18 14:00:00;3806.640855930273;3746.467;['pressure']
2026-02-18 15:00:00;3812.4014652047254;3357.258;['pressure']
2026-02-18 16:00:00;3253.9837406390516;3739.85675;['pressure']
2026-02-18 17:00:00;5055.169149744494;5383.882;['pressure']
2026-02-18 18:00:00;4489.3706573860545;5460.044;['pressure']
2026-02-18 19:00:00;3583.054304735411;3423.06;['pressure']
2026-02-18 20:00:00;3842.609116279071;4988.140666666666;['pressure']
2026-02-18 21:00:00;3598.4874871558022;3943.082;['pressure']
2026-02-18 22:00:00;3711.851472618357;3280.73875;['pressure']
2026-02-18 23:00:00;3672.5310853696874;4189.85225;['pressure']
2026-02-19 00:00:00;3827.34511436223;3798.69625;['pressure']
2026-02-19 01:00:00;4008.745062937992;3470.1565;['pressure']
2026-02-19 02:00:00;3275.253913471313;3887.978;['pressure']
2026-02-19 03:00:00;3725.0891810483618;3463.55225;['pressure']
2026-02-19 04:00:00;3366.260085480403;3694.54025;['pressure']
2026-02-19 05:00:00;3474.5480915551434;4024.671;['pressure']
2026-02-19 06:00:00;3773.371888193729;3976.81075;['pressure']
2026-02-19 07:00:00;3681.086671787445;4254.63175;['pressure']
2026-02-19 08:00:00;4239.315235642576;5451.65625;['pressure']
2026-02-19 09:00:00;4185.721183060992;4617.72725;['pressure']
2026-02-19 10:00:00;3651.591560963626;4048.07275;['pressure']
2026-02-19 11:00:00;3751.967779702089;4006.33275;['pressure']
2026-02-19 12:00:00;3540.1490132646504;2886.07425;['pressure']
2026-02-19 13:00:00;3624.9745846356363;3151.84075;['pressure']
2026-02-19 14:00:00;3921.0363598396207;2118.81075;['pressure']
2026-02-19 15:00:00;3505.83204438918;2872.442;['pressure']
2026-02-19 16:00:00;3794.9872361451553;3774.00675;['pressure']
2026-02-19 17:00:00;4486.664265383497;5136.79725;['pressure']
2026-02-19 18:00:00;5322.599855274757;5757.4375;['pressure']
2026-02-19 19:00:00;4165.328830472466;2808.28475;['pressure']
2026-02-19 20:00:00;4130.136404921192;4316.30025;['pressure']
2026-02-19 21:00:00;4169.107801208764;4116.61075;['pressure']
2026-02-19 22:00:00;3988.637628473488;3227.96925;['pressure']
2026-02-19 23:00:00;3937.936687381775;3393.52525;['pressure']
2026-02-20 00:00:00;3542.8052243145125;3867.99625;['pressure']
2026-02-20 01:00:00;3552.1573954423015;3100.64225;['pressure']
2026-02-20 02:00:00;3442.967426049735;2828.1715;['pressure']
2026-02-20 03:00:00;3272.8500754799625;4158.9235;['pressure']
2026-02-20 04:00:00;3479.03106344198;3933.11075;['pressure']
2026-02-20 05:00:00;3536.3319403497044;3965.08175;['pressure']
2026-02-20 06:00:00;3632.1650970127794;3080.9115;['pressure']
2026-02-20 07:00:00;3972.6573622851997;4425.24725;['pressure']
2026-02-20 08:00:00;3846.376863811657;5264.822999999999;['pressure']
2026-02-20 09:00:00;4189.509884247384;3476.0955;['pressure']
2026-02-20 10:00:00;3802.759968229571;3282.589;['pressure']
2026-02-20 11:00:00;3765.4650315581075;3600.80525;['pressure']
2026-02-20 12:00:00;3754.7779532732116;4432.64325;['pressure']
2026-02-20 13:00:00;3711.8492458556825;2361.1320000000005;['pressure']
2026-02-20 14:00:00;3748.9768366449543;1551.0443333333333;['pressure']
2026-02-20 15:00:00;3591.2006057805193;2872.442;['pressure']
2026-02-20 16:00:00;3890.630937097786;3774.00675;['pressure']
2026-02-20 17:00:00;4521.946426401368;5136.79725;['pressure']
2026-02-20 18:00:00;5456.942843701618;5177.334;['pressure']
2026-02-20 19:00:00;3862.640928678698;5452.91475;['pressure']
2026-02-20 20:00:00;4611.627238614184;5548.0960000000005;['pressure']
2026-02-20 21:00:00;4215.4447912695905;4351.4605;['pressure']
2026-02-20 22:00:00;3491.2905509937736;4562.4445;['pressure']
2026-02-20 23:00:00;3850.1868286657104;3240.04275;['pressure']
2026-01-20 00:00:00;3362.0356016590977;3324.11425;['precipitation']
2026-01-20 01:00:00;3285.7473933749716;3196.69175;['precipitation']
2026-01-20 02:00:00;3122.784943099757;3564.13325;['precipitation']
2026-01-20 03:00:00;2910.235771430587;2707.383;['precipitation']
2026-01-20 04:00:00;3391.4691240591665;2789.41325;['precipitation']
2026-01-20 05:00:00;2773.3736298299727;2898.3705;['precipitation']
2026-01-20 06:00:00;3245.2549508803495;3033.4665;['precipitation']
2026-01-20 07:00:00;3490.5147431805945;3828.01275;['precipitation']
2026-01-20 08:00:00;3448.9274779644666;3828.861;['precipitation']
2026-01-20 09:00:00;2955.681272911278;3481.7545;['precipitation']
2026-01-20 10:00:00;3115.4345364398177;3349.58575;['precipitation']
2026-01-20 11:00:00;3130.8632817831312;2320.389;['precipitation']
2026-01-20 12:00:00;3484.4191867881214;1065.9830000000002;['precipitation']
2026-01-20 13:00:00;3549.5617062846036;2686.33025;['precipitation']
2026-01-20 14:00:00;3405.9809325629544;3281.29675;['precipitation']
2026-01-20 15:00:00;3637.2181476967435;2185.54725;['precipitation']
2026-01-20 16:00:00;3487.3524591282967;3583.29175;['precipitation']
2026-01-20 17:00:00;3482.1810614630285;5103.80775;['precipitation']
2026-01-20 18:00:00;3179.327754085032;5433.498250000001;['precipitation']
2026-01-20 19:00:00;3970.3033023505427;3254.337;['precipitation']
2026-01-20 20:00:00;3689.040005194114;4163.027;['precipitation']
2026-01-20 21:00:00;3604.208052485006;3972.6565;['precipitation']
2026-01-20 22:00:00;3213.2405065894145;3771.60525;['precipitation']
2026-01-20 23:00:00;3301.304682706016;3864.2335;['precipitation']
2026-01-21 00:00:00;3821.6281803602865;3600.33125;['precipitation']
2026-01-21 01:00:00;3515.0532801779964;3360.08675;['precipitation']
2026-01-21 02:00:00;3506.068073244797;3005.55825;['precipitation']
2026-01-21 03:00:00;3164.2669960707753;3117.1915;['precipitation']
2026-01-21 04:00:00;3197.0876827241123;3537.741;['precipitation']
2026-01-21 05:00:00;3244.6130466347963;3386.89575;['precipitation']
2026-01-21 06:00:00;3287.6219409165114;2914.7335;['precipitation']
2026-01-21 07:00:00;3525.70737071069;4593.3165;['precipitation']
2026-01-21 08:00:00;3394.85671801797;4870.53275;['precipitation']
2026-01-21 09:00:00;3401.2171487013984;2633.8055;['precipitation']
2026-01-21 10:00:00;3294.1659761347937;1883.37975;['precipitation']
2026-01-21 11:00:00;3156.0909517494765;1246.6372500000002;['precipitation']
2026-01-21 12:00:00;2924.3784431557638;3255.17325;['precipitation']
2026-01-21 13:00:00;3252.404872793287;3642.69175;['precipitation']
2026-01-21 14:00:00;3473.944550266307;3443.1165;['precipitation']
2026-01-21 15:00:00;3457.2219009854543;2767.1085000000003;['precipitation']
2026-01-21 16:00:00;3988.2833998808574;2878.73225;['precipitation']
2026-01-21 17:00:00;3617.4799134249297;5212.20875;['precipitation']
2026-01-21 18:00:00;4092.465036572895;5884.1085;['precipitation']
2026-01-21 19:00:00;3363.4985358711942;5043.75125;['precipitation']
2026-01-21 20:00:00;3799.5312813079186;4514.99425;['precipitation']
2026-01-21 21:00:00;3889.6258019106776;3905.21425;['precipitation']
2026-01-21 22:00:00;3846.9957172326535;4084.417;['precipitation']
2026-01-21 23:00:00;3691.045369829775;3505.25175;['precipitation']
2026-01-22 00:00:00;3783.7847983805095;4382.88325;['precipitation']
2026-01-22 01:00:00;3643.097145179681;3667.35;['precipitation']
2026-01-22 02:00:00;3450.830902188498;3949.475;['precipitation']
2026-01-22 03:00:00;3346.582394840639;3619.1745;['precipitation']
2026-01-22 04:00:00;3743.4618936622796;3195.02325;['precipitation']
2026-01-22 05:00:00;3450.0845429519254;3207.64475;['precipitation']
2026-01-22 06:00:00;3440.4777578513012;3834.892;['precipitation']
2026-01-22 07:00:00;3962.931918429748;3332.436;['precipitation']
2026-01-22 08:00:00;4066.249153279895;4101.32475;['precipitation']
2026-01-22 09:00:00;3206.203389380009;2792.25975;['precipitation']
2026-01-22 10:00:00;2937.8446305792295;3343.5355;['precipitation']
2026-01-22 11:00:00;3437.128697386816;1024.81275;['precipitation']
2026-01-22 12:00:00;3027.9950634332035;2345.626;['precipitation']
2026-01-22 13:00:00;3528.4574933929616;4000.7015;['precipitation']
2026-01-22 14:00:00;3695.690936082883;3066.969;['precipitation']
2026-01-22 15:00:00;3507.307668430959;2576.49325;['precipitation']
2026-01-22 16:00:00;3728.0575603905754;4892.4605;['precipitation']
2026-01-22 17:00:00;3990.9908632725255;4693.0;['precipitation']
2026-01-22 18:00:00;4780.815044699954;5675.33575;['precipitation']
2026-01-22 19:00:00;5162.131113837155;5423.83425;['precipitation']
2026-01-22 20:00:00;4327.4373694765745;5436.4;['precipitation']
2026-01-22 21:00:00;4078.375819320101;3945.58875;['precipitation']
2026-01-22 22:00:00;4133.027875816046;3972.6965;['precipitation']
2026-01-22 23:00:00;3659.5956323918654;2663.9855;['precipitation']
2026-01-23 00:00:00;3672.855249686293;3361.307;['precipitation']
2026-01-23 01:00:00;3653.7054616805526;3379.777;['precipitation']
2026-01-23 02:00:00;3749.1977734425413;3830.91175;['precipitation']
2026-01-23 03:00:00;3476.651083753349;3616.4825;['precipitation']
2026-01-23 04:00:00;3576.631978869956;3049.29125;['precipitation']
2026-01-23 05:00:00;3387.9932178596787;3813.81625;['precipitation']
2026-01-23 06:00:00;3655.416010150203;2841.50725;['precipitation']
2026-01-23 07:00:00;3876.5883760359784;3103.87025;['precipitation']
2026-01-23 08:00:00;4045.826542898887;769.03125;['precipitation']
2026-01-23 09:00:00;3135.930100353914;1197.06775;['precipitation']
2026-01-23 10:00:00;3258.504764534924;2176.22575;['precipitation']
2026-01-23 11:00:00;2648.70884651179;2017.9665;['precipitation']
2026-01-23 12:00:00;2828.000481389293;3823.25725;['precipitation']
2026-01-23 13:00:00;3689.738991507558;2267.88875;['precipitation']
2026-01-23 14:00:00;3519.153599699525;3227.23325;['precipitation']
2026-01-23 15:00:00;3214.1913958871655;2640.10975;['precipitation']
2026-01-23 16:00:00;4699.616868811463;4200.918250000001;['precipitation']
2026-01-23 17:00:00;4504.056740892065;4261.9315;['precipitation']
2026-01-23 18:00:00;4615.842277894584;3950.993750000001;['precipitation']
2026-01-23 19:00:00;3992.5969371389065;3119.8;['precipitation']
2026-01-23 20:00:00;4245.087929702677;3737.94975;['precipitation']
2026-01-23 21:00:00;4020.231570300397;3837.417;['precipitation']
2026-01-23 22:00:00;4065.795507438399;3223.48975;['precipitation']
2026-01-23 23:00:00;3396.29698869773;2826.59125;['precipitation']
2026-01-24 00:00:00;3373.8888869749367;2617.28325;['precipitation']
2026-01-24 01:00:00;3168.68007373535;3046.392;['precipitation']
2026-01-24 02:00:00;3313.505295977029;3411.9126666666666;['precipitation']
2026-01-24 03:00:00;3099.7905990055924;2343.45825;['precipitation']
2026-01-24 04:00:00;2993.6788386985168;2843.999;['precipitation']
2026-01-24 05:00:00;3141.4284438647924;2873.38325;['precipitation']
2026-01-24 06:00:00;2776.957382433627;2907.02775;['precipitation']
2026-01-24 07:00:00;3152.5684869357324;2334.60825;['precipitation']
2026-01-24 08:00:00;3190.6994914445877;2823.44275;['precipitation']
2026-01-24 09:00:00;2052.055160381362;2442.53925;['precipitation']
2026-01-24 10:00:00;2410.887879060388;2516.7375;['precipitation']
2026-01-24 11:00:00;2106.1113319543097;3611.406;['precipitation']
2026-01-24 12:00:00;2900.0034907646464;4243.43825;['precipitation']
2026-01-24 13:00:00;2597.914715099084;2192.474;['precipitation']
2026-01-24 14:00:00;3095.6960742936694;3156.505;['precipitation']
2026-01-24 15:00:00;2678.649802765445;2829.875;['precipitation']
2026-01-24 16:00:00;3502.2122249063095;4099.4695;['precipitation']
2026-01-24 17:00:00;3823.111380775496;5198.8237500000005;['precipitation']
2026-01-24 18:00:00;4305.425525759265;4884.75125;['precipitation']
2026-01-24 19:00:00;3344.703639744075;2075.6825;['precipitation']
2026-01-24 20:00:00;3526.8912493786374;4323.9585;['precipitation']
2026-01-24 21:00:00;3521.167603514164;3607.17925;['precipitation']
2026-01-24 22:00:00;3333.405493630943;3738.1285;['precipitation']
2026-01-24 23:00:00;2769.91082216948;3432.4435;['precipitation']
2026-01-25 00:00:00;3300.889836402916;3474.86325;['precipitation']
2026-01-25 01:00:00;3231.277015907752;3669.751;['precipitation']
2026-01-25 02:00:00;3417.0111849031496;4048.164;['precipitation']
2026-01-25 03:00:00;2872.236636170745;2848.222;['precipitation']
2026-01-25 04:00:00;3076.552431130152;2863.81;['precipitation']
2026-01-25 05:00:00;2985.8631606004524;3194.791;['precipitation']
2026-01-25 06:00:00;3040.127460555366;3292.455;['precipitation']
2026-01-25 07:00:00;2977.6356101711485;2925.93075;['precipitation']
2026-01-25 08:00:00;3372.086323699826;2567.88425;['precipitation']
2026-01-25 09:00:00;2459.5211026725515;2779.9095;['precipitation']
2026-01-25 10:00:00;2617.865077509094;4691.433;['precipitation']
2026-01-25 11:00:00;2908.2826675949436;4666.953;['precipitation']
2026-01-25 12:00:00;3390.892269155508;4243.43825;['precipitation']
2026-01-25 13:00:00;2692.703478413865;2192.474;['precipitation']
2026-01-25 14:00:00;3242.332198227774;3354.488666666666;['precipitation']
2026-01-25 15:00:00;3061.878686179013;2592.30825;['precipitation']
2026-01-25 16:00:00;3908.9511403087795;2440.2725;['precipitation']
2026-01-25 17:00:00;4233.200313773717;4202.912;['precipitation']
2026-01-25 18:00:00;4700.248737660999;1737.12275;['precipitation']
2026-01-25 19:00:00;3481.342873373595;958.94425;['precipitation']
2026-01-25 20:00:00;4061.915719663124;3723.2195;['precipitation']
2026-01-25 21:00:00;3650.609695276429;2804.4895;['precipitation']
2026-01-25 22:00:00;3819.1589895661596;3094.9155;['precipitation']
2026-01-25 23:00:00;3373.2397652351274;2390.568;['precipitation']
2026-01-26 00:00:00;2943.285057246294;3275.88325;['precipitation']
2026-01-26 01:00:00;3125.4086560635637;2851.27575;['precipitation']
2026-01-26 02:00:00;3334.1524372140325;2314.45425;['precipitation']
2026-01-26 03:00:00;2731.7105884605935;2804.119;['precipitation']
2026-01-26 04:00:00;2818.692499676732;1930.60775;['precipitation']
2026-01-26 05:00:00;2909.332196974388;2723.21625;['precipitation']
2026-01-26 06:00:00;2979.291753187958;2888.58725;['precipitation']
2026-01-26 07:00:00;2885.303457746114;2713.859;['precipitation']
2026-01-26 08:00:00;2603.813795507132;4417.67925;['precipitation']
2026-01-26 09:00:00;2520.9943257102263;3356.1275;['precipitation']
2026-01-26 10:00:00;3221.3975280537043;3438.948;['precipitation']
2026-01-26 11:00:00;3362.200832986305;3563.75175;['precipitation']
2026-01-26 12:00:00;3330.935502985214;2427.02325;['precipitation']
2026-01-26 13:00:00;2332.4613725069694;2582.1835;['precipitation']
2026-01-26 14:00:00;3057.391679019296;2928.6145;['precipitation']
2026-01-26 15:00:00;2680.630882499206;3789.735;['precipitation']
2026-01-26 16:00:00;2915.186979346571;4572.9445;['precipitation']
2026-01-26 17:00:00;3099.3592893086507;5266.107;['precipitation']
2026-01-26 18:00:00;2759.563756350336;4283.08325;['precipitation']
2026-01-26 19:00:00;2258.950112557769;2424.01675;['precipitation']
2026-01-26 20:00:00;3413.867552964251;4279.203;['precipitation']
2026-01-26 21:00:00;3518.5385278528574;3742.166;['precipitation']
2026-01-26 22:00:00;3213.2733183417795;4314.9745;['precipitation']
2026-01-26 23:00:00;2775.0012885538754;2969.2475;['precipitation']
2026-01-27 00:00:00;3406.089299459707;2830.22625;['precipitation']
2026-01-27 01:00:00;3147.489886929163;2744.937;['precipitation']
2026-01-27 02:00:00;2974.2604054865697;3257.3167500000004;['precipitation']
2026-01-27 03:00:00;2945.964904656273;2912.7870000000003;['precipitation']
2026-01-27 04:00:00;3067.564197278324;2666.22525;['precipitation']
2026-01-27 05:00:00;3065.527472107341;2944.02975;['precipitation']
2026-01-27 06:00:00;3091.1456134644704;3157.67;['precipitation']
2026-01-27 07:00:00;3087.244339748963;4838.0755;['precipitation']
2026-01-27 08:00:00;3606.032605383006;4393.29025;['precipitation']
2026-01-27 09:00:00;2998.0686557727;5051.76225;['precipitation']
2026-01-27 10:00:00;3328.1816000623094;2729.127;['precipitation']
2026-01-27 11:00:00;3422.605894154098;5356.0235;['precipitation']
2026-01-27 12:00:00;2922.5598099510526;4141.3775000000005;['precipitation']
2026-01-27 13:00:00;2736.0153193858123;5016.7125;['precipitation']
2026-01-27 14:00:00;3188.484265612231;4572.88175;['precipitation']
2026-01-27 15:00:00;3378.8670160343563;5905.1945;['precipitation']
2026-01-27 16:00:00;3691.5549011777953;3749.44675;['precipitation']
2026-01-27 17:00:00;3849.082312927695;4949.617;['precipitation']
2026-01-27 18:00:00;4481.415118916005;4155.69975;['precipitation']
2026-01-27 19:00:00;3649.4906406960595;2501.7875;['precipitation']
2026-01-27 20:00:00;4126.99505961041;4555.15975;['precipitation']
2026-01-27 21:00:00;3797.3989180497974;4213.807;['precipitation']
2026-01-27 22:00:00;4050.8093790852163;3972.591;['precipitation']
2026-01-27 23:00:00;3240.910080723761;2477.69175;['precipitation']
2026-01-28 00:00:00;3048.5180564396114;2930.86175;['precipitation']
2026-01-28 01:00:00;3348.7015758060606;2799.0625;['precipitation']
2026-01-28 02:00:00;3655.908027359088;2599.72025;['precipitation']
2026-01-28 03:00:00;3293.2215432023977;2659.1175000000003;['precipitation']
2026-01-28 04:00:00;3406.1207665228253;2997.5885;['precipitation']
2026-01-28 05:00:00;3440.998567490119;3240.1315;['precipitation']
2026-01-28 06:00:00;3551.5549306490157;3348.08375;['precipitation']
2026-01-28 07:00:00;4217.167570530373;2768.882;['precipitation']
2026-01-28 08:00:00;3995.8041333649517;3758.438;['precipitation']
2026-01-28 09:00:00;4264.425569696803;4153.29825;['precipitation']
2026-01-28 10:00:00;3368.0304597597005;3485.40875;['precipitation']
2026-01-28 11:00:00;3648.1462427224897;2457.739;['precipitation']
2026-01-28 12:00:00;3925.8992950588545;2199.971;['precipitation']
2026-01-28 13:00:00;4037.1959807753155;2714.47975;['precipitation']
2026-01-28 14:00:00;4231.871828982798;2314.87675;['precipitation']
2026-01-28 15:00:00;3392.4961798691684;2226.03375;['precipitation']
2026-01-28 16:00:00;4209.156801159441;2161.29975;['precipitation']
2026-01-28 17:00:00;4423.21693412709;4241.76125;['precipitation']
2026-01-28 18:00:00;4468.931218135319;4462.1295;['precipitation']
2026-01-28 19:00:00;3581.3302982388664;3273.2575;['precipitation']
2026-01-28 20:00:00;4566.572613625245;4066.16375;['precipitation']
2026-01-28 21:00:00;4309.173803160075;3350.293;['precipitation']
2026-01-28 22:00:00;4123.654752157659;3015.4385;['precipitation']
2026-01-28 23:00:00;3469.85667019552;2959.08775;['precipitation']
2026-01-29 00:00:00;3138.471340430999;3130.11525;['precipitation']
2026-01-29 01:00:00;2888.510036672955;2990.9015;['precipitation']
2026-01-29 02:00:00;3267.6003330088847;3271.22725;['precipitation']
2026-01-29 03:00:00;3253.7025020192455;3629.855;['precipitation']
2026-01-29 04:00:00;2805.870260203309;2829.71625;['precipitation']
2026-01-29 05:00:00;2947.2477224625572;3074.8425;['precipitation']
2026-01-29 06:00:00;3032.179900265359;2983.11375;['precipitation']
2026-01-29 07:00:00;2826.125474664869;2818.86525;['precipitation']
2026-01-29 08:00:00;3284.5591593452555;2361.08125;['precipitation']
2026-01-29 09:00:00;3416.1795775563587;3292.206;['precipitation']
2026-01-29 10:00:00;3044.747879561508;3860.7405;['precipitation']
2026-01-29 11:00:00;2677.2338956528365;4322.213;['precipitation']
2026-01-29 12:00:00;3225.5160252923706;3233.9055;['precipitation']
2026-01-29 13:00:00;2702.1227983297367;3161.515;['precipitation']
2026-01-29 14:00:00;2894.9790389213786;3518.00425;['precipitation']
2026-01-29 15:00:00;2851.123936348195;3397.26675;['precipitation']
2026-01-29 16:00:00;3477.2626754633256;3804.59875;['precipitation']
2026-01-29 17:00:00;4172.549471780848;3048.346;['precipitation']
2026-01-29 18:00:00;4130.292615059384;3831.81075;['precipitation']
2026-01-29 19:00:00;3033.826719824344;4592.51725;['precipitation']
2026-01-29 20:00:00;3894.2997886861517;3198.797;['precipitation']
2026-01-29 21:00:00;3370.3255648259947;3905.9085;['precipitation']
2026-01-29 22:00:00;3211.799281227367;2584.36575;['precipitation']
2026-01-29 23:00:00;2875.015443776274;2977.50875;['precipitation']
2026-01-30 00:00:00;3196.7189746702097;2930.24125;['precipitation']
2026-01-30 01:00:00;3119.9434176603604;3045.52575;['precipitation']
2026-01-30 02:00:00;3416.183782675663;3382.778;['precipitation']
2026-01-30 03:00:00;3138.691629806418;2108.5750000000003;['precipitation']
2026-01-30 04:00:00;3002.0738724039506;2711.36825;['precipitation']
2026-01-30 05:00:00;3016.9553175057713;2823.3405;['precipitation']
2026-01-30 06:00:00;3134.468498237233;2810.056;['precipitation']
2026-01-30 07:00:00;3279.193973377272;2569.47575;['precipitation']
2026-01-30 08:00:00;2804.7103421759;3011.00925;['precipitation']
2026-01-30 09:00:00;3239.3919395251187;3970.83225;['precipitation']
2026-01-30 10:00:00;3537.0760854146215;4316.86625;['precipitation']
2026-01-30 11:00:00;3544.243494516487;3255.9585;['precipitation']
2026-01-30 12:00:00;3090.4074476851333;3856.16275;['precipitation']
2026-01-30 13:00:00;3082.114618049898;5804.923;['precipitation']
2026-01-30 14:00:00;3607.9311956572824;3518.00425;['precipitation']
2026-01-30 15:00:00;3582.187853519546;3397.26675;['precipitation']
2026-01-30 16:00:00;3647.9183772809015;2872.316;['precipitation']
2026-01-30 17:00:00;3355.257763172229;4624.5915;['precipitation']
2026-01-30 18:00:00;3774.9376799880197;3331.67425;['precipitation']
2026-01-30 19:00:00;3568.3972041146726;2540.943;['precipitation']
2026-01-30 20:00:00;3513.712944887347;3665.77125;['precipitation']
2026-01-30 21:00:00;3705.9881716906334;2802.63575;['precipitation']
2026-01-30 22:00:00;3506.2301284867885;3011.39175;['precipitation']
2026-01-30 23:00:00;3033.3685617660904;2593.54575;['precipitation']
2026-01-31 00:00:00;2965.860769740021;3173.0025;['precipitation']
2026-01-31 01:00:00;2982.3556869766358;3842.7335;['precipitation']
2026-01-31 02:00:00;3198.202076649723;3099.48925;['precipitation']
2026-01-31 03:00:00;2768.75476231495;3333.14125;['precipitation']
2026-01-31 04:00:00;2962.0711204908207;2831.7290000000003;['precipitation']
2026-01-31 05:00:00;2901.3610273821946;2721.9165000000003;['precipitation']
2026-01-31 06:00:00;2962.1410459322096;3373.83025;['precipitation']
2026-01-31 07:00:00;2878.569589694837;3361.293;['precipitation']
2026-01-31 08:00:00;3055.0595299553047;3424.02625;['precipitation']
2026-01-31 09:00:00;3333.5784876374864;3892.46575;['precipitation']
2026-01-31 10:00:00;3423.611500811581;4093.56525;['precipitation']
2026-01-31 11:00:00;3019.72072270361;3468.38725;['precipitation']
2026-01-31 12:00:00;3171.4501151352715;3645.032;['precipitation']
2026-01-31 13:00:00;3793.7008522518527;3006.9835;['precipitation']
2026-01-31 14:00:00;3486.484699803336;3079.298;['precipitation']
2026-01-31 15:00:00;3259.8624009171135;3843.243;['precipitation']
2026-01-31 16:00:00;3313.6649893128947;2761.37025;['precipitation']
2026-01-31 17:00:00;4231.720746997489;2594.62925;['precipitation']
2026-01-31 18:00:00;3690.8995335137924;5439.38975;['precipitation']
2026-01-31 19:00:00;3553.6837596676446;4224.091;['precipitation']
2026-01-31 20:00:00;3674.2754614239234;3178.35475;['precipitation']
2026-01-31 21:00:00;3156.8239203376725;4102.47225;['precipitation']
2026-01-31 22:00:00;3390.283295671351;4452.82625;['precipitation']
2026-01-31 23:00:00;2886.844026519259;1587.8345;['precipitation']
2026-02-01 00:00:00;2807.679757365628;1227.2925;['precipitation']
2026-02-01 01:00:00;3054.3610579509213;986.55825;['precipitation']
2026-02-01 02:00:00;3159.134841914848;523.318;['precipitation']
2026-02-01 03:00:00;2970.3709234893317;419.4962499999999;['precipitation']
2026-02-01 04:00:00;2965.3316457495916;809.1597499999999;['precipitation']
2026-02-01 05:00:00;2900.2955545328273;879.83475;['precipitation']
2026-02-01 06:00:00;3221.6661209609074;644.55125;['precipitation']
2026-02-01 07:00:00;3320.223828821202;2779.7565000000004;['precipitation']
2026-02-01 08:00:00;3248.590237610193;4242.7392500000005;['precipitation']
2026-02-01 09:00:00;3546.3368979534885;4539.58225;['precipitation']
2026-02-01 10:00:00;3254.4505505024313;3902.5285;['precipitation']
2026-02-01 11:00:00;3200.1192353348847;3690.70825;['precipitation']
2026-02-01 12:00:00;3095.6455096894774;3770.9095;['precipitation']
2026-02-01 13:00:00;3546.3731273190338;3929.826;['precipitation']
2026-02-01 14:00:00;3277.570866135588;2997.2215;['precipitation']
2026-02-01 15:00:00;3544.035452345375;3139.48325;['precipitation']
2026-02-01 16:00:00;3354.7617868684706;4010.29575;['precipitation']
2026-02-01 17:00:00;3633.1934760256054;3188.33075;['precipitation']
2026-02-01 18:00:00;4252.186462455475;4498.370000000001;['precipitation']
2026-02-01 19:00:00;3635.472906802051;5959.908;['precipitation']
2026-02-01 20:00:00;3748.136679129906;2655.0615;['precipitation']
2026-02-01 21:00:00;3807.8305763822204;4070.45725;['precipitation']
2026-02-01 22:00:00;3889.9389224938313;3704.6875;['precipitation']
2026-02-01 23:00:00;2786.340642034691;4307.6215;['precipitation']
2026-02-02 00:00:00;3317.955966363112;4194.2355;['precipitation']
2026-02-02 01:00:00;3261.99692569148;3838.329;['precipitation']
2026-02-02 02:00:00;3057.241030576162;3883.407;['precipitation']
2026-02-02 03:00:00;2660.056503325632;2908.932;['precipitation']
2026-02-02 04:00:00;2893.5793407786373;3679.78875;['precipitation']
2026-02-02 05:00:00;2690.1670156286937;2860.6365;['precipitation']
2026-02-02 06:00:00;2705.9697051328576;3718.30325;['precipitation']
2026-02-02 07:00:00;3101.8774618156026;4196.75575;['precipitation']
2026-02-02 08:00:00;3515.446883247834;3431.86475;['precipitation']
2026-02-02 09:00:00;3574.6112341465473;3188.44575;['precipitation']
2026-02-02 10:00:00;3355.719636951766;3551.37525;['precipitation']
2026-02-02 11:00:00;3242.6304876194718;3092.7580000000003;['precipitation']
2026-02-02 12:00:00;3435.8681266985295;2944.382;['precipitation']
2026-02-02 13:00:00;3479.403506242069;3419.67125;['precipitation']
2026-02-02 14:00:00;3310.859791219943;2483.34625;['precipitation']
2026-02-02 15:00:00;3129.210981716314;3997.7985;['precipitation']
2026-02-02 16:00:00;3445.97466710397;3957.9355;['precipitation']
2026-02-02 17:00:00;3973.0051078882225;6156.93275;['precipitation']
2026-02-02 18:00:00;4011.7364005448135;5374.7855;['precipitation']
2026-02-02 19:00:00;4577.621261210631;4602.8735;['precipitation']
2026-02-02 20:00:00;3392.670261503572;4762.261;['precipitation']
2026-02-02 21:00:00;3640.2735133999763;2763.79025;['precipitation']
2026-02-02 22:00:00;3421.274775386112;3169.481;['precipitation']
2026-02-02 23:00:00;3228.254255619281;2885.26125;['precipitation']
2026-02-03 00:00:00;3201.25901879598;3208.07325;['precipitation']
2026-02-03 01:00:00;2795.411009527489;2903.31075;['precipitation']
2026-02-03 02:00:00;3248.8126593175575;2636.27025;['precipitation']
2026-02-03 03:00:00;2751.6068237923473;3501.708;['precipitation']
2026-02-03 04:00:00;3094.140724655485;3136.13775;['precipitation']
2026-02-03 05:00:00;2841.1484240396394;3059.192;['precipitation']
2026-02-03 06:00:00;3321.6129121966883;3381.67525;['precipitation']
2026-02-03 07:00:00;3517.7175433250563;2936.9875;['precipitation']
2026-02-03 08:00:00;3527.898963821958;2881.34175;['precipitation']
2026-02-03 09:00:00;3330.6730513533166;3689.56575;['precipitation']
2026-02-03 10:00:00;3603.677590492719;4700.9365;['precipitation']
2026-02-03 11:00:00;3523.2685049493907;4837.66625;['precipitation']
2026-02-03 12:00:00;3128.1340459930816;3223.52525;['precipitation']
2026-02-03 13:00:00;3606.6509793906816;3071.254;['precipitation']
2026-02-03 14:00:00;3480.1253640465106;4405.00475;['precipitation']
2026-02-03 15:00:00;3289.2467387366114;3237.20825;['precipitation']
2026-02-03 16:00:00;3185.583543127564;4089.68875;['precipitation']
2026-02-03 17:00:00;4625.363147419961;5304.03325;['precipitation']
2026-02-03 18:00:00;4092.656923949605;5559.15675;['precipitation']
2026-02-03 19:00:00;4650.447006349458;3708.947;['precipitation']
2026-02-03 20:00:00;3682.472138947759;3665.57175;['precipitation']
2026-02-03 21:00:00;3573.2962730142203;3451.28325;['precipitation']
2026-02-03 22:00:00;3590.643221005278;3417.2;['precipitation']
2026-02-03 23:00:00;3159.6580011938545;4015.31775;['precipitation']
2026-02-04 00:00:00;3598.6541828367267;3004.00075;['precipitation']
2026-02-04 01:00:00;3487.904641298753;3396.32175;['precipitation']
2026-02-04 02:00:00;3382.613453354243;3114.4585;['precipitation']
2026-02-04 03:00:00;3372.5044728682424;2805.3185;['precipitation']
2026-02-04 04:00:00;3271.5921424187145;2795.15475;['precipitation']
2026-02-04 05:00:00;2992.931521835932;2969.17225;['precipitation']
2026-02-04 06:00:00;3261.678744704402;3460.06175;['precipitation']
2026-02-04 07:00:00;3667.9123440216563;3189.5730000000003;['precipitation']
2026-02-04 08:00:00;3375.3296191043814;3796.666;['precipitation']
2026-02-04 09:00:00;3439.9846025500105;3479.20375;['precipitation']
2026-02-04 10:00:00;3282.3726339221557;4332.7065;['precipitation']
2026-02-04 11:00:00;3709.2494778971686;2879.26525;['precipitation']
2026-02-04 12:00:00;3585.1268757059347;2504.1825;['precipitation']
2026-02-04 13:00:00;3444.6938518354955;2285.1665;['precipitation']
2026-02-04 14:00:00;3624.386611405388;1426.6965;['precipitation']
2026-02-04 15:00:00;4002.1979455464134;1973.97525;['precipitation']
2026-02-04 16:00:00;4116.749930244953;3078.4485;['precipitation']
2026-02-04 17:00:00;4365.663312179524;3131.75175;['precipitation']
2026-02-04 18:00:00;4526.2050720158295;3145.325;['precipitation']
2026-02-04 19:00:00;3360.0870473692216;2937.0585;['precipitation']
2026-02-04 20:00:00;3840.01383896468;2372.80775;['precipitation']
2026-02-04 21:00:00;3963.2298683808694;2626.7202500000003;['precipitation']
2026-02-04 22:00:00;3725.5930009727376;3097.12075;['precipitation']
2026-02-04 23:00:00;3392.1452776205306;2309.46375;['precipitation']
2026-02-05 00:00:00;2676.198261760994;2383.21975;['precipitation']
2026-02-05 01:00:00;2845.7157804315575;2960.2615;['precipitation']
2026-02-05 02:00:00;2698.3090476332286;2172.40875;['precipitation']
2026-02-05 03:00:00;2558.586618873293;2315.36425;['precipitation']
2026-02-05 04:00:00;2810.355270048887;2231.8865;['precipitation']
2026-02-05 05:00:00;2883.3034893249132;2299.616;['precipitation']
2026-02-05 06:00:00;3126.231676214203;2751.74825;['precipitation']
2026-02-05 07:00:00;3259.9270972337263;2285.11125;['precipitation']
2026-02-05 08:00:00;3505.3253956545177;2690.5555;['precipitation']
2026-02-05 09:00:00;3278.6702773919214;2209.523;['precipitation']
2026-02-05 10:00:00;3568.2555005061267;2035.103;['precipitation']
2026-02-05 11:00:00;2945.9952057761175;3871.413;['precipitation']
2026-02-05 12:00:00;2799.846058255087;2481.76625;['precipitation']
2026-02-05 13:00:00;2922.5091257506174;2475.083;['precipitation']
2026-02-05 14:00:00;2710.560438018493;2266.7945;['precipitation']
2026-02-05 15:00:00;2811.7599616885714;3025.16625;['precipitation']
2026-02-05 16:00:00;3620.723949212063;3120.888;['precipitation']
2026-02-05 17:00:00;4406.4478382286225;5058.1865;['precipitation']
2026-02-05 18:00:00;4120.373005770974;4388.71075;['precipitation']
2026-02-05 19:00:00;3636.200364403541;2322.8345;['precipitation']
2026-02-05 20:00:00;3725.97766803604;2892.934;['precipitation']
2026-02-05 21:00:00;3749.8846433896497;2691.11;['precipitation']
2026-02-05 22:00:00;3617.2813784603404;2040.70725;['precipitation']
2026-02-05 23:00:00;2981.8334680551507;2318.614;['precipitation']
2026-02-06 00:00:00;2479.042647562341;2417.388;['precipitation']
2026-02-06 01:00:00;2587.1269129828606;3028.649;['precipitation']
2026-02-06 02:00:00;2568.8494405178044;2456.4425;['precipitation']
2026-02-06 03:00:00;2428.40763450092;1991.96825;['precipitation']
2026-02-06 04:00:00;2537.3037806763714;2168.60175;['precipitation']
2026-02-06 05:00:00;2546.199288954103;2554.5777500000004;['precipitation']
2026-02-06 06:00:00;2719.1517090982143;2480.9035;['precipitation']
2026-02-06 07:00:00;2799.1030059064924;2516.1095;['precipitation']
2026-02-06 08:00:00;3010.4145005349947;2358.27875;['precipitation']
2026-02-06 09:00:00;3183.919870613254;3043.82875;['precipitation']
2026-02-06 10:00:00;2889.6692789780745;1863.571;['precipitation']
2026-02-06 11:00:00;2910.3376565296785;1953.389;['precipitation']
2026-02-06 12:00:00;2929.0974951612916;2709.674;['precipitation']
2026-02-06 13:00:00;2733.910690544495;2834.37725;['precipitation']
2026-02-06 14:00:00;2393.0384594356656;3653.3685;['precipitation']
2026-02-06 15:00:00;2899.9343660162594;3025.16625;['precipitation']
2026-02-06 16:00:00;3338.987147230191;3120.888;['precipitation']
2026-02-06 17:00:00;3988.408777808433;5058.1865;['precipitation']
2026-02-06 18:00:00;4391.662395130214;4388.71075;['precipitation']
2026-02-06 19:00:00;3444.4863125786524;2322.8345;['precipitation']
2026-02-06 20:00:00;3419.2593684177405;2892.934;['precipitation']
2026-02-06 21:00:00;3378.729006610223;2691.11;['precipitation']
2026-02-06 22:00:00;3254.0853190900943;2040.70725;['precipitation']
2026-02-06 23:00:00;2577.5710046880604;2318.614;['precipitation']
2026-02-07 00:00:00;2361.9289614192894;2417.388;['precipitation']
2026-02-07 01:00:00;2424.1013964622816;3028.649;['precipitation']
2026-02-07 02:00:00;2270.323793028421;2456.4425;['precipitation']
2026-02-07 03:00:00;2162.288524148387;1991.96825;['precipitation']
2026-02-07 04:00:00;2206.9663213332215;2168.60175;['precipitation']
2026-02-07 05:00:00;2310.2515921752083;2554.5777500000004;['precipitation']
2026-02-07 06:00:00;2431.052167862108;2480.9035;['precipitation']
2026-02-07 07:00:00;2576.186054974592;2516.1095;['precipitation']
2026-02-07 08:00:00;2657.9166178838905;2358.27875;['precipitation']
2026-02-07 09:00:00;2611.82299349221;3043.82875;['precipitation']
2026-02-07 10:00:00;2492.9145993740535;1863.571;['precipitation']
2026-02-07 11:00:00;2661.148106088838;1953.389;['precipitation']
2026-02-07 12:00:00;2568.3684169397065;2709.674;['precipitation']
2026-02-07 13:00:00;2629.9500940248026;2834.37725;['precipitation']
2026-02-07 14:00:00;2681.8965383523437;3653.3685;['precipitation']
2026-02-07 15:00:00;2680.5798850301535;2864.2456666666667;['precipitation']
2026-02-07 16:00:00;3114.1179623300563;2075.1228333333333;['precipitation']
2026-02-07 17:00:00;4227.265398300255;1286.0;['precipitation']
2026-02-07 18:00:00;3934.5967985564143;1953.83375;['precipitation']
2026-02-07 19:00:00;3064.7017765758796;1765.97475;['precipitation']
2026-02-07 20:00:00;3116.715320654393;4467.39375;['precipitation']
2026-02-07 21:00:00;3010.2146663819294;4289.70725;['precipitation']
2026-02-07 22:00:00;3038.9266767845284;2769.21075;['precipitation']
2026-02-07 23:00:00;2220.005524871807;2518.1585;['precipitation']
2026-02-08 00:00:00;2680.744713241138;2938.06875;['precipitation']
2026-02-08 01:00:00;2810.8335498847982;2957.5335;['precipitation']
2026-02-08 02:00:00;2526.234434855212;1970.80175;['precipitation']
2026-02-08 03:00:00;2267.5103020212973;2352.781;['precipitation']
2026-02-08 04:00:00;2338.570374626564;2566.9445;['precipitation']
2026-02-08 05:00:00;2376.5942057492907;2694.618;['precipitation']
2026-02-08 06:00:00;2477.0006445140752;3327.3340000000003;['precipitation']
2026-02-08 07:00:00;2600.248154019052;2645.92225;['precipitation']
2026-02-08 08:00:00;2743.772432768906;2682.03925;['precipitation']
2026-02-08 09:00:00;2878.871943201234;2049.55625;['precipitation']
2026-02-08 10:00:00;2376.826715514914;3419.758;['precipitation']
2026-02-08 11:00:00;2353.9795135847303;3716.1535;['precipitation']
2026-02-08 12:00:00;2662.1447902816003;3340.28175;['precipitation']
2026-02-08 13:00:00;2666.637151306345;2959.019;['precipitation']
2026-02-08 14:00:00;2743.405860353356;2486.248;['precipitation']
2026-02-08 15:00:00;2706.011261452728;2433.7925;['precipitation']
2026-02-08 16:00:00;2752.444235980085;3127.31125;['precipitation']
2026-02-08 17:00:00;3053.925988287742;2999.37275;['precipitation']
2026-02-08 18:00:00;3549.134373810374;5183.34525;['precipitation']
2026-02-08 19:00:00;2724.098548269739;3736.658;['precipitation']
2026-02-08 20:00:00;3480.4608480678476;2797.79775;['precipitation']
2026-02-08 21:00:00;3597.5218818886183;4569.61725;['precipitation']
2026-02-08 22:00:00;2859.146887407029;3223.9255000000003;['precipitation']
2026-02-08 23:00:00;2438.8570956911053;2572.21625;['precipitation']
2026-02-09 00:00:00;2763.0840184510485;2426.5875;['precipitation']
2026-02-09 01:00:00;2736.6424329027764;2814.69075;['precipitation']
2026-02-09 02:00:00;2658.717209685695;2158.1762500000004;['precipitation']
2026-02-09 03:00:00;2294.5089385324827;2665.0825;['precipitation']
2026-02-09 04:00:00;2606.0306787107093;2046.7645;['precipitation']
2026-02-09 05:00:00;2433.3141734005085;3459.894;['precipitation']
2026-02-09 06:00:00;2643.364729207626;2796.855;['precipitation']
2026-02-09 07:00:00;2918.2234251349428;2588.22925;['precipitation']
2026-02-09 08:00:00;2741.130058083065;2782.715;['precipitation']
2026-02-09 09:00:00;2511.3309146939805;2941.144;['precipitation']
2026-02-09 10:00:00;2649.571532635474;2378.2555;['precipitation']
2026-02-09 11:00:00;2899.2232307631903;1645.005;['precipitation']
2026-02-09 12:00:00;3151.5106928624623;2864.45375;['precipitation']
2026-02-09 13:00:00;2636.1156500931625;3099.12325;['precipitation']
2026-02-09 14:00:00;2871.1823979280634;2231.92525;['precipitation']
2026-02-09 15:00:00;3028.6803407826833;1882.14975;['precipitation']
2026-02-09 16:00:00;2983.0362962209124;2290.892;['precipitation']
2026-02-09 17:00:00;3829.865564555284;3762.23375;['precipitation']
2026-02-09 18:00:00;4256.70013803459;3246.77025;['precipitation']
2026-02-09 19:00:00;3071.4043896296826;3761.3245;['precipitation']
2026-02-09 20:00:00;3331.4185621860743;3345.93475;['precipitation']
2026-02-09 21:00:00;3204.9565489542065;3058.4565;['precipitation']
2026-02-09 22:00:00;3346.8055044019;3274.3425;['precipitation']
2026-02-09 23:00:00;2499.3595764523952;3204.72675;['precipitation']
2026-02-10 00:00:00;2744.607876601275;2312.257;['precipitation']
2026-02-10 01:00:00;2849.405900186017;2445.75475;['precipitation']
2026-02-10 02:00:00;2589.395091465867;2738.38875;['precipitation']
2026-02-10 03:00:00;2433.8191577143743;2507.56425;['precipitation']
2026-02-10 04:00:00;2369.5037783822795;2972.28575;['precipitation']
2026-02-10 05:00:00;2602.5337243528093;2894.95425;['precipitation']
2026-02-10 06:00:00;2539.6779387249426;3762.406;['precipitation']
2026-02-10 07:00:00;2725.283337813581;2580.2795;['precipitation']
2026-02-10 08:00:00;2850.599435125656;4036.3455;['precipitation']
2026-02-10 09:00:00;2754.448556800162;3671.19375;['precipitation']
2026-02-10 10:00:00;2907.803563602683;2416.94175;['precipitation']
2026-02-10 11:00:00;2792.417711271525;2677.89175;['precipitation']
2026-02-10 12:00:00;2510.1774946654323;1806.73475;['precipitation']
2026-02-10 13:00:00;2675.689775989804;3154.1665;['precipitation']
2026-02-10 14:00:00;2699.7436543017666;2227.19575;['precipitation']
2026-02-10 15:00:00;2442.327711891294;2543.43525;['precipitation']
2026-02-10 16:00:00;2882.202150325733;2576.265;['precipitation']
2026-02-10 17:00:00;3687.362676910261;5342.617;['precipitation']
2026-02-10 18:00:00;4497.556192442472;5926.32475;['precipitation']
2026-02-10 19:00:00;3071.327701376;3875.02825;['precipitation']
2026-02-10 20:00:00;3408.96368254397;4273.53175;['precipitation']
2026-02-10 21:00:00;2839.434122678462;2881.09475;['precipitation']
2026-02-10 22:00:00;2803.055645574036;2286.139;['precipitation']
2026-02-10 23:00:00;2610.774603358302;3057.192;['precipitation']
2026-02-11 00:00:00;2672.174643264546;2366.50825;['precipitation']
2026-02-11 01:00:00;2683.4606717628058;2711.8525;['precipitation']
2026-02-11 02:00:00;2595.0818297530573;2083.15775;['precipitation']
2026-02-11 03:00:00;2366.884887076062;2465.2165000000005;['precipitation']
2026-02-11 04:00:00;2424.797201105971;2897.0037500000003;['precipitation']
2026-02-11 05:00:00;2558.7729538483504;2676.7915000000003;['precipitation']
2026-02-11 06:00:00;2726.4970765550343;2365.58925;['precipitation']
2026-02-11 07:00:00;2641.970065122292;3238.81225;['precipitation']
2026-02-11 08:00:00;2794.1810272763278;2706.17225;['precipitation']
2026-02-11 09:00:00;2899.3007936274103;3475.922;['precipitation']
2026-02-11 10:00:00;2742.0804898566066;2244.5915;['precipitation']
2026-02-11 11:00:00;2892.6636633603134;2952.637;['precipitation']
2026-02-11 12:00:00;2768.593521727626;1686.3925;['precipitation']
2026-02-11 13:00:00;3056.438379261948;3154.1665;['precipitation']
2026-02-11 14:00:00;2335.937059133904;2227.19575;['precipitation']
2026-02-11 15:00:00;2810.696914646195;2543.43525;['precipitation']
2026-02-11 16:00:00;3088.95951968863;2576.265;['precipitation']
2026-02-11 17:00:00;3929.41276474731;1333.5;['precipitation']
2026-02-11 18:00:00;4214.505927731055;3750.33275;['precipitation']
2026-02-11 19:00:00;3088.4933029850963;3982.69175;['precipitation']
2026-02-11 20:00:00;3666.002353072712;3578.161;['precipitation']
2026-02-11 21:00:00;3101.913774661016;2482.21025;['precipitation']
2026-02-11 22:00:00;2788.8447592790008;2358.59375;['precipitation']
2026-02-11 23:00:00;2769.323486514163;2322.409;['precipitation']
2026-02-12 00:00:00;2509.2058839182546;2297.366;['precipitation']
2026-02-12 01:00:00;2549.1585432075117;2377.4665;['precipitation']
2026-02-12 02:00:00;2447.099874080672;1861.1955;['precipitation']
2026-02-12 03:00:00;2391.0069305496277;1835.98825;['precipitation']
2026-02-12 04:00:00;2409.9743551433294;1987.42975;['precipitation']
2026-02-12 05:00:00;2567.7663471262135;2928.504;['precipitation']
2026-02-12 06:00:00;2588.721142877479;2122.81;['precipitation']
2026-02-12 07:00:00;2774.511427599567;2338.194;['precipitation']
2026-02-12 08:00:00;2881.3061725922635;1348.37875;['precipitation']
2026-02-12 09:00:00;2743.9922450303393;928.61625;['precipitation']
2026-02-12 10:00:00;2682.3731017489404;2329.8340000000003;['precipitation']
2026-02-12 11:00:00;2603.5617623951475;1817.92825;['precipitation']
2026-02-12 12:00:00;3378.535084163679;3735.537;['precipitation']
2026-02-12 13:00:00;3126.694315311199;2596.203;['precipitation']
2026-02-12 14:00:00;2401.568921247709;2194.61975;['precipitation']
2026-02-12 15:00:00;2737.4962399964375;1834.60225;['precipitation']
2026-02-12 16:00:00;3044.317752115512;2180.3565;['precipitation']
2026-02-12 17:00:00;3442.7622647194876;3746.30075;['precipitation']
2026-02-12 18:00:00;3795.447315682757;4982.87875;['precipitation']
2026-02-12 19:00:00;2568.0779396185044;3386.71775;['precipitation']
2026-02-12 20:00:00;3384.2011164295627;3613.59775;['precipitation']
2026-02-12 21:00:00;3099.071860173021;3065.22725;['precipitation']
2026-02-12 22:00:00;2884.8003649141106;2475.28875;['precipitation']
2026-02-12 23:00:00;2409.575076010935;2045.159;['precipitation']
2026-02-13 00:00:00;2111.311143950049;2855.48325;['precipitation']
2026-02-13 01:00:00;2384.3041115124192;2102.1375;['precipitation']
2026-02-13 02:00:00;2558.9463872622487;2721.5535;['precipitation']
2026-02-13 03:00:00;2214.584042416212;2265.05425;['precipitation']
2026-02-13 04:00:00;1924.8908911098156;2724.386;['precipitation']
2026-02-13 05:00:00;2355.849566484435;1950.27;['precipitation']
2026-02-13 06:00:00;2432.0227789742767;2676.27525;['precipitation']
2026-02-13 07:00:00;2384.1638399216345;1876.716;['precipitation']
2026-02-13 08:00:00;2853.8956884571867;3155.0185;['precipitation']
2026-02-13 09:00:00;2641.0081802397485;3419.00525;['precipitation']
2026-02-13 10:00:00;2613.943907966438;2633.61775;['precipitation']
2026-02-13 11:00:00;2104.2076866776792;3832.5985;['precipitation']
2026-02-13 12:00:00;2671.7931420629025;2113.4985;['precipitation']
2026-02-13 13:00:00;2654.9781477036727;2406.8145;['precipitation']
2026-02-13 14:00:00;2880.4128493274775;2225.23925;['precipitation']
2026-02-13 15:00:00;2462.417906831586;2112.819;['precipitation']
2026-02-13 16:00:00;2753.006515001456;2119.783;['precipitation']
2026-02-13 17:00:00;4572.466995322808;2762.934;['precipitation']
2026-02-13 18:00:00;3814.4256608795;3519.851;['precipitation']
2026-02-13 19:00:00;2667.6117499927627;3490.8465;['precipitation']
2026-02-13 20:00:00;3256.91066128599;3538.6712499999994;['precipitation']
2026-02-13 21:00:00;3024.966833469372;3449.1785;['precipitation']
2026-02-13 22:00:00;2711.861853142899;2324.8065;['precipitation']
2026-02-13 23:00:00;2193.704525144111;3431.5795;['precipitation']
2026-02-14 00:00:00;2644.022120596958;2411.443;['precipitation']
2026-02-14 01:00:00;2679.7614663221643;2943.3845;['precipitation']
2026-02-14 02:00:00;2771.9676415597396;2579.4275;['precipitation']
2026-02-14 03:00:00;2536.360261377439;2204.52425;['precipitation']
2026-02-14 04:00:00;2610.819279951428;2660.8965000000003;['precipitation']
2026-02-14 05:00:00;2261.0457382460886;3597.15675;['precipitation']
2026-02-14 06:00:00;2828.271588375498;2461.59075;['precipitation']
2026-02-14 07:00:00;2353.8955070252764;2936.82475;['precipitation']
2026-02-14 08:00:00;2931.106316101712;2971.81825;['precipitation']
2026-02-14 09:00:00;2493.4036004487366;2900.61125;['precipitation']
2026-02-14 10:00:00;2863.170531270531;2713.67975;['precipitation']
2026-02-14 11:00:00;3535.7185207372263;2756.77525;['precipitation']
2026-02-14 12:00:00;2546.3306421973352;3727.64475;['precipitation']
2026-02-14 13:00:00;2638.9732814378385;2757.3445;['precipitation']
2026-02-14 14:00:00;2418.674762449618;3371.52475;['precipitation']
2026-02-14 15:00:00;2583.415223932998;3231.48225;['precipitation']
2026-02-14 16:00:00;2669.4333856400517;4488.084;['precipitation']
2026-02-14 17:00:00;3629.007656278769;5352.45;['precipitation']
2026-02-14 18:00:00;4178.783458351309;6210.828;['precipitation']
2026-02-14 19:00:00;3105.820554008692;1903.77525;['precipitation']
2026-02-14 20:00:00;3010.1803486588506;2630.102;['precipitation']
2026-02-14 21:00:00;2724.8699866207344;4245.20475;['precipitation']
2026-02-14 22:00:00;2603.355928041665;3723.198;['precipitation']
2026-02-14 23:00:00;2342.495354537928;3729.623;['precipitation']
2026-02-15 00:00:00;3111.715625697843;3933.857;['precipitation']
2026-02-15 01:00:00;3111.1216503517785;3709.625;['precipitation']
2026-02-15 02:00:00;2849.2916397908098;3698.68875;['precipitation']
2026-02-15 03:00:00;2587.8534664979456;3668.341;['precipitation']
2026-02-15 04:00:00;2642.534896737533;3783.91125;['precipitation']
2026-02-15 05:00:00;2883.1099604936603;3444.12875;['precipitation']
2026-02-15 06:00:00;2732.4877250692393;4090.44675;['precipitation']
2026-02-15 07:00:00;2923.7162511115416;4660.0415;['precipitation']
2026-02-15 08:00:00;2875.886198574831;3879.998;['precipitation']
2026-02-15 09:00:00;3102.4903175736827;4359.39175;['precipitation']
2026-02-15 10:00:00;3044.416846786895;5136.501;['precipitation']
2026-02-15 11:00:00;3149.2880865778734;4608.921;['precipitation']
2026-02-15 12:00:00;2948.4539333611056;3958.311;['precipitation']
2026-02-15 13:00:00;3017.0670871183847;2757.3445;['precipitation']
2026-02-15 14:00:00;2905.669347051702;3371.52475;['precipitation']
2026-02-15 15:00:00;3137.4270274687506;3231.48225;['precipitation']
2026-02-15 16:00:00;2924.7540458888307;5022.667;['precipitation']
2026-02-15 17:00:00;3633.2534698136665;3789.986;['precipitation']
2026-02-15 18:00:00;4543.120323234379;1972.2715;['precipitation']
2026-02-15 19:00:00;3178.0864161836143;1211.72575;['precipitation']
2026-02-15 20:00:00;3381.997666352143;2768.893;['precipitation']
2026-02-15 21:00:00;3676.223004080738;4284.85;['precipitation']
2026-02-15 22:00:00;2994.448898851322;3674.49175;['precipitation']
2026-02-15 23:00:00;2838.0911075463778;3857.04075;['precipitation']
2026-02-16 00:00:00;2804.8694712281194;4270.74175;['precipitation']
2026-02-16 01:00:00;3260.587829991233;4172.0475;['precipitation']
2026-02-16 02:00:00;2853.6350658992615;4192.84925;['precipitation']
2026-02-16 03:00:00;2902.1696192624845;4297.218;['precipitation']
2026-02-16 04:00:00;2790.456647472548;3792.167;['precipitation']
2026-02-16 05:00:00;2811.6068875541546;3905.2105;['precipitation']
2026-02-16 06:00:00;2959.4652628207705;4322.625;['precipitation']
2026-02-16 07:00:00;3038.7976818695197;5897.072;['precipitation']
2026-02-16 08:00:00;3175.124376722379;2816.22675;['precipitation']
2026-02-16 09:00:00;3704.9866646899272;3726.25825;['precipitation']
2026-02-16 10:00:00;2990.820265084819;3709.35825;['precipitation']
2026-02-16 11:00:00;2998.9314653150195;4097.0225;['precipitation']
2026-02-16 12:00:00;3405.2865306693784;4383.431500000001;['precipitation']
2026-02-16 13:00:00;3338.8463225230284;3789.0565;['precipitation']
2026-02-16 14:00:00;2943.7913815408256;4607.666;['precipitation']
2026-02-16 15:00:00;3216.585612057876;4367.22325;['precipitation']
2026-02-16 16:00:00;2985.363695303008;3437.96925;['precipitation']
2026-02-16 17:00:00;4348.272980682632;5117.6485;['precipitation']
2026-02-16 18:00:00;4491.07955916006;5031.2195;['precipitation']
2026-02-16 19:00:00;3419.2751318140436;5013.32925;['precipitation']
2026-02-16 20:00:00;3801.1653474709583;3950.84225;['precipitation']
2026-02-16 21:00:00;4012.8838357417444;3260.27925;['precipitation']
2026-02-16 22:00:00;3202.5921230210824;3727.6415;['precipitation']
2026-02-16 23:00:00;3155.974543736522;2914.66625;['precipitation']
2026-02-17 00:00:00;3292.9345438122828;3134.171;['precipitation']
2026-02-17 01:00:00;3310.3980651972515;2905.419;['precipitation']
2026-02-17 02:00:00;3143.2347738376875;3407.01775;['precipitation']
2026-02-17 03:00:00;3037.1474892195556;2895.731;['precipitation']
2026-02-17 04:00:00;3342.150851344467;3551.5375;['precipitation']
2026-02-17 05:00:00;3517.410842464339;3038.49075;['precipitation']
2026-02-17 06:00:00;3491.5030845555416;2865.9880000000003;['precipitation']
2026-02-17 07:00:00;3906.146158756725;4217.9155;['precipitation']
2026-02-17 08:00:00;3635.269320122232;4631.85375;['precipitation']
2026-02-17 09:00:00;3606.15394160214;5666.0205000000005;['precipitation']
2026-02-17 10:00:00;4263.602141727035;3033.71925;['precipitation']
2026-02-17 11:00:00;4216.437281717412;3668.54275;['precipitation']
2026-02-17 12:00:00;3801.606704755539;3205.1977500000003;['precipitation']
2026-02-17 13:00:00;3719.053062060758;3569.85825;['precipitation']
2026-02-17 14:00:00;3369.5679763115395;4546.28325;['precipitation']
2026-02-17 15:00:00;3721.251805380311;3355.98275;['precipitation']
2026-02-17 16:00:00;4132.815315652217;3155.60275;['precipitation']
2026-02-17 17:00:00;4671.988728685077;3948.281;['precipitation']
2026-02-17 18:00:00;4801.091729833755;6586.86025;['precipitation']
2026-02-17 19:00:00;3885.9241925083516;2688.89675;['precipitation']
2026-02-17 20:00:00;4306.374672188924;4654.51275;['precipitation']
2026-02-17 21:00:00;4175.265169322032;3142.6025;['precipitation']
2026-02-17 22:00:00;3670.9872547412833;2652.804;['precipitation']
2026-02-17 23:00:00;3647.831673316491;2618.7905;['precipitation']
2026-02-18 00:00:00;2937.837818094704;3148.755;['precipitation']
2026-02-18 01:00:00;3333.2680824443196;3693.88525;['precipitation']
2026-02-18 02:00:00;2934.617147898127;2656.90925;['precipitation']
2026-02-18 03:00:00;2865.8349077645544;2022.2365;['precipitation']
2026-02-18 04:00:00;3292.5709345198993;2714.6582499999995;['precipitation']
2026-02-18 05:00:00;3349.3583259021675;3138.4825;['precipitation']
2026-02-18 06:00:00;3571.352317770756;3251.8665;['precipitation']
2026-02-18 07:00:00;3622.9401367740534;3767.39;['precipitation']
2026-02-18 08:00:00;3054.9061903627853;3704.433;['precipitation']
2026-02-18 09:00:00;2819.063231585237;4502.9775;['precipitation']
2026-02-18 10:00:00;3628.6668292824816;2839.84175;['precipitation']
2026-02-18 11:00:00;3914.995205074364;3027.432;['precipitation']
2026-02-18 12:00:00;3747.2362939820737;3523.302;['precipitation']
2026-02-18 13:00:00;3660.6160530857605;3065.7345000000005;['precipitation']
2026-02-18 14:00:00;3642.834657810156;3746.467;['precipitation']
2026-02-18 15:00:00;3600.022642878065;3357.258;['precipitation']
2026-02-18 16:00:00;3568.2625644915906;3739.85675;['precipitation']
2026-02-18 17:00:00;4992.139852869494;5383.882;['precipitation']
2026-02-18 18:00:00;4437.550970496406;5460.044;['precipitation']
2026-02-18 19:00:00;3498.05512871002;3423.06;['precipitation']
2026-02-18 20:00:00;3760.252358161395;4988.140666666666;['precipitation']
2026-02-18 21:00:00;3876.4443353003335;3943.082;['precipitation']
2026-02-18 22:00:00;3638.3084390185036;3280.73875;['precipitation']
2026-02-18 23:00:00;3920.404010174375;4189.85225;['precipitation']
2026-02-19 00:00:00;3764.6900316595934;3798.69625;['precipitation']
2026-02-19 01:00:00;3838.739707103031;3470.1565;['precipitation']
2026-02-19 02:00:00;3376.183200904937;3887.978;['precipitation']
2026-02-19 03:00:00;3455.419365984885;3463.55225;['precipitation']
2026-02-19 04:00:00;3338.010356323909;3694.54025;['precipitation']
2026-02-19 05:00:00;3348.9566990380536;4024.671;['precipitation']
2026-02-19 06:00:00;3764.6704111429476;3976.81075;['precipitation']
2026-02-19 07:00:00;3813.158880191986;4254.63175;['precipitation']
2026-02-19 08:00:00;4085.894489792967;5451.65625;['precipitation']
2026-02-19 09:00:00;4067.4571678632383;4617.72725;['precipitation']
2026-02-19 10:00:00;3722.4547659196805;4048.07275;['precipitation']
2026-02-19 11:00:00;3840.685188836;4006.33275;['precipitation']
2026-02-19 12:00:00;3611.258552296633;2886.07425;['precipitation']
2026-02-19 13:00:00;3694.566045817277;3151.84075;['precipitation']
2026-02-19 14:00:00;4028.878248267355;2118.81075;['precipitation']
2026-02-19 15:00:00;3714.1389215254103;2872.442;['precipitation']
2026-02-19 16:00:00;4050.9714585572647;3774.00675;['precipitation']
2026-02-19 17:00:00;4204.72286867024;5136.79725;['precipitation']
2026-02-19 18:00:00;4834.6640871473155;5757.4375;['precipitation']
2026-02-19 19:00:00;3996.397510282036;2808.28475;['precipitation']
2026-02-19 20:00:00;4106.3284138933595;4316.30025;['precipitation']
2026-02-19 21:00:00;3933.3617379763414;4116.61075;['precipitation']
2026-02-19 22:00:00;3608.015386499611;3227.96925;['precipitation']
2026-02-19 23:00:00;3638.285335453064;3393.52525;['precipitation']
2026-02-20 00:00:00;3351.8376187236922;3867.99625;['precipitation']
2026-02-20 01:00:00;3565.0726242859905;3100.64225;['precipitation']
2026-02-20 02:00:00;3341.6958773017186;2828.1715;['precipitation']
2026-02-20 03:00:00;3291.459801432111;4158.9235;['precipitation']
2026-02-20 04:00:00;3459.450146083582;3933.11075;['precipitation']
2026-02-20 05:00:00;3511.449329074985;3965.08175;['precipitation']
2026-02-20 06:00:00;3505.8008582737657;3080.9115;['precipitation']
2026-02-20 07:00:00;3760.8335593372017;4425.24725;['precipitation']
2026-02-20 08:00:00;3787.0904811364862;5264.822999999999;['precipitation']
2026-02-20 09:00:00;4018.5116542669157;3476.0955;['precipitation']
2026-02-20 10:00:00;3965.980961271563;3282.589;['precipitation']
2026-02-20 11:00:00;3762.2984856901876;3600.80525;['precipitation']
2026-02-20 12:00:00;3678.7134581865416;4432.64325;['precipitation']
2026-02-20 13:00:00;3570.6672046874696;2361.1320000000005;['precipitation']
2026-02-20 14:00:00;3657.7802309625813;1551.0443333333333;['precipitation']
2026-02-20 15:00:00;3567.8711275166643;2872.442;['precipitation']
2026-02-20 16:00:00;3808.4528489096147;3774.00675;['precipitation']
2026-02-20 17:00:00;4126.943420419922;5136.79725;['precipitation']
2026-02-20 18:00:00;4936.955813672321;5177.334;['precipitation']
2026-02-20 19:00:00;3762.70966189403;5452.91475;['precipitation']
2026-02-20 20:00:00;4089.459491116625;5548.0960000000005;['precipitation']
2026-02-20 21:00:00;3829.1512884619738;4351.4605;['precipitation']
2026-02-20 22:00:00;3483.3481681812736;4562.4445;['precipitation']
2026-02-20 23:00:00;3470.148345999695;3240.04275;['precipitation']
2026-01-20 00:00:00;3418.73075775651;3324.11425;['temperature']
2026-01-20 01:00:00;3295.746325259737;3196.69175;['temperature']
2026-01-20 02:00:00;3145.3474888761243;3564.13325;['temperature']
2026-01-20 03:00:00;3015.6698305736536;2707.383;['temperature']
2026-01-20 04:00:00;3376.5157587332387;2789.41325;['temperature']
2026-01-20 05:00:00;3054.7556793905196;2898.3705;['temperature']
2026-01-20 06:00:00;3258.4927438490995;3033.4665;['temperature']
2026-01-20 07:00:00;3515.4911249593115;3828.01275;['temperature']
2026-01-20 08:00:00;3429.0805808392224;3828.861;['temperature']
2026-01-20 09:00:00;3093.5005192033923;3481.7545;['temperature']
2026-01-20 10:00:00;3156.1219715899642;3349.58575;['temperature']
2026-01-20 11:00:00;3202.4028516378676;2320.389;['temperature']
2026-01-20 12:00:00;3502.6172458701526;1065.9830000000002;['temperature']
2026-01-20 13:00:00;3525.7314107218594;2686.33025;['temperature']
2026-01-20 14:00:00;3476.7528689795804;3281.29675;['temperature']
2026-01-20 15:00:00;3538.7999042885403;2185.54725;['temperature']
2026-01-20 16:00:00;3545.941766913331;3583.29175;['temperature']
2026-01-20 17:00:00;3450.2392241522375;5103.80775;['temperature']
2026-01-20 18:00:00;3136.3200636553447;5433.498250000001;['temperature']
2026-01-20 19:00:00;3719.019229474566;3254.337;['temperature']
2026-01-20 20:00:00;3686.2618508209453;4163.027;['temperature']
2026-01-20 21:00:00;3587.412855951803;3972.6565;['temperature']
2026-01-20 22:00:00;3262.548848569395;3771.60525;['temperature']
2026-01-20 23:00:00;3289.2919757110058;3864.2335;['temperature']
2026-01-21 00:00:00;3849.8362720961263;3600.33125;['temperature']
2026-01-21 01:00:00;3508.8357203635433;3360.08675;['temperature']
2026-01-21 02:00:00;3593.005016298996;3005.55825;['temperature']
2026-01-21 03:00:00;3145.83829276267;3117.1915;['temperature']
2026-01-21 04:00:00;3231.3227493168056;3537.741;['temperature']
2026-01-21 05:00:00;3268.021127689484;3386.89575;['temperature']
2026-01-21 06:00:00;3397.1375172791213;2914.7335;['temperature']
2026-01-21 07:00:00;3521.4686984542204;4593.3165;['temperature']
2026-01-21 08:00:00;3402.900152161036;4870.53275;['temperature']
2026-01-21 09:00:00;3455.1949166457343;2633.8055;['temperature']
2026-01-21 10:00:00;3336.5832754054236;1883.37975;['temperature']
2026-01-21 11:00:00;3236.7846430031386;1246.6372500000002;['temperature']
2026-01-21 12:00:00;2901.8055824379903;3255.17325;['temperature']
2026-01-21 13:00:00;3279.085801977247;3642.69175;['temperature']
2026-01-21 14:00:00;3429.5925376320297;3443.1165;['temperature']
2026-01-21 15:00:00;3566.6340713956106;2767.1085000000003;['temperature']
2026-01-21 16:00:00;3921.2397597441386;2878.73225;['temperature']
2026-01-21 17:00:00;3624.240289401492;5212.20875;['temperature']
2026-01-21 18:00:00;4101.422846021137;5884.1085;['temperature']
2026-01-21 19:00:00;3361.0136470791563;5043.75125;['temperature']
2026-01-21 20:00:00;3760.6776207244225;4514.99425;['temperature']
2026-01-21 21:00:00;3391.500649322787;3905.21425;['temperature']
2026-01-21 22:00:00;3728.4773761682004;4084.417;['temperature']
2026-01-21 23:00:00;3650.2367226740134;3505.25175;['temperature']
2026-01-22 00:00:00;3804.1915671793377;4382.88325;['temperature']
2026-01-22 01:00:00;3670.0974961318293;3667.35;['temperature']
2026-01-22 02:00:00;3507.96670278855;3949.475;['temperature']
2026-01-22 03:00:00;3367.0296070598774;3619.1745;['temperature']
2026-01-22 04:00:00;3763.8686624611078;3195.02325;['temperature']
2026-01-22 05:00:00;3477.084893904074;3207.64475;['temperature']
2026-01-22 06:00:00;3460.9249700705395;3834.892;['temperature']
2026-01-22 07:00:00;3952.102561282531;3332.436;['temperature']
2026-01-22 08:00:00;4122.183949613208;4101.32475;['temperature']
2026-01-22 09:00:00;3235.061476204426;2792.25975;['temperature']
2026-01-22 10:00:00;3047.0020707647764;3343.5355;['temperature']
2026-01-22 11:00:00;3302.410679808691;1024.81275;['temperature']
2026-01-22 12:00:00;3232.8384462685917;2345.626;['temperature']
2026-01-22 13:00:00;3598.253311721819;4000.7015;['temperature']
2026-01-22 14:00:00;3739.543923372312;3066.969;['temperature']
2026-01-22 15:00:00;3442.323549015676;2576.49325;['temperature']
2026-01-22 16:00:00;3780.6867374840813;4892.4605;['temperature']
2026-01-22 17:00:00;3988.5965761631505;4693.0;['temperature']
2026-01-22 18:00:00;4778.420757590579;5675.33575;['temperature']
2026-01-22 19:00:00;5182.952708075436;5423.83425;['temperature']
2026-01-22 20:00:00;4336.335215698498;5436.4;['temperature']
2026-01-22 21:00:00;4094.4888640588706;3945.58875;['temperature']
2026-01-22 22:00:00;4157.329564963995;3972.6965;['temperature']
2026-01-22 23:00:00;3701.1619852361036;2663.9855;['temperature']
2026-01-23 00:00:00;3696.7430642080826;3361.307;['temperature']
2026-01-23 01:00:00;3647.7619268294784;3379.777;['temperature']
2026-01-23 02:00:00;3794.3123717167723;3830.91175;['temperature']
2026-01-23 03:00:00;3512.2046421029586;3616.4825;['temperature']
2026-01-23 04:00:00;3593.6084574466163;3049.29125;['temperature']
2026-01-23 05:00:00;3393.402672205382;3813.81625;['temperature']
2026-01-23 06:00:00;3707.7196867554276;2841.50725;['temperature']
2026-01-23 07:00:00;3820.2401018050214;3103.87025;['temperature']
2026-01-23 08:00:00;4095.2929476945337;769.03125;['temperature']
2026-01-23 09:00:00;3052.7469033324296;1197.06775;['temperature']
2026-01-23 10:00:00;3192.905870177243;2176.22575;['temperature']
2026-01-23 11:00:00;2684.034560623118;2017.9665;['temperature']
2026-01-23 12:00:00;3111.735806248912;3823.25725;['temperature']
2026-01-23 13:00:00;3783.054886588124;2267.88875;['temperature']
2026-01-23 14:00:00;3589.3801434836664;3227.23325;['temperature']
2026-01-23 15:00:00;3210.7930461252026;2640.10975;['temperature']
2026-01-23 16:00:00;4927.530381995057;4200.918250000001;['temperature']
2026-01-23 17:00:00;4711.083846223486;4261.9315;['temperature']
2026-01-23 18:00:00;4554.174003968803;3950.993750000001;['temperature']
2026-01-23 19:00:00;3865.5182628225;3119.8;['temperature']
2026-01-23 20:00:00;3871.391640640177;3737.94975;['temperature']
2026-01-23 21:00:00;4370.487971362409;3837.417;['temperature']
2026-01-23 22:00:00;4382.470438010909;3223.48975;['temperature']
2026-01-23 23:00:00;3729.409598561011;2826.59125;['temperature']
2026-01-24 00:00:00;3418.7018599973976;2617.28325;['temperature']
2026-01-24 01:00:00;3164.4736680957017;3046.392;['temperature']
2026-01-24 02:00:00;3329.636452898416;3411.9126666666666;['temperature']
2026-01-24 03:00:00;3082.5373946598893;2343.45825;['temperature']
2026-01-24 04:00:00;3005.5479335471496;2843.999;['temperature']
2026-01-24 05:00:00;3145.7951430835424;2873.38325;['temperature']
2026-01-24 06:00:00;3060.496010058139;2907.02775;['temperature']
2026-01-24 07:00:00;3156.4288842745996;2334.60825;['temperature']
2026-01-24 08:00:00;3088.3929728899;2823.44275;['temperature']
2026-01-24 09:00:00;1969.1623762627098;2442.53925;['temperature']
2026-01-24 10:00:00;2473.5109335647826;2516.7375;['temperature']
2026-01-24 11:00:00;2070.3353681710455;3611.406;['temperature']
2026-01-24 12:00:00;2875.2916026897715;4243.43825;['temperature']
2026-01-24 13:00:00;2710.149735736596;2192.474;['temperature']
2026-01-24 14:00:00;3104.6421497331226;3156.505;['temperature']
2026-01-24 15:00:00;2732.8788696142;2829.875;['temperature']
2026-01-24 16:00:00;3672.6494807656845;4099.4695;['temperature']
2026-01-24 17:00:00;3936.9993888931717;5198.8237500000005;['temperature']
2026-01-24 18:00:00;4319.497165773913;4884.75125;['temperature']
2026-01-24 19:00:00;3506.754688022884;2075.6825;['temperature']
2026-01-24 20:00:00;3624.9051959118406;4323.9585;['temperature']
2026-01-24 21:00:00;3311.6180658554727;3607.17925;['temperature']
2026-01-24 22:00:00;3469.98179520565;3738.1285;['temperature']
2026-01-24 23:00:00;2714.4776423141334;3432.4435;['temperature']
2026-01-25 00:00:00;3283.6315499267807;3474.86325;['temperature']
2026-01-25 01:00:00;3214.0187294316165;3669.751;['temperature']
2026-01-25 02:00:00;3389.4279596529054;4048.164;['temperature']
2026-01-25 03:00:00;2823.094443330169;2848.222;['temperature']
2026-01-25 04:00:00;3059.2941446540167;2863.81;['temperature']
2026-01-25 05:00:00;2957.0899081132698;3194.791;['temperature']
2026-01-25 06:00:00;3022.8691740792306;3292.455;['temperature']
2026-01-25 07:00:00;2931.5296960552428;2925.93075;['temperature']
2026-01-25 08:00:00;3280.47102828967;2567.88425;['temperature']
2026-01-25 09:00:00;2488.5237195548757;2779.9095;['temperature']
2026-01-25 10:00:00;2645.6553702489623;4691.433;['temperature']
2026-01-25 11:00:00;2964.6862530289036;4666.953;['temperature']
2026-01-25 12:00:00;3427.0114479274807;4243.43825;['temperature']
2026-01-25 13:00:00;2704.169775563523;2192.474;['temperature']
2026-01-25 14:00:00;3215.6115978611815;3354.488666666666;['temperature']
2026-01-25 15:00:00;2986.7385933292817;2592.30825;['temperature']
2026-01-25 16:00:00;3716.918776417178;2440.2725;['temperature']
2026-01-25 17:00:00;4233.200313773717;4202.912;['temperature']
2026-01-25 18:00:00;4655.280177442188;1737.12275;['temperature']
2026-01-25 19:00:00;3576.1374595552356;958.94425;['temperature']
2026-01-25 20:00:00;4105.861242686729;3723.2195;['temperature']
2026-01-25 21:00:00;3517.4070063440104;2804.4895;['temperature']
2026-01-25 22:00:00;3634.843847888303;3094.9155;['temperature']
2026-01-25 23:00:00;3142.6391258918657;2390.568;['temperature']
2026-01-26 00:00:00;2680.3337938185596;3275.88325;['temperature']
2026-01-26 01:00:00;2897.5296887784075;2851.27575;['temperature']
2026-01-26 02:00:00;3367.022977832929;2314.45425;['temperature']
2026-01-26 03:00:00;2587.544694905906;2804.119;['temperature']
2026-01-26 04:00:00;2784.4589286241808;1930.60775;['temperature']
2026-01-26 05:00:00;2906.405553602806;2723.21625;['temperature']
2026-01-26 06:00:00;2976.365109816376;2888.58725;['temperature']
2026-01-26 07:00:00;2917.9035897346394;2713.859;['temperature']
2026-01-26 08:00:00;2639.3130764366974;4417.67925;['temperature']
2026-01-26 09:00:00;2496.8503261336577;3356.1275;['temperature']
2026-01-26 10:00:00;3216.351568581048;3438.948;['temperature']
2026-01-26 11:00:00;3231.4337507719497;3563.75175;['temperature']
2026-01-26 12:00:00;3412.459467867111;2427.02325;['temperature']
2026-01-26 13:00:00;2400.6333238009147;2582.1835;['temperature']
2026-01-26 14:00:00;3102.571912021005;2928.6145;['temperature']
2026-01-26 15:00:00;2699.8588440394283;3789.735;['temperature']
2026-01-26 16:00:00;2957.340467505751;4572.9445;['temperature']
2026-01-26 17:00:00;3323.796606203182;5266.107;['temperature']
2026-01-26 18:00:00;3027.221028689203;4283.08325;['temperature']
2026-01-26 19:00:00;2282.180024361968;2424.01675;['temperature']
2026-01-26 20:00:00;3385.263407914202;4279.203;['temperature']
2026-01-26 21:00:00;3253.753035909498;3742.166;['temperature']
2026-01-26 22:00:00;3221.5079069648264;4314.9745;['temperature']
2026-01-26 23:00:00;2747.5447150675473;2969.2475;['temperature']
2026-01-27 00:00:00;3434.830181379568;2830.22625;['temperature']
2026-01-27 01:00:00;3232.5919338957156;2744.937;['temperature']
2026-01-27 02:00:00;3276.417780822263;3257.3167500000004;['temperature']
2026-01-27 03:00:00;3012.243963112694;2912.7870000000003;['temperature']
2026-01-27 04:00:00;3201.3969914677773;2666.22525;['temperature']
2026-01-27 05:00:00;3062.2390733646653;2944.02975;['temperature']
2026-01-27 06:00:00;3156.6259315339285;3157.67;['temperature']
2026-01-27 07:00:00;3086.689827725037;4838.0755;['temperature']
2026-01-27 08:00:00;3663.773488100079;4393.29025;['temperature']
2026-01-27 09:00:00;3064.753434939875;5051.76225;['temperature']
2026-01-27 10:00:00;3275.683751551567;2729.127;['temperature']
2026-01-27 11:00:00;3306.6414280591275;5356.0235;['temperature']
2026-01-27 12:00:00;3277.529033927188;4141.3775000000005;['temperature']
2026-01-27 13:00:00;2717.599402942941;5016.7125;['temperature']
2026-01-27 14:00:00;3357.1751187311274;4572.88175;['temperature']
2026-01-27 15:00:00;3502.577039914361;5905.1945;['temperature']
2026-01-27 16:00:00;4201.2303619932245;3749.44675;['temperature']
2026-01-27 17:00:00;4044.6598275761326;4949.617;['temperature']
2026-01-27 18:00:00;4495.580432636708;4155.69975;['temperature']
2026-01-27 19:00:00;2855.41169172145;2501.7875;['temperature']
2026-01-27 20:00:00;4216.792793870969;4555.15975;['temperature']
2026-01-27 21:00:00;3853.755790608391;4213.807;['temperature']
2026-01-27 22:00:00;4087.727225764904;3972.591;['temperature']
2026-01-27 23:00:00;3225.868058018683;2477.69175;['temperature']
2026-01-28 00:00:00;3132.6792464725704;2930.86175;['temperature']
2026-01-28 01:00:00;3480.017600586334;2799.0625;['temperature']
2026-01-28 02:00:00;3717.4264904938536;2599.72025;['temperature']
2026-01-28 03:00:00;3413.4891327714895;2659.1175000000003;['temperature']
2026-01-28 04:00:00;3347.9790123724347;2997.5885;['temperature']
2026-01-28 05:00:00;3375.7677840275946;3240.1315;['temperature']
2026-01-28 06:00:00;3538.804160080168;3348.08375;['temperature']
2026-01-28 07:00:00;4324.122215687234;2768.882;['temperature']
2026-01-28 08:00:00;4021.4561871979595;3758.438;['temperature']
2026-01-28 09:00:00;4375.244371576686;4153.29825;['temperature']
2026-01-28 10:00:00;3556.1289628724935;3485.40875;['temperature']
2026-01-28 11:00:00;3774.514956101396;2457.739;['temperature']
2026-01-28 12:00:00;3962.865382400163;2199.971;['temperature']
2026-01-28 13:00:00;4284.511975038011;2714.47975;['temperature']
2026-01-28 14:00:00;4190.791830012767;2314.87675;['temperature']
2026-01-28 15:00:00;3712.036402037137;2226.03375;['temperature']
2026-01-28 16:00:00;4232.032289440691;2161.29975;['temperature']
2026-01-28 17:00:00;4707.681770247696;4241.76125;['temperature']
2026-01-28 18:00:00;4603.018317210636;4462.1295;['temperature']
2026-01-28 19:00:00;3507.218878561132;3273.2575;['temperature']
2026-01-28 20:00:00;4619.115010170655;4066.16375;['temperature']
2026-01-28 21:00:00;4273.698251554851;3350.293;['temperature']
2026-01-28 22:00:00;4151.20944776389;3015.4385;['temperature']
2026-01-28 23:00:00;3526.699687773645;2959.08775;['temperature']
2026-01-29 00:00:00;3127.9546110761407;3130.11525;['temperature']
2026-01-29 01:00:00;2906.2322313445857;2990.9015;['temperature']
2026-01-29 02:00:00;2970.33714178574;3271.22725;['temperature']
2026-01-29 03:00:00;2898.7012965749095;3629.855;['temperature']
2026-01-29 04:00:00;2794.406748736329;2829.71625;['temperature']
2026-01-29 05:00:00;2957.6750222004875;3074.8425;['temperature']
2026-01-29 06:00:00;3054.205731487893;2983.11375;['temperature']
2026-01-29 07:00:00;2682.8445908758067;2818.86525;['temperature']
2026-01-29 08:00:00;3331.496609754191;2361.08125;['temperature']
2026-01-29 09:00:00;3427.8414809377064;3292.206;['temperature']
2026-01-29 10:00:00;3047.913504180038;3860.7405;['temperature']
2026-01-29 11:00:00;2652.030633323735;4322.213;['temperature']
2026-01-29 12:00:00;3050.173862206433;3233.9055;['temperature']
2026-01-29 13:00:00;2706.2110475362797;3161.515;['temperature']
2026-01-29 14:00:00;2864.79043456652;3518.00425;['temperature']
2026-01-29 15:00:00;2695.448486976857;3397.26675;['temperature']
2026-01-29 16:00:00;3406.052989184029;3804.59875;['temperature']
2026-01-29 17:00:00;4469.403353616785;3048.346;['temperature']
2026-01-29 18:00:00;4366.150744322308;3831.81075;['temperature']
2026-01-29 19:00:00;3074.156515661746;4592.51725;['temperature']
2026-01-29 20:00:00;3861.7905838216498;3198.797;['temperature']
2026-01-29 21:00:00;3352.2569517736265;3905.9085;['temperature']
2026-01-29 22:00:00;3540.347102272289;2584.36575;['temperature']
2026-01-29 23:00:00;2810.7106799823287;2977.50875;['temperature']
2026-01-30 00:00:00;3193.240836700239;2930.24125;['temperature']
2026-01-30 01:00:00;3103.9651042143155;3045.52575;['temperature']
2026-01-30 02:00:00;3234.4863263158;3382.778;['temperature']
2026-01-30 03:00:00;3170.0464495810456;2108.5750000000003;['temperature']
2026-01-30 04:00:00;2973.265312986226;2711.36825;['temperature']
2026-01-30 05:00:00;3033.099387177402;2823.3405;['temperature']
2026-01-30 06:00:00;3105.5155677867933;2810.056;['temperature']
2026-01-30 07:00:00;3111.939739063307;2569.47575;['temperature']
2026-01-30 08:00:00;3151.2503316473358;3011.00925;['temperature']
2026-01-30 09:00:00;3076.63465536069;3970.83225;['temperature']
2026-01-30 10:00:00;3313.533612575266;4316.86625;['temperature']
2026-01-30 11:00:00;3604.9882283269117;3255.9585;['temperature']
2026-01-30 12:00:00;3116.9305809630264;3856.16275;['temperature']
2026-01-30 13:00:00;3067.590631233492;5804.923;['temperature']
2026-01-30 14:00:00;3407.4072965789132;3518.00425;['temperature']
2026-01-30 15:00:00;3323.2718970223536;3397.26675;['temperature']
2026-01-30 16:00:00;3691.812382102679;2872.316;['temperature']
2026-01-30 17:00:00;3412.3835451851683;4624.5915;['temperature']
2026-01-30 18:00:00;3885.403040629499;3331.67425;['temperature']
2026-01-30 19:00:00;3733.394411756274;2540.943;['temperature']
2026-01-30 20:00:00;3578.1718224508236;3665.77125;['temperature']
2026-01-30 21:00:00;3760.662331932714;2802.63575;['temperature']
2026-01-30 22:00:00;3517.6754409867885;3011.39175;['temperature']
2026-01-30 23:00:00;3071.5475893234634;2593.54575;['temperature']
2026-01-31 00:00:00;2993.9822163495182;3173.0025;['temperature']
2026-01-31 01:00:00;3018.306494548047;3842.7335;['temperature']
2026-01-31 02:00:00;3212.199270939884;3099.48925;['temperature']
2026-01-31 03:00:00;2678.9877258769616;3333.14125;['temperature']
2026-01-31 04:00:00;2996.2251427076176;2831.7290000000003;['temperature']
2026-01-31 05:00:00;2937.9702116473313;2721.9165000000003;['temperature']
2026-01-31 06:00:00;2998.7502301973464;3373.83025;['temperature']
2026-01-31 07:00:00;2918.380929550031;3361.293;['temperature']
2026-01-31 08:00:00;3107.443446810163;3424.02625;['temperature']
2026-01-31 09:00:00;3429.3738281755113;3892.46575;['temperature']
2026-01-31 10:00:00;3561.4565153837248;4093.56525;['temperature']
2026-01-31 11:00:00;3207.9537778183562;3468.38725;['temperature']
2026-01-31 12:00:00;3229.4585189133477;3645.032;['temperature']
2026-01-31 13:00:00;3614.298050738181;3006.9835;['temperature']
2026-01-31 14:00:00;3407.1543699083163;3079.298;['temperature']
2026-01-31 15:00:00;3285.1071142235405;3843.243;['temperature']
2026-01-31 16:00:00;3286.8109091126994;2761.37025;['temperature']
2026-01-31 17:00:00;4115.044652942313;2594.62925;['temperature']
2026-01-31 18:00:00;3820.327260259398;5439.38975;['temperature']
2026-01-31 19:00:00;3444.1056651852227;4224.091;['temperature']
2026-01-31 20:00:00;3773.10388397031;3178.35475;['temperature']
2026-01-31 21:00:00;3294.83152684402;4102.47225;['temperature']
2026-01-31 22:00:00;3357.813698808558;4452.82625;['temperature']
2026-01-31 23:00:00;2873.94052310129;1587.8345;['temperature']
2026-02-01 00:00:00;2889.9166615099152;1227.2925;['temperature']
2026-02-01 01:00:00;3126.502224637933;986.55825;['temperature']
2026-02-01 02:00:00;3153.3578491169965;523.318;['temperature']
2026-02-01 03:00:00;3167.8614096343513;419.4962499999999;['temperature']
2026-02-01 04:00:00;3011.8590429053534;809.1597499999999;['temperature']
2026-02-01 05:00:00;2950.582488431753;879.83475;['temperature']
2026-02-01 06:00:00;3280.646326496796;644.55125;['temperature']
2026-02-01 07:00:00;3431.5954489994247;2779.7565000000004;['temperature']
2026-02-01 08:00:00;3318.6438932345827;4242.7392500000005;['temperature']
2026-02-01 09:00:00;3525.864180668332;4539.58225;['temperature']
2026-02-01 10:00:00;3489.4560398517965;3902.5285;['temperature']
2026-02-01 11:00:00;3246.3977807145234;3690.70825;['temperature']
2026-02-01 12:00:00;3212.091848343042;3770.9095;['temperature']
2026-02-01 13:00:00;3296.3569987789947;3929.826;['temperature']
2026-02-01 14:00:00;3316.5024304666426;2997.2215;['temperature']
2026-02-01 15:00:00;3513.450880506996;3139.48325;['temperature']
2026-02-01 16:00:00;3372.3425668977675;4010.29575;['temperature']
2026-02-01 17:00:00;3434.231027905488;3188.33075;['temperature']
2026-02-01 18:00:00;4146.343490653717;4498.370000000001;['temperature']
2026-02-01 19:00:00;3077.897442553394;5959.908;['temperature']
2026-02-01 20:00:00;3714.808927970238;2655.0615;['temperature']
2026-02-01 21:00:00;3827.15358205849;4070.45725;['temperature']
2026-02-01 22:00:00;3908.463702767269;3704.6875;['temperature']
2026-02-01 23:00:00;2335.1366167661363;4307.6215;['temperature']
2026-02-02 00:00:00;3256.434409032027;4194.2355;['temperature']
2026-02-02 01:00:00;3163.0715259112067;3838.329;['temperature']
2026-02-02 02:00:00;2916.6645382665915;3883.407;['temperature']
2026-02-02 03:00:00;2480.2279129325657;2908.932;['temperature']
2026-02-02 04:00:00;2708.1341350901607;3679.78875;['temperature']
2026-02-02 05:00:00;2514.5539327429515;2860.6365;['temperature']
2026-02-02 06:00:00;2529.6647277158654;3718.30325;['temperature']
2026-02-02 07:00:00;3144.4616292960714;4196.75575;['temperature']
2026-02-02 08:00:00;3504.7586212620554;3431.86475;['temperature']
2026-02-02 09:00:00;3602.1653246464252;3188.44575;['temperature']
2026-02-02 10:00:00;3359.849743639312;3551.37525;['temperature']
2026-02-02 11:00:00;3303.2523252354385;3092.7580000000003;['temperature']
2026-02-02 12:00:00;3323.2864998064397;2944.382;['temperature']
2026-02-02 13:00:00;3451.7929334271275;3419.67125;['temperature']
2026-02-02 14:00:00;3309.189297140353;2483.34625;['temperature']
2026-02-02 15:00:00;3234.580646862188;3997.7985;['temperature']
2026-02-02 16:00:00;3490.857258351529;3957.9355;['temperature']
2026-02-02 17:00:00;3837.7382621850975;6156.93275;['temperature']
2026-02-02 18:00:00;3879.35836404579;5374.7855;['temperature']
2026-02-02 19:00:00;4386.648330302428;4602.8735;['temperature']
2026-02-02 20:00:00;3673.784003855104;4762.261;['temperature']
2026-02-02 21:00:00;3691.804355227369;2763.79025;['temperature']
2026-02-02 22:00:00;3402.640452265995;3169.481;['temperature']
2026-02-02 23:00:00;3203.9895385172304;2885.26125;['temperature']
2026-02-03 00:00:00;3148.4868973665366;3208.07325;['temperature']
2026-02-03 01:00:00;2845.796202398583;2903.31075;['temperature']
2026-02-03 02:00:00;3392.674374157493;2636.27025;['temperature']
2026-02-03 03:00:00;2786.5900791787;3501.708;['temperature']
2026-02-03 04:00:00;3159.2809948886393;3136.13775;['temperature']
2026-02-03 05:00:00;2806.3635119302644;3059.192;['temperature']
2026-02-03 06:00:00;3350.709416408114;3381.67525;['temperature']
2026-02-03 07:00:00;3278.0089938255446;2936.9875;['temperature']
2026-02-03 08:00:00;3328.1224974523293;2881.34175;['temperature']
2026-02-03 09:00:00;3213.771634574752;3689.56575;['temperature']
2026-02-03 10:00:00;3729.3299952778752;4700.9365;['temperature']
2026-02-03 11:00:00;3488.874492498219;4837.66625;['temperature']
2026-02-03 12:00:00;3130.165501986734;3223.52525;['temperature']
2026-02-03 13:00:00;3599.134454122127;3071.254;['temperature']
2026-02-03 14:00:00;3173.3418166450824;4405.00475;['temperature']
2026-02-03 15:00:00;3385.060657803994;3237.20825;['temperature']
2026-02-03 16:00:00;3219.527329748658;4089.68875;['temperature']
2026-02-03 17:00:00;4545.566928547891;5304.03325;['temperature']
2026-02-03 18:00:00;4474.6009394525345;5559.15675;['temperature']
2026-02-03 19:00:00;4154.285476808443;3708.947;['temperature']
2026-02-03 20:00:00;4017.329255646978;3665.57175;['temperature']
2026-02-03 21:00:00;3556.9473788949576;3451.28325;['temperature']
2026-02-03 22:00:00;3581.6432347441487;3417.2;['temperature']
2026-02-03 23:00:00;3202.923893222663;4015.31775;['temperature']
2026-02-04 00:00:00;3608.8888744565998;3004.00075;['temperature']
2026-02-04 01:00:00;3429.5181523842634;3396.32175;['temperature']
2026-02-04 02:00:00;3412.628333534602;3114.4585;['temperature']
2026-02-04 03:00:00;3394.6642705366994;2805.3185;['temperature']
2026-02-04 04:00:00;3196.0467832840404;2795.15475;['temperature']
2026-02-04 05:00:00;2994.466891708979;2969.17225;['temperature']
2026-02-04 06:00:00;3213.7844499656326;3460.06175;['temperature']
2026-02-04 07:00:00;3665.7849636505625;3189.5730000000003;['temperature']
2026-02-04 08:00:00;3346.207430536266;3796.666;['temperature']
2026-02-04 09:00:00;3450.1659532580184;3479.20375;['temperature']
2026-02-04 10:00:00;3339.0922689319214;4332.7065;['temperature']
2026-02-04 11:00:00;3663.335332427503;2879.26525;['temperature']
2026-02-04 12:00:00;3559.5433490946066;2504.1825;['temperature']
2026-02-04 13:00:00;3383.007522947556;2285.1665;['temperature']
2026-02-04 14:00:00;3767.204322281853;1426.6965;['temperature']
2026-02-04 15:00:00;3687.210335683132;1973.97525;['temperature']
2026-02-04 16:00:00;4066.28351483968;3078.4485;['temperature']
2026-02-04 17:00:00;4264.448628646809;3131.75175;['temperature']
2026-02-04 18:00:00;4569.186532587119;3145.325;['temperature']
2026-02-04 19:00:00;3552.5532949278154;2937.0585;['temperature']
2026-02-04 20:00:00;3740.651808935383;2372.80775;['temperature']
2026-02-04 21:00:00;3826.755728213633;2626.7202500000003;['temperature']
2026-02-04 22:00:00;3652.6290069465535;3097.12075;['temperature']
2026-02-04 23:00:00;3336.504527689195;2309.46375;['temperature']
2026-02-05 00:00:00;2559.6105780833204;2383.21975;['temperature']
2026-02-05 01:00:00;2763.512804204751;2960.2615;['temperature']
2026-02-05 02:00:00;2824.5076178846934;2172.40875;['temperature']
2026-02-05 03:00:00;2639.778383704836;2315.36425;['temperature']
2026-02-05 04:00:00;2678.3880859821147;2231.8865;['temperature']
2026-02-05 05:00:00;2708.1151729796984;2299.616;['temperature']
2026-02-05 06:00:00;2973.1511403255313;2751.74825;['temperature']
2026-02-05 07:00:00;3101.241557988121;2285.11125;['temperature']
2026-02-05 08:00:00;3436.7578011263195;2690.5555;['temperature']
2026-02-05 09:00:00;3231.6358840813746;2209.523;['temperature']
2026-02-05 10:00:00;3528.1874653803943;2035.103;['temperature']
2026-02-05 11:00:00;3028.621548549555;3871.413;['temperature']
2026-02-05 12:00:00;2988.3282674607144;2481.76625;['temperature']
2026-02-05 13:00:00;2862.4937906676096;2475.083;['temperature']
2026-02-05 14:00:00;2516.956434112243;2266.7945;['temperature']
2026-02-05 15:00:00;2693.2042976260714;3025.16625;['temperature']
2026-02-05 16:00:00;3596.690112847317;3120.888;['temperature']
2026-02-05 17:00:00;4142.644062441269;5058.1865;['temperature']
2026-02-05 18:00:00;4163.957096957497;4388.71075;['temperature']
2026-02-05 19:00:00;3709.549712471778;2322.8345;['temperature']
2026-02-05 20:00:00;3422.249428976592;2892.934;['temperature']
2026-02-05 21:00:00;3577.894298388429;2691.11;['temperature']
2026-02-05 22:00:00;3566.3596307758617;2040.70725;['temperature']
2026-02-05 23:00:00;2837.640173530004;2318.614;['temperature']
2026-02-06 00:00:00;2446.9042617896357;2417.388;['temperature']
2026-02-06 01:00:00;2495.579448612133;3028.649;['temperature']
2026-02-06 02:00:00;2567.1202763942692;2456.4425;['temperature']
2026-02-06 03:00:00;2395.5333716911664;1991.96825;['temperature']
2026-02-06 04:00:00;2443.217335821635;2168.60175;['temperature']
2026-02-06 05:00:00;2479.28114282068;2554.5777500000004;['temperature']
2026-02-06 06:00:00;2583.1379809564296;2480.9035;['temperature']
2026-02-06 07:00:00;2757.646121522337;2516.1095;['temperature']
2026-02-06 08:00:00;2960.0160267953706;2358.27875;['temperature']
2026-02-06 09:00:00;3347.513132332004;3043.82875;['temperature']
2026-02-06 10:00:00;3477.6418894517074;1863.571;['temperature']
2026-02-06 11:00:00;2886.420198949112;1953.389;['temperature']
2026-02-06 12:00:00;3021.0750494825807;2709.674;['temperature']
2026-02-06 13:00:00;2261.5835802539677;2834.37725;['temperature']
2026-02-06 14:00:00;2424.6310192501187;3653.3685;['temperature']
2026-02-06 15:00:00;2881.380502490869;3025.16625;['temperature']
2026-02-06 16:00:00;3206.4771717968415;3120.888;['temperature']
2026-02-06 17:00:00;3634.8609872810894;5058.1865;['temperature']
2026-02-06 18:00:00;4330.334285389003;4388.71075;['temperature']
2026-02-06 19:00:00;3311.445308397744;2322.8345;['temperature']
2026-02-06 20:00:00;3413.9413523654944;2892.934;['temperature']
2026-02-06 21:00:00;3309.2948253968443;2691.11;['temperature']
2026-02-06 22:00:00;3243.2377086164615;2040.70725;['temperature']
2026-02-06 23:00:00;2544.93844395808;2318.614;['temperature']
2026-02-07 00:00:00;2371.3547579280785;2417.388;['temperature']
2026-02-07 01:00:00;2454.763925453981;3028.649;['temperature']
2026-02-07 02:00:00;2381.674668882913;2456.4425;['temperature']
2026-02-07 03:00:00;2127.9032721494855;1991.96825;['temperature']
2026-02-07 04:00:00;2196.413838728241;2168.60175;['temperature']
2026-02-07 05:00:00;2297.1587653319466;2554.5777500000004;['temperature']
2026-02-07 06:00:00;2445.6599406892565;2480.9035;['temperature']
2026-02-07 07:00:00;2571.438034802473;2516.1095;['temperature']
2026-02-07 08:00:00;2703.823749078959;2358.27875;['temperature']
2026-02-07 09:00:00;2648.118663047874;3043.82875;['temperature']
2026-02-07 10:00:00;2446.340502694366;1863.571;['temperature']
2026-02-07 11:00:00;2561.4497780706497;1953.389;['temperature']
2026-02-07 12:00:00;2566.5741511926362;2709.674;['temperature']
2026-02-07 13:00:00;2610.6897676393046;2834.37725;['temperature']
2026-02-07 14:00:00;2679.8217702859374;3653.3685;['temperature']
2026-02-07 15:00:00;2688.461064839724;2864.2456666666667;['temperature']
2026-02-07 16:00:00;3001.6222462350856;2075.1228333333333;['temperature']
2026-02-07 17:00:00;3974.6851122742537;1286.0;['temperature']
2026-02-07 18:00:00;4036.6170927458675;1953.83375;['temperature']
2026-02-07 19:00:00;2981.222349238233;1765.97475;['temperature']
2026-02-07 20:00:00;3126.317401953221;4467.39375;['temperature']
2026-02-07 21:00:00;2997.4444027100544;4289.70725;['temperature']
2026-02-07 22:00:00;3097.6464186058174;2769.21075;['temperature']
2026-02-07 23:00:00;2201.7751018981744;2518.1585;['temperature']
2026-02-08 00:00:00;2684.562740737476;2938.06875;['temperature']
2026-02-08 01:00:00;2756.867767719271;2957.5335;['temperature']
2026-02-08 02:00:00;2557.0669200541865;1970.80175;['temperature']
2026-02-08 03:00:00;2237.072901203426;2352.781;['temperature']
2026-02-08 04:00:00;2326.481423515724;2566.9445;['temperature']
2026-02-08 05:00:00;2407.4266909482653;2694.618;['temperature']
2026-02-08 06:00:00;2507.83312971305;3327.3340000000003;['temperature']
2026-02-08 07:00:00;2597.875078295404;2645.92225;['temperature']
2026-02-08 08:00:00;2744.88011404332;2682.03925;['temperature']
2026-02-08 09:00:00;3034.5544535772106;2049.55625;['temperature']
2026-02-08 10:00:00;2419.481912658469;3419.758;['temperature']
2026-02-08 11:00:00;2346.2896026960584;3716.1535;['temperature']
2026-02-08 12:00:00;2619.792117704696;3340.28175;['temperature']
2026-02-08 13:00:00;2630.7418552095432;2959.019;['temperature']
2026-02-08 14:00:00;2752.216670442467;2486.248;['temperature']
2026-02-08 15:00:00;2691.1857600107724;2433.7925;['temperature']
2026-02-08 16:00:00;2826.5243522520577;3127.31125;['temperature']
2026-02-08 17:00:00;3183.3450861881324;2999.37275;['temperature']
2026-02-08 18:00:00;3728.4364062810773;5183.34525;['temperature']
2026-02-08 19:00:00;2564.5856164460083;3736.658;['temperature']
2026-02-08 20:00:00;3686.1473867641366;2797.79775;['temperature']
2026-02-08 21:00:00;3009.96862871479;4569.61725;['temperature']
2026-02-08 22:00:00;2880.4409419152385;3223.9255000000003;['temperature']
2026-02-08 23:00:00;2407.774530383488;2572.21625;['temperature']
2026-02-09 00:00:00;2815.514539462401;2426.5875;['temperature']
2026-02-09 01:00:00;2777.1330382570854;2814.69075;['temperature']
2026-02-09 02:00:00;2897.320572722804;2158.1762500000004;['temperature']
2026-02-09 03:00:00;2614.6510360056272;2665.0825;['temperature']
2026-02-09 04:00:00;2775.2475061032874;2046.7645;['temperature']
2026-02-09 05:00:00;2487.914962947475;3459.894;['temperature']
2026-02-09 06:00:00;2743.4901640831145;2796.855;['temperature']
2026-02-09 07:00:00;2870.747854456232;2588.22925;['temperature']
2026-02-09 08:00:00;2800.4380910725667;2782.715;['temperature']
2026-02-09 09:00:00;2739.704526144176;2941.144;['temperature']
2026-02-09 10:00:00;2786.865554241919;2378.2555;['temperature']
2026-02-09 11:00:00;2896.7937187392645;1645.005;['temperature']
2026-02-09 12:00:00;2700.897075919103;2864.45375;['temperature']
2026-02-09 13:00:00;2648.698108589256;3099.12325;['temperature']
2026-02-09 14:00:00;2360.9352742098017;2231.92525;['temperature']
2026-02-09 15:00:00;2862.240628258269;1882.14975;['temperature']
2026-02-09 16:00:00;2864.297389360561;2290.892;['temperature']
2026-02-09 17:00:00;3594.4004156295027;3762.23375;['temperature']
2026-02-09 18:00:00;4276.46865743614;3246.77025;['temperature']
2026-02-09 19:00:00;3190.306958446821;3761.3245;['temperature']
2026-02-09 20:00:00;3298.906972182107;3345.93475;['temperature']
2026-02-09 21:00:00;3381.1156828653393;3058.4565;['temperature']
2026-02-09 22:00:00;3301.0294729077596;3274.3425;['temperature']
2026-02-09 23:00:00;2520.8002624398678;3204.72675;['temperature']
2026-02-10 00:00:00;2835.5936897421443;2312.257;['temperature']
2026-02-10 01:00:00;2835.8998019156006;2445.75475;['temperature']
2026-02-10 02:00:00;2594.6808246888286;2738.38875;['temperature']
2026-02-10 03:00:00;2382.261530036457;2507.56425;['temperature']
2026-02-10 04:00:00;2341.4929830274364;2972.28575;['temperature']
2026-02-10 05:00:00;2587.7509322614396;2894.95425;['temperature']
2026-02-10 06:00:00;2501.6209776653723;3762.406;['temperature']
2026-02-10 07:00:00;2687.3612415611397;2580.2795;['temperature']
2026-02-10 08:00:00;2790.6137144911954;4036.3455;['temperature']
2026-02-10 09:00:00;2764.060611624991;3671.19375;['temperature']
2026-02-10 10:00:00;2889.457860477683;2416.94175;['temperature']
2026-02-10 11:00:00;2699.3567371504314;2677.89175;['temperature']
2026-02-10 12:00:00;2504.4383131468776;1806.73475;['temperature']
2026-02-10 13:00:00;2692.3418450816007;3154.1665;['temperature']
2026-02-10 14:00:00;2710.941442540292;2227.19575;['temperature']
2026-02-10 15:00:00;2418.747191261411;2543.43525;['temperature']
2026-02-10 16:00:00;2854.4264926719243;2576.265;['temperature']
2026-02-10 17:00:00;3963.9553969419994;5342.617;['temperature']
2026-02-10 18:00:00;4274.428934141691;5926.32475;['temperature']
2026-02-10 19:00:00;3112.7143743496326;3875.02825;['temperature']
2026-02-10 20:00:00;3424.6193183777104;4273.53175;['temperature']
2026-02-10 21:00:00;2950.1192880837352;2881.09475;['temperature']
2026-02-10 22:00:00;2794.923489201966;2286.139;['temperature']
2026-02-10 23:00:00;2643.924972048793;3057.192;['temperature']
2026-02-11 00:00:00;2696.776956306233;2366.50825;['temperature']
2026-02-11 01:00:00;2733.028848032337;2711.8525;['temperature']
2026-02-11 02:00:00;2617.2212092544;2083.15775;['temperature']
2026-02-11 03:00:00;2270.532944179219;2465.2165000000005;['temperature']
2026-02-11 04:00:00;2408.434508273024;2897.0037500000003;['temperature']
2026-02-11 05:00:00;2566.3631180329207;2676.7915000000003;['temperature']
2026-02-11 06:00:00;2741.3614650209156;2365.58925;['temperature']
2026-02-11 07:00:00;2735.5429410988545;3238.81225;['temperature']
2026-02-11 08:00:00;3177.125180108359;2706.17225;['temperature']
2026-02-11 09:00:00;2925.1963557993463;3475.922;['temperature']
2026-02-11 10:00:00;2732.8269002264797;2244.5915;['temperature']
2026-02-11 11:00:00;2839.5415777890244;2952.637;['temperature']
2026-02-11 12:00:00;2778.845688475673;1686.3925;['temperature']
2026-02-11 13:00:00;3020.3726749162447;3154.1665;['temperature']
2026-02-11 14:00:00;2786.8171937164234;2227.19575;['temperature']
2026-02-11 15:00:00;3009.9694518776405;2543.43525;['temperature']
2026-02-11 16:00:00;2992.6195882005927;2576.265;['temperature']
2026-02-11 17:00:00;3839.976699073482;1333.5;['temperature']
2026-02-11 18:00:00;4047.54156463291;3750.33275;['temperature']
2026-02-11 19:00:00;2944.9906479557994;3982.69175;['temperature']
2026-02-11 20:00:00;3209.1235841518137;3578.161;['temperature']
2026-02-11 21:00:00;2683.7631723203176;2482.21025;['temperature']
2026-02-11 22:00:00;2673.020647340524;2358.59375;['temperature']
2026-02-11 23:00:00;2163.860138125491;2322.409;['temperature']
2026-02-12 00:00:00;2336.1503552775075;2297.366;['temperature']
2026-02-12 01:00:00;2606.796284296379;2377.4665;['temperature']
2026-02-12 02:00:00;2150.2665992393636;1861.1955;['temperature']
2026-02-12 03:00:00;2199.0751411514343;1835.98825;['temperature']
2026-02-12 04:00:00;2213.9999899089544;1987.42975;['temperature']
2026-02-12 05:00:00;2310.5933506052174;2928.504;['temperature']
2026-02-12 06:00:00;2371.3094836367563;2122.81;['temperature']
2026-02-12 07:00:00;2597.8222567621647;2338.194;['temperature']
2026-02-12 08:00:00;2541.7203647919705;1348.37875;['temperature']
2026-02-12 09:00:00;2659.5791896104174;928.61625;['temperature']
2026-02-12 10:00:00;2339.0457873721093;2329.8340000000003;['temperature']
2026-02-12 11:00:00;2645.318461003546;1817.92825;['temperature']
2026-02-12 12:00:00;2479.723732387556;3735.537;['temperature']
2026-02-12 13:00:00;2503.2100623815113;2596.203;['temperature']
2026-02-12 14:00:00;2293.4139377272013;2194.61975;['temperature']
2026-02-12 15:00:00;2586.532727575783;1834.60225;['temperature']
2026-02-12 16:00:00;2844.7866184637787;2180.3565;['temperature']
2026-02-12 17:00:00;3679.7554821877493;3746.30075;['temperature']
2026-02-12 18:00:00;3791.6161694425227;4982.87875;['temperature']
2026-02-12 19:00:00;2993.5675865301255;3386.71775;['temperature']
2026-02-12 20:00:00;3363.122615026231;3613.59775;['temperature']
2026-02-12 21:00:00;2759.1538685348373;3065.22725;['temperature']
2026-02-12 22:00:00;2775.483157577685;2475.28875;['temperature']
2026-02-12 23:00:00;2285.1533078224584;2045.159;['temperature']
2026-02-13 00:00:00;2201.759340361182;2855.48325;['temperature']
2026-02-13 01:00:00;2296.564005883452;2102.1375;['temperature']
2026-02-13 02:00:00;2665.976202936077;2721.5535;['temperature']
2026-02-13 03:00:00;1993.308895931837;2265.05425;['temperature']
2026-02-13 04:00:00;2021.4191503871593;2724.386;['temperature']
2026-02-13 05:00:00;2355.0576544055775;1950.27;['temperature']
2026-02-13 06:00:00;2298.6455569131194;2676.27525;['temperature']
2026-02-13 07:00:00;2461.511904344242;1876.716;['temperature']
2026-02-13 08:00:00;2352.9707769581632;3155.0185;['temperature']
2026-02-13 09:00:00;2462.344483950686;3419.00525;['temperature']
2026-02-13 10:00:00;2528.4112312696607;2633.61775;['temperature']
2026-02-13 11:00:00;2188.112899080023;3832.5985;['temperature']
2026-02-13 12:00:00;2740.828948957205;2113.4985;['temperature']
2026-02-13 13:00:00;2565.9218284669173;2406.8145;['temperature']
2026-02-13 14:00:00;2314.3621138538447;2225.23925;['temperature']
2026-02-13 15:00:00;2345.9902573336003;2112.819;['temperature']
2026-02-13 16:00:00;2573.465167497794;2119.783;['temperature']
2026-02-13 17:00:00;4057.3957367778858;2762.934;['temperature']
2026-02-13 18:00:00;3131.3405473541093;3519.851;['temperature']
2026-02-13 19:00:00;2951.670185432826;3490.8465;['temperature']
2026-02-13 20:00:00;3121.955215042704;3538.6712499999994;['temperature']
2026-02-13 21:00:00;2899.602362033825;3449.1785;['temperature']
2026-02-13 22:00:00;2745.389574547928;2324.8065;['temperature']
2026-02-13 23:00:00;2245.7088586402047;3431.5795;['temperature']
2026-02-14 00:00:00;2748.4645921011693;2411.443;['temperature']
2026-02-14 01:00:00;2704.2381766416834;2943.3845;['temperature']
2026-02-14 02:00:00;2659.024617878099;2579.4275;['temperature']
2026-02-14 03:00:00;2493.410279687986;2204.52425;['temperature']
2026-02-14 04:00:00;2538.0652211135375;2660.8965000000003;['temperature']
2026-02-14 05:00:00;2469.348648097163;3597.15675;['temperature']
2026-02-14 06:00:00;2300.1996279262794;2461.59075;['temperature']
2026-02-14 07:00:00;2493.0500365968096;2936.82475;['temperature']
2026-02-14 08:00:00;3070.5872426153837;2971.81825;['temperature']
2026-02-14 09:00:00;2949.501088852057;2900.61125;['temperature']
2026-02-14 10:00:00;2709.499350545433;2713.67975;['temperature']
2026-02-14 11:00:00;3349.182998276289;2756.77525;['temperature']
2026-02-14 12:00:00;2625.995589707101;3727.64475;['temperature']
2026-02-14 13:00:00;2961.4737096376066;2757.3445;['temperature']
2026-02-14 14:00:00;2369.3592564681726;3371.52475;['temperature']
2026-02-14 15:00:00;2897.3614977367088;3231.48225;['temperature']
2026-02-14 16:00:00;2829.1352021988896;4488.084;['temperature']
2026-02-14 17:00:00;3733.177807035605;5352.45;['temperature']
2026-02-14 18:00:00;3591.2736774675195;6210.828;['temperature']
2026-02-14 19:00:00;3057.106282463282;1903.77525;['temperature']
2026-02-14 20:00:00;2811.0096791031865;2630.102;['temperature']
2026-02-14 21:00:00;2533.0176916988594;4245.20475;['temperature']
2026-02-14 22:00:00;2837.672533609597;3723.198;['temperature']
2026-02-14 23:00:00;2673.447144393885;3729.623;['temperature']
2026-02-15 00:00:00;2773.610259944669;3933.857;['temperature']
2026-02-15 01:00:00;2827.652185096041;3709.625;['temperature']
2026-02-15 02:00:00;2690.4627175190813;3698.68875;['temperature']
2026-02-15 03:00:00;2439.896521078634;3668.341;['temperature']
2026-02-15 04:00:00;2371.485118752914;3783.91125;['temperature']
2026-02-15 05:00:00;2611.125997480965;3444.12875;['temperature']
2026-02-15 06:00:00;2717.8397605917003;4090.44675;['temperature']
2026-02-15 07:00:00;3064.3865315680846;4660.0415;['temperature']
2026-02-15 08:00:00;3037.9918199127214;3879.998;['temperature']
2026-02-15 09:00:00;3252.0880795623225;4359.39175;['temperature']
2026-02-15 10:00:00;3278.3052606929923;5136.501;['temperature']
2026-02-15 11:00:00;2575.574435397606;4608.921;['temperature']
2026-02-15 12:00:00;3353.6435543327852;3958.311;['temperature']
2026-02-15 13:00:00;3163.8784655973886;2757.3445;['temperature']
2026-02-15 14:00:00;2968.462777380071;3371.52475;['temperature']
2026-02-15 15:00:00;3478.4994761992193;3231.48225;['temperature']
2026-02-15 16:00:00;2559.2266868800416;5022.667;['temperature']
2026-02-15 17:00:00;4400.302358973822;3789.986;['temperature']
2026-02-15 18:00:00;4487.621131950199;1972.2715;['temperature']
2026-02-15 19:00:00;2954.969670234823;1211.72575;['temperature']
2026-02-15 20:00:00;3103.9763345650335;2768.893;['temperature']
2026-02-15 21:00:00;3338.6792075414314;4284.85;['temperature']
2026-02-15 22:00:00;3036.263656198429;3674.49175;['temperature']
2026-02-15 23:00:00;2403.410084902335;3857.04075;['temperature']
2026-02-16 00:00:00;2680.6036817193;4270.74175;['temperature']
2026-02-16 01:00:00;3227.766128941428;4172.0475;['temperature']
2026-02-16 02:00:00;2714.527474270233;4192.84925;['temperature']
2026-02-16 03:00:00;2878.475966155795;4297.218;['temperature']
2026-02-16 04:00:00;2631.6327167321915;3792.167;['temperature']
2026-02-16 05:00:00;2536.595748638139;3905.2105;['temperature']
2026-02-16 06:00:00;2953.4778041148684;4322.625;['temperature']
2026-02-16 07:00:00;3042.273145736707;5897.072;['temperature']
2026-02-16 08:00:00;3341.229721494718;2816.22675;['temperature']
2026-02-16 09:00:00;3789.37715999022;3726.25825;['temperature']
2026-02-16 10:00:00;2973.7015517059126;3709.35825;['temperature']
2026-02-16 11:00:00;3311.528206037676;4097.0225;['temperature']
2026-02-16 12:00:00;3397.6583873588315;4383.431500000001;['temperature']
2026-02-16 13:00:00;3533.811173902423;3789.0565;['temperature']
2026-02-16 14:00:00;2944.654769602349;4607.666;['temperature']
2026-02-16 15:00:00;3173.000292538833;4367.22325;['temperature']
2026-02-16 16:00:00;2946.39442650418;3437.96925;['temperature']
2026-02-16 17:00:00;3566.4278573916163;5117.6485;['temperature']
2026-02-16 18:00:00;3987.2750700243178;5031.2195;['temperature']
2026-02-16 19:00:00;3442.721940629046;5013.32925;['temperature']
2026-02-16 20:00:00;3877.141032590587;3950.84225;['temperature']
2026-02-16 21:00:00;4051.3083657710413;3260.27925;['temperature']
2026-02-16 22:00:00;3077.482755650477;3727.6415;['temperature']
2026-02-16 23:00:00;3142.273296998088;2914.66625;['temperature']
2026-02-17 00:00:00;3442.2918474316675;3134.171;['temperature']
2026-02-17 01:00:00;3606.266969311021;2905.419;['temperature']
2026-02-17 02:00:00;3396.5312292209883;3407.01775;['temperature']
2026-02-17 03:00:00;3290.218942314038;2895.731;['temperature']
2026-02-17 04:00:00;3358.295554255844;3551.5375;['temperature']
2026-02-17 05:00:00;3486.6135249594563;3038.49075;['temperature']
2026-02-17 06:00:00;3540.0411094578853;2865.9880000000003;['temperature']
2026-02-17 07:00:00;4052.131968082897;4217.9155;['temperature']
2026-02-17 08:00:00;3740.181933037271;4631.85375;['temperature']
2026-02-17 09:00:00;3714.6081957525307;5666.0205000000005;['temperature']
2026-02-17 10:00:00;3796.774993289535;3033.71925;['temperature']
2026-02-17 11:00:00;3969.783106912724;3668.54275;['temperature']
2026-02-17 12:00:00;3738.836775346512;3205.1977500000003;['temperature']
2026-02-17 13:00:00;3998.470504382535;3569.85825;['temperature']
2026-02-17 14:00:00;3878.017286614274;4546.28325;['temperature']
2026-02-17 15:00:00;3835.1047735962534;3355.98275;['temperature']
2026-02-17 16:00:00;4156.687965798701;3155.60275;['temperature']
2026-02-17 17:00:00;4512.775883836444;3948.281;['temperature']
2026-02-17 18:00:00;4966.691652013931;6586.86025;['temperature']
2026-02-17 19:00:00;3794.2109604679463;2688.89675;['temperature']
2026-02-17 20:00:00;4455.885315194295;4654.51275;['temperature']
2026-02-17 21:00:00;4282.200134455699;3142.6025;['temperature']
2026-02-17 22:00:00;3855.8478695178947;2652.804;['temperature']
2026-02-17 23:00:00;3762.021168403161;2618.7905;['temperature']
2026-02-18 00:00:00;2976.94920725486;3148.755;['temperature']
2026-02-18 01:00:00;3419.3650787516926;3693.88525;['temperature']
2026-02-18 02:00:00;2493.441854929377;2656.90925;['temperature']
2026-02-18 03:00:00;2681.0460741463903;2022.2365;['temperature']
2026-02-18 04:00:00;3281.159939036501;2714.6582499999995;['temperature']
2026-02-18 05:00:00;3444.1171454822456;3138.4825;['temperature']
2026-02-18 06:00:00;3724.61478420142;3251.8665;['temperature']
2026-02-18 07:00:00;3477.2056969242;3767.39;['temperature']
2026-02-18 08:00:00;2781.3722548159103;3704.433;['temperature']
2026-02-18 09:00:00;4009.543181536409;4502.9775;['temperature']
2026-02-18 10:00:00;3863.4363910500597;2839.84175;['temperature']
2026-02-18 11:00:00;3789.119899898583;3027.432;['temperature']
2026-02-18 12:00:00;3769.533443640277;3523.302;['temperature']
2026-02-18 13:00:00;3574.81894157453;3065.7345000000005;['temperature']
2026-02-18 14:00:00;3774.2962209205075;3746.467;['temperature']
2026-02-18 15:00:00;3587.571509150038;3357.258;['temperature']
2026-02-18 16:00:00;3599.5079410785047;3739.85675;['temperature']
2026-02-18 17:00:00;5043.216696131212;5383.882;['temperature']
2026-02-18 18:00:00;4673.649399222602;5460.044;['temperature']
2026-02-18 19:00:00;3673.070173876036;3423.06;['temperature']
2026-02-18 20:00:00;3609.9992758860044;4988.140666666666;['temperature']
2026-02-18 21:00:00;3610.1505730933022;3943.082;['temperature']
2026-02-18 22:00:00;3764.464936973826;3280.73875;['temperature']
2026-02-18 23:00:00;4219.176410076719;4189.85225;['temperature']
2026-02-19 00:00:00;3816.6809603094957;3798.69625;['temperature']
2026-02-19 01:00:00;3759.829611888187;3470.1565;['temperature']
2026-02-19 02:00:00;3469.1382442208246;3887.978;['temperature']
2026-02-19 03:00:00;3440.438408953635;3463.55225;['temperature']
2026-02-19 04:00:00;3087.18469943304;3694.54025;['temperature']
2026-02-19 05:00:00;3009.8683659081707;4024.671;['temperature']
2026-02-19 06:00:00;3812.0193033548617;3976.81075;['temperature']
2026-02-19 07:00:00;3547.98250766391;4254.63175;['temperature']
2026-02-19 08:00:00;3729.9437213222027;5451.65625;['temperature']
2026-02-19 09:00:00;4310.873435258258;4617.72725;['temperature']
2026-02-19 10:00:00;3677.457413319583;4048.07275;['temperature']
2026-02-19 11:00:00;3745.8206163109758;4006.33275;['temperature']
2026-02-19 12:00:00;3555.9824101762715;2886.07425;['temperature']
2026-02-19 13:00:00;3450.828939494035;3151.84075;['temperature']
2026-02-19 14:00:00;3849.9306316902066;2118.81075;['temperature']
2026-02-19 15:00:00;3777.2024133466994;2872.442;['temperature']
2026-02-19 16:00:00;3872.9850999146865;3774.00675;['temperature']
2026-02-19 17:00:00;4884.735747088209;5136.79725;['temperature']
2026-02-19 18:00:00;5005.518602222999;5757.4375;['temperature']
2026-02-19 19:00:00;3924.1484982886277;2808.28475;['temperature']
2026-02-19 20:00:00;4253.6667775408205;4316.30025;['temperature']
2026-02-19 21:00:00;3906.5213220217515;4116.61075;['temperature']
2026-02-19 22:00:00;4014.4747561590348;3227.96925;['temperature']
2026-02-19 23:00:00;3926.720958622009;3393.52525;['temperature']
2026-02-20 00:00:00;3526.4328946025985;3867.99625;['temperature']
2026-02-20 01:00:00;3777.574114878947;3100.64225;['temperature']
2026-02-20 02:00:00;3344.843463647391;2828.1715;['temperature']
2026-02-20 03:00:00;3586.7102973427554;4158.9235;['temperature']
2026-02-20 04:00:00;3427.765133266199;3933.11075;['temperature']
2026-02-20 05:00:00;3620.432533916599;3965.08175;['temperature']
2026-02-20 06:00:00;3698.8670051243516;3080.9115;['temperature']
2026-02-20 07:00:00;4072.8252394824653;4425.24725;['temperature']
2026-02-20 08:00:00;3692.362345073864;5264.822999999999;['temperature']
2026-02-20 09:00:00;4331.367481598459;3476.0955;['temperature']
2026-02-20 10:00:00;3802.194466062823;3282.589;['temperature']
2026-02-20 11:00:00;3762.104931765627;3600.80525;['temperature']
2026-02-20 12:00:00;3628.151492244159;4432.64325;['temperature']
2026-02-20 13:00:00;3564.2559574340517;2361.1320000000005;['temperature']
2026-02-20 14:00:00;3718.1427569025227;1551.0443333333333;['temperature']
2026-02-20 15:00:00;3493.580339819826;2872.442;['temperature']
2026-02-20 16:00:00;3758.221498010872;3774.00675;['temperature']
2026-02-20 17:00:00;4170.967468271485;5136.79725;['temperature']
2026-02-20 18:00:00;5156.989676739948;5177.334;['temperature']
2026-02-20 19:00:00;3831.781958036608;5452.91475;['temperature']
2026-02-20 20:00:00;4356.995707852465;5548.0960000000005;['temperature']
2026-02-20 21:00:00;4109.407727670958;4351.4605;['temperature']
2026-02-20 22:00:00;3587.67480544934;4562.4445;['temperature']
2026-02-20 23:00:00;3688.308647208191;3240.04275;['temperature']
2026-01-20 00:00:00;3347.89717773942;3324.11425;['wind_speed', 'pressure']
2026-01-20 01:00:00;3254.8201320224325;3196.69175;['wind_speed', 'pressure']
2026-01-20 02:00:00;3121.9594120938978;3564.13325;['wind_speed', 'pressure']
2026-01-20 03:00:00;2998.3882601390833;2707.383;['wind_speed', 'pressure']
2026-01-20 04:00:00;3343.4573538107534;2789.41325;['wind_speed', 'pressure']
2026-01-20 05:00:00;2926.37420584926;2898.3705;['wind_speed', 'pressure']
2026-01-20 06:00:00;3244.968741773904;3033.4665;['wind_speed', 'pressure']
2026-01-20 07:00:00;3399.768127293906;3828.01275;['wind_speed', 'pressure']
2026-01-20 08:00:00;3431.8034278240857;3828.861;['wind_speed', 'pressure']
2026-01-20 09:00:00;3069.222574638573;3481.7545;['wind_speed', 'pressure']
2026-01-20 10:00:00;3193.6169667071517;3349.58575;['wind_speed', 'pressure']
2026-01-20 11:00:00;3069.4257290926253;2320.389;['wind_speed', 'pressure']
2026-01-20 12:00:00;3494.9682437949573;1065.9830000000002;['wind_speed', 'pressure']
2026-01-20 13:00:00;3439.800998429379;2686.33025;['wind_speed', 'pressure']
2026-01-20 14:00:00;3394.853784888394;3281.29675;['wind_speed', 'pressure']
2026-01-20 15:00:00;3589.4998554604153;2185.54725;['wind_speed', 'pressure']
2026-01-20 16:00:00;3465.6639158085945;3583.29175;['wind_speed', 'pressure']
2026-01-20 17:00:00;3367.4386717840734;5103.80775;['wind_speed', 'pressure']
2026-01-20 18:00:00;3583.816279475657;5433.498250000001;['wind_speed', 'pressure']
2026-01-20 19:00:00;3765.499682965777;3254.337;['wind_speed', 'pressure']
2026-01-20 20:00:00;3565.193529592918;4163.027;['wind_speed', 'pressure']
2026-01-20 21:00:00;3662.3911350655726;3972.6565;['wind_speed', 'pressure']
2026-01-20 22:00:00;3367.898728787901;3771.60525;['wind_speed', 'pressure']
2026-01-20 23:00:00;3478.5457105380474;3864.2335;['wind_speed', 'pressure']
2026-01-21 00:00:00;3847.2706287855794;3600.33125;['wind_speed', 'pressure']
2026-01-21 01:00:00;3493.4622767600276;3360.08675;['wind_speed', 'pressure']
2026-01-21 02:00:00;3531.7105216700897;3005.55825;['wind_speed', 'pressure']
2026-01-21 03:00:00;3191.786664649877;3117.1915;['wind_speed', 'pressure']
2026-01-21 04:00:00;3207.5982742310703;3537.741;['wind_speed', 'pressure']
2026-01-21 05:00:00;3107.7589554673464;3386.89575;['wind_speed', 'pressure']
2026-01-21 06:00:00;3391.630704229805;2914.7335;['wind_speed', 'pressure']
2026-01-21 07:00:00;3538.4435796264006;4593.3165;['wind_speed', 'pressure']
2026-01-21 08:00:00;3421.708027794276;4870.53275;['wind_speed', 'pressure']
2026-01-21 09:00:00;3438.3997277419257;2633.8055;['wind_speed', 'pressure']
2026-01-21 10:00:00;3447.437048522489;1883.37975;['wind_speed', 'pressure']
2026-01-21 11:00:00;3287.1331423012343;1246.6372500000002;['wind_speed', 'pressure']
2026-01-21 12:00:00;2742.321121607302;3255.17325;['wind_speed', 'pressure']
2026-01-21 13:00:00;3218.202266592115;3642.69175;['wind_speed', 'pressure']
2026-01-21 14:00:00;3646.372513523143;3443.1165;['wind_speed', 'pressure']
2026-01-21 15:00:00;3532.250404403423;2767.1085000000003;['wind_speed', 'pressure']
2026-01-21 16:00:00;3930.10806113574;2878.73225;['wind_speed', 'pressure']
2026-01-21 17:00:00;3765.159787606677;5212.20875;['wind_speed', 'pressure']
2026-01-21 18:00:00;4161.317224683246;5884.1085;['wind_speed', 'pressure']
2026-01-21 19:00:00;3578.35764479606;5043.75125;['wind_speed', 'pressure']
2026-01-21 20:00:00;3824.516676739437;4514.99425;['wind_speed', 'pressure']
2026-01-21 21:00:00;3863.988976349154;3905.21425;['wind_speed', 'pressure']
2026-01-21 22:00:00;3683.4213001183957;4084.417;['wind_speed', 'pressure']
2026-01-21 23:00:00;3510.9769417902244;3505.25175;['wind_speed', 'pressure']
2026-01-22 00:00:00;3783.4688804117595;4382.88325;['wind_speed', 'pressure']
2026-01-22 01:00:00;3536.8655034102717;3667.35;['wind_speed', 'pressure']
2026-01-22 02:00:00;3462.536482184607;3949.475;['wind_speed', 'pressure']
2026-01-22 03:00:00;3656.6117527507954;3619.1745;['wind_speed', 'pressure']
2026-01-22 04:00:00;3757.7675806129632;3195.02325;['wind_speed', 'pressure']
2026-01-22 05:00:00;3512.58072825466;3207.64475;['wind_speed', 'pressure']
2026-01-22 06:00:00;3469.0875524680005;3834.892;['wind_speed', 'pressure']
2026-01-22 07:00:00;3973.6946633333123;3332.436;['wind_speed', 'pressure']
2026-01-22 08:00:00;4200.565278195972;4101.32475;['wind_speed', 'pressure']
2026-01-22 09:00:00;3278.2206597066233;2792.25975;['wind_speed', 'pressure']
2026-01-22 10:00:00;2761.4252427618467;3343.5355;['wind_speed', 'pressure']
2026-01-22 11:00:00;3229.7935838614253;1024.81275;['wind_speed', 'pressure']
2026-01-22 12:00:00;3447.3817974419926;2345.626;['wind_speed', 'pressure']
2026-01-22 13:00:00;3768.9951063080007;4000.7015;['wind_speed', 'pressure']
2026-01-22 14:00:00;3856.6717042866185;3066.969;['wind_speed', 'pressure']
2026-01-22 15:00:00;3582.566457493459;2576.49325;['wind_speed', 'pressure']
2026-01-22 16:00:00;3732.6902851525383;4892.4605;['wind_speed', 'pressure']
2026-01-22 17:00:00;3986.5167726963537;4693.0;['wind_speed', 'pressure']
2026-01-22 18:00:00;4776.3409541237825;5675.33575;['wind_speed', 'pressure']
2026-01-22 19:00:00;5195.85645563403;5423.83425;['wind_speed', 'pressure']
2026-01-22 20:00:00;4252.974558960217;5436.4;['wind_speed', 'pressure']
2026-01-22 21:00:00;4083.010340804476;3945.58875;['wind_speed', 'pressure']
2026-01-22 22:00:00;4076.1603943459377;3972.6965;['wind_speed', 'pressure']
2026-01-22 23:00:00;3577.0955494222;2663.9855;['wind_speed', 'pressure']
2026-01-23 00:00:00;3665.5344164801163;3361.307;['wind_speed', 'pressure']
2026-01-23 01:00:00;3584.2744447585555;3379.777;['wind_speed', 'pressure']
2026-01-23 02:00:00;3758.405358777319;3830.91175;['wind_speed', 'pressure']
2026-01-23 03:00:00;3476.2976291635055;3616.4825;['wind_speed', 'pressure']
2026-01-23 04:00:00;3532.6214674716407;3049.29125;['wind_speed', 'pressure']
2026-01-23 05:00:00;3325.895198259764;3813.81625;['wind_speed', 'pressure']
2026-01-23 06:00:00;3667.7926809876053;2841.50725;['wind_speed', 'pressure']
2026-01-23 07:00:00;3905.362256040861;3103.87025;['wind_speed', 'pressure']
2026-01-23 08:00:00;4047.1764122693476;769.03125;['wind_speed', 'pressure']
2026-01-23 09:00:00;3076.773148449617;1197.06775;['wind_speed', 'pressure']
2026-01-23 10:00:00;3179.527139403317;2176.22575;['wind_speed', 'pressure']
2026-01-23 11:00:00;2653.694991531321;2017.9665;['wind_speed', 'pressure']
2026-01-23 12:00:00;2782.659214757213;3823.25725;['wind_speed', 'pressure']
2026-01-23 13:00:00;3653.9534003820695;2267.88875;['wind_speed', 'pressure']
2026-01-23 14:00:00;3435.3253262839594;3227.23325;['wind_speed', 'pressure']
2026-01-23 15:00:00;3178.9070552671246;2640.10975;['wind_speed', 'pressure']
2026-01-23 16:00:00;4686.622728186463;4200.918250000001;['wind_speed', 'pressure']
2026-01-23 17:00:00;4526.7809172989255;4261.9315;['wind_speed', 'pressure']
2026-01-23 18:00:00;4604.846367250053;3950.993750000001;['wind_speed', 'pressure']
2026-01-23 19:00:00;3750.912733037344;3119.8;['wind_speed', 'pressure']
2026-01-23 20:00:00;4368.264351821817;3737.94975;['wind_speed', 'pressure']
2026-01-23 21:00:00;4030.508513507184;3837.417;['wind_speed', 'pressure']
2026-01-23 22:00:00;4060.418226249434;3223.48975;['wind_speed', 'pressure']
2026-01-23 23:00:00;3330.1123726088626;2826.59125;['wind_speed', 'pressure']
2026-01-24 00:00:00;3357.5085845457374;2617.28325;['wind_speed', 'pressure']
2026-01-24 01:00:00;3137.3819246264634;3046.392;['wind_speed', 'pressure']
2026-01-24 02:00:00;3344.048966631326;3411.9126666666666;['wind_speed', 'pressure']
2026-01-24 03:00:00;3104.6733123234635;2343.45825;['wind_speed', 'pressure']
2026-01-24 04:00:00;3002.3768214866027;2843.999;['wind_speed', 'pressure']
2026-01-24 05:00:00;3208.7318114795385;2873.38325;['wind_speed', 'pressure']
2026-01-24 06:00:00;2783.1948082377653;2907.02775;['wind_speed', 'pressure']
2026-01-24 07:00:00;3126.9121530123925;2334.60825;['wind_speed', 'pressure']
2026-01-24 08:00:00;3190.6994914445877;2823.44275;['wind_speed', 'pressure']
2026-01-24 09:00:00;1857.959915020034;2442.53925;['wind_speed', 'pressure']
2026-01-24 10:00:00;2436.5350195633177;2516.7375;['wind_speed', 'pressure']
2026-01-24 11:00:00;2206.258365645716;3611.406;['wind_speed', 'pressure']
2026-01-24 12:00:00;3025.6770797558115;4243.43825;['wind_speed', 'pressure']
2026-01-24 13:00:00;2609.8783257481928;2192.474;['wind_speed', 'pressure']
2026-01-24 14:00:00;3087.600065992888;3156.505;['wind_speed', 'pressure']
2026-01-24 15:00:00;2686.5572467656893;2829.875;['wind_speed', 'pressure']
2026-01-24 16:00:00;3643.8009290155014;4099.4695;['wind_speed', 'pressure']
2026-01-24 17:00:00;4006.447753150984;5198.8237500000005;['wind_speed', 'pressure']
2026-01-24 18:00:00;4295.355915163562;4884.75125;['wind_speed', 'pressure']
2026-01-24 19:00:00;3586.5751378519853;2075.6825;['wind_speed', 'pressure']
2026-01-24 20:00:00;3723.160605152563;4323.9585;['wind_speed', 'pressure']
2026-01-24 21:00:00;3503.886576673954;3607.17925;['wind_speed', 'pressure']
2026-01-24 22:00:00;3580.3446797271345;3738.1285;['wind_speed', 'pressure']
2026-01-24 23:00:00;2753.68718935698;3432.4435;['wind_speed', 'pressure']
2026-01-25 00:00:00;3303.0213566742173;3474.86325;['wind_speed', 'pressure']
2026-01-25 01:00:00;3226.95749400376;3669.751;['wind_speed', 'pressure']
2026-01-25 02:00:00;3465.034153195386;4048.164;['wind_speed', 'pressure']
2026-01-25 03:00:00;2918.6023817151786;2848.222;['wind_speed', 'pressure']
2026-01-25 04:00:00;3078.683951401453;2863.81;['wind_speed', 'pressure']
2026-01-25 05:00:00;3041.758868684559;3194.791;['wind_speed', 'pressure']
2026-01-25 06:00:00;3035.807938651374;3292.455;['wind_speed', 'pressure']
2026-01-25 07:00:00;2963.8784003933165;2925.93075;['wind_speed', 'pressure']
2026-01-25 08:00:00;3309.8232316588105;2567.88425;['wind_speed', 'pressure']
2026-01-25 09:00:00;2815.4444425163015;2779.9095;['wind_speed', 'pressure']
2026-01-25 10:00:00;2677.997946275879;4691.433;['wind_speed', 'pressure']
2026-01-25 11:00:00;2975.885869699512;4666.953;['wind_speed', 'pressure']
2026-01-25 12:00:00;3281.594573995596;4243.43825;['wind_speed', 'pressure']
2026-01-25 13:00:00;2658.2456613362283;2192.474;['wind_speed', 'pressure']
2026-01-25 14:00:00;3237.857690657507;3354.488666666666;['wind_speed', 'pressure']
2026-01-25 15:00:00;3000.9998028171967;2592.30825;['wind_speed', 'pressure']
2026-01-25 16:00:00;3911.739233875674;2440.2725;['wind_speed', 'pressure']
2026-01-25 17:00:00;4360.316253867712;4202.912;['wind_speed', 'pressure']
2026-01-25 18:00:00;4583.919884053821;1737.12275;['wind_speed', 'pressure']
2026-01-25 19:00:00;3680.174691000548;958.94425;['wind_speed', 'pressure']
2026-01-25 20:00:00;4004.0979713549423;3723.2195;['wind_speed', 'pressure']
2026-01-25 21:00:00;3534.33287151735;2804.4895;['wind_speed', 'pressure']
2026-01-25 22:00:00;3853.381752627683;3094.9155;['wind_speed', 'pressure']
2026-01-25 23:00:00;3282.0228005134477;2390.568;['wind_speed', 'pressure']
2026-01-26 00:00:00;2802.3287202711963;3275.88325;['wind_speed', 'pressure']
2026-01-26 01:00:00;2995.168208065517;2851.27575;['wind_speed', 'pressure']
2026-01-26 02:00:00;3238.404918674604;2314.45425;['wind_speed', 'pressure']
2026-01-26 03:00:00;2583.153383260398;2804.119;['wind_speed', 'pressure']
2026-01-26 04:00:00;4220.372160473851;1930.60775;['wind_speed', 'pressure']
2026-01-26 05:00:00;4291.937833571068;2723.21625;['wind_speed', 'pressure']
2026-01-26 06:00:00;2828.436414137665;2888.58725;['wind_speed', 'pressure']
2026-01-26 07:00:00;2923.791124829854;2713.859;['wind_speed', 'pressure']
2026-01-26 08:00:00;2596.795713842093;4417.67925;['wind_speed', 'pressure']
2026-01-26 09:00:00;2547.346646858145;3356.1275;['wind_speed', 'pressure']
2026-01-26 10:00:00;3493.178053261224;3438.948;['wind_speed', 'pressure']
2026-01-26 11:00:00;3315.2567640776138;3563.75175;['wind_speed', 'pressure']
2026-01-26 12:00:00;3280.2735433370817;2427.02325;['wind_speed', 'pressure']
2026-01-26 13:00:00;2048.9507218722038;2582.1835;['wind_speed', 'pressure']
2026-01-26 14:00:00;2952.0367595857024;2928.6145;['wind_speed', 'pressure']
2026-01-26 15:00:00;2802.3169586634517;3789.735;['wind_speed', 'pressure']
2026-01-26 16:00:00;2750.0238400033095;4572.9445;['wind_speed', 'pressure']
2026-01-26 17:00:00;3447.9693509541585;5266.107;['wind_speed', 'pressure']
2026-01-26 18:00:00;2835.085469607172;4283.08325;['wind_speed', 'pressure']
2026-01-26 19:00:00;2091.172021127105;2424.01675;['wind_speed', 'pressure']
2026-01-26 20:00:00;3600.7848694010186;4279.203;['wind_speed', 'pressure']
2026-01-26 21:00:00;3347.9435266321543;3742.166;['wind_speed', 'pressure']
2026-01-26 22:00:00;3139.1650038276193;4314.9745;['wind_speed', 'pressure']
2026-01-26 23:00:00;2316.4564582316098;2969.2475;['wind_speed', 'pressure']
2026-01-27 00:00:00;3428.778984327566;2830.22625;['wind_speed', 'pressure']
2026-01-27 01:00:00;3192.464894940027;2744.937;['wind_speed', 'pressure']
2026-01-27 02:00:00;2918.984515136228;3257.3167500000004;['wind_speed', 'pressure']
2026-01-27 03:00:00;2952.3277681969225;2912.7870000000003;['wind_speed', 'pressure']
2026-01-27 04:00:00;2852.4905736210976;2666.22525;['wind_speed', 'pressure']
2026-01-27 05:00:00;2995.99459799998;2944.02975;['wind_speed', 'pressure']
2026-01-27 06:00:00;3119.38503912365;3157.67;['wind_speed', 'pressure']
2026-01-27 07:00:00;3059.296179100617;4838.0755;['wind_speed', 'pressure']
2026-01-27 08:00:00;3631.5847904415996;4393.29025;['wind_speed', 'pressure']
2026-01-27 09:00:00;3030.193499370112;5051.76225;['wind_speed', 'pressure']
2026-01-27 10:00:00;3327.7998785657273;2729.127;['wind_speed', 'pressure']
2026-01-27 11:00:00;3417.240659779098;5356.0235;['wind_speed', 'pressure']
2026-01-27 12:00:00;3044.3301813881253;4141.3775000000005;['wind_speed', 'pressure']
2026-01-27 13:00:00;2757.03415636091;5016.7125;['wind_speed', 'pressure']
2026-01-27 14:00:00;3268.5603993402583;4572.88175;['wind_speed', 'pressure']
2026-01-27 15:00:00;3464.2832433750546;5905.1945;['wind_speed', 'pressure']
2026-01-27 16:00:00;3926.87961583844;3749.44675;['wind_speed', 'pressure']
2026-01-27 17:00:00;4093.5965646366794;4949.617;['wind_speed', 'pressure']
2026-01-27 18:00:00;4267.822417957753;4155.69975;['wind_speed', 'pressure']
2026-01-27 19:00:00;3922.862161692153;2501.7875;['wind_speed', 'pressure']
2026-01-27 20:00:00;4115.754554630323;4555.15975;['wind_speed', 'pressure']
2026-01-27 21:00:00;3757.382095234856;4213.807;['wind_speed', 'pressure']
2026-01-27 22:00:00;3995.3362917744253;3972.591;['wind_speed', 'pressure']
2026-01-27 23:00:00;2975.9665153551086;2477.69175;['wind_speed', 'pressure']
2026-01-28 00:00:00;3151.713309811804;2930.86175;['wind_speed', 'pressure']
2026-01-28 01:00:00;4019.2291179203185;2799.0625;['wind_speed', 'pressure']
2026-01-28 02:00:00;3691.42655152901;2599.72025;['wind_speed', 'pressure']
2026-01-28 03:00:00;3337.448826680181;2659.1175000000003;['wind_speed', 'pressure']
2026-01-28 04:00:00;4033.1108483099347;2997.5885;['wind_speed', 'pressure']
2026-01-28 05:00:00;3440.819871811408;3240.1315;['wind_speed', 'pressure']
2026-01-28 06:00:00;3593.8076543428633;3348.08375;['wind_speed', 'pressure']
2026-01-28 07:00:00;4224.817545353371;2768.882;['wind_speed', 'pressure']
2026-01-28 08:00:00;3960.337496707237;3758.438;['wind_speed', 'pressure']
2026-01-28 09:00:00;4287.103273554225;4153.29825;['wind_speed', 'pressure']
2026-01-28 10:00:00;3413.652278302181;3485.40875;['wind_speed', 'pressure']
2026-01-28 11:00:00;4146.0033899392865;2457.739;['wind_speed', 'pressure']
2026-01-28 12:00:00;3897.269682136186;2199.971;['wind_speed', 'pressure']
2026-01-28 13:00:00;4178.1916463255475;2714.47975;['wind_speed', 'pressure']
2026-01-28 14:00:00;4187.204484889476;2314.87675;['wind_speed', 'pressure']
2026-01-28 15:00:00;4603.5075705552035;2226.03375;['wind_speed', 'pressure']
2026-01-28 16:00:00;4418.291154797136;2161.29975;['wind_speed', 'pressure']
2026-01-28 17:00:00;4624.780288619278;4241.76125;['wind_speed', 'pressure']
2026-01-28 18:00:00;4406.6605825304605;4462.1295;['wind_speed', 'pressure']
2026-01-28 19:00:00;3513.5205600796867;3273.2575;['wind_speed', 'pressure']
2026-01-28 20:00:00;4739.832020668702;4066.16375;['wind_speed', 'pressure']
2026-01-28 21:00:00;4296.5818231796065;3350.293;['wind_speed', 'pressure']
2026-01-28 22:00:00;4130.56183757636;3015.4385;['wind_speed', 'pressure']
2026-01-28 23:00:00;3253.0686452931764;2959.08775;['wind_speed', 'pressure']
2026-01-29 00:00:00;3131.4677584302667;3130.11525;['wind_speed', 'pressure']
2026-01-29 01:00:00;2936.6906091827204;2990.9015;['wind_speed', 'pressure']
2026-01-29 02:00:00;3048.8639133311503;3271.22725;['wind_speed', 'pressure']
2026-01-29 03:00:00;2818.389940984089;3629.855;['wind_speed', 'pressure']
2026-01-29 04:00:00;2791.606681788392;2829.71625;['wind_speed', 'pressure']
2026-01-29 05:00:00;2957.9656039036736;3074.8425;['wind_speed', 'pressure']
2026-01-29 06:00:00;3042.8884130484093;2983.11375;['wind_speed', 'pressure']
2026-01-29 07:00:00;3010.361093256178;2818.86525;['wind_speed', 'pressure']
2026-01-29 08:00:00;3411.715130872355;2361.08125;['wind_speed', 'pressure']
2026-01-29 09:00:00;3054.247250285851;3292.206;['wind_speed', 'pressure']
2026-01-29 10:00:00;3044.9173989859464;3860.7405;['wind_speed', 'pressure']
2026-01-29 11:00:00;2553.050881736821;4322.213;['wind_speed', 'pressure']
2026-01-29 12:00:00;2540.568652855847;3233.9055;['wind_speed', 'pressure']
2026-01-29 13:00:00;2855.208178883936;3161.515;['wind_speed', 'pressure']
2026-01-29 14:00:00;2639.9458243522868;3518.00425;['wind_speed', 'pressure']
2026-01-29 15:00:00;2635.2502219011735;3397.26675;['wind_speed', 'pressure']
2026-01-29 16:00:00;2920.5134956232378;3804.59875;['wind_speed', 'pressure']
2026-01-29 17:00:00;4122.321242258143;3048.346;['wind_speed', 'pressure']
2026-01-29 18:00:00;4123.521203402051;3831.81075;['wind_speed', 'pressure']
2026-01-29 19:00:00;3010.0658898988067;4592.51725;['wind_speed', 'pressure']
2026-01-29 20:00:00;3696.306643697138;3198.797;['wind_speed', 'pressure']
2026-01-29 21:00:00;3119.28436037348;3905.9085;['wind_speed', 'pressure']
2026-01-29 22:00:00;3137.353007423656;2584.36575;['wind_speed', 'pressure']
2026-01-29 23:00:00;2763.0971564990523;2977.50875;['wind_speed', 'pressure']
2026-01-30 00:00:00;3198.0586753690623;2930.24125;['wind_speed', 'pressure']
2026-01-30 01:00:00;3108.7829428831387;3045.52575;['wind_speed', 'pressure']
2026-01-30 02:00:00;3276.0377217320597;3382.778;['wind_speed', 'pressure']
2026-01-30 03:00:00;3216.713638225455;2108.5750000000003;['wind_speed', 'pressure']
2026-01-30 04:00:00;2962.4350193308305;2711.36825;['wind_speed', 'pressure']
2026-01-30 05:00:00;3044.0097246255223;2823.3405;['wind_speed', 'pressure']
2026-01-30 06:00:00;3090.6046733928724;2810.056;['wind_speed', 'pressure']
2026-01-30 07:00:00;3056.1060694008315;2569.47575;['wind_speed', 'pressure']
2026-01-30 08:00:00;3178.2035787176483;3011.00925;['wind_speed', 'pressure']
2026-01-30 09:00:00;3298.342943553439;3970.83225;['wind_speed', 'pressure']
2026-01-30 10:00:00;3480.19997152302;4316.86625;['wind_speed', 'pressure']
2026-01-30 11:00:00;3468.322132593269;3255.9585;['wind_speed', 'pressure']
2026-01-30 12:00:00;3140.264259208571;3856.16275;['wind_speed', 'pressure']
2026-01-30 13:00:00;3421.3261620867634;5804.923;['wind_speed', 'pressure']
2026-01-30 14:00:00;3407.3619226622873;3518.00425;['wind_speed', 'pressure']
2026-01-30 15:00:00;3407.6180216714015;3397.26675;['wind_speed', 'pressure']
2026-01-30 16:00:00;3623.6830524212824;2872.316;['wind_speed', 'pressure']
2026-01-30 17:00:00;3332.9833719979124;4624.5915;['wind_speed', 'pressure']
2026-01-30 18:00:00;3826.364254695051;3331.67425;['wind_speed', 'pressure']
2026-01-30 19:00:00;3416.013247205493;2540.943;['wind_speed', 'pressure']
2026-01-30 20:00:00;3558.440365694232;3665.77125;['wind_speed', 'pressure']
2026-01-30 21:00:00;3772.623055809667;2802.63575;['wind_speed', 'pressure']
2026-01-30 22:00:00;3154.5531837541225;3011.39175;['wind_speed', 'pressure']
2026-01-30 23:00:00;3014.460328123512;2593.54575;['wind_speed', 'pressure']
2026-01-31 00:00:00;2910.99350022403;3173.0025;['wind_speed', 'pressure']
2026-01-31 01:00:00;2929.2229641220215;3842.7335;['wind_speed', 'pressure']
2026-01-31 02:00:00;3127.3464915514564;3099.48925;['wind_speed', 'pressure']
2026-01-31 03:00:00;2683.923150681649;3333.14125;['wind_speed', 'pressure']
2026-01-31 04:00:00;2885.6002571485355;2831.7290000000003;['wind_speed', 'pressure']
2026-01-31 05:00:00;2853.7944456561204;2721.9165000000003;['wind_speed', 'pressure']
2026-01-31 06:00:00;2914.5744642061354;3373.83025;['wind_speed', 'pressure']
2026-01-31 07:00:00;2720.499261936048;3361.293;['wind_speed', 'pressure']
2026-01-31 08:00:00;3021.584384615339;3424.02625;['wind_speed', 'pressure']
2026-01-31 09:00:00;3640.663874867406;3892.46575;['wind_speed', 'pressure']
2026-01-31 10:00:00;3655.8868590116545;4093.56525;['wind_speed', 'pressure']
2026-01-31 11:00:00;3299.124729661618;3468.38725;['wind_speed', 'pressure']
2026-01-31 12:00:00;2881.5617179184746;3645.032;['wind_speed', 'pressure']
2026-01-31 13:00:00;3427.572007037009;3006.9835;['wind_speed', 'pressure']
2026-01-31 14:00:00;3346.1072068986728;3079.298;['wind_speed', 'pressure']
2026-01-31 15:00:00;3168.847569850982;3843.243;['wind_speed', 'pressure']
2026-01-31 16:00:00;3228.5246990525798;2761.37025;['wind_speed', 'pressure']
2026-01-31 17:00:00;3763.109502795829;2594.62925;['wind_speed', 'pressure']
2026-01-31 18:00:00;3831.779818776854;5439.38975;['wind_speed', 'pressure']
2026-01-31 19:00:00;3494.407514550457;4224.091;['wind_speed', 'pressure']
2026-01-31 20:00:00;3755.8863050823707;3178.35475;['wind_speed', 'pressure']
2026-01-31 21:00:00;3160.1230231208756;4102.47225;['wind_speed', 'pressure']
2026-01-31 22:00:00;3283.1154556673837;4452.82625;['wind_speed', 'pressure']
2026-01-31 23:00:00;2846.176588012179;1587.8345;['wind_speed', 'pressure']
2026-02-01 00:00:00;2625.677602061673;1227.2925;['wind_speed', 'pressure']
2026-02-01 01:00:00;3220.3026396769956;986.55825;['wind_speed', 'pressure']
2026-02-01 02:00:00;3441.0261764485394;523.318;['wind_speed', 'pressure']
2026-02-01 03:00:00;3060.3751692473884;419.4962499999999;['wind_speed', 'pressure']
2026-02-01 04:00:00;3005.772857450031;809.1597499999999;['wind_speed', 'pressure']
2026-02-01 05:00:00;3059.2245859048976;879.83475;['wind_speed', 'pressure']
2026-02-01 06:00:00;3449.9585899855656;644.55125;['wind_speed', 'pressure']
2026-02-01 07:00:00;3151.42764046671;2779.7565000000004;['wind_speed', 'pressure']
2026-02-01 08:00:00;3107.755442612024;4242.7392500000005;['wind_speed', 'pressure']
2026-02-01 09:00:00;3528.5915366253635;4539.58225;['wind_speed', 'pressure']
2026-02-01 10:00:00;3611.7692303120016;3902.5285;['wind_speed', 'pressure']
2026-02-01 11:00:00;3191.810260115158;3690.70825;['wind_speed', 'pressure']
2026-02-01 12:00:00;3071.8706226045165;3770.9095;['wind_speed', 'pressure']
2026-02-01 13:00:00;3152.282299377139;3929.826;['wind_speed', 'pressure']
2026-02-01 14:00:00;3589.8402486123946;2997.2215;['wind_speed', 'pressure']
2026-02-01 15:00:00;3211.447576979164;3139.48325;['wind_speed', 'pressure']
2026-02-01 16:00:00;3352.7462610505995;4010.29575;['wind_speed', 'pressure']
2026-02-01 17:00:00;3485.1251052065136;3188.33075;['wind_speed', 'pressure']
2026-02-01 18:00:00;4057.1752167279355;4498.370000000001;['wind_speed', 'pressure']
2026-02-01 19:00:00;3424.7862517574954;5959.908;['wind_speed', 'pressure']
2026-02-01 20:00:00;3742.354895072289;2655.0615;['wind_speed', 'pressure']
2026-02-01 21:00:00;3515.4784569364197;4070.45725;['wind_speed', 'pressure']
2026-02-01 22:00:00;3581.683749764339;3704.6875;['wind_speed', 'pressure']
2026-02-01 23:00:00;2718.149281561058;4307.6215;['wind_speed', 'pressure']
2026-02-02 00:00:00;3361.323183903853;4194.2355;['wind_speed', 'pressure']
2026-02-02 01:00:00;3211.917122224683;3838.329;['wind_speed', 'pressure']
2026-02-02 02:00:00;2967.9122952245993;3883.407;['wind_speed', 'pressure']
2026-02-02 03:00:00;2608.5365906059055;2908.932;['wind_speed', 'pressure']
2026-02-02 04:00:00;2858.6714733469967;3679.78875;['wind_speed', 'pressure']
2026-02-02 05:00:00;2711.490349368928;2860.6365;['wind_speed', 'pressure']
2026-02-02 06:00:00;2635.218057183639;3718.30325;['wind_speed', 'pressure']
2026-02-02 07:00:00;3132.1719945914815;4196.75575;['wind_speed', 'pressure']
2026-02-02 08:00:00;3347.094063805085;3431.86475;['wind_speed', 'pressure']
2026-02-02 09:00:00;3578.1160158695698;3188.44575;['wind_speed', 'pressure']
2026-02-02 10:00:00;3387.4448907721853;3551.37525;['wind_speed', 'pressure']
2026-02-02 11:00:00;3318.5405370579483;3092.7580000000003;['wind_speed', 'pressure']
2026-02-02 12:00:00;3403.1698997698186;2944.382;['wind_speed', 'pressure']
2026-02-02 13:00:00;3436.094828568729;3419.67125;['wind_speed', 'pressure']
2026-02-02 14:00:00;3210.912351072543;2483.34625;['wind_speed', 'pressure']
2026-02-02 15:00:00;3216.0347407952936;3997.7985;['wind_speed', 'pressure']
2026-02-02 16:00:00;3552.8016500789763;3957.9355;['wind_speed', 'pressure']
2026-02-02 17:00:00;3656.543804177285;6156.93275;['wind_speed', 'pressure']
2026-02-02 18:00:00;4067.1877860428604;5374.7855;['wind_speed', 'pressure']
2026-02-02 19:00:00;4666.356521220397;4602.8735;['wind_speed', 'pressure']
2026-02-02 20:00:00;3502.7259899390883;4762.261;['wind_speed', 'pressure']
2026-02-02 21:00:00;3649.325881564039;2763.79025;['wind_speed', 'pressure']
2026-02-02 22:00:00;3223.0934399368934;3169.481;['wind_speed', 'pressure']
2026-02-02 23:00:00;3200.9030898477968;2885.26125;['wind_speed', 'pressure']
2026-02-03 00:00:00;3361.5545548372397;3208.07325;['wind_speed', 'pressure']
2026-02-03 01:00:00;3352.8039843810047;2903.31075;['wind_speed', 'pressure']
2026-02-03 02:00:00;3184.96938377053;2636.27025;['wind_speed', 'pressure']
2026-02-03 03:00:00;2911.644921173939;3501.708;['wind_speed', 'pressure']
2026-02-03 04:00:00;3216.010929581022;3136.13775;['wind_speed', 'pressure']
2026-02-03 05:00:00;2952.660940061368;3059.192;['wind_speed', 'pressure']
2026-02-03 06:00:00;3319.787930507235;3381.67525;['wind_speed', 'pressure']
2026-02-03 07:00:00;3548.8819987388747;2936.9875;['wind_speed', 'pressure']
2026-02-03 08:00:00;3334.4153975377785;2881.34175;['wind_speed', 'pressure']
2026-02-03 09:00:00;3798.744779106002;3689.56575;['wind_speed', 'pressure']
2026-02-03 10:00:00;3727.5719996724065;4700.9365;['wind_speed', 'pressure']
2026-02-03 11:00:00;3775.914317937672;4837.66625;['wind_speed', 'pressure']
2026-02-03 12:00:00;3185.97059956669;3223.52525;['wind_speed', 'pressure']
2026-02-03 13:00:00;3672.275338521541;3071.254;['wind_speed', 'pressure']
2026-02-03 14:00:00;3268.9218346886005;4405.00475;['wind_speed', 'pressure']
2026-02-03 15:00:00;3695.738331143838;3237.20825;['wind_speed', 'pressure']
2026-02-03 16:00:00;3169.292710608033;4089.68875;['wind_speed', 'pressure']
2026-02-03 17:00:00;4450.857268971475;5304.03325;['wind_speed', 'pressure']
2026-02-03 18:00:00;4264.4427515863235;5559.15675;['wind_speed', 'pressure']
2026-02-03 19:00:00;4718.676742677583;3708.947;['wind_speed', 'pressure']
2026-02-03 20:00:00;3812.511689729009;3665.57175;['wind_speed', 'pressure']
2026-02-03 21:00:00;3393.2900760385123;3451.28325;['wind_speed', 'pressure']
2026-02-03 22:00:00;3575.6545282448105;3417.2;['wind_speed', 'pressure']
2026-02-03 23:00:00;3200.909961948249;4015.31775;['wind_speed', 'pressure']
2026-02-04 00:00:00;3672.517847463802;3004.00075;['wind_speed', 'pressure']
2026-02-04 01:00:00;3534.621290354234;3396.32175;['wind_speed', 'pressure']
2026-02-04 02:00:00;3429.707766975764;3114.4585;['wind_speed', 'pressure']
2026-02-04 03:00:00;3320.998682157793;2805.3185;['wind_speed', 'pressure']
2026-02-04 04:00:00;3255.437530354353;2795.15475;['wind_speed', 'pressure']
2026-02-04 05:00:00;3125.489570084223;2969.17225;['wind_speed', 'pressure']
2026-02-04 06:00:00;3287.0532335349685;3460.06175;['wind_speed', 'pressure']
2026-02-04 07:00:00;3628.8511257599375;3189.5730000000003;['wind_speed', 'pressure']
2026-02-04 08:00:00;3391.41156833839;3796.666;['wind_speed', 'pressure']
2026-02-04 09:00:00;3491.6336885485457;3479.20375;['wind_speed', 'pressure']
2026-02-04 10:00:00;3593.0750112414917;4332.7065;['wind_speed', 'pressure']
2026-02-04 11:00:00;3639.3306470255866;2879.26525;['wind_speed', 'pressure']
2026-02-04 12:00:00;3514.558607883669;2504.1825;['wind_speed', 'pressure']
2026-02-04 13:00:00;3408.8235896894994;2285.1665;['wind_speed', 'pressure']
2026-02-04 14:00:00;3621.7533029947435;1426.6965;['wind_speed', 'pressure']
2026-02-04 15:00:00;4010.175850819851;1973.97525;['wind_speed', 'pressure']
2026-02-04 16:00:00;4447.582388741047;3078.4485;['wind_speed', 'pressure']
2026-02-04 17:00:00;4061.7863361663403;3131.75175;['wind_speed', 'pressure']
2026-02-04 18:00:00;4492.1264587345795;3145.325;['wind_speed', 'pressure']
2026-02-04 19:00:00;3628.8868215391435;2937.0585;['wind_speed', 'pressure']
2026-02-04 20:00:00;3732.164687353352;2372.80775;['wind_speed', 'pressure']
2026-02-04 21:00:00;3985.170649020518;2626.7202500000003;['wind_speed', 'pressure']
2026-02-04 22:00:00;3828.7966438178914;3097.12075;['wind_speed', 'pressure']
2026-02-04 23:00:00;3472.5380245458846;2309.46375;['wind_speed', 'pressure']
2026-02-05 00:00:00;2826.4140753977736;2383.21975;['wind_speed', 'pressure']
2026-02-05 01:00:00;2859.168734723855;2960.2615;['wind_speed', 'pressure']
2026-02-05 02:00:00;2875.9719127951244;2172.40875;['wind_speed', 'pressure']
2026-02-05 03:00:00;2684.183149549181;2315.36425;['wind_speed', 'pressure']
2026-02-05 04:00:00;2895.189141890318;2231.8865;['wind_speed', 'pressure']
2026-02-05 05:00:00;2777.0160976623156;2299.616;['wind_speed', 'pressure']
2026-02-05 06:00:00;3005.771181219086;2751.74825;['wind_speed', 'pressure']
2026-02-05 07:00:00;3265.5195578660505;2285.11125;['wind_speed', 'pressure']
2026-02-05 08:00:00;3577.2127857912365;2690.5555;['wind_speed', 'pressure']
2026-02-05 09:00:00;3313.6134863546004;2209.523;['wind_speed', 'pressure']
2026-02-05 10:00:00;3504.411413859093;2035.103;['wind_speed', 'pressure']
2026-02-05 11:00:00;2613.486309902094;3871.413;['wind_speed', 'pressure']
2026-02-05 12:00:00;3178.4814952668057;2481.76625;['wind_speed', 'pressure']
2026-02-05 13:00:00;2575.810502093391;2475.083;['wind_speed', 'pressure']
2026-02-05 14:00:00;2650.1693857723994;2266.7945;['wind_speed', 'pressure']
2026-02-05 15:00:00;2821.8876472354464;3025.16625;['wind_speed', 'pressure']
2026-02-05 16:00:00;3607.251090783108;3120.888;['wind_speed', 'pressure']
2026-02-05 17:00:00;4233.589607637802;5058.1865;['wind_speed', 'pressure']
2026-02-05 18:00:00;4031.7713822358173;4388.71075;['wind_speed', 'pressure']
2026-02-05 19:00:00;3599.5951607750007;2322.8345;['wind_speed', 'pressure']
2026-02-05 20:00:00;3564.886193502959;2892.934;['wind_speed', 'pressure']
2026-02-05 21:00:00;3763.0672605771497;2691.11;['wind_speed', 'pressure']
2026-02-05 22:00:00;3604.449282360487;2040.70725;['wind_speed', 'pressure']
2026-02-05 23:00:00;2787.3036409372307;2318.614;['wind_speed', 'pressure']
2026-02-06 00:00:00;2429.385096750573;2417.388;['wind_speed', 'pressure']
2026-02-06 01:00:00;2586.9739722327386;3028.649;['wind_speed', 'pressure']
2026-02-06 02:00:00;2537.3425721553776;2456.4425;['wind_speed', 'pressure']
2026-02-06 03:00:00;2388.222562078892;1991.96825;['wind_speed', 'pressure']
2026-02-06 04:00:00;2424.8021708741253;2168.60175;['wind_speed', 'pressure']
2026-02-06 05:00:00;2577.694390882814;2554.5777500000004;['wind_speed', 'pressure']
2026-02-06 06:00:00;2631.3133731073085;2480.9035;['wind_speed', 'pressure']
2026-02-06 07:00:00;2776.5242724622785;2516.1095;['wind_speed', 'pressure']
2026-02-06 08:00:00;2997.09946090029;2358.27875;['wind_speed', 'pressure']
2026-02-06 09:00:00;2775.909647224582;3043.82875;['wind_speed', 'pressure']
2026-02-06 10:00:00;2940.074270127977;1863.571;['wind_speed', 'pressure']
2026-02-06 11:00:00;2903.6841225941316;1953.389;['wind_speed', 'pressure']
2026-02-06 12:00:00;2754.154425703284;2709.674;['wind_speed', 'pressure']
2026-02-06 13:00:00;2692.274116752991;2834.37725;['wind_speed', 'pressure']
2026-02-06 14:00:00;2409.8553844844937;3653.3685;['wind_speed', 'pressure']
2026-02-06 15:00:00;2850.503076343408;3025.16625;['wind_speed', 'pressure']
2026-02-06 16:00:00;3412.5890034618806;3120.888;['wind_speed', 'pressure']
2026-02-06 17:00:00;3666.6219430916362;5058.1865;['wind_speed', 'pressure']
2026-02-06 18:00:00;3889.0860096321667;4388.71075;['wind_speed', 'pressure']
2026-02-06 19:00:00;3352.726485918496;2322.8345;['wind_speed', 'pressure']
2026-02-06 20:00:00;3389.910628793717;2892.934;['wind_speed', 'pressure']
2026-02-06 21:00:00;3242.6657965996947;2691.11;['wind_speed', 'pressure']
2026-02-06 22:00:00;3153.5837550642154;2040.70725;['wind_speed', 'pressure']
2026-02-06 23:00:00;2448.564649402416;2318.614;['wind_speed', 'pressure']
2026-02-07 00:00:00;2373.6099306575707;2417.388;['wind_speed', 'pressure']
2026-02-07 01:00:00;2479.6349276512465;3028.649;['wind_speed', 'pressure']
2026-02-07 02:00:00;2357.5822616563505;2456.4425;['wind_speed', 'pressure']
2026-02-07 03:00:00;2145.65913915388;1991.96825;['wind_speed', 'pressure']
2026-02-07 04:00:00;2230.566869123749;2168.60175;['wind_speed', 'pressure']
2026-02-07 05:00:00;2315.2159209410775;2554.5777500000004;['wind_speed', 'pressure']
2026-02-07 06:00:00;2412.2701663667467;2480.9035;['wind_speed', 'pressure']
2026-02-07 07:00:00;2579.6630714235666;2516.1095;['wind_speed', 'pressure']
2026-02-07 08:00:00;2687.621402277201;2358.27875;['wind_speed', 'pressure']
2026-02-07 09:00:00;2678.145903801048;3043.82875;['wind_speed', 'pressure']
2026-02-07 10:00:00;2603.596241906402;1863.571;['wind_speed', 'pressure']
2026-02-07 11:00:00;2725.338734140596;1953.389;['wind_speed', 'pressure']
2026-02-07 12:00:00;2645.004841958017;2709.674;['wind_speed', 'pressure']
2026-02-07 13:00:00;2614.1264169618144;2834.37725;['wind_speed', 'pressure']
2026-02-07 14:00:00;2630.0065008157226;3653.3685;['wind_speed', 'pressure']
2026-02-07 15:00:00;2722.949376607302;2864.2456666666667;['wind_speed', 'pressure']
2026-02-07 16:00:00;3272.7241520578395;2075.1228333333333;['wind_speed', 'pressure']
2026-02-07 17:00:00;4091.585184372032;1286.0;['wind_speed', 'pressure']
2026-02-07 18:00:00;3845.358456271258;1953.83375;['wind_speed', 'pressure']
2026-02-07 19:00:00;2935.9206410167976;1765.97475;['wind_speed', 'pressure']
2026-02-07 20:00:00;3217.028526373387;4467.39375;['wind_speed', 'pressure']
2026-02-07 21:00:00;2902.858213440035;4289.70725;['wind_speed', 'pressure']
2026-02-07 22:00:00;3459.625086818708;2769.21075;['wind_speed', 'pressure']
2026-02-07 23:00:00;2622.2465832214166;2518.1585;['wind_speed', 'pressure']
2026-02-08 00:00:00;2734.694996291675;2938.06875;['wind_speed', 'pressure']
2026-02-08 01:00:00;2818.6441425361654;2957.5335;['wind_speed', 'pressure']
2026-02-08 02:00:00;2678.4709422709834;1970.80175;['wind_speed', 'pressure']
2026-02-08 03:00:00;2358.476923420223;2352.781;['wind_speed', 'pressure']
2026-02-08 04:00:00;2447.885445732521;2566.9445;['wind_speed', 'pressure']
2026-02-08 05:00:00;2528.830713165062;2694.618;['wind_speed', 'pressure']
2026-02-08 06:00:00;2769.646392652503;3327.3340000000003;['wind_speed', 'pressure']
2026-02-08 07:00:00;2612.0398117052855;2645.92225;['wind_speed', 'pressure']
2026-02-08 08:00:00;2710.5124573355565;2682.03925;['wind_speed', 'pressure']
2026-02-08 09:00:00;2953.7048747197887;2049.55625;['wind_speed', 'pressure']
2026-02-08 10:00:00;2391.5092487790744;3419.758;['wind_speed', 'pressure']
2026-02-08 11:00:00;2362.3967499128553;3716.1535;['wind_speed', 'pressure']
2026-02-08 12:00:00;2557.395895590133;3340.28175;['wind_speed', 'pressure']
2026-02-08 13:00:00;2673.7405410463352;2959.019;['wind_speed', 'pressure']
2026-02-08 14:00:00;2896.5276560076527;2486.248;['wind_speed', 'pressure']
2026-02-08 15:00:00;2708.0019221201474;2433.7925;['wind_speed', 'pressure']
2026-02-08 16:00:00;2827.729346453718;3127.31125;['wind_speed', 'pressure']
2026-02-08 17:00:00;3491.91323956948;2999.37275;['wind_speed', 'pressure']
2026-02-08 18:00:00;3631.2728358770246;5183.34525;['wind_speed', 'pressure']
2026-02-08 19:00:00;2926.325484610071;3736.658;['wind_speed', 'pressure']
2026-02-08 20:00:00;3531.492264960853;2797.79775;['wind_speed', 'pressure']
2026-02-08 21:00:00;3442.97399980854;4569.61725;['wind_speed', 'pressure']
2026-02-08 22:00:00;2873.9104095551616;3223.9255000000003;['wind_speed', 'pressure']
2026-02-08 23:00:00;2334.0253429140057;2572.21625;['wind_speed', 'pressure']
2026-02-09 00:00:00;2395.9456784547106;2426.5875;['wind_speed', 'pressure']
2026-02-09 01:00:00;2825.0495869860283;2814.69075;['wind_speed', 'pressure']
2026-02-09 02:00:00;2638.8113716729995;2158.1762500000004;['wind_speed', 'pressure']
2026-02-09 03:00:00;1959.6862227732054;2665.0825;['wind_speed', 'pressure']
2026-02-09 04:00:00;2608.906121215592;2046.7645;['wind_speed', 'pressure']
2026-02-09 05:00:00;2687.879397094356;3459.894;['wind_speed', 'pressure']
2026-02-09 06:00:00;2648.8313849388273;2796.855;['wind_speed', 'pressure']
2026-02-09 07:00:00;2324.001287683771;2588.22925;['wind_speed', 'pressure']
2026-02-09 08:00:00;2347.329208168514;2782.715;['wind_speed', 'pressure']
2026-02-09 09:00:00;2801.8072177945664;2941.144;['wind_speed', 'pressure']
2026-02-09 10:00:00;2819.1073984191653;2378.2555;['wind_speed', 'pressure']
2026-02-09 11:00:00;2981.6120475966864;1645.005;['wind_speed', 'pressure']
2026-02-09 12:00:00;2889.0940668859;2864.45375;['wind_speed', 'pressure']
2026-02-09 13:00:00;2697.8145712967757;3099.12325;['wind_speed', 'pressure']
2026-02-09 14:00:00;3093.787416543786;2231.92525;['wind_speed', 'pressure']
2026-02-09 15:00:00;2902.274319664519;1882.14975;['wind_speed', 'pressure']
2026-02-09 16:00:00;3085.660689684047;2290.892;['wind_speed', 'pressure']
2026-02-09 17:00:00;3621.0044195357527;3762.23375;['wind_speed', 'pressure']
2026-02-09 18:00:00;4410.939059200056;3246.77025;['wind_speed', 'pressure']
2026-02-09 19:00:00;3192.452950725874;3761.3245;['wind_speed', 'pressure']
2026-02-09 20:00:00;3792.608565581155;3345.93475;['wind_speed', 'pressure']
2026-02-09 21:00:00;3421.4834501993237;3058.4565;['wind_speed', 'pressure']
2026-02-09 22:00:00;2999.4302125775594;3274.3425;['wind_speed', 'pressure']
2026-02-09 23:00:00;2577.7782719022243;3204.72675;['wind_speed', 'pressure']
2026-02-10 00:00:00;2803.6708877707088;2312.257;['wind_speed', 'pressure']
2026-02-10 01:00:00;2869.5370747503785;2445.75475;['wind_speed', 'pressure']
2026-02-10 02:00:00;2624.874432019151;2738.38875;['wind_speed', 'pressure']
2026-02-10 03:00:00;2434.560837859638;2507.56425;['wind_speed', 'pressure']
2026-02-10 04:00:00;2372.5301200589915;2972.28575;['wind_speed', 'pressure']
2026-02-10 05:00:00;2614.490104243251;2894.95425;['wind_speed', 'pressure']
2026-02-10 06:00:00;2526.8029539837316;3762.406;['wind_speed', 'pressure']
2026-02-10 07:00:00;2740.0538494407783;2580.2795;['wind_speed', 'pressure']
2026-02-10 08:00:00;2863.140342985458;4036.3455;['wind_speed', 'pressure']
2026-02-10 09:00:00;2764.9083651497713;3671.19375;['wind_speed', 'pressure']
2026-02-10 10:00:00;2839.8830618936986;2416.94175;['wind_speed', 'pressure']
2026-02-10 11:00:00;2478.365377439738;2677.89175;['wind_speed', 'pressure']
2026-02-10 12:00:00;2495.3813978636745;1806.73475;['wind_speed', 'pressure']
2026-02-10 13:00:00;2641.945894764218;3154.1665;['wind_speed', 'pressure']
2026-02-10 14:00:00;2778.0894928485195;2227.19575;['wind_speed', 'pressure']
2026-02-10 15:00:00;2508.0288737527135;2543.43525;['wind_speed', 'pressure']
2026-02-10 16:00:00;2938.1227702903325;2576.265;['wind_speed', 'pressure']
2026-02-10 17:00:00;4174.7378829039135;5342.617;['wind_speed', 'pressure']
2026-02-10 18:00:00;4008.6149235215735;5926.32475;['wind_speed', 'pressure']
2026-02-10 19:00:00;3068.3331411343006;3875.02825;['wind_speed', 'pressure']
2026-02-10 20:00:00;3377.2766174194585;4273.53175;['wind_speed', 'pressure']
2026-02-10 21:00:00;3013.438707944575;2881.09475;['wind_speed', 'pressure']
2026-02-10 22:00:00;2821.7978788504033;2286.139;['wind_speed', 'pressure']
2026-02-10 23:00:00;2562.714896670375;3057.192;['wind_speed', 'pressure']
2026-02-11 00:00:00;2675.336643920674;2366.50825;['wind_speed', 'pressure']
2026-02-11 01:00:00;2776.1105397742804;2711.8525;['wind_speed', 'pressure']
2026-02-11 02:00:00;2587.080740656988;2083.15775;['wind_speed', 'pressure']
2026-02-11 03:00:00;2400.684063411397;2465.2165000000005;['wind_speed', 'pressure']
2026-02-11 04:00:00;2416.4027986020037;2897.0037500000003;['wind_speed', 'pressure']
2026-02-11 05:00:00;2473.522858480919;2676.7915000000003;['wind_speed', 'pressure']
2026-02-11 06:00:00;2718.4167123277393;2365.58925;['wind_speed', 'pressure']
2026-02-11 07:00:00;2645.145487790749;3238.81225;['wind_speed', 'pressure']
2026-02-11 08:00:00;2928.820835931113;2706.17225;['wind_speed', 'pressure']
2026-02-11 09:00:00;2901.689877489715;3475.922;['wind_speed', 'pressure']
2026-02-11 10:00:00;2809.847312671548;2244.5915;['wind_speed', 'pressure']
2026-02-11 11:00:00;2729.3583044735947;2952.637;['wind_speed', 'pressure']
2026-02-11 12:00:00;2569.888054503505;1686.3925;['wind_speed', 'pressure']
2026-02-11 13:00:00;2673.4154147844088;3154.1665;['wind_speed', 'pressure']
2026-02-11 14:00:00;2514.530107229607;2227.19575;['wind_speed', 'pressure']
2026-02-11 15:00:00;2742.450401279496;2543.43525;['wind_speed', 'pressure']
2026-02-11 16:00:00;3130.6306012315986;2576.265;['wind_speed', 'pressure']
2026-02-11 17:00:00;3994.380377967525;1333.5;['wind_speed', 'pressure']
2026-02-11 18:00:00;4312.654285122412;3750.33275;['wind_speed', 'pressure']
2026-02-11 19:00:00;2967.7123276432994;3982.69175;['wind_speed', 'pressure']
2026-02-11 20:00:00;3701.9499696498606;3578.161;['wind_speed', 'pressure']
2026-02-11 21:00:00;3077.113201312017;2482.21025;['wind_speed', 'pressure']
2026-02-11 22:00:00;2751.960542970407;2358.59375;['wind_speed', 'pressure']
2026-02-11 23:00:00;2941.9526979399443;2322.409;['wind_speed', 'pressure']
2026-02-12 00:00:00;2541.248486457317;2297.366;['wind_speed', 'pressure']
2026-02-12 01:00:00;2519.016162850723;2377.4665;['wind_speed', 'pressure']
2026-02-12 02:00:00;2617.347013057723;1861.1955;['wind_speed', 'pressure']
2026-02-12 03:00:00;2578.965762336737;1835.98825;['wind_speed', 'pressure']
2026-02-12 04:00:00;2561.114713114521;1987.42975;['wind_speed', 'pressure']
2026-02-12 05:00:00;2670.5106174509206;2928.504;['wind_speed', 'pressure']
2026-02-12 06:00:00;2507.4929667605356;2122.81;['wind_speed', 'pressure']
2026-02-12 07:00:00;2873.398161608356;2338.194;['wind_speed', 'pressure']
2026-02-12 08:00:00;2817.1989109345486;1348.37875;['wind_speed', 'pressure']
2026-02-12 09:00:00;2834.151867222722;928.61625;['wind_speed', 'pressure']
2026-02-12 10:00:00;2505.575526751992;2329.8340000000003;['wind_speed', 'pressure']
2026-02-12 11:00:00;2692.724017682318;1817.92825;['wind_speed', 'pressure']
2026-02-12 12:00:00;2535.701095973982;3735.537;['wind_speed', 'pressure']
2026-02-12 13:00:00;2710.1879371373707;2596.203;['wind_speed', 'pressure']
2026-02-12 14:00:00;2478.5162173902872;2194.61975;['wind_speed', 'pressure']
2026-02-12 15:00:00;2622.8033116822285;1834.60225;['wind_speed', 'pressure']
2026-02-12 16:00:00;2940.619075052524;2180.3565;['wind_speed', 'pressure']
2026-02-12 17:00:00;3402.9620098977102;3746.30075;['wind_speed', 'pressure']
2026-02-12 18:00:00;3570.310307015765;4982.87875;['wind_speed', 'pressure']
2026-02-12 19:00:00;2748.1832252630356;3386.71775;['wind_speed', 'pressure']
2026-02-12 20:00:00;3361.4860758650257;3613.59775;['wind_speed', 'pressure']
2026-02-12 21:00:00;3051.3020504501205;3065.22725;['wind_speed', 'pressure']
2026-02-12 22:00:00;2971.605449142626;2475.28875;['wind_speed', 'pressure']
2026-02-12 23:00:00;2637.9241360695287;2045.159;['wind_speed', 'pressure']
2026-02-13 00:00:00;2117.900987700049;2855.48325;['wind_speed', 'pressure']
2026-02-13 01:00:00;2372.5983896572557;2102.1375;['wind_speed', 'pressure']
2026-02-13 02:00:00;2099.7496099184987;2721.5535;['wind_speed', 'pressure']
2026-02-13 03:00:00;1875.439900265333;2265.05425;['wind_speed', 'pressure']
2026-02-13 04:00:00;1890.770880733839;2724.386;['wind_speed', 'pressure']
2026-02-13 05:00:00;2363.707257295592;1950.27;['wind_speed', 'pressure']
2026-02-13 06:00:00;2196.0257983071624;2676.27525;['wind_speed', 'pressure']
2026-02-13 07:00:00;2446.1157480332067;1876.716;['wind_speed', 'pressure']
2026-02-13 08:00:00;2657.7989935108976;3155.0185;['wind_speed', 'pressure']
2026-02-13 09:00:00;2488.12497482593;3419.00525;['wind_speed', 'pressure']
2026-02-13 10:00:00;2766.298957099739;2633.61775;['wind_speed', 'pressure']
2026-02-13 11:00:00;2693.36782766889;3832.5985;['wind_speed', 'pressure']
2026-02-13 12:00:00;2828.5021667306423;2113.4985;['wind_speed', 'pressure']
2026-02-13 13:00:00;2608.7806007447493;2406.8145;['wind_speed', 'pressure']
2026-02-13 14:00:00;2461.1994198764887;2225.23925;['wind_speed', 'pressure']
2026-02-13 15:00:00;2424.086626123273;2112.819;['wind_speed', 'pressure']
2026-02-13 16:00:00;2675.6935343496007;2119.783;['wind_speed', 'pressure']
2026-02-13 17:00:00;4423.223404014214;2762.934;['wind_speed', 'pressure']
2026-02-13 18:00:00;4031.091478140242;3519.851;['wind_speed', 'pressure']
2026-02-13 19:00:00;2604.0391486744034;3490.8465;['wind_speed', 'pressure']
2026-02-13 20:00:00;3197.297202652567;3538.6712499999994;['wind_speed', 'pressure']
2026-02-13 21:00:00;2934.93818795393;3449.1785;['wind_speed', 'pressure']
2026-02-13 22:00:00;2646.7789163791354;2324.8065;['wind_speed', 'pressure']
2026-02-13 23:00:00;2214.986812741767;3431.5795;['wind_speed', 'pressure']
2026-02-14 00:00:00;2917.9210845251805;2411.443;['wind_speed', 'pressure']
2026-02-14 01:00:00;2735.1231988050745;2943.3845;['wind_speed', 'pressure']
2026-02-14 02:00:00;2735.4024102364974;2579.4275;['wind_speed', 'pressure']
2026-02-14 03:00:00;2522.3270735112283;2204.52425;['wind_speed', 'pressure']
2026-02-14 04:00:00;2499.088033003186;2660.8965000000003;['wind_speed', 'pressure']
2026-02-14 05:00:00;2416.7575140258127;3597.15675;['wind_speed', 'pressure']
2026-02-14 06:00:00;2756.6771517299903;2461.59075;['wind_speed', 'pressure']
2026-02-14 07:00:00;2516.331595587288;2936.82475;['wind_speed', 'pressure']
2026-02-14 08:00:00;2835.691017639798;2971.81825;['wind_speed', 'pressure']
2026-02-14 09:00:00;2926.318959945807;2900.61125;['wind_speed', 'pressure']
2026-02-14 10:00:00;2770.936850545433;2713.67975;['wind_speed', 'pressure']
2026-02-14 11:00:00;3564.95381126457;2756.77525;['wind_speed', 'pressure']
2026-02-14 12:00:00;2724.117648575509;3727.64475;['wind_speed', 'pressure']
2026-02-14 13:00:00;2934.6761022157316;2757.3445;['wind_speed', 'pressure']
2026-02-14 14:00:00;2493.2962052444177;3371.52475;['wind_speed', 'pressure']
2026-02-14 15:00:00;2846.1778124339744;3231.48225;['wind_speed', 'pressure']
2026-02-14 16:00:00;3037.900964527991;4488.084;['wind_speed', 'pressure']
2026-02-14 17:00:00;3865.972301664511;5352.45;['wind_speed', 'pressure']
2026-02-14 18:00:00;4123.273845314199;6210.828;['wind_speed', 'pressure']
2026-02-14 19:00:00;3218.108884086817;1903.77525;['wind_speed', 'pressure']
2026-02-14 20:00:00;3176.057019496253;2630.102;['wind_speed', 'pressure']
2026-02-14 21:00:00;2881.373816576789;4245.20475;['wind_speed', 'pressure']
2026-02-14 22:00:00;2925.763826944558;3723.198;['wind_speed', 'pressure']
2026-02-14 23:00:00;2831.3408211516976;3729.623;['wind_speed', 'pressure']
2026-02-15 00:00:00;3220.157493526212;3933.857;['wind_speed', 'pressure']
2026-02-15 01:00:00;3302.079110755221;3709.625;['wind_speed', 'pressure']
2026-02-15 02:00:00;3015.6143593647844;3698.68875;['wind_speed', 'pressure']
2026-02-15 03:00:00;2841.783010946798;3668.341;['wind_speed', 'pressure']
2026-02-15 04:00:00;2786.9463919462733;3783.91125;['wind_speed', 'pressure']
2026-02-15 05:00:00;2942.3426722856525;3444.12875;['wind_speed', 'pressure']
2026-02-15 06:00:00;2768.2183387777354;4090.44675;['wind_speed', 'pressure']
2026-02-15 07:00:00;3071.6731526618346;4660.0415;['wind_speed', 'pressure']
2026-02-15 08:00:00;2979.251997525026;3879.998;['wind_speed', 'pressure']
2026-02-15 09:00:00;3165.009500613348;4359.39175;['wind_speed', 'pressure']
2026-02-15 10:00:00;3085.9603777279044;5136.501;['wind_speed', 'pressure']
2026-02-15 11:00:00;3156.977590128403;4608.921;['wind_speed', 'pressure']
2026-02-15 12:00:00;2893.693511608176;3958.311;['wind_speed', 'pressure']
2026-02-15 13:00:00;3217.326097433326;2757.3445;['wind_speed', 'pressure']
2026-02-15 14:00:00;3177.9947063961845;3371.52475;['wind_speed', 'pressure']
2026-02-15 15:00:00;3261.252863650391;3231.48225;['wind_speed', 'pressure']
2026-02-15 16:00:00;3384.4666160792603;5022.667;['wind_speed', 'pressure']
2026-02-15 17:00:00;3839.2685073502876;3789.986;['wind_speed', 'pressure']
2026-02-15 18:00:00;4370.6881485517615;1972.2715;['wind_speed', 'pressure']
2026-02-15 19:00:00;3643.6671189652916;1211.72575;['wind_speed', 'pressure']
2026-02-15 20:00:00;3329.683014862885;2768.893;['wind_speed', 'pressure']
2026-02-15 21:00:00;3436.9798171300545;4284.85;['wind_speed', 'pressure']
2026-02-15 22:00:00;3039.5511050814857;3674.49175;['wind_speed', 'pressure']
2026-02-15 23:00:00;2753.2996608605868;3857.04075;['wind_speed', 'pressure']
2026-02-16 00:00:00;2821.3683892846075;4270.74175;['wind_speed', 'pressure']
2026-02-16 01:00:00;3264.1349624832983;4172.0475;['wind_speed', 'pressure']
2026-02-16 02:00:00;2831.794222698578;4192.84925;['wind_speed', 'pressure']
2026-02-16 03:00:00;2929.452595412997;4297.218;['wind_speed', 'pressure']
2026-02-16 04:00:00;2755.02928693788;3792.167;['wind_speed', 'pressure']
2026-02-16 05:00:00;2873.1467129936077;3905.2105;['wind_speed', 'pressure']
2026-02-16 06:00:00;2971.6063694263003;4322.625;['wind_speed', 'pressure']
2026-02-16 07:00:00;3138.3730602874884;5897.072;['wind_speed', 'pressure']
2026-02-16 08:00:00;3244.375442930265;2816.22675;['wind_speed', 'pressure']
2026-02-16 09:00:00;3564.826905168443;3726.25825;['wind_speed', 'pressure']
2026-02-16 10:00:00;3265.4094755950728;3709.35825;['wind_speed', 'pressure']
2026-02-16 11:00:00;3343.16550462166;4097.0225;['wind_speed', 'pressure']
2026-02-16 12:00:00;3145.1016170341245;4383.431500000001;['wind_speed', 'pressure']
2026-02-16 13:00:00;3413.814633832843;3789.0565;['wind_speed', 'pressure']
2026-02-16 14:00:00;3123.370864573052;4607.666;['wind_speed', 'pressure']
2026-02-16 15:00:00;3178.945719479751;4367.22325;['wind_speed', 'pressure']
2026-02-16 16:00:00;2526.7238332424613;3437.96925;['wind_speed', 'pressure']
2026-02-16 17:00:00;4124.058808319351;5117.6485;['wind_speed', 'pressure']
2026-02-16 18:00:00;4577.954467607326;5031.2195;['wind_speed', 'pressure']
2026-02-16 19:00:00;3528.580287568133;5013.32925;['wind_speed', 'pressure']
2026-02-16 20:00:00;3758.3910783669544;3950.84225;['wind_speed', 'pressure']
2026-02-16 21:00:00;3976.661545702682;3260.27925;['wind_speed', 'pressure']
2026-02-16 22:00:00;3097.08263968368;3727.6415;['wind_speed', 'pressure']
2026-02-16 23:00:00;3081.288801358287;2914.66625;['wind_speed', 'pressure']
2026-02-17 00:00:00;3207.3277971386988;3134.171;['wind_speed', 'pressure']
2026-02-17 01:00:00;3356.8846527216656;2905.419;['wind_speed', 'pressure']
2026-02-17 02:00:00;3163.5711691013594;3407.01775;['wind_speed', 'pressure']
2026-02-17 03:00:00;3100.134122520337;2895.731;['wind_speed', 'pressure']
2026-02-17 04:00:00;3223.130114650131;3551.5375;['wind_speed', 'pressure']
2026-02-17 05:00:00;3447.4731021384114;3038.49075;['wind_speed', 'pressure']
2026-02-17 06:00:00;3466.5628837498775;2865.9880000000003;['wind_speed', 'pressure']
2026-02-17 07:00:00;3785.824411930553;4217.9155;['wind_speed', 'pressure']
2026-02-17 08:00:00;3602.649187675943;4631.85375;['wind_speed', 'pressure']
2026-02-17 09:00:00;3680.2290453619057;5666.0205000000005;['wind_speed', 'pressure']
2026-02-17 10:00:00;4055.075633395736;3033.71925;['wind_speed', 'pressure']
2026-02-17 11:00:00;4098.119975198857;3668.54275;['wind_speed', 'pressure']
2026-02-17 12:00:00;3586.339853807205;3205.1977500000003;['wind_speed', 'pressure']
2026-02-17 13:00:00;3911.2719341310703;3569.85825;['wind_speed', 'pressure']
2026-02-17 14:00:00;3629.7991202629555;4546.28325;['wind_speed', 'pressure']
2026-02-17 15:00:00;3563.407256201234;3355.98275;['wind_speed', 'pressure']
2026-02-17 16:00:00;4206.54279367956;3155.60275;['wind_speed', 'pressure']
2026-02-17 17:00:00;4628.046281022724;3948.281;['wind_speed', 'pressure']
2026-02-17 18:00:00;4443.631349279556;6586.86025;['wind_speed', 'pressure']
2026-02-17 19:00:00;3384.810478290212;2688.89675;['wind_speed', 'pressure']
2026-02-17 20:00:00;4485.990616097615;4654.51275;['wind_speed', 'pressure']
2026-02-17 21:00:00;4307.094658076305;3142.6025;['wind_speed', 'pressure']
2026-02-17 22:00:00;3809.204833629223;2652.804;['wind_speed', 'pressure']
2026-02-17 23:00:00;3845.7779127879267;2618.7905;['wind_speed', 'pressure']
2026-02-18 00:00:00;2881.931323954079;3148.755;['wind_speed', 'pressure']
2026-02-18 01:00:00;3088.2713592692708;3693.88525;['wind_speed', 'pressure']
2026-02-18 02:00:00;2727.7310089821112;2656.90925;['wind_speed', 'pressure']
2026-02-18 03:00:00;3059.2495043221716;2022.2365;['wind_speed', 'pressure']
2026-02-18 04:00:00;3213.452480540407;2714.6582499999995;['wind_speed', 'pressure']
2026-02-18 05:00:00;3397.534847203437;3138.4825;['wind_speed', 'pressure']
2026-02-18 06:00:00;3623.408149679936;3251.8665;['wind_speed', 'pressure']
2026-02-18 07:00:00;3205.1060265140436;3767.39;['wind_speed', 'pressure']
2026-02-18 08:00:00;3371.1672529848556;3704.433;['wind_speed', 'pressure']
2026-02-18 09:00:00;3546.1949454524247;4502.9775;['wind_speed', 'pressure']
2026-02-18 10:00:00;3860.8848621193956;2839.84175;['wind_speed', 'pressure']
2026-02-18 11:00:00;3757.050090938622;3027.432;['wind_speed', 'pressure']
2026-02-18 12:00:00;3785.5114404664487;3523.302;['wind_speed', 'pressure']
2026-02-18 13:00:00;3621.9059738926453;3065.7345000000005;['wind_speed', 'pressure']
2026-02-18 14:00:00;3847.1936208228512;3746.467;['wind_speed', 'pressure']
2026-02-18 15:00:00;3512.8474262032605;3357.258;['wind_speed', 'pressure']
2026-02-18 16:00:00;3751.8471096270887;3739.85675;['wind_speed', 'pressure']
2026-02-18 17:00:00;4756.974325525744;5383.882;['wind_speed', 'pressure']
2026-02-18 18:00:00;3937.429174842109;5460.044;['wind_speed', 'pressure']
2026-02-18 19:00:00;3460.230818407286;3423.06;['wind_speed', 'pressure']
2026-02-18 20:00:00;3558.9484946360044;4988.140666666666;['wind_speed', 'pressure']
2026-02-18 21:00:00;3520.1948846167397;3943.082;['wind_speed', 'pressure']
2026-02-18 22:00:00;3760.17173934199;3280.73875;['wind_speed', 'pressure']
2026-02-18 23:00:00;3905.9393800474218;4189.85225;['wind_speed', 'pressure']
2026-02-19 00:00:00;3916.6101595282457;3798.69625;['wind_speed', 'pressure']
2026-02-19 01:00:00;3887.3079901840856;3470.1565;['wind_speed', 'pressure']
2026-02-19 02:00:00;3477.8711848946527;3887.978;['wind_speed', 'pressure']
2026-02-19 03:00:00;3624.4631739682836;3463.55225;['wind_speed', 'pressure']
2026-02-19 04:00:00;3330.3617283274643;3694.54025;['wind_speed', 'pressure']
2026-02-19 05:00:00;3451.9563461785565;4024.671;['wind_speed', 'pressure']
2026-02-19 06:00:00;3819.5675516458773;3976.81075;['wind_speed', 'pressure']
2026-02-19 07:00:00;3848.439065891449;4254.63175;['wind_speed', 'pressure']
2026-02-19 08:00:00;4182.7466931621075;5451.65625;['wind_speed', 'pressure']
2026-02-19 09:00:00;3979.030661820758;4617.72725;['wind_speed', 'pressure']
2026-02-19 10:00:00;3834.1913229265165;4048.07275;['wind_speed', 'pressure']
2026-02-19 11:00:00;3968.480101174257;4006.33275;['wind_speed', 'pressure']
2026-02-19 12:00:00;3521.193599446291;2886.07425;['wind_speed', 'pressure']
2026-02-19 13:00:00;3602.397344645402;3151.84075;['wind_speed', 'pressure']
2026-02-19 14:00:00;3812.5473461677457;2118.81075;['wind_speed', 'pressure']
2026-02-19 15:00:00;3803.8115594648634;2872.442;['wind_speed', 'pressure']
2026-02-19 16:00:00;3678.1536866456436;3774.00675;['wind_speed', 'pressure']
2026-02-19 17:00:00;4646.249449480787;5136.79725;['wind_speed', 'pressure']
2026-02-19 18:00:00;5334.6847246595225;5757.4375;['wind_speed', 'pressure']
2026-02-19 19:00:00;4055.521045438286;2808.28475;['wind_speed', 'pressure']
2026-02-19 20:00:00;3958.6086034075197;4316.30025;['wind_speed', 'pressure']
2026-02-19 21:00:00;4259.792157898217;4116.61075;['wind_speed', 'pressure']
2026-02-19 22:00:00;4019.037317194191;3227.96925;['wind_speed', 'pressure']
2026-02-19 23:00:00;3973.9109305458373;3393.52525;['wind_speed', 'pressure']
2026-02-20 00:00:00;3467.1511105449813;3867.99625;['wind_speed', 'pressure']
2026-02-20 01:00:00;3543.610163768107;3100.64225;['wind_speed', 'pressure']
2026-02-20 02:00:00;3413.669994103934;2828.1715;['wind_speed', 'pressure']
2026-02-20 03:00:00;3300.7484977211734;4158.9235;['wind_speed', 'pressure']
2026-02-20 04:00:00;3449.7336314961794;3933.11075;['wind_speed', 'pressure']
2026-02-20 05:00:00;3528.373331722385;3965.08175;['wind_speed', 'pressure']
2026-02-20 06:00:00;3567.309925809166;3080.9115;['wind_speed', 'pressure']
2026-02-20 07:00:00;3923.2791731982857;4425.24725;['wind_speed', 'pressure']
2026-02-20 08:00:00;3705.4184134942743;5264.822999999999;['wind_speed', 'pressure']
2026-02-20 09:00:00;3729.089771637521;3476.0955;['wind_speed', 'pressure']
2026-02-20 10:00:00;4005.5729259932427;3282.589;['wind_speed', 'pressure']
2026-02-20 11:00:00;3852.1133126555196;3600.80525;['wind_speed', 'pressure']
2026-02-20 12:00:00;3726.5676089586364;4432.64325;['wind_speed', 'pressure']
2026-02-20 13:00:00;3525.9015949462587;2361.1320000000005;['wind_speed', 'pressure']
2026-02-20 14:00:00;3530.175429784603;1551.0443333333333;['wind_speed', 'pressure']
2026-02-20 15:00:00;3423.3647331303728;2872.442;['wind_speed', 'pressure']
2026-02-20 16:00:00;3596.662332056282;3774.00675;['wind_speed', 'pressure']
2026-02-20 17:00:00;4479.226173410645;5136.79725;['wind_speed', 'pressure']
2026-02-20 18:00:00;5156.131884839313;5177.334;['wind_speed', 'pressure']
2026-02-20 19:00:00;3770.93329470653;5452.91475;['wind_speed', 'pressure']
2026-02-20 20:00:00;4440.306376797777;5548.0960000000005;['wind_speed', 'pressure']
2026-02-20 21:00:00;3932.695393991759;4351.4605;['wind_speed', 'pressure']
2026-02-20 22:00:00;3386.427231596801;4562.4445;['wind_speed', 'pressure']
2026-02-20 23:00:00;3548.7830467748413;3240.04275;['wind_speed', 'pressure']
2026-01-20 00:00:00;3420.1850882008457;3324.11425;['wind_speed', 'precipitation']
2026-01-20 01:00:00;3235.8646895938437;3196.69175;['wind_speed', 'precipitation']
2026-01-20 02:00:00;3116.1384205777845;3564.13325;['wind_speed', 'precipitation']
2026-01-20 03:00:00;2916.451835883712;2707.383;['wind_speed', 'precipitation']
2026-01-20 04:00:00;3347.9657156271596;2789.41325;['wind_speed', 'precipitation']
2026-01-20 05:00:00;2965.1649162984786;2898.3705;['wind_speed', 'precipitation']
2026-01-20 06:00:00;3237.043776869119;3033.4665;['wind_speed', 'precipitation']
2026-01-20 07:00:00;3470.125268788657;3828.01275;['wind_speed', 'precipitation']
2026-01-20 08:00:00;3433.588914045399;3828.861;['wind_speed', 'precipitation']
2026-01-20 09:00:00;3012.145254539696;3481.7545;['wind_speed', 'precipitation']
2026-01-20 10:00:00;3156.1279377764877;3349.58575;['wind_speed', 'precipitation']
2026-01-20 11:00:00;3081.088390883473;2320.389;['wind_speed', 'precipitation']
2026-01-20 12:00:00;3490.5534488730823;1065.9830000000002;['wind_speed', 'precipitation']
2026-01-20 13:00:00;3375.342788437924;2686.33025;['wind_speed', 'precipitation']
2026-01-20 14:00:00;3416.069089739926;3281.29675;['wind_speed', 'precipitation']
2026-01-20 15:00:00;3479.368385733853;2185.54725;['wind_speed', 'precipitation']
2026-01-20 16:00:00;3539.9631025151375;3583.29175;['wind_speed', 'precipitation']
2026-01-20 17:00:00;3452.6384970709387;5103.80775;['wind_speed', 'precipitation']
2026-01-20 18:00:00;3383.836726253001;5433.498250000001;['wind_speed', 'precipitation']
2026-01-20 19:00:00;3883.6945987372615;3254.337;['wind_speed', 'precipitation']
2026-01-20 20:00:00;3728.565548407005;4163.027;['wind_speed', 'precipitation']
2026-01-20 21:00:00;3578.541533319967;3972.6565;['wind_speed', 'precipitation']
2026-01-20 22:00:00;3264.6946920752544;3771.60525;['wind_speed', 'precipitation']
2026-01-20 23:00:00;3316.7995080691753;3864.2335;['wind_speed', 'precipitation']
2026-01-21 00:00:00;3844.1230381483724;3600.33125;['wind_speed', 'precipitation']
2026-01-21 01:00:00;3503.8233836325862;3360.08675;['wind_speed', 'precipitation']
2026-01-21 02:00:00;3529.9496192653046;3005.55825;['wind_speed', 'precipitation']
2026-01-21 03:00:00;3186.7936226576894;3117.1915;['wind_speed', 'precipitation']
2026-01-21 04:00:00;3238.0162491799533;3537.741;['wind_speed', 'precipitation']
2026-01-21 05:00:00;3215.2661228066713;3386.89575;['wind_speed', 'precipitation']
2026-01-21 06:00:00;3375.274533575508;2914.7335;['wind_speed', 'precipitation']
2026-01-21 07:00:00;3542.163343382199;4593.3165;['wind_speed', 'precipitation']
2026-01-21 08:00:00;3477.250116302882;4870.53275;['wind_speed', 'precipitation']
2026-01-21 09:00:00;3442.3810433547187;2633.8055;['wind_speed', 'precipitation']
2026-01-21 10:00:00;3392.1343179621863;1883.37975;['wind_speed', 'precipitation']
2026-01-21 11:00:00;3287.3303659645644;1246.6372500000002;['wind_speed', 'precipitation']
2026-01-21 12:00:00;2895.8167442421895;3255.17325;['wind_speed', 'precipitation']
2026-01-21 13:00:00;3182.065318960279;3642.69175;['wind_speed', 'precipitation']
2026-01-21 14:00:00;3573.151108493846;3443.1165;['wind_speed', 'precipitation']
2026-01-21 15:00:00;3594.939552352642;2767.1085000000003;['wind_speed', 'precipitation']
2026-01-21 16:00:00;4079.150038064451;2878.73225;['wind_speed', 'precipitation']
2026-01-21 17:00:00;3699.7466141695586;5212.20875;['wind_speed', 'precipitation']
2026-01-21 18:00:00;4220.194696607075;5884.1085;['wind_speed', 'precipitation']
2026-01-21 19:00:00;3424.6327836510404;5043.75125;['wind_speed', 'precipitation']
2026-01-21 20:00:00;3794.5870264327355;4514.99425;['wind_speed', 'precipitation']
2026-01-21 21:00:00;3896.31310354642;3905.21425;['wind_speed', 'precipitation']
2026-01-21 22:00:00;3830.265858834216;4084.417;['wind_speed', 'precipitation']
2026-01-21 23:00:00;3553.1744367738975;3505.25175;['wind_speed', 'precipitation']
2026-01-22 00:00:00;3777.8725745645916;4382.88325;['wind_speed', 'precipitation']
2026-01-22 01:00:00;3515.4657784499445;3667.35;['wind_speed', 'precipitation']
2026-01-22 02:00:00;3447.961724608618;3949.475;['wind_speed', 'precipitation']
2026-01-22 03:00:00;3548.3056004070454;3619.1745;['wind_speed', 'precipitation']
2026-01-22 04:00:00;3789.371607407397;3195.02325;['wind_speed', 'precipitation']
2026-01-22 05:00:00;3480.40193339382;3207.64475;['wind_speed', 'precipitation']
2026-01-22 06:00:00;3456.042683998762;3834.892;['wind_speed', 'precipitation']
2026-01-22 07:00:00;4010.8607933992303;3332.436;['wind_speed', 'precipitation']
2026-01-22 08:00:00;4147.873002194995;4101.32475;['wind_speed', 'precipitation']
2026-01-22 09:00:00;3219.5566572881053;2792.25975;['wind_speed', 'precipitation']
2026-01-22 10:00:00;2620.3475450079404;3343.5355;['wind_speed', 'precipitation']
2026-01-22 11:00:00;3281.2587022696284;1024.81275;['wind_speed', 'precipitation']
2026-01-22 12:00:00;3262.4927364678715;2345.626;['wind_speed', 'precipitation']
2026-01-22 13:00:00;3667.1342054290944;4000.7015;['wind_speed', 'precipitation']
2026-01-22 14:00:00;3841.2214631977513;3066.969;['wind_speed', 'precipitation']
2026-01-22 15:00:00;3443.5215012861836;2576.49325;['wind_speed', 'precipitation']
2026-01-22 16:00:00;3677.0979980889397;4892.4605;['wind_speed', 'precipitation']
2026-01-22 17:00:00;3993.378192374088;4693.0;['wind_speed', 'precipitation']
2026-01-22 18:00:00;4783.202373801517;5675.33575;['wind_speed', 'precipitation']
2026-01-22 19:00:00;5094.6632793644985;5423.83425;['wind_speed', 'precipitation']
2026-01-22 20:00:00;4288.2138873446165;5436.4;['wind_speed', 'precipitation']
2026-01-22 21:00:00;4045.8567782586997;3945.58875;['wind_speed', 'precipitation']
2026-01-22 22:00:00;4090.692740356146;3972.6965;['wind_speed', 'precipitation']
2026-01-22 23:00:00;3612.0958536443068;2663.9855;['wind_speed', 'precipitation']
2026-01-23 00:00:00;3677.7465479803604;3361.307;['wind_speed', 'precipitation']
2026-01-23 01:00:00;3628.8325826522323;3379.777;['wind_speed', 'precipitation']
2026-01-23 02:00:00;3744.2402787068236;3830.91175;['wind_speed', 'precipitation']
2026-01-23 03:00:00;3431.14311675811;3616.4825;['wind_speed', 'precipitation']
2026-01-23 04:00:00;3507.473115802329;3049.29125;['wind_speed', 'precipitation']
2026-01-23 05:00:00;3311.7649330238633;3813.81625;['wind_speed', 'precipitation']
2026-01-23 06:00:00;3605.969503649959;2841.50725;['wind_speed', 'precipitation']
2026-01-23 07:00:00;3759.7011728194257;3103.87025;['wind_speed', 'precipitation']
2026-01-23 08:00:00;4073.723136827224;769.03125;['wind_speed', 'precipitation']
2026-01-23 09:00:00;3072.473069103914;1197.06775;['wind_speed', 'precipitation']
2026-01-23 10:00:00;3159.0714356679655;2176.22575;['wind_speed', 'precipitation']
2026-01-23 11:00:00;2178.644019546458;2017.9665;['wind_speed', 'precipitation']
2026-01-23 12:00:00;2743.160221837291;3823.25725;['wind_speed', 'precipitation']
2026-01-23 13:00:00;3636.935326346425;2267.88875;['wind_speed', 'precipitation']
2026-01-23 14:00:00;3445.2734540305414;3227.23325;['wind_speed', 'precipitation']
2026-01-23 15:00:00;3196.2383891427808;2640.10975;['wind_speed', 'precipitation']
2026-01-23 16:00:00;4515.886476355408;4200.918250000001;['wind_speed', 'precipitation']
2026-01-23 17:00:00;4509.198125016821;4261.9315;['wind_speed', 'precipitation']
2026-01-23 18:00:00;4559.151787171928;3950.993750000001;['wind_speed', 'precipitation']
2026-01-23 19:00:00;3694.611219365469;3119.8;['wind_speed', 'precipitation']
2026-01-23 20:00:00;4256.6735620268955;3737.94975;['wind_speed', 'precipitation']
2026-01-23 21:00:00;4039.6218233674135;3837.417;['wind_speed', 'precipitation']
2026-01-23 22:00:00;4074.1592807843463;3223.48975;['wind_speed', 'precipitation']
2026-01-23 23:00:00;3321.229636402808;2826.59125;['wind_speed', 'precipitation']
2026-01-24 00:00:00;3350.6824126707374;2617.28325;['wind_speed', 'precipitation']
2026-01-24 01:00:00;3154.622441289061;3046.392;['wind_speed', 'precipitation']
2026-01-24 02:00:00;3320.3133785575956;3411.9126666666666;['wind_speed', 'precipitation']
2026-01-24 03:00:00;3077.7420150212174;2343.45825;['wind_speed', 'precipitation']
2026-01-24 04:00:00;3003.7430019065246;2843.999;['wind_speed', 'precipitation']
2026-01-24 05:00:00;3153.3412475146947;2873.38325;['wind_speed', 'precipitation']
2026-01-24 06:00:00;2783.000145189975;2907.02775;['wind_speed', 'precipitation']
2026-01-24 07:00:00;3136.4141519137597;2334.60825;['wind_speed', 'precipitation']
2026-01-24 08:00:00;3190.6994914445877;2823.44275;['wind_speed', 'precipitation']
2026-01-24 09:00:00;2043.4982336540672;2442.53925;['wind_speed', 'precipitation']
2026-01-24 10:00:00;2422.889832185388;2516.7375;['wind_speed', 'precipitation']
2026-01-24 11:00:00;2107.8582992699835;3611.406;['wind_speed', 'precipitation']
2026-01-24 12:00:00;2967.466706831007;4243.43825;['wind_speed', 'precipitation']
2026-01-24 13:00:00;2609.533039855706;2192.474;['wind_speed', 'precipitation']
2026-01-24 14:00:00;3101.6555011735522;3156.505;['wind_speed', 'precipitation']
2026-01-24 15:00:00;2651.0490012975497;2829.875;['wind_speed', 'precipitation']
2026-01-24 16:00:00;3547.3264827188095;4099.4695;['wind_speed', 'precipitation']
2026-01-24 17:00:00;3805.2794410782303;5198.8237500000005;['wind_speed', 'precipitation']
2026-01-24 18:00:00;4228.5645791039915;4884.75125;['wind_speed', 'precipitation']
2026-01-24 19:00:00;3368.7966573222;2075.6825;['wind_speed', 'precipitation']
2026-01-24 20:00:00;3584.9081103405515;4323.9585;['wind_speed', 'precipitation']
2026-01-24 21:00:00;3533.344807646244;3607.17925;['wind_speed', 'precipitation']
2026-01-24 22:00:00;3322.6584690948102;3738.1285;['wind_speed', 'precipitation']
2026-01-24 23:00:00;2753.2595942184303;3432.4435;['wind_speed', 'precipitation']
2026-01-25 00:00:00;3307.4171820602646;3474.86325;['wind_speed', 'precipitation']
2026-01-25 01:00:00;3237.8043615651004;3669.751;['wind_speed', 'precipitation']
2026-01-25 02:00:00;3446.716701718335;4048.164;['wind_speed', 'precipitation']
2026-01-25 03:00:00;2939.5333356946708;2848.222;['wind_speed', 'precipitation']
2026-01-25 04:00:00;3083.0797767875006;2863.81;['wind_speed', 'precipitation']
2026-01-25 05:00:00;3006.5370945833015;3194.791;['wind_speed', 'precipitation']
2026-01-25 06:00:00;3046.6548062127144;3292.455;['wind_speed', 'precipitation']
2026-01-25 07:00:00;3055.339734621832;2925.93075;['wind_speed', 'precipitation']
2026-01-25 08:00:00;3368.046498260373;2567.88425;['wind_speed', 'precipitation']
2026-01-25 09:00:00;2715.380454784368;2779.9095;['wind_speed', 'precipitation']
2026-01-25 10:00:00;2664.806730283905;4691.433;['wind_speed', 'precipitation']
2026-01-25 11:00:00;2953.4151386795384;4666.953;['wind_speed', 'precipitation']
2026-01-25 12:00:00;3198.983688375479;4243.43825;['wind_speed', 'precipitation']
2026-01-25 13:00:00;2762.6927953541726;2192.474;['wind_speed', 'precipitation']
2026-01-25 14:00:00;3249.8233188046324;3354.488666666666;['wind_speed', 'precipitation']
2026-01-25 15:00:00;2996.453410376401;2592.30825;['wind_speed', 'precipitation']
2026-01-25 16:00:00;4064.2491902355373;2440.2725;['wind_speed', 'precipitation']
2026-01-25 17:00:00;4321.646904197301;4202.912;['wind_speed', 'precipitation']
2026-01-25 18:00:00;4739.667198506946;1737.12275;['wind_speed', 'precipitation']
2026-01-25 19:00:00;3853.0329063325794;958.94425;['wind_speed', 'precipitation']
2026-01-25 20:00:00;3795.921423350792;3723.2195;['wind_speed', 'precipitation']
2026-01-25 21:00:00;3287.631554683854;2804.4895;['wind_speed', 'precipitation']
2026-01-25 22:00:00;4032.1397329743627;3094.9155;['wind_speed', 'precipitation']
2026-01-25 23:00:00;3549.6538735114946;2390.568;['wind_speed', 'precipitation']
2026-01-26 00:00:00;2829.5241929884814;3275.88325;['wind_speed', 'precipitation']
2026-01-26 01:00:00;3127.94480794955;2851.27575;['wind_speed', 'precipitation']
2026-01-26 02:00:00;3242.929492954389;2314.45425;['wind_speed', 'precipitation']
2026-01-26 03:00:00;2566.616975789695;2804.119;['wind_speed', 'precipitation']
2026-01-26 04:00:00;2841.3500886354723;1930.60775;['wind_speed', 'precipitation']
2026-01-26 05:00:00;2744.9346597429426;2723.21625;['wind_speed', 'precipitation']
2026-01-26 06:00:00;2814.8942159565127;2888.58725;['wind_speed', 'precipitation']
2026-01-26 07:00:00;2866.1527066322224;2713.859;['wind_speed', 'precipitation']
2026-01-26 08:00:00;2611.3804897667756;4417.67925;['wind_speed', 'precipitation']
2026-01-26 09:00:00;2545.5849681624663;3356.1275;['wind_speed', 'precipitation']
2026-01-26 10:00:00;3278.696394325677;3438.948;['wind_speed', 'precipitation']
2026-01-26 11:00:00;3322.181454324196;3563.75175;['wind_speed', 'precipitation']
2026-01-26 12:00:00;3508.041140535568;2427.02325;['wind_speed', 'precipitation']
2026-01-26 13:00:00;2300.2677689913444;2582.1835;['wind_speed', 'precipitation']
2026-01-26 14:00:00;2909.550111026132;2928.6145;['wind_speed', 'precipitation']
2026-01-26 15:00:00;2590.367587325561;3789.735;['wind_speed', 'precipitation']
2026-01-26 16:00:00;2837.0998182824233;4572.9445;['wind_speed', 'precipitation']
2026-01-26 17:00:00;3412.716985841854;5266.107;['wind_speed', 'precipitation']
2026-01-26 18:00:00;2487.284215334711;4283.08325;['wind_speed', 'precipitation']
2026-01-26 19:00:00;2496.9862224820854;2424.01675;['wind_speed', 'precipitation']
2026-01-26 20:00:00;3467.5441457910943;4279.203;['wind_speed', 'precipitation']
2026-01-26 21:00:00;3707.370253927076;3742.166;['wind_speed', 'precipitation']
2026-01-26 22:00:00;3187.3931608710764;4314.9745;['wind_speed', 'precipitation']
2026-01-26 23:00:00;2827.109824320477;2969.2475;['wind_speed', 'precipitation']
2026-01-27 00:00:00;3419.2226832106226;2830.22625;['wind_speed', 'precipitation']
2026-01-27 01:00:00;3149.3203465238894;2744.937;['wind_speed', 'precipitation']
2026-01-27 02:00:00;2995.9985379633763;3257.3167500000004;['wind_speed', 'precipitation']
2026-01-27 03:00:00;2963.4708374641955;2912.7870000000003;['wind_speed', 'precipitation']
2026-01-27 04:00:00;2895.170337415043;2666.22525;['wind_speed', 'precipitation']
2026-01-27 05:00:00;2994.999898521831;2944.02975;['wind_speed', 'precipitation']
2026-01-27 06:00:00;3110.8464324799734;3157.67;['wind_speed', 'precipitation']
2026-01-27 07:00:00;3044.9535997358403;4838.0755;['wind_speed', 'precipitation']
2026-01-27 08:00:00;3635.82756349763;4393.29025;['wind_speed', 'precipitation']
2026-01-27 09:00:00;3050.2777479128977;5051.76225;['wind_speed', 'precipitation']
2026-01-27 10:00:00;3302.136128870903;2729.127;['wind_speed', 'precipitation']
2026-01-27 11:00:00;3452.9934216199185;5356.0235;['wind_speed', 'precipitation']
2026-01-27 12:00:00;3108.1356776039456;4141.3775000000005;['wind_speed', 'precipitation']
2026-01-27 13:00:00;2750.550933399484;5016.7125;['wind_speed', 'precipitation']
2026-01-27 14:00:00;3244.591599749194;4572.88175;['wind_speed', 'precipitation']
2026-01-27 15:00:00;3428.9569532444393;5905.1945;['wind_speed', 'precipitation']
2026-01-27 16:00:00;3687.1282349180296;3749.44675;['wind_speed', 'precipitation']
2026-01-27 17:00:00;3839.141883240195;4949.617;['wind_speed', 'precipitation']
2026-01-27 18:00:00;4357.234401447743;4155.69975;['wind_speed', 'precipitation']
2026-01-27 19:00:00;3965.920755442153;2501.7875;['wind_speed', 'precipitation']
2026-01-27 20:00:00;4117.870775104566;4555.15975;['wind_speed', 'precipitation']
2026-01-27 21:00:00;3777.0509337358326;4213.807;['wind_speed', 'precipitation']
2026-01-27 22:00:00;4042.617682918224;3972.591;['wind_speed', 'precipitation']
2026-01-27 23:00:00;3185.1110618638977;2477.69175;['wind_speed', 'precipitation']
2026-01-28 00:00:00;3095.137609051916;2930.86175;['wind_speed', 'precipitation']
2026-01-28 01:00:00;4060.6771770023497;2799.0625;['wind_speed', 'precipitation']
2026-01-28 02:00:00;3635.307441421588;2599.72025;['wind_speed', 'precipitation']
2026-01-28 03:00:00;3253.9960898256277;2659.1175000000003;['wind_speed', 'precipitation']
2026-01-28 04:00:00;4060.8054283880597;2997.5885;['wind_speed', 'precipitation']
2026-01-28 05:00:00;3419.2363375706855;3240.1315;['wind_speed', 'precipitation']
2026-01-28 06:00:00;3592.768759689543;3348.08375;['wind_speed', 'precipitation']
2026-01-28 07:00:00;4153.633858143288;2768.882;['wind_speed', 'precipitation']
2026-01-28 08:00:00;4016.8940190766216;3758.438;['wind_speed', 'precipitation']
2026-01-28 09:00:00;4260.556886835475;4153.29825;['wind_speed', 'precipitation']
2026-01-28 10:00:00;3502.524836895931;3485.40875;['wind_speed', 'precipitation']
2026-01-28 11:00:00;3989.9044824685834;2457.739;['wind_speed', 'precipitation']
2026-01-28 12:00:00;3897.0529834896406;2199.971;['wind_speed', 'precipitation']
2026-01-28 13:00:00;4051.8248870253155;2714.47975;['wind_speed', 'precipitation']
2026-01-28 14:00:00;4206.727209517924;2314.87675;['wind_speed', 'precipitation']
2026-01-28 15:00:00;4488.042154600614;2226.03375;['wind_speed', 'precipitation']
2026-01-28 16:00:00;4330.003557140886;2161.29975;['wind_speed', 'precipitation']
2026-01-28 17:00:00;4670.671493453262;4241.76125;['wind_speed', 'precipitation']
2026-01-28 18:00:00;4501.023570048771;4462.1295;['wind_speed', 'precipitation']
2026-01-28 19:00:00;3690.5841739712882;3273.2575;['wind_speed', 'precipitation']
2026-01-28 20:00:00;4599.9253548667;4066.16375;['wind_speed', 'precipitation']
2026-01-28 21:00:00;4349.780462095622;3350.293;['wind_speed', 'precipitation']
2026-01-28 22:00:00;4074.8579343781175;3015.4385;['wind_speed', 'precipitation']
2026-01-28 23:00:00;3326.2858999318482;2959.08775;['wind_speed', 'precipitation']
2026-01-29 00:00:00;3147.616770042205;3130.11525;['wind_speed', 'precipitation']
2026-01-29 01:00:00;2904.329855169659;2990.9015;['wind_speed', 'precipitation']
2026-01-29 02:00:00;2984.1343982554667;3271.22725;['wind_speed', 'precipitation']
2026-01-29 03:00:00;2746.655535466511;3629.855;['wind_speed', 'precipitation']
2026-01-29 04:00:00;2815.015689814515;2829.71625;['wind_speed', 'precipitation']
2026-01-29 05:00:00;2952.1908027686104;3074.8425;['wind_speed', 'precipitation']
2026-01-29 06:00:00;3039.616345620774;2983.11375;['wind_speed', 'precipitation']
2026-01-29 07:00:00;2759.6707322332286;2818.86525;['wind_speed', 'precipitation']
2026-01-29 08:00:00;3297.959298200236;2361.08125;['wind_speed', 'precipitation']
2026-01-29 09:00:00;3249.0332762868275;3292.206;['wind_speed', 'precipitation']
2026-01-29 10:00:00;3080.7805181113126;3860.7405;['wind_speed', 'precipitation']
2026-01-29 11:00:00;3047.298272483891;4322.213;['wind_speed', 'precipitation']
2026-01-29 12:00:00;2926.9000584954956;3233.9055;['wind_speed', 'precipitation']
2026-01-29 13:00:00;2733.33254564419;3161.515;['wind_speed', 'precipitation']
2026-01-29 14:00:00;2759.70716163256;3518.00425;['wind_speed', 'precipitation']
2026-01-29 15:00:00;3145.314766578908;3397.26675;['wind_speed', 'precipitation']
2026-01-29 16:00:00;3136.1464797846147;3804.59875;['wind_speed', 'precipitation']
2026-01-29 17:00:00;4149.113526985239;3048.346;['wind_speed', 'precipitation']
2026-01-29 18:00:00;4122.710295561322;3831.81075;['wind_speed', 'precipitation']
2026-01-29 19:00:00;2942.829207006961;4592.51725;['wind_speed', 'precipitation']
2026-01-29 20:00:00;3710.241732808466;3198.797;['wind_speed', 'precipitation']
2026-01-29 21:00:00;3072.4305395726988;3905.9085;['wind_speed', 'precipitation']
2026-01-29 22:00:00;3204.865672218578;2584.36575;['wind_speed', 'precipitation']
2026-01-29 23:00:00;2775.1786534530165;2977.50875;['wind_speed', 'precipitation']
2026-01-30 00:00:00;3089.676024993696;2930.24125;['wind_speed', 'precipitation']
2026-01-30 01:00:00;3000.4002925077725;3045.52575;['wind_speed', 'precipitation']
2026-01-30 02:00:00;3516.940084555546;3382.778;['wind_speed', 'precipitation']
2026-01-30 03:00:00;3208.2889403494783;2108.5750000000003;['wind_speed', 'precipitation']
2026-01-30 04:00:00;2894.3803680704546;2711.36825;['wind_speed', 'precipitation']
2026-01-30 05:00:00;2961.6898832406346;2823.3405;['wind_speed', 'precipitation']
2026-01-30 06:00:00;3015.8774833751722;2810.056;['wind_speed', 'precipitation']
2026-01-30 07:00:00;3246.381732776686;2569.47575;['wind_speed', 'precipitation']
2026-01-30 08:00:00;2813.115684277951;3011.00925;['wind_speed', 'precipitation']
2026-01-30 09:00:00;3456.9018424792202;3970.83225;['wind_speed', 'precipitation']
2026-01-30 10:00:00;3594.0592702290746;4316.86625;['wind_speed', 'precipitation']
2026-01-30 11:00:00;3501.229889398689;3255.9585;['wind_speed', 'precipitation']
2026-01-30 12:00:00;3157.8360956801284;3856.16275;['wind_speed', 'precipitation']
2026-01-30 13:00:00;3153.5283982623005;5804.923;['wind_speed', 'precipitation']
2026-01-30 14:00:00;3588.937192361384;3518.00425;['wind_speed', 'precipitation']
2026-01-30 15:00:00;3466.7588068886866;3397.26675;['wind_speed', 'precipitation']
2026-01-30 16:00:00;3540.0905593640314;2872.316;['wind_speed', 'precipitation']
2026-01-30 17:00:00;3278.165943409045;4624.5915;['wind_speed', 'precipitation']
2026-01-30 18:00:00;3732.8670470534494;3331.67425;['wind_speed', 'precipitation']
2026-01-30 19:00:00;3499.304232312915;2540.943;['wind_speed', 'precipitation']
2026-01-30 20:00:00;3420.3609169942806;3665.77125;['wind_speed', 'precipitation']
2026-01-30 21:00:00;3738.563210838964;2802.63575;['wind_speed', 'precipitation']
2026-01-30 22:00:00;3197.1449291307094;3011.39175;['wind_speed', 'precipitation']
2026-01-30 23:00:00;2934.010663053932;2593.54575;['wind_speed', 'precipitation']
2026-01-31 00:00:00;2923.1694102200627;3173.0025;['wind_speed', 'precipitation']
2026-01-31 01:00:00;2930.552851512158;3842.7335;['wind_speed', 'precipitation']
2026-01-31 02:00:00;3102.9541842699623;3099.48925;['wind_speed', 'precipitation']
2026-01-31 03:00:00;2707.7782227031335;3333.14125;['wind_speed', 'precipitation']
2026-01-31 04:00:00;2984.0441887281254;2831.7290000000003;['wind_speed', 'precipitation']
2026-01-31 05:00:00;2838.62082733947;2721.9165000000003;['wind_speed', 'precipitation']
2026-01-31 06:00:00;2899.400845889485;3373.83025;['wind_speed', 'precipitation']
2026-01-31 07:00:00;2662.750803073743;3361.293;['wind_speed', 'precipitation']
2026-01-31 08:00:00;3019.1624333213936;3424.02625;['wind_speed', 'precipitation']
2026-01-31 09:00:00;3645.5386002092027;3892.46575;['wind_speed', 'precipitation']
2026-01-31 10:00:00;3671.802493166928;4093.56525;['wind_speed', 'precipitation']
2026-01-31 11:00:00;3473.6749158188445;3468.38725;['wind_speed', 'precipitation']
2026-01-31 12:00:00;2885.639476707537;3645.032;['wind_speed', 'precipitation']
2026-01-31 13:00:00;3380.63285908779;3006.9835;['wind_speed', 'precipitation']
2026-01-31 14:00:00;3311.3490672883822;3079.298;['wind_speed', 'precipitation']
2026-01-31 15:00:00;3107.827550319732;3843.243;['wind_speed', 'precipitation']
2026-01-31 16:00:00;3230.3861645066813;2761.37025;['wind_speed', 'precipitation']
2026-01-31 17:00:00;3792.659551623954;2594.62925;['wind_speed', 'precipitation']
2026-01-31 18:00:00;3765.1398365533432;5439.38975;['wind_speed', 'precipitation']
2026-01-31 19:00:00;3626.743421532879;4224.091;['wind_speed', 'precipitation']
2026-01-31 20:00:00;3766.1155712490577;3178.35475;['wind_speed', 'precipitation']
2026-01-31 21:00:00;3117.168738452907;4102.47225;['wind_speed', 'precipitation']
2026-01-31 22:00:00;3289.7450342577768;4452.82625;['wind_speed', 'precipitation']
2026-01-31 23:00:00;2859.429605437716;1587.8345;['wind_speed', 'precipitation']
2026-02-01 00:00:00;2702.071515330716;1227.2925;['wind_speed', 'precipitation']
2026-02-01 01:00:00;3321.652180387445;986.55825;['wind_speed', 'precipitation']
2026-02-01 02:00:00;3501.79732513018;523.318;['wind_speed', 'precipitation']
2026-02-01 03:00:00;2940.0729078948493;419.4962499999999;['wind_speed', 'precipitation']
2026-02-01 04:00:00;2997.47364022591;809.1597499999999;['wind_speed', 'precipitation']
2026-02-01 05:00:00;3124.5519784830226;879.83475;['wind_speed', 'precipitation']
2026-02-01 06:00:00;3376.300997212128;644.55125;['wind_speed', 'precipitation']
2026-02-01 07:00:00;3156.3066993046004;2779.7565000000004;['wind_speed', 'precipitation']
2026-02-01 08:00:00;3240.1080579684694;4242.7392500000005;['wind_speed', 'precipitation']
2026-02-01 09:00:00;3542.456877811887;4539.58225;['wind_speed', 'precipitation']
2026-02-01 10:00:00;3583.7507061420797;3902.5285;['wind_speed', 'precipitation']
2026-02-01 11:00:00;3054.503688154709;3690.70825;['wind_speed', 'precipitation']
2026-02-01 12:00:00;3088.435640304712;3770.9095;['wind_speed', 'precipitation']
2026-02-01 13:00:00;3058.349163390811;3929.826;['wind_speed', 'precipitation']
2026-02-01 14:00:00;3639.039772538176;2997.2215;['wind_speed', 'precipitation']
2026-02-01 15:00:00;3176.4047608170545;3139.48325;['wind_speed', 'precipitation']
2026-02-01 16:00:00;3280.5607103609022;4010.29575;['wind_speed', 'precipitation']
2026-02-01 17:00:00;3335.401750866914;3188.33075;['wind_speed', 'precipitation']
2026-02-01 18:00:00;3907.946121268951;4498.370000000001;['wind_speed', 'precipitation']
2026-02-01 19:00:00;3197.570049975269;5959.908;['wind_speed', 'precipitation']
2026-02-01 20:00:00;3663.2565254739;2655.0615;['wind_speed', 'precipitation']
2026-02-01 21:00:00;3388.264940701068;4070.45725;['wind_speed', 'precipitation']
2026-02-01 22:00:00;3459.0955081871907;3704.6875;['wind_speed', 'precipitation']
2026-02-01 23:00:00;2770.012562811058;4307.6215;['wind_speed', 'precipitation']
2026-02-02 00:00:00;3391.9946049548785;4194.2355;['wind_speed', 'precipitation']
2026-02-02 01:00:00;3302.743751863355;3838.329;['wind_speed', 'precipitation']
2026-02-02 02:00:00;3064.535769345693;3883.407;['wind_speed', 'precipitation']
2026-02-02 03:00:00;2705.3718414603977;2908.932;['wind_speed', 'precipitation']
2026-02-02 04:00:00;2889.3340710032467;3679.78875;['wind_speed', 'precipitation']
2026-02-02 05:00:00;2771.4619069861155;2860.6365;['wind_speed', 'precipitation']
2026-02-02 06:00:00;2762.1395964902795;3718.30325;['wind_speed', 'precipitation']
2026-02-02 07:00:00;3146.076833153493;4196.75575;['wind_speed', 'precipitation']
2026-02-02 08:00:00;3556.075924919587;3431.86475;['wind_speed', 'precipitation']
2026-02-02 09:00:00;3580.1357264103412;3188.44575;['wind_speed', 'precipitation']
2026-02-02 10:00:00;3316.8818967688894;3551.37525;['wind_speed', 'precipitation']
2026-02-02 11:00:00;3262.174795328212;3092.7580000000003;['wind_speed', 'precipitation']
2026-02-02 12:00:00;3245.9145611009953;2944.382;['wind_speed', 'precipitation']
2026-02-02 13:00:00;3447.104906998905;3419.67125;['wind_speed', 'precipitation']
2026-02-02 14:00:00;3308.688160360568;2483.34625;['wind_speed', 'precipitation']
2026-02-02 15:00:00;3177.062685360113;3997.7985;['wind_speed', 'precipitation']
2026-02-02 16:00:00;3621.9159894306304;3957.9355;['wind_speed', 'precipitation']
2026-02-02 17:00:00;3691.1017723169334;6156.93275;['wind_speed', 'precipitation']
2026-02-02 18:00:00;4073.1469840409072;5374.7855;['wind_speed', 'precipitation']
2026-02-02 19:00:00;4537.1091762496935;4602.8735;['wind_speed', 'precipitation']
2026-02-02 20:00:00;3524.6877056373305;4762.261;['wind_speed', 'precipitation']
2026-02-02 21:00:00;3685.070869051832;2763.79025;['wind_speed', 'precipitation']
2026-02-02 22:00:00;3330.322382807987;3169.481;['wind_speed', 'precipitation']
2026-02-02 23:00:00;3226.8090194132265;2885.26125;['wind_speed', 'precipitation']
2026-02-03 00:00:00;3416.0529831819663;3208.07325;['wind_speed', 'precipitation']
2026-02-03 01:00:00;3345.452925421044;2903.31075;['wind_speed', 'precipitation']
2026-02-03 02:00:00;3204.295570904319;2636.27025;['wind_speed', 'precipitation']
2026-02-03 03:00:00;2928.262810578236;3501.708;['wind_speed', 'precipitation']
2026-02-03 04:00:00;3196.82313966403;3136.13775;['wind_speed', 'precipitation']
2026-02-03 05:00:00;2978.5583094461335;3059.192;['wind_speed', 'precipitation']
2026-02-03 06:00:00;3325.02596761661;3381.67525;['wind_speed', 'precipitation']
2026-02-03 07:00:00;3556.364653310408;2936.9875;['wind_speed', 'precipitation']
2026-02-03 08:00:00;3343.005317581724;2881.34175;['wind_speed', 'precipitation']
2026-02-03 09:00:00;3532.9977393110803;3689.56575;['wind_speed', 'precipitation']
2026-02-03 10:00:00;3725.849679115766;4700.9365;['wind_speed', 'precipitation']
2026-02-03 11:00:00;3835.118907781422;4837.66625;['wind_speed', 'precipitation']
2026-02-03 12:00:00;3196.8143724548736;3223.52525;['wind_speed', 'precipitation']
2026-02-03 13:00:00;3621.3196195274004;3071.254;['wind_speed', 'precipitation']
2026-02-03 14:00:00;3380.3748605064716;4405.00475;['wind_speed', 'precipitation']
2026-02-03 15:00:00;3604.343586270791;3237.20825;['wind_speed', 'precipitation']
2026-02-03 16:00:00;3210.2240765748297;4089.68875;['wind_speed', 'precipitation']
2026-02-03 17:00:00;4695.277583760293;5304.03325;['wind_speed', 'precipitation']
2026-02-03 18:00:00;4115.779787719136;5559.15675;['wind_speed', 'precipitation']
2026-02-03 19:00:00;4678.822006349458;3708.947;['wind_speed', 'precipitation']
2026-02-03 20:00:00;3890.1421676342825;3665.57175;['wind_speed', 'precipitation']
2026-02-03 21:00:00;3417.9935519906608;3451.28325;['wind_speed', 'precipitation']
2026-02-03 22:00:00;3579.5776992882065;3417.2;['wind_speed', 'precipitation']
2026-02-03 23:00:00;3260.5216257666084;4015.31775;['wind_speed', 'precipitation']
2026-02-04 00:00:00;3632.4790558073078;3004.00075;['wind_speed', 'precipitation']
2026-02-04 01:00:00;3494.612943796617;3396.32175;['wind_speed', 'precipitation']
2026-02-04 02:00:00;3344.615861381892;3114.4585;['wind_speed', 'precipitation']
2026-02-04 03:00:00;3320.655950681963;2805.3185;['wind_speed', 'precipitation']
2026-02-04 04:00:00;3289.7604664123974;2795.15475;['wind_speed', 'precipitation']
2026-02-04 05:00:00;3053.4770693212836;2969.17225;['wind_speed', 'precipitation']
2026-02-04 06:00:00;3263.718436629451;3460.06175;['wind_speed', 'precipitation']
2026-02-04 07:00:00;3598.0157986115;3189.5730000000003;['wind_speed', 'precipitation']
2026-02-04 08:00:00;3370.2299410648307;3796.666;['wind_speed', 'precipitation']
2026-02-04 09:00:00;3452.3595720324324;3479.20375;['wind_speed', 'precipitation']
2026-02-04 10:00:00;3653.1482534289917;4332.7065;['wind_speed', 'precipitation']
2026-02-04 11:00:00;3630.618999991895;2879.26525;['wind_speed', 'precipitation']
2026-02-04 12:00:00;3743.8064716532003;2504.1825;['wind_speed', 'precipitation']
2026-02-04 13:00:00;3400.5629466841283;2285.1665;['wind_speed', 'precipitation']
2026-02-04 14:00:00;3769.0745310220873;1426.6965;['wind_speed', 'precipitation']
2026-02-04 15:00:00;4037.319954823757;1973.97525;['wind_speed', 'precipitation']
2026-02-04 16:00:00;4200.037497383625;3078.4485;['wind_speed', 'precipitation']
2026-02-04 17:00:00;4243.86707041927;3131.75175;['wind_speed', 'precipitation']
2026-02-04 18:00:00;4448.7849060002045;3145.325;['wind_speed', 'precipitation']
2026-02-04 19:00:00;3647.3123433897294;2937.0585;['wind_speed', 'precipitation']
2026-02-04 20:00:00;3905.887679296711;2372.80775;['wind_speed', 'precipitation']
2026-02-04 21:00:00;4071.683161227549;2626.7202500000003;['wind_speed', 'precipitation']
2026-02-04 22:00:00;3728.644938076009;3097.12075;['wind_speed', 'precipitation']
2026-02-04 23:00:00;3385.629576565004;2309.46375;['wind_speed', 'precipitation']
2026-02-05 00:00:00;2816.0087409251173;2383.21975;['wind_speed', 'precipitation']
2026-02-05 01:00:00;2847.3684737031945;2960.2615;['wind_speed', 'precipitation']
2026-02-05 02:00:00;2821.417495661793;2172.40875;['wind_speed', 'precipitation']
2026-02-05 03:00:00;2691.7552017895528;2315.36425;['wind_speed', 'precipitation']
2026-02-05 04:00:00;2920.5816055744;2231.8865;['wind_speed', 'precipitation']
2026-02-05 05:00:00;2942.133147833214;2299.616;['wind_speed', 'precipitation']
2026-02-05 06:00:00;3245.339510076508;2751.74825;['wind_speed', 'precipitation']
2026-02-05 07:00:00;3309.1051978196638;2285.11125;['wind_speed', 'precipitation']
2026-02-05 08:00:00;3617.7806111086193;2690.5555;['wind_speed', 'precipitation']
2026-02-05 09:00:00;3237.1060226311793;2209.523;['wind_speed', 'precipitation']
2026-02-05 10:00:00;3539.9222905146717;2035.103;['wind_speed', 'precipitation']
2026-02-05 11:00:00;2880.3789795798284;3871.413;['wind_speed', 'precipitation']
2026-02-05 12:00:00;2888.3682979401456;2481.76625;['wind_speed', 'precipitation']
2026-02-05 13:00:00;2805.1556406431955;2475.083;['wind_speed', 'precipitation']
2026-02-05 14:00:00;2947.9788569027705;2266.7945;['wind_speed', 'precipitation']
2026-02-05 15:00:00;2985.3696266055636;3025.16625;['wind_speed', 'precipitation']
2026-02-05 16:00:00;3609.5372617425805;3120.888;['wind_speed', 'precipitation']
2026-02-05 17:00:00;4247.1636585411225;5058.1865;['wind_speed', 'precipitation']
2026-02-05 18:00:00;4042.9501542084736;4388.71075;['wind_speed', 'precipitation']
2026-02-05 19:00:00;3605.95943384629;2322.8345;['wind_speed', 'precipitation']
2026-02-05 20:00:00;3638.9185573945606;2892.934;['wind_speed', 'precipitation']
2026-02-05 21:00:00;3781.592437579103;2691.11;['wind_speed', 'precipitation']
2026-02-05 22:00:00;3647.8655077938365;2040.70725;['wind_speed', 'precipitation']
2026-02-05 23:00:00;2760.840536689184;2318.614;['wind_speed', 'precipitation']
2026-02-06 00:00:00;2455.439426384286;2417.388;['wind_speed', 'precipitation']
2026-02-06 01:00:00;2579.633933933178;3028.649;['wind_speed', 'precipitation']
2026-02-06 02:00:00;2423.496622982404;2456.4425;['wind_speed', 'precipitation']
2026-02-06 03:00:00;2397.2764070076337;1991.96825;['wind_speed', 'precipitation']
2026-02-06 04:00:00;2459.7572680726116;2168.60175;['wind_speed', 'precipitation']
2026-02-06 05:00:00;2489.12022983011;2554.5777500000004;['wind_speed', 'precipitation']
2026-02-06 06:00:00;2730.113870162362;2480.9035;['wind_speed', 'precipitation']
2026-02-06 07:00:00;2747.9120516981184;2516.1095;['wind_speed', 'precipitation']
2026-02-06 08:00:00;2985.935917437537;2358.27875;['wind_speed', 'precipitation']
2026-02-06 09:00:00;3121.326395271457;3043.82875;['wind_speed', 'precipitation']
2026-02-06 10:00:00;3081.337629197801;1863.571;['wind_speed', 'precipitation']
2026-02-06 11:00:00;2955.782747777237;1953.389;['wind_speed', 'precipitation']
2026-02-06 12:00:00;2976.300696455237;2709.674;['wind_speed', 'precipitation']
2026-02-06 13:00:00;2669.386879204163;2834.37725;['wind_speed', 'precipitation']
2026-02-06 14:00:00;2515.7496715938687;3653.3685;['wind_speed', 'precipitation']
2026-02-06 15:00:00;2777.5073640631344;3025.16625;['wind_speed', 'precipitation']
2026-02-06 16:00:00;3376.769708532376;3120.888;['wind_speed', 'precipitation']
2026-02-06 17:00:00;3585.3547006599956;5058.1865;['wind_speed', 'precipitation']
2026-02-06 18:00:00;3920.3093677864636;4388.71075;['wind_speed', 'precipitation']
2026-02-06 19:00:00;3422.238128374551;2322.8345;['wind_speed', 'precipitation']
2026-02-06 20:00:00;3266.271667001725;2892.934;['wind_speed', 'precipitation']
2026-02-06 21:00:00;3301.0118816712584;2691.11;['wind_speed', 'precipitation']
2026-02-06 22:00:00;3276.0189280988834;2040.70725;['wind_speed', 'precipitation']
2026-02-06 23:00:00;2577.38265401057;2318.614;['wind_speed', 'precipitation']
2026-02-07 00:00:00;2375.136088036721;2417.388;['wind_speed', 'precipitation']
2026-02-07 01:00:00;2484.2738741844496;3028.649;['wind_speed', 'precipitation']
2026-02-07 02:00:00;2360.0696121202177;2456.4425;['wind_speed', 'precipitation']
2026-02-07 03:00:00;2269.725232598704;1991.96825;['wind_speed', 'precipitation']
2026-02-07 04:00:00;2211.2131475050965;2168.60175;['wind_speed', 'precipitation']
2026-02-07 05:00:00;2352.743652717315;2554.5777500000004;['wind_speed', 'precipitation']
2026-02-07 06:00:00;2415.4313144380358;2480.9035;['wind_speed', 'precipitation']
2026-02-07 07:00:00;2566.4191291628244;2516.1095;['wind_speed', 'precipitation']
2026-02-07 08:00:00;2696.5442881719764;2358.27875;['wind_speed', 'precipitation']
2026-02-07 09:00:00;2672.8465263596418;3043.82875;['wind_speed', 'precipitation']
2026-02-07 10:00:00;2665.0913571865535;1863.571;['wind_speed', 'precipitation']
2026-02-07 11:00:00;2710.202618112764;1953.389;['wind_speed', 'precipitation']
2026-02-07 12:00:00;2639.792912636728;2709.674;['wind_speed', 'precipitation']
2026-02-07 13:00:00;2630.0290773316874;2834.37725;['wind_speed', 'precipitation']
2026-02-07 14:00:00;2607.3835378640624;3653.3685;['wind_speed', 'precipitation']
2026-02-07 15:00:00;2702.485120320681;2864.2456666666667;['wind_speed', 'precipitation']
2026-02-07 16:00:00;3209.5439076120388;2075.1228333333333;['wind_speed', 'precipitation']
2026-02-07 17:00:00;4020.1522162323836;1286.0;['wind_speed', 'precipitation']
2026-02-07 18:00:00;3676.582272189227;1953.83375;['wind_speed', 'precipitation']
2026-02-07 19:00:00;2540.934145045118;1765.97475;['wind_speed', 'precipitation']
2026-02-07 20:00:00;3027.3372231202134;4467.39375;['wind_speed', 'precipitation']
2026-02-07 21:00:00;2481.305540100191;4289.70725;['wind_speed', 'precipitation']
2026-02-07 22:00:00;3013.3404951439034;2769.21075;['wind_speed', 'precipitation']
2026-02-07 23:00:00;2031.4050304870416;2518.1585;['wind_speed', 'precipitation']
2026-02-08 00:00:00;2802.913326674976;2938.06875;['wind_speed', 'precipitation']
2026-02-08 01:00:00;2875.218353656771;2957.5335;['wind_speed', 'precipitation']
2026-02-08 02:00:00;2631.291491282214;1970.80175;['wind_speed', 'precipitation']
2026-02-08 03:00:00;2310.925669147762;2352.781;['wind_speed', 'precipitation']
2026-02-08 04:00:00;2400.33419146006;2566.9445;['wind_speed', 'precipitation']
2026-02-08 05:00:00;2464.1504229428942;2694.618;['wind_speed', 'precipitation']
2026-02-08 06:00:00;2940.854186841956;3327.3340000000003;['wind_speed', 'precipitation']
2026-02-08 07:00:00;2633.6280075060668;2645.92225;['wind_speed', 'precipitation']
2026-02-08 08:00:00;2692.7135872488866;2682.03925;['wind_speed', 'precipitation']
2026-02-08 09:00:00;2924.9121195928356;2049.55625;['wind_speed', 'precipitation']
2026-02-08 10:00:00;2390.768014953391;3419.758;['wind_speed', 'precipitation']
2026-02-08 11:00:00;2324.434431492445;3716.1535;['wind_speed', 'precipitation']
2026-02-08 12:00:00;2534.065841306991;3340.28175;['wind_speed', 'precipitation']
2026-02-08 13:00:00;2691.814817016794;2959.019;['wind_speed', 'precipitation']
2026-02-08 14:00:00;2832.300801683312;2486.248;['wind_speed', 'precipitation']
2026-02-08 15:00:00;2733.4821629419857;2433.7925;['wind_speed', 'precipitation']
2026-02-08 16:00:00;2876.929503619245;3127.31125;['wind_speed', 'precipitation']
2026-02-08 17:00:00;3347.8372202823707;2999.37275;['wind_speed', 'precipitation']
2026-02-08 18:00:00;3854.260838654124;5183.34525;['wind_speed', 'precipitation']
2026-02-08 19:00:00;2672.8234399323364;3736.658;['wind_speed', 'precipitation']
2026-02-08 20:00:00;3505.059437011329;2797.79775;['wind_speed', 'precipitation']
2026-02-08 21:00:00;3200.0961197121046;4569.61725;['wind_speed', 'precipitation']
2026-02-08 22:00:00;2811.117218599046;3223.9255000000003;['wind_speed', 'precipitation']
2026-02-08 23:00:00;2399.4852275575604;2572.21625;['wind_speed', 'precipitation']
2026-02-09 00:00:00;2769.294522982909;2426.5875;['wind_speed', 'precipitation']
2026-02-09 01:00:00;2767.2866475329033;2814.69075;['wind_speed', 'precipitation']
2026-02-09 02:00:00;2650.0656517633315;2158.1762500000004;['wind_speed', 'precipitation']
2026-02-09 03:00:00;2298.0477645212522;2665.0825;['wind_speed', 'precipitation']
2026-02-09 04:00:00;2549.585534057389;2046.7645;['wind_speed', 'precipitation']
2026-02-09 05:00:00;2446.754366576778;3459.894;['wind_speed', 'precipitation']
2026-02-09 06:00:00;2588.5473807274016;2796.855;['wind_speed', 'precipitation']
2026-02-09 07:00:00;2866.6044065802553;2588.22925;['wind_speed', 'precipitation']
2026-02-09 08:00:00;2778.5438459248617;2782.715;['wind_speed', 'precipitation']
2026-02-09 09:00:00;2573.386067587047;2941.144;['wind_speed', 'precipitation']
2026-02-09 10:00:00;2812.648139385962;2378.2555;['wind_speed', 'precipitation']
2026-02-09 11:00:00;2905.1205238540106;1645.005;['wind_speed', 'precipitation']
2026-02-09 12:00:00;3038.256923941564;2864.45375;['wind_speed', 'precipitation']
2026-02-09 13:00:00;2672.7004126664046;3099.12325;['wind_speed', 'precipitation']
2026-02-09 14:00:00;2775.075330343072;2231.92525;['wind_speed', 'precipitation']
2026-02-09 15:00:00;2871.5207796254567;1882.14975;['wind_speed', 'precipitation']
2026-02-09 16:00:00;3053.9976914845843;2290.892;['wind_speed', 'precipitation']
2026-02-09 17:00:00;3732.65196821129;3762.23375;['wind_speed', 'precipitation']
2026-02-09 18:00:00;4392.396380367049;3246.77025;['wind_speed', 'precipitation']
2026-02-09 19:00:00;3183.9834072688427;3761.3245;['wind_speed', 'precipitation']
2026-02-09 20:00:00;3370.0893280628443;3345.93475;['wind_speed', 'precipitation']
2026-02-09 21:00:00;3277.3940336954174;3058.4565;['wind_speed', 'precipitation']
2026-02-09 22:00:00;3248.5958944165486;3274.3425;['wind_speed', 'precipitation']
2026-02-09 23:00:00;2554.3406193143337;3204.72675;['wind_speed', 'precipitation']
2026-02-10 00:00:00;2851.7798889303767;2312.257;['wind_speed', 'precipitation']
2026-02-10 01:00:00;2854.7937348541764;2445.75475;['wind_speed', 'precipitation']
2026-02-10 02:00:00;2511.8726467408305;2738.38875;['wind_speed', 'precipitation']
2026-02-10 03:00:00;2428.8782015986517;2507.56425;['wind_speed', 'precipitation']
2026-02-10 04:00:00;2308.7821790418407;2972.28575;['wind_speed', 'precipitation']
2026-02-10 05:00:00;2608.2966828794206;2894.95425;['wind_speed', 'precipitation']
2026-02-10 06:00:00;2587.32820727963;3762.406;['wind_speed', 'precipitation']
2026-02-10 07:00:00;2698.6773874580513;2580.2795;['wind_speed', 'precipitation']
2026-02-10 08:00:00;2847.3816216338346;4036.3455;['wind_speed', 'precipitation']
2026-02-10 09:00:00;2741.521615882193;3671.19375;['wind_speed', 'precipitation']
2026-02-10 10:00:00;2802.9308142740697;2416.94175;['wind_speed', 'precipitation']
2026-02-10 11:00:00;2583.248735441447;2677.89175;['wind_speed', 'precipitation']
2026-02-10 12:00:00;2508.842976232815;1806.73475;['wind_speed', 'precipitation']
2026-02-10 13:00:00;2700.3203759653898;3154.1665;['wind_speed', 'precipitation']
2026-02-10 14:00:00;2731.4654121905605;2227.19575;['wind_speed', 'precipitation']
2026-02-10 15:00:00;2437.8903797379735;2543.43525;['wind_speed', 'precipitation']
2026-02-10 16:00:00;2961.9638347434575;2576.265;['wind_speed', 'precipitation']
2026-02-10 17:00:00;4297.574217132429;5342.617;['wind_speed', 'precipitation']
2026-02-10 18:00:00;4368.7736301866125;5926.32475;['wind_speed', 'precipitation']
2026-02-10 19:00:00;3137.5762212734608;3875.02825;['wind_speed', 'precipitation']
2026-02-10 20:00:00;3314.558908831812;4273.53175;['wind_speed', 'precipitation']
2026-02-10 21:00:00;2867.1884561745555;2881.09475;['wind_speed', 'precipitation']
2026-02-10 22:00:00;2836.8954359182744;2286.139;['wind_speed', 'precipitation']
2026-02-10 23:00:00;2587.661961070094;3057.192;['wind_speed', 'precipitation']
2026-02-11 00:00:00;2678.015713439717;2366.50825;['wind_speed', 'precipitation']
2026-02-11 01:00:00;2726.3308118384894;2711.8525;['wind_speed', 'precipitation']
2026-02-11 02:00:00;2630.749819483892;2083.15775;['wind_speed', 'precipitation']
2026-02-11 03:00:00;2338.4966435200395;2465.2165000000005;['wind_speed', 'precipitation']
2026-02-11 04:00:00;2414.8960370511004;2897.0037500000003;['wind_speed', 'precipitation']
2026-02-11 05:00:00;2561.396707872856;2676.7915000000003;['wind_speed', 'precipitation']
2026-02-11 06:00:00;2728.5714860398975;2365.58925;['wind_speed', 'precipitation']
2026-02-11 07:00:00;2656.3511915261006;3238.81225;['wind_speed', 'precipitation']
2026-02-11 08:00:00;2886.3242615292575;2706.17225;['wind_speed', 'precipitation']
2026-02-11 09:00:00;2910.216093996673;3475.922;['wind_speed', 'precipitation']
2026-02-11 10:00:00;2768.20337842167;2244.5915;['wind_speed', 'precipitation']
2026-02-11 11:00:00;2909.973386260704;2952.637;['wind_speed', 'precipitation']
2026-02-11 12:00:00;2916.488022460048;1686.3925;['wind_speed', 'precipitation']
2026-02-11 13:00:00;2841.68832013414;3154.1665;['wind_speed', 'precipitation']
2026-02-11 14:00:00;2353.1073777374195;2227.19575;['wind_speed', 'precipitation']
2026-02-11 15:00:00;2823.2129058571327;2543.43525;['wind_speed', 'precipitation']
2026-02-11 16:00:00;3144.6450513048408;2576.265;['wind_speed', 'precipitation']
2026-02-11 17:00:00;4031.2719413830523;1333.5;['wind_speed', 'precipitation']
2026-02-11 18:00:00;4179.200362850684;3750.33275;['wind_speed', 'precipitation']
2026-02-11 19:00:00;3203.2376763066295;3982.69175;['wind_speed', 'precipitation']
2026-02-11 20:00:00;3749.6826509242746;3578.161;['wind_speed', 'precipitation']
2026-02-11 21:00:00;3100.9804994382375;2482.21025;['wind_speed', 'precipitation']
2026-02-11 22:00:00;2789.1291945512176;2358.59375;['wind_speed', 'precipitation']
2026-02-11 23:00:00;3177.85055560596;2322.409;['wind_speed', 'precipitation']
2026-02-12 00:00:00;2510.8193482737233;2297.366;['wind_speed', 'precipitation']
2026-02-12 01:00:00;2584.6098295234297;2377.4665;['wind_speed', 'precipitation']
2026-02-12 02:00:00;2400.589746059432;1861.1955;['wind_speed', 'precipitation']
2026-02-12 03:00:00;2469.9399597244324;1835.98825;['wind_speed', 'precipitation']
2026-02-12 04:00:00;2411.5391439616888;1987.42975;['wind_speed', 'precipitation']
2026-02-12 05:00:00;2577.3264591257253;2928.504;['wind_speed', 'precipitation']
2026-02-12 06:00:00;2584.276215661903;2122.81;['wind_speed', 'precipitation']
2026-02-12 07:00:00;2743.2154643122135;2338.194;['wind_speed', 'precipitation']
2026-02-12 08:00:00;2874.478657943826;1348.37875;['wind_speed', 'precipitation']
2026-02-12 09:00:00;2807.2844584702807;928.61625;['wind_speed', 'precipitation']
2026-02-12 10:00:00;2580.509074725625;2329.8340000000003;['wind_speed', 'precipitation']
2026-02-12 11:00:00;2735.4601007130186;1817.92825;['wind_speed', 'precipitation']
2026-02-12 12:00:00;3014.471363460554;3735.537;['wind_speed', 'precipitation']
2026-02-12 13:00:00;3101.653879520183;2596.203;['wind_speed', 'precipitation']
2026-02-12 14:00:00;2236.728604475248;2194.61975;['wind_speed', 'precipitation']
2026-02-12 15:00:00;2665.175904608254;1834.60225;['wind_speed', 'precipitation']
2026-02-12 16:00:00;3003.231738321567;2180.3565;['wind_speed', 'precipitation']
2026-02-12 17:00:00;3447.1186642556204;3746.30075;['wind_speed', 'precipitation']
2026-02-12 18:00:00;3524.6251568692805;4982.87875;['wind_speed', 'precipitation']
2026-02-12 19:00:00;2383.8878151067856;3386.71775;['wind_speed', 'precipitation']
2026-02-12 20:00:00;3344.0692595112278;3613.59775;['wind_speed', 'precipitation']
2026-02-12 21:00:00;3053.7156933334213;3065.22725;['wind_speed', 'precipitation']
2026-02-12 22:00:00;2691.0430254365715;2475.28875;['wind_speed', 'precipitation']
2026-02-12 23:00:00;2462.9104813606664;2045.159;['wind_speed', 'precipitation']
2026-02-13 00:00:00;2118.0020237718263;2855.48325;['wind_speed', 'precipitation']
2026-02-13 01:00:00;2400.586596520659;2102.1375;['wind_speed', 'precipitation']
2026-02-13 02:00:00;2200.4692659090992;2721.5535;['wind_speed', 'precipitation']
2026-02-13 03:00:00;1940.9688461881847;2265.05425;['wind_speed', 'precipitation']
2026-02-13 04:00:00;1657.4678106654796;2724.386;['wind_speed', 'precipitation']
2026-02-13 05:00:00;2354.461184526427;1950.27;['wind_speed', 'precipitation']
2026-02-13 06:00:00;2440.502654538852;2676.27525;['wind_speed', 'precipitation']
2026-02-13 07:00:00;2391.0186372849157;1876.716;['wind_speed', 'precipitation']
2026-02-13 08:00:00;2860.89449827164;3155.0185;['wind_speed', 'precipitation']
2026-02-13 09:00:00;2549.7888694792505;3419.00525;['wind_speed', 'precipitation']
2026-02-13 10:00:00;2619.0498039625318;2633.61775;['wind_speed', 'precipitation']
2026-02-13 11:00:00;2527.6647541673033;3832.5985;['wind_speed', 'precipitation']
2026-02-13 12:00:00;2790.7638473336697;2113.4985;['wind_speed', 'precipitation']
2026-02-13 13:00:00;2645.521642405058;2406.8145;['wind_speed', 'precipitation']
2026-02-13 14:00:00;2883.6554945911494;2225.23925;['wind_speed', 'precipitation']
2026-02-13 15:00:00;2464.2194090593694;2112.819;['wind_speed', 'precipitation']
2026-02-13 16:00:00;2733.9415645353;2119.783;['wind_speed', 'precipitation']
2026-02-13 17:00:00;4564.268081748589;2762.934;['wind_speed', 'precipitation']
2026-02-13 18:00:00;3708.9313829253983;3519.851;['wind_speed', 'precipitation']
2026-02-13 19:00:00;2872.8063529590713;3490.8465;['wind_speed', 'precipitation']
2026-02-13 20:00:00;3342.4904246984656;3538.6712499999994;['wind_speed', 'precipitation']
2026-02-13 21:00:00;2975.018820163708;3449.1785;['wind_speed', 'precipitation']
2026-02-13 22:00:00;2702.3991913997347;2324.8065;['wind_speed', 'precipitation']
2026-02-13 23:00:00;2218.346614987861;3431.5795;['wind_speed', 'precipitation']
2026-02-14 00:00:00;2760.9481772204167;2411.443;['wind_speed', 'precipitation']
2026-02-14 01:00:00;2732.2640069105432;2943.3845;['wind_speed', 'precipitation']
2026-02-14 02:00:00;2796.3291833077865;2579.4275;['wind_speed', 'precipitation']
2026-02-14 03:00:00;2591.962800439939;2204.52425;['wind_speed', 'precipitation']
2026-02-14 04:00:00;2579.683049482678;2660.8965000000003;['wind_speed', 'precipitation']
2026-02-14 05:00:00;2301.0988769789988;3597.15675;['wind_speed', 'precipitation']
2026-02-14 06:00:00;2872.7934694790138;2461.59075;['wind_speed', 'precipitation']
2026-02-14 07:00:00;2353.0706855531084;2936.82475;['wind_speed', 'precipitation']
2026-02-14 08:00:00;2986.2802968146025;2971.81825;['wind_speed', 'precipitation']
2026-02-14 09:00:00;2588.7920129243225;2900.61125;['wind_speed', 'precipitation']
2026-02-14 10:00:00;2830.168379781273;2713.67975;['wind_speed', 'precipitation']
2026-02-14 11:00:00;3627.186904526289;2756.77525;['wind_speed', 'precipitation']
2026-02-14 12:00:00;2470.534915421212;3727.64475;['wind_speed', 'precipitation']
2026-02-14 13:00:00;2623.9844213075285;2757.3445;['wind_speed', 'precipitation']
2026-02-14 14:00:00;2465.560113630648;3371.52475;['wind_speed', 'precipitation']
2026-02-14 15:00:00;2622.0641191966697;3231.48225;['wind_speed', 'precipitation']
2026-02-14 16:00:00;2762.5698774155644;4488.084;['wind_speed', 'precipitation']
2026-02-14 17:00:00;3510.8652002240815;5352.45;['wind_speed', 'precipitation']
2026-02-14 18:00:00;3901.3361622087305;6210.828;['wind_speed', 'precipitation']
2026-02-14 19:00:00;2896.340962639063;1903.77525;['wind_speed', 'precipitation']
2026-02-14 20:00:00;3105.3993275406865;2630.102;['wind_speed', 'precipitation']
2026-02-14 21:00:00;2843.9551916988594;4245.20475;['wind_speed', 'precipitation']
2026-02-14 22:00:00;2593.743868448464;3723.198;['wind_speed', 'precipitation']
2026-02-14 23:00:00;2358.8865593719124;3729.623;['wind_speed', 'precipitation']
2026-02-15 00:00:00;3156.151977473966;3933.857;['wind_speed', 'precipitation']
2026-02-15 01:00:00;3247.843789710299;3709.625;['wind_speed', 'precipitation']
2026-02-15 02:00:00;2759.9412159779436;3698.68875;['wind_speed', 'precipitation']
2026-02-15 03:00:00;2609.1754479279994;3668.341;['wind_speed', 'precipitation']
2026-02-15 04:00:00;2639.0613287748865;3783.91125;['wind_speed', 'precipitation']
2026-02-15 05:00:00;2952.317190107918;3444.12875;['wind_speed', 'precipitation']
2026-02-15 06:00:00;2761.0851219198253;4090.44675;['wind_speed', 'precipitation']
2026-02-15 07:00:00;3022.3163869147643;4660.0415;['wind_speed', 'precipitation']
2026-02-15 08:00:00;2892.484602505495;3879.998;['wind_speed', 'precipitation']
2026-02-15 09:00:00;3025.1650525237483;4359.39175;['wind_speed', 'precipitation']
2026-02-15 10:00:00;3090.247509991088;5136.501;['wind_speed', 'precipitation']
2026-02-15 11:00:00;3179.9141265597154;4608.921;['wind_speed', 'precipitation']
2026-02-15 12:00:00;2944.761184337668;3958.311;['wind_speed', 'precipitation']
2026-02-15 13:00:00;2984.024438802955;2757.3445;['wind_speed', 'precipitation']
2026-02-15 14:00:00;2883.0548698941093;3371.52475;['wind_speed', 'precipitation']
2026-02-15 15:00:00;3247.632410769532;3231.48225;['wind_speed', 'precipitation']
2026-02-15 16:00:00;3263.172548696448;5022.667;['wind_speed', 'precipitation']
2026-02-15 17:00:00;3537.080007899604;3789.986;['wind_speed', 'precipitation']
2026-02-15 18:00:00;4355.248580985844;1972.2715;['wind_speed', 'precipitation']
2026-02-15 19:00:00;3080.444470344686;1211.72575;['wind_speed', 'precipitation']
2026-02-15 20:00:00;3419.5015115669867;2768.893;['wind_speed', 'precipitation']
2026-02-15 21:00:00;3463.5563933629646;4284.85;['wind_speed', 'precipitation']
2026-02-15 22:00:00;2939.2787032717933;3674.49175;['wind_speed', 'precipitation']
2026-02-15 23:00:00;2750.0086719384676;3857.04075;['wind_speed', 'precipitation']
2026-02-16 00:00:00;2798.015540516373;4270.74175;['wind_speed', 'precipitation']
2026-02-16 01:00:00;3273.447298451316;4172.0475;['wind_speed', 'precipitation']
2026-02-16 02:00:00;2852.50944028891;4192.84925;['wind_speed', 'precipitation']
2026-02-16 03:00:00;2932.9320494535245;4297.218;['wind_speed', 'precipitation']
2026-02-16 04:00:00;2782.5786262323136;3792.167;['wind_speed', 'precipitation']
2026-02-16 05:00:00;2844.250808452592;3905.2105;['wind_speed', 'precipitation']
2026-02-16 06:00:00;2962.222838332703;4322.625;['wind_speed', 'precipitation']
2026-02-16 07:00:00;2915.010908187879;5897.072;['wind_speed', 'precipitation']
2026-02-16 08:00:00;3215.8131164989904;2816.22675;['wind_speed', 'precipitation']
2026-02-16 09:00:00;3681.015946306138;3726.25825;['wind_speed', 'precipitation']
2026-02-16 10:00:00;3375.6923430267134;3709.35825;['wind_speed', 'precipitation']
2026-02-16 11:00:00;3343.223549055254;4097.0225;['wind_speed', 'precipitation']
2026-02-16 12:00:00;3078.9060298759214;4383.431500000001;['wind_speed', 'precipitation']
2026-02-16 13:00:00;3378.766963468463;3789.0565;['wind_speed', 'precipitation']
2026-02-16 14:00:00;3129.526191416314;4607.666;['wind_speed', 'precipitation']
2026-02-16 15:00:00;3135.2087962619776;4367.22325;['wind_speed', 'precipitation']
2026-02-16 16:00:00;2648.447893301055;3437.96925;['wind_speed', 'precipitation']
2026-02-16 17:00:00;4312.051571838638;5117.6485;['wind_speed', 'precipitation']
2026-02-16 18:00:00;4428.65613539297;5031.2195;['wind_speed', 'precipitation']
2026-02-16 19:00:00;3473.683936707537;5013.32925;['wind_speed', 'precipitation']
2026-02-16 20:00:00;3801.8750566384388;3950.84225;['wind_speed', 'precipitation']
2026-02-16 21:00:00;3977.0776528804163;3260.27925;['wind_speed', 'precipitation']
2026-02-16 22:00:00;3209.8045139207406;3727.6415;['wind_speed', 'precipitation']
2026-02-16 23:00:00;3128.314623044078;2914.66625;['wind_speed', 'precipitation']
2026-02-17 00:00:00;3306.2230512738306;3134.171;['wind_speed', 'precipitation']
2026-02-17 01:00:00;3403.406213390611;2905.419;['wind_speed', 'precipitation']
2026-02-17 02:00:00;3236.242922031047;3407.01775;['wind_speed', 'precipitation']
2026-02-17 03:00:00;3120.6448341902587;2895.731;['wind_speed', 'precipitation']
2026-02-17 04:00:00;3361.0967532151944;3551.5375;['wind_speed', 'precipitation']
2026-02-17 05:00:00;3508.4463019827717;3038.49075;['wind_speed', 'precipitation']
2026-02-17 06:00:00;3430.605532065307;2865.9880000000003;['wind_speed', 'precipitation']
2026-02-17 07:00:00;3783.5990396161;4217.9155;['wind_speed', 'precipitation']
2026-02-17 08:00:00;3625.7792535939116;4631.85375;['wind_speed', 'precipitation']
2026-02-17 09:00:00;3437.2873339361245;5666.0205000000005;['wind_speed', 'precipitation']
2026-02-17 10:00:00;4025.7878354678796;3033.71925;['wind_speed', 'precipitation']
2026-02-17 11:00:00;4163.038859476201;3668.54275;['wind_speed', 'precipitation']
2026-02-17 12:00:00;3776.217306657547;3205.1977500000003;['wind_speed', 'precipitation']
2026-02-17 13:00:00;3770.837459186002;3569.85825;['wind_speed', 'precipitation']
2026-02-17 14:00:00;3550.998861626481;4546.28325;['wind_speed', 'precipitation']
2026-02-17 15:00:00;3746.0210350308084;3355.98275;['wind_speed', 'precipitation']
2026-02-17 16:00:00;4108.3035511258495;3155.60275;['wind_speed', 'precipitation']
2026-02-17 17:00:00;4664.654545945819;3948.281;['wind_speed', 'precipitation']
2026-02-17 18:00:00;4553.946809484634;6586.86025;['wind_speed', 'precipitation']
2026-02-17 19:00:00;3514.001152118337;2688.89675;['wind_speed', 'precipitation']
2026-02-17 20:00:00;4412.751388802693;4654.51275;['wind_speed', 'precipitation']
2026-02-17 21:00:00;4211.222839533824;3142.6025;['wind_speed', 'precipitation']
2026-02-17 22:00:00;3661.959071757885;2652.804;['wind_speed', 'precipitation']
2026-02-17 23:00:00;3708.7517439646845;2618.7905;['wind_speed', 'precipitation']
2026-02-18 00:00:00;3153.4935569252702;3148.755;['wind_speed', 'precipitation']
2026-02-18 01:00:00;3333.471588914046;3693.88525;['wind_speed', 'precipitation']
2026-02-18 02:00:00;2719.5901703590644;2656.90925;['wind_speed', 'precipitation']
2026-02-18 03:00:00;3145.688675159574;2022.2365;['wind_speed', 'precipitation']
2026-02-18 04:00:00;3190.951702342165;2714.6582499999995;['wind_speed', 'precipitation']
2026-02-18 05:00:00;3375.0075072681343;3138.4825;['wind_speed', 'precipitation']
2026-02-18 06:00:00;3677.1585311496624;3251.8665;['wind_speed', 'precipitation']
2026-02-18 07:00:00;3496.3624428348444;3767.39;['wind_speed', 'precipitation']
2026-02-18 08:00:00;3389.660706964348;3704.433;['wind_speed', 'precipitation']
2026-02-18 09:00:00;3494.2076407649247;4502.9775;['wind_speed', 'precipitation']
2026-02-18 10:00:00;3841.2654620949816;2839.84175;['wind_speed', 'precipitation']
2026-02-18 11:00:00;3700.2995645103993;3027.432;['wind_speed', 'precipitation']
2026-02-18 12:00:00;3857.0868799195737;3523.302;['wind_speed', 'precipitation']
2026-02-18 13:00:00;3625.021325569586;3065.7345000000005;['wind_speed', 'precipitation']
2026-02-18 14:00:00;3788.223863742773;3746.467;['wind_speed', 'precipitation']
2026-02-18 15:00:00;3389.2784183297254;3357.258;['wind_speed', 'precipitation']
2026-02-18 16:00:00;3745.9240911715833;3739.85675;['wind_speed', 'precipitation']
2026-02-18 17:00:00;4859.604788172228;5383.882;['wind_speed', 'precipitation']
2026-02-18 18:00:00;4247.724523963203;5460.044;['wind_speed', 'precipitation']
2026-02-18 19:00:00;3688.0107408926374;3423.06;['wind_speed', 'precipitation']
2026-02-18 20:00:00;3703.4802939524106;4988.140666666666;['wind_speed', 'precipitation']
2026-02-18 21:00:00;3799.5268090552163;3943.082;['wind_speed', 'precipitation']
2026-02-18 22:00:00;3648.6688020250954;3280.73875;['wind_speed', 'precipitation']
2026-02-18 23:00:00;3902.381854412656;4189.85225;['wind_speed', 'precipitation']
2026-02-19 00:00:00;3802.457434308519;3798.69625;['wind_speed', 'precipitation']
2026-02-19 01:00:00;3913.4588996079137;3470.1565;['wind_speed', 'precipitation']
2026-02-19 02:00:00;3408.7738872261957;3887.978;['wind_speed', 'precipitation']
2026-02-19 03:00:00;3476.1860896176977;3463.55225;['wind_speed', 'precipitation']
2026-02-19 04:00:00;3381.0469736029618;3694.54025;['wind_speed', 'precipitation']
2026-02-19 05:00:00;3446.920377398039;4024.671;['wind_speed', 'precipitation']
2026-02-19 06:00:00;3861.119187388065;3976.81075;['wind_speed', 'precipitation']
2026-02-19 07:00:00;3895.211038547699;4254.63175;['wind_speed', 'precipitation']
2026-02-19 08:00:00;4414.31370976367;5451.65625;['wind_speed', 'precipitation']
2026-02-19 09:00:00;4276.973365067828;4617.72725;['wind_speed', 'precipitation']
2026-02-19 10:00:00;3877.55324614429;4048.07275;['wind_speed', 'precipitation']
2026-02-19 11:00:00;3944.9509568871476;4006.33275;['wind_speed', 'precipitation']
2026-02-19 12:00:00;3597.7395894365254;2886.07425;['wind_speed', 'precipitation']
2026-02-19 13:00:00;3762.1185498799296;3151.84075;['wind_speed', 'precipitation']
2026-02-19 14:00:00;3883.483747534933;2118.81075;['wind_speed', 'precipitation']
2026-02-19 15:00:00;3787.6682184004103;2872.442;['wind_speed', 'precipitation']
2026-02-19 16:00:00;3897.320366027968;3774.00675;['wind_speed', 'precipitation']
2026-02-19 17:00:00;4518.559298266187;5136.79725;['wind_speed', 'precipitation']
2026-02-19 18:00:00;5064.576005787452;5757.4375;['wind_speed', 'precipitation']
2026-02-19 19:00:00;3980.437274686333;2808.28475;['wind_speed', 'precipitation']
2026-02-19 20:00:00;3962.635954786914;4316.30025;['wind_speed', 'precipitation']
2026-02-19 21:00:00;3957.4972417452623;4116.61075;['wind_speed', 'precipitation']
2026-02-19 22:00:00;3744.171594537941;3227.96925;['wind_speed', 'precipitation']
2026-02-19 23:00:00;3689.757762821228;3393.52525;['wind_speed', 'precipitation']
2026-02-20 00:00:00;3357.9113568218368;3867.99625;['wind_speed', 'precipitation']
2026-02-20 01:00:00;3497.434969981486;3100.64225;['wind_speed', 'precipitation']
2026-02-20 02:00:00;3360.224755990531;2828.1715;['wind_speed', 'precipitation']
2026-02-20 03:00:00;3276.554413553693;4158.9235;['wind_speed', 'precipitation']
2026-02-20 04:00:00;3403.297001247156;3933.11075;['wind_speed', 'precipitation']
2026-02-20 05:00:00;3486.2061240044895;3965.08175;['wind_speed', 'precipitation']
2026-02-20 06:00:00;3511.8745963719102;3080.9115;['wind_speed', 'precipitation']
2026-02-20 07:00:00;3742.906156840864;4425.24725;['wind_speed', 'precipitation']
2026-02-20 08:00:00;3680.723627422497;5264.822999999999;['wind_speed', 'precipitation']
2026-02-20 09:00:00;3468.0522350164274;3476.0955;['wind_speed', 'precipitation']
2026-02-20 10:00:00;3988.929890104571;3282.589;['wind_speed', 'precipitation']
2026-02-20 11:00:00;3709.5872163115255;3600.80525;['wind_speed', 'precipitation']
2026-02-20 12:00:00;3610.212641841327;4432.64325;['wind_speed', 'precipitation']
2026-02-20 13:00:00;3576.1203144286806;2361.1320000000005;['wind_speed', 'precipitation']
2026-02-20 14:00:00;3657.1004871957966;1551.0443333333333;['wind_speed', 'precipitation']
2026-02-20 15:00:00;3569.1427358693254;2872.442;['wind_speed', 'precipitation']
2026-02-20 16:00:00;3706.3967833502275;3774.00675;['wind_speed', 'precipitation']
2026-02-20 17:00:00;4468.5162048437505;5136.79725;['wind_speed', 'precipitation']
2026-02-20 18:00:00;5111.640684630649;5177.334;['wind_speed', 'precipitation']
2026-02-20 19:00:00;3772.021170072741;5452.91475;['wind_speed', 'precipitation']
2026-02-20 20:00:00;4128.2000917025625;5548.0960000000005;['wind_speed', 'precipitation']
2026-02-20 21:00:00;3843.234082651427;4351.4605;['wind_speed', 'precipitation']
2026-02-20 22:00:00;3503.3253868092033;4562.4445;['wind_speed', 'precipitation']
2026-02-20 23:00:00;3464.5164795446167;3240.04275;['wind_speed', 'precipitation']
2026-01-20 00:00:00;3353.2742224171543;3324.11425;['wind_speed', 'temperature']
2026-01-20 01:00:00;3284.457262759737;3196.69175;['wind_speed', 'temperature']
2026-01-20 02:00:00;3136.3029179532728;3564.13325;['wind_speed', 'temperature']
2026-01-20 03:00:00;2979.851646674728;2707.383;['wind_speed', 'temperature']
2026-01-20 04:00:00;3378.5580522818227;2789.41325;['wind_speed', 'temperature']
2026-01-20 05:00:00;2939.960110924333;2898.3705;['wind_speed', 'temperature']
2026-01-20 06:00:00;3149.7246469252714;3033.4665;['wind_speed', 'temperature']
2026-01-20 07:00:00;3517.804681630454;3828.01275;['wind_speed', 'temperature']
2026-01-20 08:00:00;3410.4748641339;3828.861;['wind_speed', 'temperature']
2026-01-20 09:00:00;3167.6212677232897;3481.7545;['wind_speed', 'temperature']
2026-01-20 10:00:00;3168.9236912554916;3349.58575;['wind_speed', 'temperature']
2026-01-20 11:00:00;3115.7879148092543;2320.389;['wind_speed', 'temperature']
2026-01-20 12:00:00;3401.605679708043;1065.9830000000002;['wind_speed', 'temperature']
2026-01-20 13:00:00;3445.526084641537;2686.33025;['wind_speed', 'temperature']
2026-01-20 14:00:00;3496.795715659268;3281.29675;['wind_speed', 'temperature']
2026-01-20 15:00:00;3547.379127921353;2185.54725;['wind_speed', 'temperature']
2026-01-20 16:00:00;3612.2518216923836;3583.29175;['wind_speed', 'temperature']
2026-01-20 17:00:00;3601.166920380265;5103.80775;['wind_speed', 'temperature']
2026-01-20 18:00:00;3281.7673292803447;5433.498250000001;['wind_speed', 'temperature']
2026-01-20 19:00:00;3847.7080875067927;3254.337;['wind_speed', 'temperature']
2026-01-20 20:00:00;3724.8065991272197;4163.027;['wind_speed', 'temperature']
2026-01-20 21:00:00;3491.1147297311;3972.6565;['wind_speed', 'temperature']
2026-01-20 22:00:00;3306.3720049262065;3771.60525;['wind_speed', 'temperature']
2026-01-20 23:00:00;3135.430842373985;3864.2335;['wind_speed', 'temperature']
2026-01-21 00:00:00;3827.323698853939;3600.33125;['wind_speed', 'temperature']
2026-01-21 01:00:00;3487.7254145774104;3360.08675;['wind_speed', 'temperature']
2026-01-21 02:00:00;3511.763591738449;3005.55825;['wind_speed', 'temperature']
2026-01-21 03:00:00;3200.5370461196035;3117.1915;['wind_speed', 'temperature']
2026-01-21 04:00:00;3272.799020767325;3537.741;['wind_speed', 'temperature']
2026-01-21 05:00:00;3214.268701542023;3386.89575;['wind_speed', 'temperature']
2026-01-21 06:00:00;3383.4709447083205;2914.7335;['wind_speed', 'temperature']
2026-01-21 07:00:00;3547.4830114367796;4593.3165;['wind_speed', 'temperature']
2026-01-21 08:00:00;3433.8994078182322;4870.53275;['wind_speed', 'temperature']
2026-01-21 09:00:00;3448.7320031325507;2633.8055;['wind_speed', 'temperature']
2026-01-21 10:00:00;3365.964392272489;1883.37975;['wind_speed', 'temperature']
2026-01-21 11:00:00;3315.731714078578;1246.6372500000002;['wind_speed', 'temperature']
2026-01-21 12:00:00;2856.382234964846;3255.17325;['wind_speed', 'temperature']
2026-01-21 13:00:00;3359.5404967251716;3642.69175;['wind_speed', 'temperature']
2026-01-21 14:00:00;3622.160660495799;3443.1165;['wind_speed', 'temperature']
2026-01-21 15:00:00;3582.348487899517;2767.1085000000003;['wind_speed', 'temperature']
2026-01-21 16:00:00;4094.3712905058574;2878.73225;['wind_speed', 'temperature']
2026-01-21 17:00:00;3846.4909836763945;5212.20875;['wind_speed', 'temperature']
2026-01-21 18:00:00;4098.105020703754;5884.1085;['wind_speed', 'temperature']
2026-01-21 19:00:00;3493.0160005089506;5043.75125;['wind_speed', 'temperature']
2026-01-21 20:00:00;3868.955397442562;4514.99425;['wind_speed', 'temperature']
2026-01-21 21:00:00;3751.087195267001;3905.21425;['wind_speed', 'temperature']
2026-01-21 22:00:00;3786.01091498656;4084.417;['wind_speed', 'temperature']
2026-01-21 23:00:00;3688.798009600283;3505.25175;['wind_speed', 'temperature']
2026-01-22 00:00:00;3756.7693259684;4382.88325;['wind_speed', 'temperature']
2026-01-22 01:00:00;3690.4747391738215;3667.35;['wind_speed', 'temperature']
2026-01-22 02:00:00;3494.1244176323;3949.475;['wind_speed', 'temperature']
2026-01-22 03:00:00;3566.269803287905;3619.1745;['wind_speed', 'temperature']
2026-01-22 04:00:00;3788.123591049975;3195.02325;['wind_speed', 'temperature']
2026-01-22 05:00:00;3547.833215437277;3207.64475;['wind_speed', 'temperature']
2026-01-22 06:00:00;3538.253377358137;3834.892;['wind_speed', 'temperature']
2026-01-22 07:00:00;4002.2493632310784;3332.436;['wind_speed', 'temperature']
2026-01-22 08:00:00;4148.920235776538;4101.32475;['wind_speed', 'temperature']
2026-01-22 09:00:00;3099.382906410725;2792.25975;['wind_speed', 'temperature']
2026-01-22 10:00:00;2855.012164453741;3343.5355;['wind_speed', 'temperature']
2026-01-22 11:00:00;3278.1315050040034;1024.81275;['wind_speed', 'temperature']
2026-01-22 12:00:00;3293.2379528375004;2345.626;['wind_speed', 'temperature']
2026-01-22 13:00:00;3692.9986921234304;4000.7015;['wind_speed', 'temperature']
2026-01-22 14:00:00;3796.13367175488;3066.969;['wind_speed', 'temperature']
2026-01-22 15:00:00;3405.4540622665036;2576.49325;['wind_speed', 'temperature']
2026-01-22 16:00:00;3742.6085705224114;4892.4605;['wind_speed', 'temperature']
2026-01-22 17:00:00;4033.2127260654943;4693.0;['wind_speed', 'temperature']
2026-01-22 18:00:00;4823.036907492923;5675.33575;['wind_speed', 'temperature']
2026-01-22 19:00:00;5067.36670954028;5423.83425;['wind_speed', 'temperature']
2026-01-22 20:00:00;4293.08309281947;5436.4;['wind_speed', 'temperature']
2026-01-22 21:00:00;4069.55312263431;3945.58875;['wind_speed', 'temperature']
2026-01-22 22:00:00;4100.128253852545;3972.6965;['wind_speed', 'temperature']
2026-01-22 23:00:00;3610.7261942204786;2663.9855;['wind_speed', 'temperature']
2026-01-23 00:00:00;3680.332709355406;3361.307;['wind_speed', 'temperature']
2026-01-23 01:00:00;3635.124185740611;3379.777;['wind_speed', 'temperature']
2026-01-23 02:00:00;3812.627236829077;3830.91175;['wind_speed', 'temperature']
2026-01-23 03:00:00;3530.5195072152633;3616.4825;['wind_speed', 'temperature']
2026-01-23 04:00:00;3580.488149524253;3049.29125;['wind_speed', 'temperature']
2026-01-23 05:00:00;3380.7649311165146;3813.81625;['wind_speed', 'temperature']
2026-01-23 06:00:00;3726.0345518677323;2841.50725;['wind_speed', 'temperature']
2026-01-23 07:00:00;3817.5948991683026;3103.87025;['wind_speed', 'temperature']
2026-01-23 08:00:00;4082.431161805862;769.03125;['wind_speed', 'temperature']
2026-01-23 09:00:00;3003.296784313875;1197.06775;['wind_speed', 'temperature']
2026-01-23 10:00:00;3231.8084065694547;2176.22575;['wind_speed', 'temperature']
2026-01-23 11:00:00;2252.4661669158427;2017.9665;['wind_speed', 'temperature']
2026-01-23 12:00:00;3125.0315520985214;3823.25725;['wind_speed', 'temperature']
2026-01-23 13:00:00;3805.6225288000383;2267.88875;['wind_speed', 'temperature']
2026-01-23 14:00:00;3698.783517201928;3227.23325;['wind_speed', 'temperature']
2026-01-23 15:00:00;3216.8538676584058;2640.10975;['wind_speed', 'temperature']
2026-01-23 16:00:00;4647.439866858338;4200.918250000001;['wind_speed', 'temperature']
2026-01-23 17:00:00;4796.103942048681;4261.9315;['wind_speed', 'temperature']
2026-01-23 18:00:00;4464.46050299224;3950.993750000001;['wind_speed', 'temperature']
2026-01-23 19:00:00;3675.5105113576565;3119.8;['wind_speed', 'temperature']
2026-01-23 20:00:00;4066.3036889800205;3737.94975;['wind_speed', 'temperature']
2026-01-23 21:00:00;4349.412318286237;3837.417;['wind_speed', 'temperature']
2026-01-23 22:00:00;4379.322031028487;3223.48975;['wind_speed', 'temperature']
2026-01-23 23:00:00;3881.1570656020267;2826.59125;['wind_speed', 'temperature']
2026-01-24 00:00:00;3411.261994885093;2617.28325;['wind_speed', 'temperature']
2026-01-24 01:00:00;3217.599934575194;3046.392;['wind_speed', 'temperature']
2026-01-24 02:00:00;3312.978364214334;3411.9126666666666;['wind_speed', 'temperature']
2026-01-24 03:00:00;3075.624316351784;2343.45825;['wind_speed', 'temperature']
2026-01-24 04:00:00;3004.6290034934386;2843.999;['wind_speed', 'temperature']
2026-01-24 05:00:00;3138.9107360400853;2873.38325;['wind_speed', 'temperature']
2026-01-24 06:00:00;3134.4316790034513;2907.02775;['wind_speed', 'temperature']
2026-01-24 07:00:00;3293.509626156924;2334.60825;['wind_speed', 'temperature']
2026-01-24 08:00:00;3200.9739055070877;2823.44275;['wind_speed', 'temperature']
2026-01-24 09:00:00;2095.885040142104;2442.53925;['wind_speed', 'temperature']
2026-01-24 10:00:00;2493.818947480798;2516.7375;['wind_speed', 'temperature']
2026-01-24 11:00:00;2317.506397261927;3611.406;['wind_speed', 'temperature']
2026-01-24 12:00:00;2910.6003795452402;4243.43825;['wind_speed', 'temperature']
2026-01-24 13:00:00;2708.0649960515375;2192.474;['wind_speed', 'temperature']
2026-01-24 14:00:00;3057.2111270890796;3156.505;['wind_speed', 'temperature']
2026-01-24 15:00:00;2591.199456772403;2829.875;['wind_speed', 'temperature']
2026-01-24 16:00:00;3539.3527812417587;4099.4695;['wind_speed', 'temperature']
2026-01-24 17:00:00;3741.1124584274735;5198.8237500000005;['wind_speed', 'temperature']
2026-01-24 18:00:00;4078.095020388171;4884.75125;['wind_speed', 'temperature']
2026-01-24 19:00:00;3415.6805913431963;2075.6825;['wind_speed', 'temperature']
2026-01-24 20:00:00;3596.5323626598874;4323.9585;['wind_speed', 'temperature']
2026-01-24 21:00:00;3422.33921911475;3607.17925;['wind_speed', 'temperature']
2026-01-24 22:00:00;3270.2620872397993;3738.1285;['wind_speed', 'temperature']
2026-01-24 23:00:00;2772.824854151902;3432.4435;['wind_speed', 'temperature']
2026-01-25 00:00:00;3298.9415513000718;3474.86325;['wind_speed', 'temperature']
2026-01-25 01:00:00;3229.3287308049075;3669.751;['wind_speed', 'temperature']
2026-01-25 02:00:00;3420.404182644849;4048.164;['wind_speed', 'temperature']
2026-01-25 03:00:00;2842.4061460584403;2848.222;['wind_speed', 'temperature']
2026-01-25 04:00:00;3074.6041460273077;2863.81;['wind_speed', 'temperature']
2026-01-25 05:00:00;3010.639560212879;3194.791;['wind_speed', 'temperature']
2026-01-25 06:00:00;3038.1791754525216;3292.455;['wind_speed', 'temperature']
2026-01-25 07:00:00;2946.839697428534;2925.93075;['wind_speed', 'temperature']
2026-01-25 08:00:00;3271.263813934201;2567.88425;['wind_speed', 'temperature']
2026-01-25 09:00:00;2531.8518521842702;2779.9095;['wind_speed', 'temperature']
2026-01-25 10:00:00;2687.5970778600463;4691.433;['wind_speed', 'temperature']
2026-01-25 11:00:00;3003.3139500198704;4666.953;['wind_speed', 'temperature']
2026-01-25 12:00:00;3371.1216507167874;4243.43825;['wind_speed', 'temperature']
2026-01-25 13:00:00;2760.8610082447976;2192.474;['wind_speed', 'temperature']
2026-01-25 14:00:00;3265.307719077002;3354.488666666666;['wind_speed', 'temperature']
2026-01-25 15:00:00;2989.3370258701752;2592.30825;['wind_speed', 'temperature']
2026-01-25 16:00:00;3753.795729542178;2440.2725;['wind_speed', 'temperature']
2026-01-25 17:00:00;4151.465389457311;4202.912;['wind_speed', 'temperature']
2026-01-25 18:00:00;4656.53117880022;1737.12275;['wind_speed', 'temperature']
2026-01-25 19:00:00;3712.9755332857044;958.94425;['wind_speed', 'temperature']
2026-01-25 20:00:00;4093.945862208824;3723.2195;['wind_speed', 'temperature']
2026-01-25 21:00:00;3512.665429195573;2804.4895;['wind_speed', 'temperature']
2026-01-25 22:00:00;3794.665688174558;3094.9155;['wind_speed', 'temperature']
2026-01-25 23:00:00;3307.278148719014;2390.568;['wind_speed', 'temperature']
2026-01-26 00:00:00;2729.3662492628955;3275.88325;['wind_speed', 'temperature']
2026-01-26 01:00:00;3032.0746831326555;2851.27575;['wind_speed', 'temperature']
2026-01-26 02:00:00;3279.931362156049;2314.45425;['wind_speed', 'temperature']
2026-01-26 03:00:00;2568.7224826866677;2804.119;['wind_speed', 'temperature']
2026-01-26 04:00:00;2758.615812817601;1930.60775;['wind_speed', 'temperature']
2026-01-26 05:00:00;2857.2750823732526;2723.21625;['wind_speed', 'temperature']
2026-01-26 06:00:00;2927.2346385868227;2888.58725;['wind_speed', 'temperature']
2026-01-26 07:00:00;2873.0538659187214;2713.859;['wind_speed', 'temperature']
2026-01-26 08:00:00;2608.8882679345;4417.67925;['wind_speed', 'temperature']
2026-01-26 09:00:00;2553.0230232009185;3356.1275;['wind_speed', 'temperature']
2026-01-26 10:00:00;3312.8994277729425;3438.948;['wind_speed', 'temperature']
2026-01-26 11:00:00;3329.047825478981;3563.75175;['wind_speed', 'temperature']
2026-01-26 12:00:00;3426.3145017416227;2427.02325;['wind_speed', 'temperature']
2026-01-26 13:00:00;2405.4167252901725;2582.1835;['wind_speed', 'temperature']
2026-01-26 14:00:00;3043.1964847749114;2928.6145;['wind_speed', 'temperature']
2026-01-26 15:00:00;2700.677739379394;3789.735;['wind_speed', 'temperature']
2026-01-26 16:00:00;2938.3238735726454;4572.9445;['wind_speed', 'temperature']
2026-01-26 17:00:00;3405.315725465877;5266.107;['wind_speed', 'temperature']
2026-01-26 18:00:00;2714.7912343776798;4283.08325;['wind_speed', 'temperature']
2026-01-26 19:00:00;2245.6254589322807;2424.01675;['wind_speed', 'temperature']
2026-01-26 20:00:00;3442.15059014992;4279.203;['wind_speed', 'temperature']
2026-01-26 21:00:00;3167.918593770826;3742.166;['wind_speed', 'temperature']
2026-01-26 22:00:00;3205.484591535139;4314.9745;['wind_speed', 'temperature']
2026-01-26 23:00:00;2763.103720804852;2969.2475;['wind_speed', 'temperature']
2026-01-27 00:00:00;3475.1940882399194;2830.22625;['wind_speed', 'temperature']
2026-01-27 01:00:00;3252.387550045618;2744.937;['wind_speed', 'temperature']
2026-01-27 02:00:00;3133.212557738767;3257.3167500000004;['wind_speed', 'temperature']
2026-01-27 03:00:00;3008.9551371239245;2912.7870000000003;['wind_speed', 'temperature']
2026-01-27 04:00:00;2900.1452824834023;2666.22525;['wind_speed', 'temperature']
2026-01-27 05:00:00;3090.167379944255;2944.02975;['wind_speed', 'temperature']
2026-01-27 06:00:00;3180.850964340325;3157.67;['wind_speed', 'temperature']
2026-01-27 07:00:00;3142.3341339078984;4838.0755;['wind_speed', 'temperature']
2026-01-27 08:00:00;3742.872349950877;4393.29025;['wind_speed', 'temperature']
2026-01-27 09:00:00;3084.9200084643503;5051.76225;['wind_speed', 'temperature']
2026-01-27 10:00:00;3268.4487242383348;2729.127;['wind_speed', 'temperature']
2026-01-27 11:00:00;3250.23472792485;5356.0235;['wind_speed', 'temperature']
2026-01-27 12:00:00;2835.0256388466214;4141.3775000000005;['wind_speed', 'temperature']
2026-01-27 13:00:00;2694.7728038218474;5016.7125;['wind_speed', 'temperature']
2026-01-27 14:00:00;3381.7383206354243;4572.88175;['wind_speed', 'temperature']
2026-01-27 15:00:00;3520.9407560398495;5905.1945;['wind_speed', 'temperature']
2026-01-27 16:00:00;4279.787674004943;3749.44675;['wind_speed', 'temperature']
2026-01-27 17:00:00;3875.1542123417576;4949.617;['wind_speed', 'temperature']
2026-01-27 18:00:00;4537.382236225575;4155.69975;['wind_speed', 'temperature']
2026-01-27 19:00:00;3639.955423410903;2501.7875;['wind_speed', 'temperature']
2026-01-27 20:00:00;4206.589874864621;4555.15975;['wind_speed', 'temperature']
2026-01-27 21:00:00;3829.6547240190357;4213.807;['wind_speed', 'temperature']
2026-01-27 22:00:00;4025.81460522047;3972.591;['wind_speed', 'temperature']
2026-01-27 23:00:00;3204.643509678839;2477.69175;['wind_speed', 'temperature']
2026-01-28 00:00:00;3160.1877799503536;2930.86175;['wind_speed', 'temperature']
2026-01-28 01:00:00;3487.3761210941466;2799.0625;['wind_speed', 'temperature']
2026-01-28 02:00:00;3640.2658764801818;2599.72025;['wind_speed', 'temperature']
2026-01-28 03:00:00;3341.7889374589895;2659.1175000000003;['wind_speed', 'temperature']
2026-01-28 04:00:00;3500.963448407591;2997.5885;['wind_speed', 'temperature']
2026-01-28 05:00:00;3429.123796371955;3240.1315;['wind_speed', 'temperature']
2026-01-28 06:00:00;3594.505232773039;3348.08375;['wind_speed', 'temperature']
2026-01-28 07:00:00;4329.818512379128;2768.882;['wind_speed', 'temperature']
2026-01-28 08:00:00;4035.1948003266216;3758.438;['wind_speed', 'temperature']
2026-01-28 09:00:00;4381.598512812037;4153.29825;['wind_speed', 'temperature']
2026-01-28 10:00:00;3381.7111924867513;3485.40875;['wind_speed', 'temperature']
2026-01-28 11:00:00;4276.568621262529;2457.739;['wind_speed', 'temperature']
2026-01-28 12:00:00;3931.641619887956;2199.971;['wind_speed', 'temperature']
2026-01-28 13:00:00;4314.868778932054;2714.47975;['wind_speed', 'temperature']
2026-01-28 14:00:00;4193.16949743983;2314.87675;['wind_speed', 'temperature']
2026-01-28 15:00:00;4406.374841978543;2226.03375;['wind_speed', 'temperature']
2026-01-28 16:00:00;4245.165422375261;2161.29975;['wind_speed', 'temperature']
2026-01-28 17:00:00;4604.524993819473;4241.76125;['wind_speed', 'temperature']
2026-01-28 18:00:00;4527.986056315861;4462.1295;['wind_speed', 'temperature']
2026-01-28 19:00:00;3465.612234884374;3273.2575;['wind_speed', 'temperature']
2026-01-28 20:00:00;4589.0568660780955;4066.16375;['wind_speed', 'temperature']
2026-01-28 21:00:00;4334.377904722575;3350.293;['wind_speed', 'temperature']
2026-01-28 22:00:00;4160.058829687566;3015.4385;['wind_speed', 'temperature']
2026-01-28 23:00:00;3377.0818594045045;2959.08775;['wind_speed', 'temperature']
2026-01-29 00:00:00;3144.76083399179;3130.11525;['wind_speed', 'temperature']
2026-01-29 01:00:00;2953.523203100567;2990.9015;['wind_speed', 'temperature']
2026-01-29 02:00:00;2965.7797153331035;3271.22725;['wind_speed', 'temperature']
2026-01-29 03:00:00;2736.493624455769;3629.855;['wind_speed', 'temperature']
2026-01-29 04:00:00;2812.1597537641;2829.71625;['wind_speed', 'temperature']
2026-01-29 05:00:00;2975.229086951159;3074.8425;['wind_speed', 'temperature']
2026-01-29 06:00:00;3062.6546298033227;2983.11375;['wind_speed', 'temperature']
2026-01-29 07:00:00;2974.554392549696;2818.86525;['wind_speed', 'temperature']
2026-01-29 08:00:00;3407.170582837687;2361.08125;['wind_speed', 'temperature']
2026-01-29 09:00:00;3503.2547728688587;3292.206;['wind_speed', 'temperature']
2026-01-29 10:00:00;3074.1668325034025;3860.7405;['wind_speed', 'temperature']
2026-01-29 11:00:00;2859.294522636479;4322.213;['wind_speed', 'temperature']
2026-01-29 12:00:00;3082.057162987683;3233.9055;['wind_speed', 'temperature']
2026-01-29 13:00:00;2818.0326732458134;3161.515;['wind_speed', 'temperature']
2026-01-29 14:00:00;2890.0757338676676;3518.00425;['wind_speed', 'temperature']
2026-01-29 15:00:00;2850.7295843889665;3397.26675;['wind_speed', 'temperature']
2026-01-29 16:00:00;3220.8150741449663;3804.59875;['wind_speed', 'temperature']
2026-01-29 17:00:00;4323.489916727137;3048.346;['wind_speed', 'temperature']
2026-01-29 18:00:00;4204.035281065472;3831.81075;['wind_speed', 'temperature']
2026-01-29 19:00:00;2932.4640489259064;4592.51725;['wind_speed', 'temperature']
2026-01-29 20:00:00;3623.0401794637396;3198.797;['wind_speed', 'temperature']
2026-01-29 21:00:00;3079.4941992406675;3905.9085;['wind_speed', 'temperature']
2026-01-29 22:00:00;3004.4776869890857;2584.36575;['wind_speed', 'temperature']
2026-01-29 23:00:00;2696.729265187407;2977.50875;['wind_speed', 'temperature']
2026-01-30 00:00:00;3187.1901985013865;2930.24125;['wind_speed', 'temperature']
2026-01-30 01:00:00;3096.1287900129605;3045.52575;['wind_speed', 'temperature']
2026-01-30 02:00:00;3228.6793957738078;3382.778;['wind_speed', 'temperature']
2026-01-30 03:00:00;3179.261478343863;2108.5750000000003;['wind_speed', 'temperature']
2026-01-30 04:00:00;2949.948472814412;2711.36825;['wind_speed', 'temperature']
2026-01-30 05:00:00;3008.7474637116734;2823.3405;['wind_speed', 'temperature']
2026-01-30 06:00:00;3074.2007541729017;2810.056;['wind_speed', 'temperature']
2026-01-30 07:00:00;3043.619522884413;2569.47575;['wind_speed', 'temperature']
2026-01-30 08:00:00;3042.2820241522186;3011.00925;['wind_speed', 'temperature']
2026-01-30 09:00:00;3161.702391032687;3970.83225;['wind_speed', 'temperature']
2026-01-30 10:00:00;3351.546765651438;4316.86625;['wind_speed', 'temperature']
2026-01-30 11:00:00;3572.696270471687;3255.9585;['wind_speed', 'temperature']
2026-01-30 12:00:00;3209.815507758986;3856.16275;['wind_speed', 'temperature']
2026-01-30 13:00:00;3285.416906105318;5804.923;['wind_speed', 'temperature']
2026-01-30 14:00:00;3291.692578713923;3518.00425;['wind_speed', 'temperature']
2026-01-30 15:00:00;3428.3815562173;3397.26675;['wind_speed', 'temperature']
2026-01-30 16:00:00;3600.161434531878;2872.316;['wind_speed', 'temperature']
2026-01-30 17:00:00;3413.8672373543577;4624.5915;['wind_speed', 'temperature']
2026-01-30 18:00:00;3849.6912925063302;3331.67425;['wind_speed', 'temperature']
2026-01-30 19:00:00;3512.2841212289304;2540.943;['wind_speed', 'temperature']
2026-01-30 20:00:00;3586.6056231481502;3665.77125;['wind_speed', 'temperature']
2026-01-30 21:00:00;3788.5802472769524;2802.63575;['wind_speed', 'temperature']
2026-01-30 22:00:00;3331.5563308793667;3011.39175;['wind_speed', 'temperature']
2026-01-30 23:00:00;3000.135999700966;2593.54575;['wind_speed', 'temperature']
2026-01-31 00:00:00;2930.6783137234806;3173.0025;['wind_speed', 'temperature']
2026-01-31 01:00:00;2939.1603077194336;3842.7335;['wind_speed', 'temperature']
2026-01-31 02:00:00;3180.7425153017616;3099.48925;['wind_speed', 'temperature']
2026-01-31 03:00:00;2678.51355137745;3333.14125;['wind_speed', 'temperature']
2026-01-31 04:00:00;2972.3642723462895;2831.7290000000003;['wind_speed', 'temperature']
2026-01-31 05:00:00;2870.981760643303;2721.9165000000003;['wind_speed', 'temperature']
2026-01-31 06:00:00;2931.761779193318;3373.83025;['wind_speed', 'temperature']
2026-01-31 07:00:00;2933.114847263196;3361.293;['wind_speed', 'temperature']
2026-01-31 08:00:00;2970.8332325767647;3424.02625;['wind_speed', 'temperature']
2026-01-31 09:00:00;3243.1253998307848;3892.46575;['wind_speed', 'temperature']
2026-01-31 10:00:00;3432.908040118222;4093.56525;['wind_speed', 'temperature']
2026-01-31 11:00:00;3077.610912828122;3468.38725;['wind_speed', 'temperature']
2026-01-31 12:00:00;2979.4896964340996;3645.032;['wind_speed', 'temperature']
2026-01-31 13:00:00;3359.61869893154;3006.9835;['wind_speed', 'temperature']
2026-01-31 14:00:00;3121.743733006461;3079.298;['wind_speed', 'temperature']
2026-01-31 15:00:00;3170.784398464263;3843.243;['wind_speed', 'temperature']
2026-01-31 16:00:00;3310.494541009672;2761.37025;['wind_speed', 'temperature']
2026-01-31 17:00:00;3934.0150966678993;2594.62925;['wind_speed', 'temperature']
2026-01-31 18:00:00;3814.1598471438965;5439.38975;['wind_speed', 'temperature']
2026-01-31 19:00:00;3180.8307170651055;4224.091;['wind_speed', 'temperature']
2026-01-31 20:00:00;3718.14103530698;3178.35475;['wind_speed', 'temperature']
2026-01-31 21:00:00;3260.563342182155;4102.47225;['wind_speed', 'temperature']
2026-01-31 22:00:00;3273.9446649950814;4452.82625;['wind_speed', 'temperature']
2026-01-31 23:00:00;2882.1357974543175;1587.8345;['wind_speed', 'temperature']
2026-02-01 00:00:00;2743.4598896593293;1227.2925;['wind_speed', 'temperature']
2026-02-01 01:00:00;3333.876805021234;986.55825;['wind_speed', 'temperature']
2026-02-01 02:00:00;3359.410820003227;523.318;['wind_speed', 'temperature']
2026-02-01 03:00:00;2832.7667746245857;419.4962499999999;['wind_speed', 'temperature']
2026-02-01 04:00:00;3099.412593625568;809.1597499999999;['wind_speed', 'temperature']
2026-02-01 05:00:00;3158.5946420572413;879.83475;['wind_speed', 'temperature']
2026-02-01 06:00:00;3028.942354634003;644.55125;['wind_speed', 'temperature']
2026-02-01 07:00:00;3021.309438257237;2779.7565000000004;['wind_speed', 'temperature']
2026-02-01 08:00:00;3147.6891279147585;4242.7392500000005;['wind_speed', 'temperature']
2026-02-01 09:00:00;3471.568350895383;4539.58225;['wind_speed', 'temperature']
2026-02-01 10:00:00;3375.9738354145406;3902.5285;['wind_speed', 'temperature']
2026-02-01 11:00:00;3168.1598008256074;3690.70825;['wind_speed', 'temperature']
2026-02-01 12:00:00;3184.418321579126;3770.9095;['wind_speed', 'temperature']
2026-02-01 13:00:00;3106.5578197018463;3929.826;['wind_speed', 'temperature']
2026-02-01 14:00:00;3737.8929524698165;2997.2215;['wind_speed', 'temperature']
2026-02-01 15:00:00;3280.16394660807;3139.48325;['wind_speed', 'temperature']
2026-02-01 16:00:00;3298.23140280475;4010.29575;['wind_speed', 'temperature']
2026-02-01 17:00:00;3170.4738944216015;3188.33075;['wind_speed', 'temperature']
2026-02-01 18:00:00;4182.923965507232;4498.370000000001;['wind_speed', 'temperature']
2026-02-01 19:00:00;3571.431225512378;5959.908;['wind_speed', 'temperature']
2026-02-01 20:00:00;3692.9186386635974;2655.0615;['wind_speed', 'temperature']
2026-02-01 21:00:00;3659.4151482205993;4070.45725;['wind_speed', 'temperature']
2026-02-01 22:00:00;3529.2660709313313;3704.6875;['wind_speed', 'temperature']
2026-02-01 23:00:00;2564.4522610303575;4307.6215;['wind_speed', 'temperature']
2026-02-02 00:00:00;3323.249252448241;4194.2355;['wind_speed', 'temperature']
2026-02-02 01:00:00;3112.2851031817145;3838.329;['wind_speed', 'temperature']
2026-02-02 02:00:00;2894.47397124999;3883.407;['wind_speed', 'temperature']
2026-02-02 03:00:00;2483.6481323539524;2908.932;['wind_speed', 'temperature']
2026-02-02 04:00:00;2770.534571491528;3679.78875;['wind_speed', 'temperature']
2026-02-02 05:00:00;2663.603416995881;2860.6365;['wind_speed', 'temperature']
2026-02-02 06:00:00;2519.2989745420373;3718.30325;['wind_speed', 'temperature']
2026-02-02 07:00:00;3121.139691735036;4196.75575;['wind_speed', 'temperature']
2026-02-02 08:00:00;3682.343743370515;3431.86475;['wind_speed', 'temperature']
2026-02-02 09:00:00;3619.3665880741596;3188.44575;['wind_speed', 'temperature']
2026-02-02 10:00:00;3418.3127897132254;3551.37525;['wind_speed', 'temperature']
2026-02-02 11:00:00;3381.170084177089;3092.7580000000003;['wind_speed', 'temperature']
2026-02-02 12:00:00;3295.8083008013127;2944.382;['wind_speed', 'temperature']
2026-02-02 13:00:00;3449.628359757694;3419.67125;['wind_speed', 'temperature']
2026-02-02 14:00:00;3260.985062063449;2483.34625;['wind_speed', 'temperature']
2026-02-02 15:00:00;3251.8988631860407;3997.7985;['wind_speed', 'temperature']
2026-02-02 16:00:00;3592.0420384723784;3957.9355;['wind_speed', 'temperature']
2026-02-02 17:00:00;3675.239536293984;6156.93275;['wind_speed', 'temperature']
2026-02-02 18:00:00;4029.196697175673;5374.7855;['wind_speed', 'temperature']
2026-02-02 19:00:00;4545.327071757506;4602.8735;['wind_speed', 'temperature']
2026-02-02 20:00:00;3557.7653881324477;4762.261;['wind_speed', 'temperature']
2026-02-02 21:00:00;3747.7644964093147;2763.79025;['wind_speed', 'temperature']
2026-02-02 22:00:00;3315.3712414505653;3169.481;['wind_speed', 'temperature']
2026-02-02 23:00:00;3149.807188358539;2885.26125;['wind_speed', 'temperature']
2026-02-03 00:00:00;3303.855641263021;3208.07325;['wind_speed', 'temperature']
2026-02-03 01:00:00;3266.7108371031727;2903.31075;['wind_speed', 'temperature']
2026-02-03 02:00:00;3159.5225873532936;2636.27025;['wind_speed', 'temperature']
2026-02-03 03:00:00;2899.3370903633922;3501.708;['wind_speed', 'temperature']
2026-02-03 04:00:00;3179.3545727694986;3136.13775;['wind_speed', 'temperature']
2026-02-03 05:00:00;2936.1552180154695;3059.192;['wind_speed', 'temperature']
2026-02-03 06:00:00;3411.601704616122;3381.67525;['wind_speed', 'temperature']
2026-02-03 07:00:00;3560.2137515159743;2936.9875;['wind_speed', 'temperature']
2026-02-03 08:00:00;3363.4943732152688;2881.34175;['wind_speed', 'temperature']
2026-02-03 09:00:00;3579.978909965377;3689.56575;['wind_speed', 'temperature']
2026-02-03 10:00:00;3728.695412758344;4700.9365;['wind_speed', 'temperature']
2026-02-03 11:00:00;3925.716808172047;4837.66625;['wind_speed', 'temperature']
2026-02-03 12:00:00;3195.3196291077056;3223.52525;['wind_speed', 'temperature']
2026-02-03 13:00:00;3704.4504483848223;3071.254;['wind_speed', 'temperature']
2026-02-03 14:00:00;3235.236768465456;4405.00475;['wind_speed', 'temperature']
2026-02-03 15:00:00;3667.7101939368067;3237.20825;['wind_speed', 'temperature']
2026-02-03 16:00:00;3350.7078717408453;4089.68875;['wind_speed', 'temperature']
2026-02-03 17:00:00;4656.001964253457;5304.03325;['wind_speed', 'temperature']
2026-02-03 18:00:00;4355.022219359761;5559.15675;['wind_speed', 'temperature']
2026-02-03 19:00:00;4444.028488283052;3708.947;['wind_speed', 'temperature']
2026-02-03 20:00:00;4039.502252167974;3665.57175;['wind_speed', 'temperature']
2026-02-03 21:00:00;3396.9158084603873;3451.28325;['wind_speed', 'temperature']
2026-02-03 22:00:00;3582.8195335710816;3417.2;['wind_speed', 'temperature']
2026-02-03 23:00:00;3238.001224765632;4015.31775;['wind_speed', 'temperature']
2026-02-04 00:00:00;3769.851925298885;3004.00075;['wind_speed', 'temperature']
2026-02-04 01:00:00;3510.435468821031;3396.32175;['wind_speed', 'temperature']
2026-02-04 02:00:00;3388.453107323054;3114.4585;['wind_speed', 'temperature']
2026-02-04 03:00:00;3309.5400544569875;2805.3185;['wind_speed', 'temperature']
2026-02-04 04:00:00;3254.084174946638;2795.15475;['wind_speed', 'temperature']
2026-02-04 05:00:00;3130.959110203394;2969.17225;['wind_speed', 'temperature']
2026-02-04 06:00:00;3307.844636351741;3460.06175;['wind_speed', 'temperature']
2026-02-04 07:00:00;3571.782400174;3189.5730000000003;['wind_speed', 'temperature']
2026-02-04 08:00:00;3413.181984598156;3796.666;['wind_speed', 'temperature']
2026-02-04 09:00:00;3452.021658519249;3479.20375;['wind_speed', 'temperature']
2026-02-04 10:00:00;3612.9759588122924;4332.7065;['wind_speed', 'temperature']
2026-02-04 11:00:00;3510.6739392619147;2879.26525;['wind_speed', 'temperature']
2026-02-04 12:00:00;3421.532271213747;2504.1825;['wind_speed', 'temperature']
2026-02-04 13:00:00;3292.446918852097;2285.1665;['wind_speed', 'temperature']
2026-02-04 14:00:00;3789.9835962686693;1426.6965;['wind_speed', 'temperature']
2026-02-04 15:00:00;3668.95955748489;1973.97525;['wind_speed', 'temperature']
2026-02-04 16:00:00;3991.123160225422;3078.4485;['wind_speed', 'temperature']
2026-02-04 17:00:00;4283.349995834309;3131.75175;['wind_speed', 'temperature']
2026-02-04 18:00:00;4643.931985467978;3145.325;['wind_speed', 'temperature']
2026-02-04 19:00:00;3676.59325769637;2937.0585;['wind_speed', 'temperature']
2026-02-04 20:00:00;3674.9310142576487;2372.80775;['wind_speed', 'temperature']
2026-02-04 21:00:00;3880.342180697764;2626.7202500000003;['wind_speed', 'temperature']
2026-02-04 22:00:00;3660.5254608039754;3097.12075;['wind_speed', 'temperature']
2026-02-04 23:00:00;3327.6932369482283;2309.46375;['wind_speed', 'temperature']
2026-02-05 00:00:00;2559.123685383125;2383.21975;['wind_speed', 'temperature']
2026-02-05 01:00:00;2766.4393712823876;2960.2615;['wind_speed', 'temperature']
2026-02-05 02:00:00;2883.3567745028117;2172.40875;['wind_speed', 'temperature']
2026-02-05 03:00:00;2706.3060936657735;2315.36425;['wind_speed', 'temperature']
2026-02-05 04:00:00;2678.493158003599;2231.8865;['wind_speed', 'temperature']
2026-02-05 05:00:00;2722.420745489464;2299.616;['wind_speed', 'temperature']
2026-02-05 06:00:00;3004.6931630306094;2751.74825;['wind_speed', 'temperature']
2026-02-05 07:00:00;3089.913654240562;2285.11125;['wind_speed', 'temperature']
2026-02-05 08:00:00;3431.1323490846935;2690.5555;['wind_speed', 'temperature']
2026-02-05 09:00:00;3307.9250371804346;2209.523;['wind_speed', 'temperature']
2026-02-05 10:00:00;3183.067958544457;2035.103;['wind_speed', 'temperature']
2026-02-05 11:00:00;2460.4651917380315;3871.413;['wind_speed', 'temperature']
2026-02-05 12:00:00;3045.2769054230557;2481.76625;['wind_speed', 'temperature']
2026-02-05 13:00:00;2825.639435809211;2475.083;['wind_speed', 'temperature']
2026-02-05 14:00:00;2461.7433908993526;2266.7945;['wind_speed', 'temperature']
2026-02-05 15:00:00;2637.9912544131807;3025.16625;['wind_speed', 'temperature']
2026-02-05 16:00:00;3161.3590543451196;3120.888;['wind_speed', 'temperature']
2026-02-05 17:00:00;4125.313866060654;5058.1865;['wind_speed', 'temperature']
2026-02-05 18:00:00;3649.521839999489;4388.71075;['wind_speed', 'temperature']
2026-02-05 19:00:00;3691.074755959327;2322.8345;['wind_speed', 'temperature']
2026-02-05 20:00:00;3342.0430996308887;2892.934;['wind_speed', 'temperature']
2026-02-05 21:00:00;3547.2878359097913;2691.11;['wind_speed', 'temperature']
2026-02-05 22:00:00;3524.9362208370494;2040.70725;['wind_speed', 'temperature']
2026-02-05 23:00:00;2809.0721956247307;2318.614;['wind_speed', 'temperature']
2026-02-06 00:00:00;2404.1074401953974;2417.388;['wind_speed', 'temperature']
2026-02-06 01:00:00;2483.3791693762932;3028.649;['wind_speed', 'temperature']
2026-02-06 02:00:00;2411.261858883283;2456.4425;['wind_speed', 'temperature']
2026-02-06 03:00:00;2396.256373171269;1991.96825;['wind_speed', 'temperature']
2026-02-06 04:00:00;2417.308884741313;2168.60175;['wind_speed', 'temperature']
2026-02-06 05:00:00;2459.8367630141615;2554.5777500000004;['wind_speed', 'temperature']
2026-02-06 06:00:00;2600.5604129022304;2480.9035;['wind_speed', 'temperature']
2026-02-06 07:00:00;2710.7705493177473;2516.1095;['wind_speed', 'temperature']
2026-02-06 08:00:00;2947.9312890176607;2358.27875;['wind_speed', 'temperature']
2026-02-06 09:00:00;2968.087351082004;3043.82875;['wind_speed', 'temperature']
2026-02-06 10:00:00;3163.5527781235824;1863.571;['wind_speed', 'temperature']
2026-02-06 11:00:00;2905.2875085194246;1953.389;['wind_speed', 'temperature']
2026-02-06 12:00:00;2967.256278120276;2709.674;['wind_speed', 'temperature']
2026-02-06 13:00:00;2324.703239677796;2834.37725;['wind_speed', 'temperature']
2026-02-06 14:00:00;2445.2467113887906;3653.3685;['wind_speed', 'temperature']
2026-02-06 15:00:00;2890.775048999658;3025.16625;['wind_speed', 'temperature']
2026-02-06 16:00:00;3230.3387135448884;3120.888;['wind_speed', 'temperature']
2026-02-06 17:00:00;3502.8321786873394;5058.1865;['wind_speed', 'temperature']
2026-02-06 18:00:00;3892.2808033333386;4388.71075;['wind_speed', 'temperature']
2026-02-06 19:00:00;3258.0556733116846;2322.8345;['wind_speed', 'temperature']
2026-02-06 20:00:00;3440.8377490024573;2892.934;['wind_speed', 'temperature']
2026-02-06 21:00:00;3231.0163119652952;2691.11;['wind_speed', 'temperature']
2026-02-06 22:00:00;3275.9181743147037;2040.70725;['wind_speed', 'temperature']
2026-02-06 23:00:00;2502.025113879955;2318.614;['wind_speed', 'temperature']
2026-02-07 00:00:00;2383.47074379844;2417.388;['wind_speed', 'temperature']
2026-02-07 01:00:00;2448.727777382692;3028.649;['wind_speed', 'temperature']
2026-02-07 02:00:00;2386.185384367532;2456.4425;['wind_speed', 'temperature']
2026-02-07 03:00:00;2258.9755682920636;1991.96825;['wind_speed', 'temperature']
2026-02-07 04:00:00;2288.522672756485;2168.60175;['wind_speed', 'temperature']
2026-02-07 05:00:00;2394.7813964049446;2554.5777500000004;['wind_speed', 'temperature']
2026-02-07 06:00:00;2409.695550888231;2480.9035;['wind_speed', 'temperature']
2026-02-07 07:00:00;2620.150337964094;2516.1095;['wind_speed', 'temperature']
2026-02-07 08:00:00;2701.339072717875;2358.27875;['wind_speed', 'temperature']
2026-02-07 09:00:00;2648.7964126816632;3043.82875;['wind_speed', 'temperature']
2026-02-07 10:00:00;2587.1240109951473;1863.571;['wind_speed', 'temperature']
2026-02-07 11:00:00;2617.417814722261;1953.389;['wind_speed', 'temperature']
2026-02-07 12:00:00;2682.4332248315523;2709.674;['wind_speed', 'temperature']
2026-02-07 13:00:00;2585.740854065086;2834.37725;['wind_speed', 'temperature']
2026-02-07 14:00:00;2651.250702475879;3653.3685;['wind_speed', 'temperature']
2026-02-07 15:00:00;2634.9073233846457;2864.2456666666667;['wind_speed', 'temperature']
2026-02-07 16:00:00;3054.3171391183864;2075.1228333333333;['wind_speed', 'temperature']
2026-02-07 17:00:00;4019.1871493225935;1286.0;['wind_speed', 'temperature']
2026-02-07 18:00:00;4158.112377780048;1953.83375;['wind_speed', 'temperature']
2026-02-07 19:00:00;3057.0325356243416;1765.97475;['wind_speed', 'temperature']
2026-02-07 20:00:00;3175.834964819432;4467.39375;['wind_speed', 'temperature']
2026-02-07 21:00:00;2951.0235767518025;4289.70725;['wind_speed', 'temperature']
2026-02-07 22:00:00;3021.874110256208;2769.21075;['wind_speed', 'temperature']
2026-02-07 23:00:00;2581.6315929870416;2518.1585;['wind_speed', 'temperature']
2026-02-08 00:00:00;2630.4971403422733;2938.06875;['wind_speed', 'temperature']
2026-02-08 01:00:00;2702.8021673240683;2957.5335;['wind_speed', 'temperature']
2026-02-08 02:00:00;2503.001319658984;1970.80175;['wind_speed', 'temperature']
2026-02-08 03:00:00;2183.0073008082236;2352.781;['wind_speed', 'temperature']
2026-02-08 04:00:00;2272.4158231205215;2566.9445;['wind_speed', 'temperature']
2026-02-08 05:00:00;2353.3610905530627;2694.618;['wind_speed', 'temperature']
2026-02-08 06:00:00;2782.3129881114874;3327.3340000000003;['wind_speed', 'temperature']
2026-02-08 07:00:00;2614.936620329553;2645.92225;['wind_speed', 'temperature']
2026-02-08 08:00:00;2692.1692795401464;2682.03925;['wind_speed', 'temperature']
2026-02-08 09:00:00;2891.7887522832652;2049.55625;['wind_speed', 'temperature']
2026-02-08 10:00:00;2395.325006530539;3419.758;['wind_speed', 'temperature']
2026-02-08 11:00:00;2341.962316929457;3716.1535;['wind_speed', 'temperature']
2026-02-08 12:00:00;2538.61144792015;3340.28175;['wind_speed', 'temperature']
2026-02-08 13:00:00;2642.471033638193;2959.019;['wind_speed', 'temperature']
2026-02-08 14:00:00;2819.9446653612904;2486.248;['wind_speed', 'temperature']
2026-02-08 15:00:00;2697.1706786051327;2433.7925;['wind_speed', 'temperature']
2026-02-08 16:00:00;2837.5292732115304;3127.31125;['wind_speed', 'temperature']
2026-02-08 17:00:00;3094.6691218326637;2999.37275;['wind_speed', 'temperature']
2026-02-08 18:00:00;3572.1785251165265;5183.34525;['wind_speed', 'temperature']
2026-02-08 19:00:00;2505.9193871979614;3736.658;['wind_speed', 'temperature']
2026-02-08 20:00:00;3710.9857656703866;2797.79775;['wind_speed', 'temperature']
2026-02-08 21:00:00;3184.4916008217238;4569.61725;['wind_speed', 'temperature']
2026-02-08 22:00:00;2804.5276266190654;3223.9255000000003;['wind_speed', 'temperature']
2026-02-08 23:00:00;2355.532306643864;2572.21625;['wind_speed', 'temperature']
2026-02-09 00:00:00;2759.496078234984;2426.5875;['wind_speed', 'temperature']
2026-02-09 01:00:00;2766.774053309881;2814.69075;['wind_speed', 'temperature']
2026-02-09 02:00:00;2544.5157173761245;2158.1762500000004;['wind_speed', 'temperature']
2026-02-09 03:00:00;2362.461590510022;2665.0825;['wind_speed', 'temperature']
2026-02-09 04:00:00;2409.9676103208167;2046.7645;['wind_speed', 'temperature']
2026-02-09 05:00:00;2427.518599212276;3459.894;['wind_speed', 'temperature']
2026-02-09 06:00:00;2697.0231979309233;2796.855;['wind_speed', 'temperature']
2026-02-09 07:00:00;2698.2047483771303;2588.22925;['wind_speed', 'temperature']
2026-02-09 08:00:00;2759.637473854549;2782.715;['wind_speed', 'temperature']
2026-02-09 09:00:00;2767.1027576505235;2941.144;['wind_speed', 'temperature']
2026-02-09 10:00:00;2827.0544656799075;2378.2555;['wind_speed', 'temperature']
2026-02-09 11:00:00;2986.3495964248114;1645.005;['wind_speed', 'temperature']
2026-02-09 12:00:00;2758.4845583714955;2864.45375;['wind_speed', 'temperature']
2026-02-09 13:00:00;2666.349445259178;3099.12325;['wind_speed', 'temperature']
2026-02-09 14:00:00;2449.333589639489;2231.92525;['wind_speed', 'temperature']
2026-02-09 15:00:00;2876.97987081198;1882.14975;['wind_speed', 'temperature']
2026-02-09 16:00:00;3083.818499895229;2290.892;['wind_speed', 'temperature']
2026-02-09 17:00:00;3498.173052043077;3762.23375;['wind_speed', 'temperature']
2026-02-09 18:00:00;4424.573321285017;3246.77025;['wind_speed', 'temperature']
2026-02-09 19:00:00;3261.7989723780956;3761.3245;['wind_speed', 'temperature']
2026-02-09 20:00:00;3232.221564543557;3345.93475;['wind_speed', 'temperature']
2026-02-09 21:00:00;3343.2243230592785;3058.4565;['wind_speed', 'temperature']
2026-02-09 22:00:00;3188.4657064282674;3274.3425;['wind_speed', 'temperature']
2026-02-09 23:00:00;2555.401387441775;3204.72675;['wind_speed', 'temperature']
2026-02-10 00:00:00;2882.278067650851;2312.257;['wind_speed', 'temperature']
2026-02-10 01:00:00;2877.5439860281494;2445.75475;['wind_speed', 'temperature']
2026-02-10 02:00:00;2619.2941021241313;2738.38875;['wind_speed', 'temperature']
2026-02-10 03:00:00;2443.6186953730657;2507.56425;['wind_speed', 'temperature']
2026-02-10 04:00:00;2364.3926831922313;2972.28575;['wind_speed', 'temperature']
2026-02-10 05:00:00;2630.5386710614885;2894.95425;['wind_speed', 'temperature']
2026-02-10 06:00:00;2591.116438175626;3762.406;['wind_speed', 'temperature']
2026-02-10 07:00:00;2788.5926563560615;2580.2795;['wind_speed', 'temperature']
2026-02-10 08:00:00;2906.8387587416837;4036.3455;['wind_speed', 'temperature']
2026-02-10 09:00:00;2724.6802271798006;3671.19375;['wind_speed', 'temperature']
2026-02-10 10:00:00;2955.0390982706517;2416.94175;['wind_speed', 'temperature']
2026-02-10 11:00:00;2777.9578113691814;2677.89175;['wind_speed', 'temperature']
2026-02-10 12:00:00;2477.0394026244167;1806.73475;['wind_speed', 'temperature']
2026-02-10 13:00:00;2686.700548694882;3154.1665;['wind_speed', 'temperature']
2026-02-10 14:00:00;2668.0108910113613;2227.19575;['wind_speed', 'temperature']
2026-02-10 15:00:00;2454.269980262876;2543.43525;['wind_speed', 'temperature']
2026-02-10 16:00:00;2914.879720907169;2576.265;['wind_speed', 'temperature']
2026-02-10 17:00:00;4120.306089691023;5342.617;['wind_speed', 'temperature']
2026-02-10 18:00:00;4284.786447569425;5926.32475;['wind_speed', 'temperature']
2026-02-10 19:00:00;3112.4320867519764;3875.02825;['wind_speed', 'temperature']
2026-02-10 20:00:00;3362.2902416107427;4273.53175;['wind_speed', 'temperature']
2026-02-10 21:00:00;3194.7443186013134;2881.09475;['wind_speed', 'temperature']
2026-02-10 22:00:00;2919.51528035492;2286.139;['wind_speed', 'temperature']
2026-02-10 23:00:00;2577.83140706161;3057.192;['wind_speed', 'temperature']
2026-02-11 00:00:00;2739.448288665547;2366.50825;['wind_speed', 'temperature']
2026-02-11 01:00:00;2768.16627440868;2711.8525;['wind_speed', 'temperature']
2026-02-11 02:00:00;2642.138102259771;2083.15775;['wind_speed', 'temperature']
2026-02-11 03:00:00;2356.6098370320024;2465.2165000000005;['wind_speed', 'temperature']
2026-02-11 04:00:00;2427.8370675534197;2897.0037500000003;['wind_speed', 'temperature']
2026-02-11 05:00:00;2619.743706564415;2676.7915000000003;['wind_speed', 'temperature']
2026-02-11 06:00:00;2773.349045320293;2365.58925;['wind_speed', 'temperature']
2026-02-11 07:00:00;2770.6803674751973;3238.81225;['wind_speed', 'temperature']
2026-02-11 08:00:00;3080.552685601523;2706.17225;['wind_speed', 'temperature']
2026-02-11 09:00:00;2957.1839360987237;3475.922;['wind_speed', 'temperature']
2026-02-11 10:00:00;2701.1535184210597;2244.5915;['wind_speed', 'temperature']
2026-02-11 11:00:00;2943.9285559384384;2952.637;['wind_speed', 'temperature']
2026-02-11 12:00:00;2914.809311522548;1686.3925;['wind_speed', 'temperature']
2026-02-11 13:00:00;3141.8933963517916;3154.1665;['wind_speed', 'temperature']
2026-02-11 14:00:00;2987.358445852654;2227.19575;['wind_speed', 'temperature']
2026-02-11 15:00:00;2821.0864562721717;2543.43525;['wind_speed', 'temperature']
2026-02-11 16:00:00;3015.59819156363;2576.265;['wind_speed', 'temperature']
2026-02-11 17:00:00;3873.972090919185;1333.5;['wind_speed', 'temperature']
2026-02-11 18:00:00;3815.8887631192383;3750.33275;['wind_speed', 'temperature']
2026-02-11 19:00:00;2923.5711685856822;3982.69175;['wind_speed', 'temperature']
2026-02-11 20:00:00;3161.7204469447825;3578.161;['wind_speed', 'temperature']
2026-02-11 21:00:00;2676.94298189063;2482.21025;['wind_speed', 'temperature']
2026-02-11 22:00:00;2696.288194947946;2358.59375;['wind_speed', 'temperature']
2026-02-11 23:00:00;2185.8751222563506;2322.409;['wind_speed', 'temperature']
2026-02-12 00:00:00;2269.441975532024;2297.366;['wind_speed', 'temperature']
2026-02-12 01:00:00;2494.4888101600263;2377.4665;['wind_speed', 'temperature']
2026-02-12 02:00:00;2089.916135372176;1861.1955;['wind_speed', 'temperature']
2026-02-12 03:00:00;2135.699130256659;1835.98825;['wind_speed', 'temperature']
2026-02-12 04:00:00;2302.758193415424;1987.42975;['wind_speed', 'temperature']
2026-02-12 05:00:00;2369.2872287790456;2928.504;['wind_speed', 'temperature']
2026-02-12 06:00:00;2391.661885370155;2122.81;['wind_speed', 'temperature']
2026-02-12 07:00:00;2476.3511645380436;2338.194;['wind_speed', 'temperature']
2026-02-12 08:00:00;2521.7460605927517;1348.37875;['wind_speed', 'temperature']
2026-02-12 09:00:00;2670.865993809636;928.61625;['wind_speed', 'temperature']
2026-02-12 10:00:00;2166.31107667875;2329.8340000000003;['wind_speed', 'temperature']
2026-02-12 11:00:00;2694.7004342701475;1817.92825;['wind_speed', 'temperature']
2026-02-12 12:00:00;2311.189396297468;3735.537;['wind_speed', 'temperature']
2026-02-12 13:00:00;2533.5323585240894;2596.203;['wind_speed', 'temperature']
2026-02-12 14:00:00;2138.69097630142;2194.61975;['wind_speed', 'temperature']
2026-02-12 15:00:00;2534.5306180481953;1834.60225;['wind_speed', 'temperature']
2026-02-12 16:00:00;2811.5305778906586;2180.3565;['wind_speed', 'temperature']
2026-02-12 17:00:00;3544.7647142319693;3746.30075;['wind_speed', 'temperature']
2026-02-12 18:00:00;3697.979725350726;4982.87875;['wind_speed', 'temperature']
2026-02-12 19:00:00;2982.2897239812974;3386.71775;['wind_speed', 'temperature']
2026-02-12 20:00:00;3389.961566792722;3613.59775;['wind_speed', 'temperature']
2026-02-12 21:00:00;2739.018065312181;3065.22725;['wind_speed', 'temperature']
2026-02-12 22:00:00;2723.617110672167;2475.28875;['wind_speed', 'temperature']
2026-02-12 23:00:00;2298.29260530781;2045.159;['wind_speed', 'temperature']
2026-02-13 00:00:00;2178.8635960374513;2855.48325;['wind_speed', 'temperature']
2026-02-13 01:00:00;2320.297663720366;2102.1375;['wind_speed', 'temperature']
2026-02-13 02:00:00;2399.9732122134205;2721.5535;['wind_speed', 'temperature']
2026-02-13 03:00:00;2037.230080471632;2265.05425;['wind_speed', 'temperature']
2026-02-13 04:00:00;1896.8786993373546;2724.386;['wind_speed', 'temperature']
2026-02-13 05:00:00;2353.0258741626576;1950.27;['wind_speed', 'temperature']
2026-02-13 06:00:00;2256.292491422397;2676.27525;['wind_speed', 'temperature']
2026-02-13 07:00:00;2411.858984574955;1876.716;['wind_speed', 'temperature']
2026-02-13 08:00:00;2576.845954341586;3155.0185;['wind_speed', 'temperature']
2026-02-13 09:00:00;2429.0404068022485;3419.00525;['wind_speed', 'temperature']
2026-02-13 10:00:00;2505.124831428352;2633.61775;['wind_speed', 'temperature']
2026-02-13 11:00:00;2181.6359703690855;3832.5985;['wind_speed', 'temperature']
2026-02-13 12:00:00;3194.6737975900173;2113.4985;['wind_speed', 'temperature']
2026-02-13 13:00:00;2569.4249488892806;2406.8145;['wind_speed', 'temperature']
2026-02-13 14:00:00;2371.5152281726923;2225.23925;['wind_speed', 'temperature']
2026-02-13 15:00:00;2385.317817758405;2112.819;['wind_speed', 'temperature']
2026-02-13 16:00:00;2551.361697649161;2119.783;['wind_speed', 'temperature']
2026-02-13 17:00:00;4337.402847373589;2762.934;['wind_speed', 'temperature']
2026-02-13 18:00:00;3397.3940751861405;3519.851;['wind_speed', 'temperature']
2026-02-13 19:00:00;2940.201036796962;3490.8465;['wind_speed', 'temperature']
2026-02-13 20:00:00;3258.078307217234;3538.6712499999994;['wind_speed', 'temperature']
2026-02-13 21:00:00;2904.531053897839;3449.1785;['wind_speed', 'temperature']
2026-02-13 22:00:00;2777.1149087154085;2324.8065;['wind_speed', 'temperature']
2026-02-13 23:00:00;2286.441684873115;3431.5795;['wind_speed', 'temperature']
2026-02-14 00:00:00;2750.5665446539647;2411.443;['wind_speed', 'temperature']
2026-02-14 01:00:00;2685.859395323019;2943.3845;['wind_speed', 'temperature']
2026-02-14 02:00:00;2664.903753009935;2579.4275;['wind_speed', 'temperature']
2026-02-14 03:00:00;2561.15631240283;2204.52425;['wind_speed', 'temperature']
2026-02-14 04:00:00;2536.6452992385375;2660.8965000000003;['wind_speed', 'temperature']
2026-02-14 05:00:00;2487.4135818740183;3597.15675;['wind_speed', 'temperature']
2026-02-14 06:00:00;2508.253876736094;2461.59075;['wind_speed', 'temperature']
2026-02-14 07:00:00;2574.822905706917;2936.82475;['wind_speed', 'temperature']
2026-02-14 08:00:00;3048.256981384915;2971.81825;['wind_speed', 'temperature']
2026-02-14 09:00:00;2833.218045944342;2900.61125;['wind_speed', 'temperature']
2026-02-14 10:00:00;2730.173911092308;2713.67975;['wind_speed', 'temperature']
2026-02-14 11:00:00;3238.9468227391794;2756.77525;['wind_speed', 'temperature']
2026-02-14 12:00:00;2575.6933302619104;3727.64475;['wind_speed', 'temperature']
2026-02-14 13:00:00;2882.711334759677;2757.3445;['wind_speed', 'temperature']
2026-02-14 14:00:00;2534.0541340926843;3371.52475;['wind_speed', 'temperature']
2026-02-14 15:00:00;2791.407914973037;3231.48225;['wind_speed', 'temperature']
2026-02-14 16:00:00;2713.718198567298;4488.084;['wind_speed', 'temperature']
2026-02-14 17:00:00;3581.2987939740815;5352.45;['wind_speed', 'temperature']
2026-02-14 18:00:00;3917.1630665056055;6210.828;['wind_speed', 'temperature']
2026-02-14 19:00:00;3264.560361137598;1903.77525;['wind_speed', 'temperature']
2026-02-14 20:00:00;3131.9131596329717;2630.102;['wind_speed', 'temperature']
2026-02-14 21:00:00;2904.201582995246;4245.20475;['wind_speed', 'temperature']
2026-02-14 22:00:00;2847.502840616433;3723.198;['wind_speed', 'temperature']
2026-02-14 23:00:00;2803.9440926360726;3729.623;['wind_speed', 'temperature']
2026-02-15 00:00:00;3249.4871215169346;3933.857;['wind_speed', 'temperature']
2026-02-15 01:00:00;3234.6927582161584;3709.625;['wind_speed', 'temperature']
2026-02-15 02:00:00;3005.45020531205;3698.68875;['wind_speed', 'temperature']
2026-02-15 03:00:00;2801.2130036225794;3668.341;['wind_speed', 'temperature']
2026-02-15 04:00:00;2707.4132345976404;3783.91125;['wind_speed', 'temperature']
2026-02-15 05:00:00;2874.335927900887;3444.12875;['wind_speed', 'temperature']
2026-02-15 06:00:00;2978.73210220547;4090.44675;['wind_speed', 'temperature']
2026-02-15 07:00:00;3003.6446187262877;4660.0415;['wind_speed', 'temperature']
2026-02-15 08:00:00;3167.3129106109636;3879.998;['wind_speed', 'temperature']
2026-02-15 09:00:00;3458.654897799627;4359.39175;['wind_speed', 'temperature']
2026-02-15 10:00:00;3232.00077155725;5136.501;['wind_speed', 'temperature']
2026-02-15 11:00:00;2975.2979003634264;4608.921;['wind_speed', 'temperature']
2026-02-15 12:00:00;3295.6602169304415;3958.311;['wind_speed', 'temperature']
2026-02-15 13:00:00;3353.0974292204355;2757.3445;['wind_speed', 'temperature']
2026-02-15 14:00:00;3297.0303204098564;3371.52475;['wind_speed', 'temperature']
2026-02-15 15:00:00;3530.9655406523443;3231.48225;['wind_speed', 'temperature']
2026-02-15 16:00:00;3250.933763906409;5022.667;['wind_speed', 'temperature']
2026-02-15 17:00:00;3992.879652369819;3789.986;['wind_speed', 'temperature']
2026-02-15 18:00:00;4367.704658561527;1972.2715;['wind_speed', 'temperature']
2026-02-15 19:00:00;3642.769810615682;1211.72575;['wind_speed', 'temperature']
2026-02-15 20:00:00;3556.8369302681585;2768.893;['wind_speed', 'temperature']
2026-02-15 21:00:00;3377.6513478536262;4284.85;['wind_speed', 'temperature']
2026-02-15 22:00:00;3281.8642974490394;3674.49175;['wind_speed', 'temperature']
2026-02-15 23:00:00;2858.1083690515047;3857.04075;['wind_speed', 'temperature']
2026-02-16 00:00:00;2806.4204937577215;4270.74175;['wind_speed', 'temperature']
2026-02-16 01:00:00;3254.1756748398657;4172.0475;['wind_speed', 'temperature']
2026-02-16 02:00:00;2911.2337597469177;4192.84925;['wind_speed', 'temperature']
2026-02-16 03:00:00;2960.0117422941007;4297.218;['wind_speed', 'temperature']
2026-02-16 04:00:00;2838.791181163954;3792.167;['wind_speed', 'temperature']
2026-02-16 05:00:00;2815.4072110404827;3905.2105;['wind_speed', 'temperature']
2026-02-16 06:00:00;3026.7571467662356;4322.625;['wind_speed', 'temperature']
2026-02-16 07:00:00;2808.746961654676;5897.072;['wind_speed', 'temperature']
2026-02-16 08:00:00;3269.9410099468664;2816.22675;['wind_speed', 'temperature']
2026-02-16 09:00:00;3776.4067772997905;3726.25825;['wind_speed', 'temperature']
2026-02-16 10:00:00;3145.9159376922407;3709.35825;['wind_speed', 'temperature']
2026-02-16 11:00:00;3255.1958390943164;4097.0225;['wind_speed', 'temperature']
2026-02-16 12:00:00;3330.466172393011;4383.431500000001;['wind_speed', 'temperature']
2026-02-16 13:00:00;3530.965470777423;3789.0565;['wind_speed', 'temperature']
2026-02-16 14:00:00;3030.340409937432;4607.666;['wind_speed', 'temperature']
2026-02-16 15:00:00;3266.9959933750147;4367.22325;['wind_speed', 'temperature']
2026-02-16 16:00:00;2694.46815697293;3437.96925;['wind_speed', 'temperature']
2026-02-16 17:00:00;3626.276185028335;5117.6485;['wind_speed', 'temperature']
2026-02-16 18:00:00;4026.2718351610365;5031.2195;['wind_speed', 'temperature']
2026-02-16 19:00:00;3416.576154582064;5013.32925;['wind_speed', 'temperature']
2026-02-16 20:00:00;3893.445430173595;3950.84225;['wind_speed', 'temperature']
2026-02-16 21:00:00;4010.3394326655725;3260.27925;['wind_speed', 'temperature']
2026-02-16 22:00:00;3116.689527501063;3727.6415;['wind_speed', 'temperature']
2026-02-16 23:00:00;3070.524038479869;2914.66625;['wind_speed', 'temperature']
2026-02-17 00:00:00;3471.497825825222;3134.171;['wind_speed', 'temperature']
2026-02-17 01:00:00;3529.2111083147747;2905.419;['wind_speed', 'temperature']
2026-02-17 02:00:00;3347.364992343547;3407.01775;['wind_speed', 'temperature']
2026-02-17 03:00:00;3246.6159521635864;2895.731;['wind_speed', 'temperature']
2026-02-17 04:00:00;3303.7278243058927;3551.5375;['wind_speed', 'temperature']
2026-02-17 05:00:00;3451.5051761130208;3038.49075;['wind_speed', 'temperature']
2026-02-17 06:00:00;3550.13340224353;2865.9880000000003;['wind_speed', 'temperature']
2026-02-17 07:00:00;3715.4000125546377;4217.9155;['wind_speed', 'temperature']
2026-02-17 08:00:00;3729.121645561685;4631.85375;['wind_speed', 'temperature']
2026-02-17 09:00:00;3712.56409785214;5666.0205000000005;['wind_speed', 'temperature']
2026-02-17 10:00:00;3655.823623050277;3033.71925;['wind_speed', 'temperature']
2026-02-17 11:00:00;3944.001856912724;3668.54275;['wind_speed', 'temperature']
2026-02-17 12:00:00;3469.9407449204864;3205.1977500000003;['wind_speed', 'temperature']
2026-02-17 13:00:00;3966.6114040407383;3569.85825;['wind_speed', 'temperature']
2026-02-17 14:00:00;3456.727506951188;4546.28325;['wind_speed', 'temperature']
2026-02-17 15:00:00;3671.591368750062;3355.98275;['wind_speed', 'temperature']
2026-02-17 16:00:00;3971.156612801875;3155.60275;['wind_speed', 'temperature']
2026-02-17 17:00:00;4577.927502793964;3948.281;['wind_speed', 'temperature']
2026-02-17 18:00:00;4604.533998205337;6586.86025;['wind_speed', 'temperature']
2026-02-17 19:00:00;3599.4175339542744;2688.89675;['wind_speed', 'temperature']
2026-02-17 20:00:00;4216.175334229634;4654.51275;['wind_speed', 'temperature']
2026-02-17 21:00:00;4308.34554308607;3142.6025;['wind_speed', 'temperature']
2026-02-17 22:00:00;3953.2976642871818;2652.804;['wind_speed', 'temperature']
2026-02-17 23:00:00;3643.6387459559564;2618.7905;['wind_speed', 'temperature']
2026-02-18 00:00:00;2987.2110785927507;3148.755;['wind_speed', 'temperature']
2026-02-18 01:00:00;3136.0320404216145;3693.88525;['wind_speed', 'temperature']
2026-02-18 02:00:00;2557.729757761408;2656.90925;['wind_speed', 'temperature']
2026-02-18 03:00:00;2861.224693531156;2022.2365;['wind_speed', 'temperature']
2026-02-18 04:00:00;3163.988270030153;2714.6582499999995;['wind_speed', 'temperature']
2026-02-18 05:00:00;3320.7321447765266;3138.4825;['wind_speed', 'temperature']
2026-02-18 06:00:00;3416.4317855441936;3251.8665;['wind_speed', 'temperature']
2026-02-18 07:00:00;3292.416664941778;3767.39;['wind_speed', 'temperature']
2026-02-18 08:00:00;3239.6862501772384;3704.433;['wind_speed', 'temperature']
2026-02-18 09:00:00;3864.869666216585;4502.9775;['wind_speed', 'temperature']
2026-02-18 10:00:00;3794.1555988137316;2839.84175;['wind_speed', 'temperature']
2026-02-18 11:00:00;3816.5328828392567;3027.432;['wind_speed', 'temperature']
2026-02-18 12:00:00;3725.0884973512143;3523.302;['wind_speed', 'temperature']
2026-02-18 13:00:00;3704.9413933567566;3065.7345000000005;['wind_speed', 'temperature']
2026-02-18 14:00:00;3770.9781056861325;3746.467;['wind_speed', 'temperature']
2026-02-18 15:00:00;3535.8860309395886;3357.258;['wind_speed', 'temperature']
2026-02-18 16:00:00;3726.6551063769666;3739.85675;['wind_speed', 'temperature']
2026-02-18 17:00:00;4943.753378260119;5383.882;['wind_speed', 'temperature']
2026-02-18 18:00:00;4307.716284217109;5460.044;['wind_speed', 'temperature']
2026-02-18 19:00:00;3612.696211473692;3423.06;['wind_speed', 'temperature']
2026-02-18 20:00:00;3616.729592048114;4988.140666666666;['wind_speed', 'temperature']
2026-02-18 21:00:00;3628.348052341349;3943.082;['wind_speed', 'temperature']
2026-02-18 22:00:00;3644.8623673937477;3280.73875;['wind_speed', 'temperature']
2026-02-18 23:00:00;4211.810931561094;4189.85225;['wind_speed', 'temperature']
2026-02-19 00:00:00;3763.5155855536364;3798.69625;['wind_speed', 'temperature']
2026-02-19 01:00:00;4135.659216990726;3470.1565;['wind_speed', 'temperature']
2026-02-19 02:00:00;3589.018951007934;3887.978;['wind_speed', 'temperature']
2026-02-19 03:00:00;3638.9230433530493;3463.55225;['wind_speed', 'temperature']
2026-02-19 04:00:00;3220.178771393489;3694.54025;['wind_speed', 'temperature']
2026-02-19 05:00:00;3422.416465425993;4024.671;['wind_speed', 'temperature']
2026-02-19 06:00:00;4145.186539682987;3976.81075;['wind_speed', 'temperature']
2026-02-19 07:00:00;3645.3425387918396;4254.63175;['wind_speed', 'temperature']
2026-02-19 08:00:00;3777.2771687785626;5451.65625;['wind_speed', 'temperature']
2026-02-19 09:00:00;4359.307883500445;4617.72725;['wind_speed', 'temperature']
2026-02-19 10:00:00;3908.6229177751493;4048.07275;['wind_speed', 'temperature']
2026-02-19 11:00:00;3922.388594216249;4006.33275;['wind_speed', 'temperature']
2026-02-19 12:00:00;3554.2367894487325;2886.07425;['wind_speed', 'temperature']
2026-02-19 13:00:00;3417.382925089738;3151.84075;['wind_speed', 'temperature']
2026-02-19 14:00:00;3754.153463416281;2118.81075;['wind_speed', 'temperature']
2026-02-19 15:00:00;3828.709142472676;2872.442;['wind_speed', 'temperature']
2026-02-19 16:00:00;3792.4542542725967;3774.00675;['wind_speed', 'temperature']
2026-02-19 17:00:00;4766.141966570631;5136.79725;['wind_speed', 'temperature']
2026-02-19 18:00:00;5153.736131519874;5757.4375;['wind_speed', 'temperature']
2026-02-19 19:00:00;4106.26478933477;2808.28475;['wind_speed', 'temperature']
2026-02-19 20:00:00;4186.223929335254;4316.30025;['wind_speed', 'temperature']
2026-02-19 21:00:00;3925.198777923851;4116.61075;['wind_speed', 'temperature']
2026-02-19 22:00:00;4012.804376520363;3227.96925;['wind_speed', 'temperature']
2026-02-19 23:00:00;3821.7407645302123;3393.52525;['wind_speed', 'temperature']
2026-02-20 00:00:00;3494.4183033855575;3867.99625;['wind_speed', 'temperature']
2026-02-20 01:00:00;3708.40024097758;3100.64225;['wind_speed', 'temperature']
2026-02-20 02:00:00;3357.9152448058385;2828.1715;['wind_speed', 'temperature']
2026-02-20 03:00:00;3246.826576944806;4158.9235;['wind_speed', 'temperature']
2026-02-20 04:00:00;3403.4918597981814;3933.11075;['wind_speed', 'temperature']
2026-02-20 05:00:00;3533.9082114068333;3965.08175;['wind_speed', 'temperature']
2026-02-20 06:00:00;3549.895920529625;3080.9115;['wind_speed', 'temperature']
2026-02-20 07:00:00;3964.683332744184;4425.24725;['wind_speed', 'temperature']
2026-02-20 08:00:00;3692.4319709283563;5264.822999999999;['wind_speed', 'temperature']
2026-02-20 09:00:00;3847.823322662912;3476.0955;['wind_speed', 'temperature']
2026-02-20 10:00:00;4262.58697933797;3282.589;['wind_speed', 'temperature']
2026-02-20 11:00:00;3778.5026044188253;3600.80525;['wind_speed', 'temperature']
2026-02-20 12:00:00;3628.5127593340026;4432.64325;['wind_speed', 'temperature']
2026-02-20 13:00:00;3628.0232570861513;2361.1320000000005;['wind_speed', 'temperature']
2026-02-20 14:00:00;3780.4102778070637;1551.0443333333333;['wind_speed', 'temperature']
2026-02-20 15:00:00;3616.21141663257;2872.442;['wind_speed', 'temperature']
2026-02-20 16:00:00;3905.451722620247;3774.00675;['wind_speed', 'temperature']
2026-02-20 17:00:00;4511.22951508545;5136.79725;['wind_speed', 'temperature']
2026-02-20 18:00:00;5174.357714917438;5177.334;['wind_speed', 'temperature']
2026-02-20 19:00:00;3795.419165067858;5452.91475;['wind_speed', 'temperature']
2026-02-20 20:00:00;4316.267985684496;5548.0960000000005;['wind_speed', 'temperature']
2026-02-20 21:00:00;3957.684995127013;4351.4605;['wind_speed', 'temperature']
2026-02-20 22:00:00;3569.399758147094;4562.4445;['wind_speed', 'temperature']
2026-02-20 23:00:00;3635.9903679418335;3240.04275;['wind_speed', 'temperature']
2026-01-20 00:00:00;3386.715796513834;3324.11425;['pressure', 'precipitation']
2026-01-20 01:00:00;3302.248362308077;3196.69175;['pressure', 'precipitation']
2026-01-20 02:00:00;3203.112694259425;3564.13325;['pressure', 'precipitation']
2026-01-20 03:00:00;3002.537903083419;2707.383;['pressure', 'precipitation']
2026-01-20 04:00:00;3385.5061876577993;2789.41325;['pressure', 'precipitation']
2026-01-20 05:00:00;2975.4078934408126;2898.3705;['pressure', 'precipitation']
2026-01-20 06:00:00;3214.8113321059354;3033.4665;['pressure', 'precipitation']
2026-01-20 07:00:00;3479.7179411366797;3828.01275;['pressure', 'precipitation']
2026-01-20 08:00:00;3472.980147489613;3828.861;['pressure', 'precipitation']
2026-01-20 09:00:00;3054.8762192003405;3481.7545;['pressure', 'precipitation']
2026-01-20 10:00:00;3197.7666096514877;3349.58575;['pressure', 'precipitation']
2026-01-20 11:00:00;3191.0991101827894;2320.389;['pressure', 'precipitation']
2026-01-20 12:00:00;3461.8784610801135;1065.9830000000002;['pressure', 'precipitation']
2026-01-20 13:00:00;3553.429015854916;2686.33025;['pressure', 'precipitation']
2026-01-20 14:00:00;3290.756897299893;3281.29675;['pressure', 'precipitation']
2026-01-20 15:00:00;3664.0785602943997;2185.54725;['pressure', 'precipitation']
2026-01-20 16:00:00;3447.960066016114;3583.29175;['pressure', 'precipitation']
2026-01-20 17:00:00;3320.643284516007;5103.80775;['pressure', 'precipitation']
2026-01-20 18:00:00;3154.8518019365947;5433.498250000001;['pressure', 'precipitation']
2026-01-20 19:00:00;3829.9850955634333;3254.337;['pressure', 'precipitation']
2026-01-20 20:00:00;3678.1040367950663;4163.027;['pressure', 'precipitation']
2026-01-20 21:00:00;3612.5132893014124;3972.6565;['pressure', 'precipitation']
2026-01-20 22:00:00;3242.5518469214458;3771.60525;['pressure', 'precipitation']
2026-01-20 23:00:00;3038.419383023399;3864.2335;['pressure', 'precipitation']
2026-01-21 00:00:00;3869.3401630873373;3600.33125;['pressure', 'precipitation']
2026-01-21 01:00:00;3463.544643703387;3360.08675;['pressure', 'precipitation']
2026-01-21 02:00:00;3553.7800559718476;3005.55825;['pressure', 'precipitation']
2026-01-21 03:00:00;3213.8561989516347;3117.1915;['pressure', 'precipitation']
2026-01-21 04:00:00;3165.057603836173;3537.741;['pressure', 'precipitation']
2026-01-21 05:00:00;3242.357797611359;3386.89575;['pressure', 'precipitation']
2026-01-21 06:00:00;3444.1059544739455;2914.7335;['pressure', 'precipitation']
2026-01-21 07:00:00;3477.684677076657;4593.3165;['pressure', 'precipitation']
2026-01-21 08:00:00;3355.9390162967784;4870.53275;['pressure', 'precipitation']
2026-01-21 09:00:00;3429.529282490461;2633.8055;['pressure', 'precipitation']
2026-01-21 10:00:00;3478.8665681758093;1883.37975;['pressure', 'precipitation']
2026-01-21 11:00:00;3378.2947481361953;1246.6372500000002;['pressure', 'precipitation']
2026-01-21 12:00:00;2892.630297098635;3255.17325;['pressure', 'precipitation']
2026-01-21 13:00:00;3349.1594962063728;3642.69175;['pressure', 'precipitation']
2026-01-21 14:00:00;3615.490059604686;3443.1165;['pressure', 'precipitation']
2026-01-21 15:00:00;3430.1118698575247;2767.1085000000003;['pressure', 'precipitation']
2026-01-21 16:00:00;3920.2587721953105;2878.73225;['pressure', 'precipitation']
2026-01-21 17:00:00;3625.3326050753203;5212.20875;['pressure', 'precipitation']
2026-01-21 18:00:00;4076.792215527973;5884.1085;['pressure', 'precipitation']
2026-01-21 19:00:00;3422.7912194725736;5043.75125;['pressure', 'precipitation']
2026-01-21 20:00:00;3815.6710079467125;4514.99425;['pressure', 'precipitation']
2026-01-21 21:00:00;3869.5989845889003;3905.21425;['pressure', 'precipitation']
2026-01-21 22:00:00;3731.283597176501;4084.417;['pressure', 'precipitation']
2026-01-21 23:00:00;3643.235707964541;3505.25175;['pressure', 'precipitation']
2026-01-22 00:00:00;3844.382347818986;4382.88325;['pressure', 'precipitation']
2026-01-22 01:00:00;3710.2882767714777;3667.35;['pressure', 'precipitation']
2026-01-22 02:00:00;3475.691441863257;3949.475;['pressure', 'precipitation']
2026-01-22 03:00:00;3413.773526432436;3619.1745;['pressure', 'precipitation']
2026-01-22 04:00:00;3804.059443100756;3195.02325;['pressure', 'precipitation']
2026-01-22 05:00:00;3517.2756745437223;3207.64475;['pressure', 'precipitation']
2026-01-22 06:00:00;3507.668889443098;3834.892;['pressure', 'precipitation']
2026-01-22 07:00:00;3969.441802310363;3332.436;['pressure', 'precipitation']
2026-01-22 08:00:00;4090.8668242927733;4101.32475;['pressure', 'precipitation']
2026-01-22 09:00:00;3232.8371033406565;2792.25975;['pressure', 'precipitation']
2026-01-22 10:00:00;2961.9685090582334;3343.5355;['pressure', 'precipitation']
2026-01-22 11:00:00;3375.921238890722;1024.81275;['pressure', 'precipitation']
2026-01-22 12:00:00;3189.1209102959965;2345.626;['pressure', 'precipitation']
2026-01-22 13:00:00;3602.1528592987233;4000.7015;['pressure', 'precipitation']
2026-01-22 14:00:00;3756.897240633054;3066.969;['pressure', 'precipitation']
2026-01-22 15:00:00;3519.89008878008;2576.49325;['pressure', 'precipitation']
2026-01-22 16:00:00;3743.434608883007;4892.4605;['pressure', 'precipitation']
2026-01-22 17:00:00;4002.943805167057;4693.0;['pressure', 'precipitation']
2026-01-22 18:00:00;4775.92139845972;5675.33575;['pressure', 'precipitation']
2026-01-22 19:00:00;5179.3969219426235;5423.83425;['pressure', 'precipitation']
2026-01-22 20:00:00;4313.167571197766;5436.4;['pressure', 'precipitation']
2026-01-22 21:00:00;4074.284880751986;3945.58875;['pressure', 'precipitation']
2026-01-22 22:00:00;4123.564485465704;3972.6965;['pressure', 'precipitation']
2026-01-22 23:00:00;3658.0330484685255;2663.9855;['pressure', 'precipitation']
2026-01-23 00:00:00;3653.079083724074;3361.307;['pressure', 'precipitation']
2026-01-23 01:00:00;3626.241209208629;3379.777;['pressure', 'precipitation']
2026-01-23 02:00:00;3726.290709004675;3830.91175;['pressure', 'precipitation']
2026-01-23 03:00:00;3466.32769374633;3616.4825;['pressure', 'precipitation']
2026-01-23 04:00:00;3599.814809680503;3049.29125;['pressure', 'precipitation']
2026-01-23 05:00:00;3371.9969791511826;3813.81625;['pressure', 'precipitation']
2026-01-23 06:00:00;3639.8130381195633;2841.50725;['pressure', 'precipitation']
2026-01-23 07:00:00;3946.333828916838;3103.87025;['pressure', 'precipitation']
2026-01-23 08:00:00;4049.0650223939356;769.03125;['pressure', 'precipitation']
2026-01-23 09:00:00;3152.6540162884767;1197.06775;['pressure', 'precipitation']
2026-01-23 10:00:00;3243.3732716817594;2176.22575;['pressure', 'precipitation']
2026-01-23 11:00:00;2093.6630548858134;2017.9665;['pressure', 'precipitation']
2026-01-23 12:00:00;2818.2191436512558;3823.25725;['pressure', 'precipitation']
2026-01-23 13:00:00;3686.7625510778703;2267.88875;['pressure', 'precipitation']
2026-01-23 14:00:00;3554.3802998862543;3227.23325;['pressure', 'precipitation']
2026-01-23 15:00:00;3241.83947862032;2640.10975;['pressure', 'precipitation']
2026-01-23 16:00:00;4618.747758704041;4200.918250000001;['pressure', 'precipitation']
2026-01-23 17:00:00;4546.597075593603;4261.9315;['pressure', 'precipitation']
2026-01-23 18:00:00;4600.012199769584;3950.993750000001;['pressure', 'precipitation']
2026-01-23 19:00:00;3733.0241832326565;3119.8;['pressure', 'precipitation']
2026-01-23 20:00:00;4291.7773217925205;3737.94975;['pressure', 'precipitation']
2026-01-23 21:00:00;4068.8409739106264;3837.417;['pressure', 'precipitation']
2026-01-23 22:00:00;4098.7506866528765;3223.48975;['pressure', 'precipitation']
2026-01-23 23:00:00;3379.124167652808;2826.59125;['pressure', 'precipitation']
2026-01-24 00:00:00;3376.3151793943703;2617.28325;['pressure', 'precipitation']
2026-01-24 01:00:00;3168.860119816893;3046.392;['pressure', 'precipitation']
2026-01-24 02:00:00;3336.060830339822;3411.9126666666666;['pressure', 'precipitation']
2026-01-24 03:00:00;3108.037219183815;2343.45825;['pressure', 'precipitation']
2026-01-24 04:00:00;3019.281278578888;2843.999;['pressure', 'precipitation']
2026-01-24 05:00:00;3179.6001739062963;2873.38325;['pressure', 'precipitation']
2026-01-24 06:00:00;2814.529083483432;2907.02775;['pressure', 'precipitation']
2026-01-24 07:00:00;3145.364698178408;2334.60825;['pressure', 'precipitation']
2026-01-24 08:00:00;3190.6994914445877;2823.44275;['pressure', 'precipitation']
2026-01-24 09:00:00;1820.2917479057762;2442.53925;['pressure', 'precipitation']
2026-01-24 10:00:00;2446.8756033645873;2516.7375;['pressure', 'precipitation']
2026-01-24 11:00:00;2251.426334395716;3611.406;['pressure', 'precipitation']
2026-01-24 12:00:00;2979.0329833813;4243.43825;['pressure', 'precipitation']
2026-01-24 13:00:00;2628.582421588647;2192.474;['pressure', 'precipitation']
2026-01-24 14:00:00;3109.0715778337085;3156.505;['pressure', 'precipitation']
2026-01-24 15:00:00;2686.408727249698;2829.875;['pressure', 'precipitation']
2026-01-24 16:00:00;3520.7493037637314;4099.4695;['pressure', 'precipitation']
2026-01-24 17:00:00;3824.496909339949;5198.8237500000005;['pressure', 'precipitation']
2026-01-24 18:00:00;4349.913837526843;4884.75125;['pressure', 'precipitation']
2026-01-24 19:00:00;3443.245357750209;2075.6825;['pressure', 'precipitation']
2026-01-24 20:00:00;3651.6872372231046;4323.9585;['pressure', 'precipitation']
2026-01-24 21:00:00;3528.202183744877;3607.17925;['pressure', 'precipitation']
2026-01-24 22:00:00;3272.4226335425947;3738.1285;['pressure', 'precipitation']
2026-01-24 23:00:00;2718.1263058349464;3432.4435;['pressure', 'precipitation']
2026-01-25 00:00:00;3294.7113982162705;3474.86325;['pressure', 'precipitation']
2026-01-25 01:00:00;3225.0985777211063;3669.751;['pressure', 'precipitation']
2026-01-25 02:00:00;3393.7548677644777;4048.164;['pressure', 'precipitation']
2026-01-25 03:00:00;2907.6624250501395;2848.222;['pressure', 'precipitation']
2026-01-25 04:00:00;3070.3739929435064;2863.81;['pressure', 'precipitation']
2026-01-25 05:00:00;2994.965772857456;3194.791;['pressure', 'precipitation']
2026-01-25 06:00:00;3033.9490223687203;3292.455;['pressure', 'precipitation']
2026-01-25 07:00:00;2942.918471403906;2925.93075;['pressure', 'precipitation']
2026-01-25 08:00:00;3334.009633025998;2567.88425;['pressure', 'precipitation']
2026-01-25 09:00:00;2748.281692272161;2779.9095;['pressure', 'precipitation']
2026-01-25 10:00:00;2667.2258072034606;4691.433;['pressure', 'precipitation']
2026-01-25 11:00:00;2951.45926328281;4666.953;['pressure', 'precipitation']
2026-01-25 12:00:00;3403.5036773891507;4243.43825;['pressure', 'precipitation']
2026-01-25 13:00:00;2638.0689950764627;2192.474;['pressure', 'precipitation']
2026-01-25 14:00:00;3211.0775001896727;3354.488666666666;['pressure', 'precipitation']
2026-01-25 15:00:00;3061.465050925107;2592.30825;['pressure', 'precipitation']
2026-01-25 16:00:00;3962.1574086193264;2440.2725;['pressure', 'precipitation']
2026-01-25 17:00:00;4241.219036307897;4202.912;['pressure', 'precipitation']
2026-01-25 18:00:00;4620.953708974475;1737.12275;['pressure', 'precipitation']
2026-01-25 19:00:00;3426.1139915376575;958.94425;['pressure', 'precipitation']
2026-01-25 20:00:00;4064.323959743004;3723.2195;['pressure', 'precipitation']
2026-01-25 21:00:00;3691.677537044694;2804.4895;['pressure', 'precipitation']
2026-01-25 22:00:00;3829.3852316315892;3094.9155;['pressure', 'precipitation']
2026-01-25 23:00:00;3272.63930136794;2390.568;['pressure', 'precipitation']
2026-01-26 00:00:00;2910.0357092913055;3275.88325;['pressure', 'precipitation']
2026-01-26 01:00:00;3064.37457937289;2851.27575;['pressure', 'precipitation']
2026-01-26 02:00:00;3219.611652378217;2314.45425;['pressure', 'precipitation']
2026-01-26 03:00:00;2701.687094693809;2804.119;['pressure', 'precipitation']
2026-01-26 04:00:00;4220.372160473851;1930.60775;['pressure', 'precipitation']
2026-01-26 05:00:00;4291.937833571068;2723.21625;['pressure', 'precipitation']
2026-01-26 06:00:00;2915.058137312714;2888.58725;['pressure', 'precipitation']
2026-01-26 07:00:00;2826.422037610616;2713.859;['pressure', 'precipitation']
2026-01-26 08:00:00;2596.3781227471222;4417.67925;['pressure', 'precipitation']
2026-01-26 09:00:00;2559.552468849112;3356.1275;['pressure', 'precipitation']
2026-01-26 10:00:00;3344.877188087884;3438.948;['pressure', 'precipitation']
2026-01-26 11:00:00;3207.8944441313247;3563.75175;['pressure', 'precipitation']
2026-01-26 12:00:00;3281.816168764328;2427.02325;['pressure', 'precipitation']
2026-01-26 13:00:00;2433.4396287325553;2582.1835;['pressure', 'precipitation']
2026-01-26 14:00:00;3137.484738559091;2928.6145;['pressure', 'precipitation']
2026-01-26 15:00:00;2653.415246245849;3789.735;['pressure', 'precipitation']
2026-01-26 16:00:00;2787.254945807753;4572.9445;['pressure', 'precipitation']
2026-01-26 17:00:00;3497.578504701717;5266.107;['pressure', 'precipitation']
2026-01-26 18:00:00;3000.703893069086;4283.08325;['pressure', 'precipitation']
2026-01-26 19:00:00;2044.6797268155815;2424.01675;['pressure', 'precipitation']
2026-01-26 20:00:00;3627.650973526995;4279.203;['pressure', 'precipitation']
2026-01-26 21:00:00;3201.9611963098887;3742.166;['pressure', 'precipitation']
2026-01-26 22:00:00;3148.475630811262;4314.9745;['pressure', 'precipitation']
2026-01-26 23:00:00;2357.155738016766;2969.2475;['pressure', 'precipitation']
2026-01-27 00:00:00;3415.2668459608667;2830.22625;['pressure', 'precipitation']
2026-01-27 01:00:00;3134.7371212736452;2744.937;['pressure', 'precipitation']
2026-01-27 02:00:00;3206.275202697263;3257.3167500000004;['pressure', 'precipitation']
2026-01-27 03:00:00;2943.950532784325;2912.7870000000003;['pressure', 'precipitation']
2026-01-27 04:00:00;3149.702136731449;2666.22525;['pressure', 'precipitation']
2026-01-27 05:00:00;3013.3703161167405;2944.02975;['pressure', 'precipitation']
2026-01-27 06:00:00;3122.7456024018484;3157.67;['pressure', 'precipitation']
2026-01-27 07:00:00;3034.484240337952;4838.0755;['pressure', 'precipitation']
2026-01-27 08:00:00;3617.1783802243144;4393.29025;['pressure', 'precipitation']
2026-01-27 09:00:00;3033.7503250079294;5051.76225;['pressure', 'precipitation']
2026-01-27 10:00:00;3257.999415842949;2729.127;['pressure', 'precipitation']
2026-01-27 11:00:00;3417.021177357223;5356.0235;['pressure', 'precipitation']
2026-01-27 12:00:00;3060.7172205726956;4141.3775000000005;['pressure', 'precipitation']
2026-01-27 13:00:00;2558.4769206431365;5016.7125;['pressure', 'precipitation']
2026-01-27 14:00:00;3247.2041199670894;4572.88175;['pressure', 'precipitation']
2026-01-27 15:00:00;3418.249254422418;5905.1945;['pressure', 'precipitation']
2026-01-27 16:00:00;3920.1460114072875;3749.44675;['pressure', 'precipitation']
2026-01-27 17:00:00;4132.491523132773;4949.617;['pressure', 'precipitation']
2026-01-27 18:00:00;4363.264438374013;4155.69975;['pressure', 'precipitation']
2026-01-27 19:00:00;3555.8185215554345;2501.7875;['pressure', 'precipitation']
2026-01-27 20:00:00;4166.590958238645;4555.15975;['pressure', 'precipitation']
2026-01-27 21:00:00;3767.9782217912525;4213.807;['pressure', 'precipitation']
2026-01-27 22:00:00;3985.243827327404;3972.591;['pressure', 'precipitation']
2026-01-27 23:00:00;3224.754853062628;2477.69175;['pressure', 'precipitation']
2026-01-28 00:00:00;3117.3182781212063;2930.86175;['pressure', 'precipitation']
2026-01-28 01:00:00;3396.1443553470763;2799.0625;['pressure', 'precipitation']
2026-01-28 02:00:00;3625.9343716584044;2599.72025;['pressure', 'precipitation']
2026-01-28 03:00:00;3262.769217381475;2659.1175000000003;['pressure', 'precipitation']
2026-01-28 04:00:00;3412.558922650755;2997.5885;['pressure', 'precipitation']
2026-01-28 05:00:00;3408.467603592414;3240.1315;['pressure', 'precipitation']
2026-01-28 06:00:00;3501.3698358156416;3348.08375;['pressure', 'precipitation']
2026-01-28 07:00:00;4111.675476490456;2768.882;['pressure', 'precipitation']
2026-01-28 08:00:00;3832.7473630402446;3758.438;['pressure', 'precipitation']
2026-01-28 09:00:00;4213.732263727565;4153.29825;['pressure', 'precipitation']
2026-01-28 10:00:00;3539.085414288509;3485.40875;['pressure', 'precipitation']
2026-01-28 11:00:00;3846.5749536599897;2457.739;['pressure', 'precipitation']
2026-01-28 12:00:00;3763.764220443376;2199.971;['pressure', 'precipitation']
2026-01-28 13:00:00;4152.385262238939;2714.47975;['pressure', 'precipitation']
2026-01-28 14:00:00;4068.9695252871197;2314.87675;['pressure', 'precipitation']
2026-01-28 15:00:00;3865.6754401230746;2226.03375;['pressure', 'precipitation']
2026-01-28 16:00:00;4130.909044201433;2161.29975;['pressure', 'precipitation']
2026-01-28 17:00:00;4570.6108397667385;4241.76125;['pressure', 'precipitation']
2026-01-28 18:00:00;4238.262358653507;4462.1295;['pressure', 'precipitation']
2026-01-28 19:00:00;3297.3118970929313;3273.2575;['pressure', 'precipitation']
2026-01-28 20:00:00;4712.487210182862;4066.16375;['pressure', 'precipitation']
2026-01-28 21:00:00;4252.800424406413;3350.293;['pressure', 'precipitation']
2026-01-28 22:00:00;4143.160455130071;3015.4385;['pressure', 'precipitation']
2026-01-28 23:00:00;3320.265819365442;2959.08775;['pressure', 'precipitation']
2026-01-29 00:00:00;3130.9735262525323;3130.11525;['pressure', 'precipitation']
2026-01-29 01:00:00;2912.101755346661;2990.9015;['pressure', 'precipitation']
2026-01-29 02:00:00;3253.3730380870097;3271.22725;['pressure', 'precipitation']
2026-01-29 03:00:00;3130.058611638386;3629.855;['pressure', 'precipitation']
2026-01-29 04:00:00;2793.668276751466;2829.71625;['pressure', 'precipitation']
2026-01-29 05:00:00;2958.6086703099236;3074.8425;['pressure', 'precipitation']
2026-01-29 06:00:00;3050.7383814817895;2983.11375;['pressure', 'precipitation']
2026-01-29 07:00:00;2883.5395676824473;2818.86525;['pressure', 'precipitation']
2026-01-29 08:00:00;3375.322540349589;2361.08125;['pressure', 'precipitation']
2026-01-29 09:00:00;3386.427784648644;3292.206;['pressure', 'precipitation']
2026-01-29 10:00:00;3047.8520627585294;3860.7405;['pressure', 'precipitation']
2026-01-29 11:00:00;2888.9629453354537;4322.213;['pressure', 'precipitation']
2026-01-29 12:00:00;2818.1737706536987;3233.9055;['pressure', 'precipitation']
2026-01-29 13:00:00;2839.6811384023686;3161.515;['pressure', 'precipitation']
2026-01-29 14:00:00;2907.4236762199625;3518.00425;['pressure', 'precipitation']
2026-01-29 15:00:00;2890.4204718401384;3397.26675;['pressure', 'precipitation']
2026-01-29 16:00:00;3185.834101854927;3804.59875;['pressure', 'precipitation']
2026-01-29 17:00:00;4168.921942636561;3048.346;['pressure', 'precipitation']
2026-01-29 18:00:00;4113.231613043316;3831.81075;['pressure', 'precipitation']
2026-01-29 19:00:00;2964.5199914613067;4592.51725;['pressure', 'precipitation']
2026-01-29 20:00:00;3896.320330830927;3198.797;['pressure', 'precipitation']
2026-01-29 21:00:00;3287.4733175878355;3905.9085;['pressure', 'precipitation']
2026-01-29 22:00:00;3167.9892150042224;2584.36575;['pressure', 'precipitation']
2026-01-29 23:00:00;2773.223740730906;2977.50875;['pressure', 'precipitation']
2026-01-30 00:00:00;3129.872344573774;2930.24125;['pressure', 'precipitation']
2026-01-30 01:00:00;3040.5966120878506;3045.52575;['pressure', 'precipitation']
2026-01-30 02:00:00;3448.5995846776163;3382.778;['pressure', 'precipitation']
2026-01-30 03:00:00;3123.287616649527;2108.5750000000003;['pressure', 'precipitation']
2026-01-30 04:00:00;3015.9481094644975;2711.36825;['pressure', 'precipitation']
2026-01-30 05:00:00;3061.9667654122654;2823.3405;['pressure', 'precipitation']
2026-01-30 06:00:00;3109.487129218678;2810.056;['pressure', 'precipitation']
2026-01-30 07:00:00;3279.045337513014;2569.47575;['pressure', 'precipitation']
2026-01-30 08:00:00;2892.067615277707;3011.00925;['pressure', 'precipitation']
2026-01-30 09:00:00;3376.794847850314;3970.83225;['pressure', 'precipitation']
2026-01-30 10:00:00;3537.7955983540746;4316.86625;['pressure', 'precipitation']
2026-01-30 11:00:00;3474.807240015144;3255.9585;['pressure', 'precipitation']
2026-01-30 12:00:00;3125.6600006712783;3856.16275;['pressure', 'precipitation']
2026-01-30 13:00:00;3112.5149285662555;5804.923;['pressure', 'precipitation']
2026-01-30 14:00:00;3488.8351644683175;3518.00425;['pressure', 'precipitation']
2026-01-30 15:00:00;3420.2929255410304;3397.26675;['pressure', 'precipitation']
2026-01-30 16:00:00;3642.9486659771906;2872.316;['pressure', 'precipitation']
2026-01-30 17:00:00;3406.774582172473;4624.5915;['pressure', 'precipitation']
2026-01-30 18:00:00;3839.969868403547;3331.67425;['pressure', 'precipitation']
2026-01-30 19:00:00;3507.927767469165;2540.943;['pressure', 'precipitation']
2026-01-30 20:00:00;3555.4163216573666;3665.77125;['pressure', 'precipitation']
2026-01-30 21:00:00;3748.247018212011;2802.63575;['pressure', 'precipitation']
2026-01-30 22:00:00;3438.4007827836635;3011.39175;['pressure', 'precipitation']
2026-01-30 23:00:00;3040.9117365097427;2593.54575;['pressure', 'precipitation']
2026-01-31 00:00:00;2946.7785429867863;3173.0025;['pressure', 'precipitation']
2026-01-31 01:00:00;2975.7683780929688;3842.7335;['pressure', 'precipitation']
2026-01-31 02:00:00;3195.954683995304;3099.48925;['pressure', 'precipitation']
2026-01-31 03:00:00;2862.081956528817;3333.14125;['pressure', 'precipitation']
2026-01-31 04:00:00;3021.2412559888676;2831.7290000000003;['pressure', 'precipitation']
2026-01-31 05:00:00;2893.6766587718125;2721.9165000000003;['pressure', 'precipitation']
2026-01-31 06:00:00;2956.492766742146;3373.83025;['pressure', 'precipitation']
2026-01-31 07:00:00;2891.71901329408;3361.293;['pressure', 'precipitation']
2026-01-31 08:00:00;3107.9144169639717;3424.02625;['pressure', 'precipitation']
2026-01-31 09:00:00;3350.171645882573;3892.46575;['pressure', 'precipitation']
2026-01-31 10:00:00;3437.281353068356;4093.56525;['pressure', 'precipitation']
2026-01-31 11:00:00;3024.144520311032;3468.38725;['pressure', 'precipitation']
2026-01-31 12:00:00;3236.1908263474297;3645.032;['pressure', 'precipitation']
2026-01-31 13:00:00;3976.0046013363253;3006.9835;['pressure', 'precipitation']
2026-01-31 14:00:00;3553.3217969713046;3079.298;['pressure', 'precipitation']
2026-01-31 15:00:00;3305.6597799339897;3843.243;['pressure', 'precipitation']
2026-01-31 16:00:00;3189.608436425932;2761.37025;['pressure', 'precipitation']
2026-01-31 17:00:00;4321.301565173759;2594.62925;['pressure', 'precipitation']
2026-01-31 18:00:00;3726.3714039361557;5439.38975;['pressure', 'precipitation']
2026-01-31 19:00:00;3159.901479699383;4224.091;['pressure', 'precipitation']
2026-01-31 20:00:00;3714.1589338665503;3178.35475;['pressure', 'precipitation']
2026-01-31 21:00:00;3311.972450344081;4102.47225;['pressure', 'precipitation']
2026-01-31 22:00:00;3353.6548281115365;4452.82625;['pressure', 'precipitation']
2026-01-31 23:00:00;2879.1060122980675;1587.8345;['pressure', 'precipitation']
2026-02-01 00:00:00;2815.058289775296;1227.2925;['pressure', 'precipitation']
2026-02-01 01:00:00;3081.42683859057;986.55825;['pressure', 'precipitation']
2026-02-01 02:00:00;3121.3382720906293;523.318;['pressure', 'precipitation']
2026-02-01 03:00:00;2941.861245602369;419.4962499999999;['pressure', 'precipitation']
2026-02-01 04:00:00;2962.8378389106024;809.1597499999999;['pressure', 'precipitation']
2026-02-01 05:00:00;2904.2338355920924;879.83475;['pressure', 'precipitation']
2026-02-01 06:00:00;3324.333208515839;644.55125;['pressure', 'precipitation']
2026-02-01 07:00:00;3330.878484277745;2779.7565000000004;['pressure', 'precipitation']
2026-02-01 08:00:00;3351.8893384860476;4242.7392500000005;['pressure', 'precipitation']
2026-02-01 09:00:00;3539.3576193890353;4539.58225;['pressure', 'precipitation']
2026-02-01 10:00:00;3397.2285313068746;3902.5285;['pressure', 'precipitation']
2026-02-01 11:00:00;3221.725428877365;3690.70825;['pressure', 'precipitation']
2026-02-01 12:00:00;3154.1471347505126;3770.9095;['pressure', 'precipitation']
2026-02-01 13:00:00;3314.949589111026;3929.826;['pressure', 'precipitation']
2026-02-01 14:00:00;3211.3169369974044;2997.2215;['pressure', 'precipitation']
2026-02-01 15:00:00;3585.927832106117;3139.48325;['pressure', 'precipitation']
2026-02-01 16:00:00;3314.9508661531386;4010.29575;['pressure', 'precipitation']
2026-02-01 17:00:00;3558.0540354891064;3188.33075;['pressure', 'precipitation']
2026-02-01 18:00:00;4250.285568290436;4498.370000000001;['pressure', 'precipitation']
2026-02-01 19:00:00;3754.4176833370852;5959.908;['pressure', 'precipitation']
2026-02-01 20:00:00;3708.8858093789295;2655.0615;['pressure', 'precipitation']
2026-02-01 21:00:00;3803.272711239398;4070.45725;['pressure', 'precipitation']
2026-02-01 22:00:00;3930.2710529259602;3704.6875;['pressure', 'precipitation']
2026-02-01 23:00:00;2750.117558538597;4307.6215;['pressure', 'precipitation']
2026-02-02 00:00:00;3339.728248486678;4194.2355;['pressure', 'precipitation']
2026-02-02 01:00:00;3218.078926423902;3838.329;['pressure', 'precipitation']
2026-02-02 02:00:00;3115.6610745214743;3883.407;['pressure', 'precipitation']
2026-02-02 03:00:00;2608.801315337351;2908.932;['pressure', 'precipitation']
2026-02-02 04:00:00;2908.239191852856;3679.78875;['pressure', 'precipitation']
2026-02-02 05:00:00;2616.208168582795;2860.6365;['pressure', 'precipitation']
2026-02-02 06:00:00;2686.8558745664513;3718.30325;['pressure', 'precipitation']
2026-02-02 07:00:00;3065.9578355796407;4196.75575;['pressure', 'precipitation']
2026-02-02 08:00:00;3415.284005211335;3431.86475;['pressure', 'precipitation']
2026-02-02 09:00:00;3493.105163055849;3188.44575;['pressure', 'precipitation']
2026-02-02 10:00:00;3288.190429483733;3551.37525;['pressure', 'precipitation']
2026-02-02 11:00:00;3221.1404516087296;3092.7580000000003;['pressure', 'precipitation']
2026-02-02 12:00:00;3436.4296043596623;2944.382;['pressure', 'precipitation']
2026-02-02 13:00:00;3428.6023892987096;3419.67125;['pressure', 'precipitation']
2026-02-02 14:00:00;3174.9077915556363;2483.34625;['pressure', 'precipitation']
2026-02-02 15:00:00;3171.3299697534235;3997.7985;['pressure', 'precipitation']
2026-02-02 16:00:00;3457.425289662564;3957.9355;['pressure', 'precipitation']
2026-02-02 17:00:00;3948.5951957788475;6156.93275;['pressure', 'precipitation']
2026-02-02 18:00:00;3961.6219138504775;5374.7855;['pressure', 'precipitation']
2026-02-02 19:00:00;4627.790694804381;4602.8735;['pressure', 'precipitation']
2026-02-02 20:00:00;3352.675075174684;4762.261;['pressure', 'precipitation']
2026-02-02 21:00:00;3655.99553641023;2763.79025;['pressure', 'precipitation']
2026-02-02 22:00:00;3312.3127392532997;3169.481;['pressure', 'precipitation']
2026-02-02 23:00:00;3114.545194950336;2885.26125;['pressure', 'precipitation']
2026-02-03 00:00:00;3119.250370877279;3208.07325;['pressure', 'precipitation']
2026-02-03 01:00:00;3015.3562304747547;2903.31075;['pressure', 'precipitation']
2026-02-03 02:00:00;3239.783396059577;2636.27025;['pressure', 'precipitation']
2026-02-03 03:00:00;2727.3745506905407;3501.708;['pressure', 'precipitation']
2026-02-03 04:00:00;3123.499638077116;3136.13775;['pressure', 'precipitation']
2026-02-03 05:00:00;2779.581266294278;3059.192;['pressure', 'precipitation']
2026-02-03 06:00:00;3326.079075831942;3381.67525;['pressure', 'precipitation']
2026-02-03 07:00:00;3381.3020312400954;2936.9875;['pressure', 'precipitation']
2026-02-03 08:00:00;3305.66846455438;2881.34175;['pressure', 'precipitation']
2026-02-03 09:00:00;3614.574368949752;3689.56575;['pressure', 'precipitation']
2026-02-03 10:00:00;3613.8786250386174;4700.9365;['pressure', 'precipitation']
2026-02-03 11:00:00;3545.6203115900157;4837.66625;['pressure', 'precipitation']
2026-02-03 12:00:00;3122.946760569803;3223.52525;['pressure', 'precipitation']
2026-02-03 13:00:00;3683.1380704551348;3071.254;['pressure', 'precipitation']
2026-02-03 14:00:00;3236.864297609743;4405.00475;['pressure', 'precipitation']
2026-02-03 15:00:00;3305.5614665198145;3237.20825;['pressure', 'precipitation']
2026-02-03 16:00:00;3330.962205236939;4089.68875;['pressure', 'precipitation']
2026-02-03 17:00:00;4432.291728657754;5304.03325;['pressure', 'precipitation']
2026-02-03 18:00:00;4425.820757567769;5559.15675;['pressure', 'precipitation']
2026-02-03 19:00:00;4567.020736818208;3708.947;['pressure', 'precipitation']
2026-02-03 20:00:00;3948.3060165112356;3665.57175;['pressure', 'precipitation']
2026-02-03 21:00:00;3517.112671634826;3451.28325;['pressure', 'precipitation']
2026-02-03 22:00:00;3586.4503570640854;3417.2;['pressure', 'precipitation']
2026-02-03 23:00:00;3165.7299234961006;4015.31775;['pressure', 'precipitation']
2026-02-04 00:00:00;3704.592953130916;3004.00075;['pressure', 'precipitation']
2026-02-04 01:00:00;3547.022184519273;3396.32175;['pressure', 'precipitation']
2026-02-04 02:00:00;3434.653735603694;3114.4585;['pressure', 'precipitation']
2026-02-04 03:00:00;3354.6081334517385;2805.3185;['pressure', 'precipitation']
2026-02-04 04:00:00;3303.98862250218;2795.15475;['pressure', 'precipitation']
2026-02-04 05:00:00;2994.599994125971;2969.17225;['pressure', 'precipitation']
2026-02-04 06:00:00;3211.6279100486404;3460.06175;['pressure', 'precipitation']
2026-02-04 07:00:00;3864.3393764923594;3189.5730000000003;['pressure', 'precipitation']
2026-02-04 08:00:00;3341.608576471325;3796.666;['pressure', 'precipitation']
2026-02-04 09:00:00;3415.8334184679793;3479.20375;['pressure', 'precipitation']
2026-02-04 10:00:00;3470.175185191687;4332.7065;['pressure', 'precipitation']
2026-02-04 11:00:00;3658.651431594373;2879.26525;['pressure', 'precipitation']
2026-02-04 12:00:00;3566.689650364138;2504.1825;['pressure', 'precipitation']
2026-02-04 13:00:00;3425.381145841843;2285.1665;['pressure', 'precipitation']
2026-02-04 14:00:00;3694.09135192968;1426.6965;['pressure', 'precipitation']
2026-02-04 15:00:00;4068.5046472065696;1973.97525;['pressure', 'precipitation']
2026-02-04 16:00:00;4100.950537544758;3078.4485;['pressure', 'precipitation']
2026-02-04 17:00:00;4339.4035694427075;3131.75175;['pressure', 'precipitation']
2026-02-04 18:00:00;4558.18992003829;3145.325;['pressure', 'precipitation']
2026-02-04 19:00:00;3501.326396734456;2937.0585;['pressure', 'precipitation']
2026-02-04 20:00:00;3784.039519506672;2372.80775;['pressure', 'precipitation']
2026-02-04 21:00:00;3743.6496872590433;2626.7202500000003;['pressure', 'precipitation']
2026-02-04 22:00:00;3836.9192863349813;3097.12075;['pressure', 'precipitation']
2026-02-04 23:00:00;3542.880744577623;2309.46375;['pressure', 'precipitation']
2026-02-05 00:00:00;2702.2764315836866;2383.21975;['pressure', 'precipitation']
2026-02-05 01:00:00;2832.2631799524315;2960.2615;['pressure', 'precipitation']
2026-02-05 02:00:00;2764.1685218153575;2172.40875;['pressure', 'precipitation']
2026-02-05 03:00:00;2635.5454811779805;2315.36425;['pressure', 'precipitation']
2026-02-05 04:00:00;2827.7984200774736;2231.8865;['pressure', 'precipitation']
2026-02-05 05:00:00;2870.700458166466;2299.616;['pressure', 'precipitation']
2026-02-05 06:00:00;3065.7177792720645;2751.74825;['pressure', 'precipitation']
2026-02-05 07:00:00;3200.691885861351;2285.11125;['pressure', 'precipitation']
2026-02-05 08:00:00;3476.674791406471;2690.5555;['pressure', 'precipitation']
2026-02-05 09:00:00;3200.147480761062;2209.523;['pressure', 'precipitation']
2026-02-05 10:00:00;3572.429378222191;2035.103;['pressure', 'precipitation']
2026-02-05 11:00:00;2952.3944214743597;3871.413;['pressure', 'precipitation']
2026-02-05 12:00:00;2999.0407394226895;2481.76625;['pressure', 'precipitation']
2026-02-05 13:00:00;2798.0911417418283;2475.083;['pressure', 'precipitation']
2026-02-05 14:00:00;2833.249402862243;2266.7945;['pressure', 'precipitation']
2026-02-05 15:00:00;2966.4894233584932;3025.16625;['pressure', 'precipitation']
2026-02-05 16:00:00;3597.1094281854516;3120.888;['pressure', 'precipitation']
2026-02-05 17:00:00;4139.60697976915;5058.1865;['pressure', 'precipitation']
2026-02-05 18:00:00;4018.5350846283955;4388.71075;['pressure', 'precipitation']
2026-02-05 19:00:00;3912.0110009239265;2322.8345;['pressure', 'precipitation']
2026-02-05 20:00:00;3783.170705069121;2892.934;['pressure', 'precipitation']
2026-02-05 21:00:00;3638.8392027158216;2691.11;['pressure', 'precipitation']
2026-02-05 22:00:00;3572.018244457655;2040.70725;['pressure', 'precipitation']
2026-02-05 23:00:00;2996.7308526987053;2318.614;['pressure', 'precipitation']
2026-02-06 00:00:00;2466.3921081641474;2417.388;['pressure', 'precipitation']
2026-02-06 01:00:00;2563.157287509838;3028.649;['pressure', 'precipitation']
2026-02-06 02:00:00;2549.4911116985295;2456.4425;['pressure', 'precipitation']
2026-02-06 03:00:00;2387.737061743199;1991.96825;['pressure', 'precipitation']
2026-02-06 04:00:00;2451.2015010132855;2168.60175;['pressure', 'precipitation']
2026-02-06 05:00:00;2475.1474968093275;2554.5777500000004;['pressure', 'precipitation']
2026-02-06 06:00:00;2697.3760962670985;2480.9035;['pressure', 'precipitation']
2026-02-06 07:00:00;2806.3448024000227;2516.1095;['pressure', 'precipitation']
2026-02-06 08:00:00;2975.414565384848;2358.27875;['pressure', 'precipitation']
2026-02-06 09:00:00;2939.084024665988;3043.82875;['pressure', 'precipitation']
2026-02-06 10:00:00;3079.282667039598;1863.571;['pressure', 'precipitation']
2026-02-06 11:00:00;2893.8780694325105;1953.389;['pressure', 'precipitation']
2026-02-06 12:00:00;3012.965460859534;2709.674;['pressure', 'precipitation']
2026-02-06 13:00:00;2734.851677177796;2834.37725;['pressure', 'precipitation']
2026-02-06 14:00:00;2520.2044445430874;3653.3685;['pressure', 'precipitation']
2026-02-06 15:00:00;2800.1420839117673;3025.16625;['pressure', 'precipitation']
2026-02-06 16:00:00;3299.1712025585603;3120.888;['pressure', 'precipitation']
2026-02-06 17:00:00;3767.0783334724956;5058.1865;['pressure', 'precipitation']
2026-02-06 18:00:00;4232.688682209071;4388.71075;['pressure', 'precipitation']
2026-02-06 19:00:00;3216.954379747842;2322.8345;['pressure', 'precipitation']
2026-02-06 20:00:00;3203.5594630222326;2892.934;['pressure', 'precipitation']
2026-02-06 21:00:00;3155.4761684754576;2691.11;['pressure', 'precipitation']
2026-02-06 22:00:00;3020.2293200971744;2040.70725;['pressure', 'precipitation']
2026-02-06 23:00:00;2380.5640695684315;2318.614;['pressure', 'precipitation']
2026-02-07 00:00:00;2385.7217279903343;2417.388;['pressure', 'precipitation']
2026-02-07 01:00:00;2472.506563088258;3028.649;['pressure', 'precipitation']
2026-02-07 02:00:00;2382.322072599954;2456.4425;['pressure', 'precipitation']
2026-02-07 03:00:00;2085.7669577573956;1991.96825;['pressure', 'precipitation']
2026-02-07 04:00:00;2224.9121678908386;2168.60175;['pressure', 'precipitation']
2026-02-07 05:00:00;2309.4565024535286;2554.5777500000004;['pressure', 'precipitation']
2026-02-07 06:00:00;2427.089811294725;2480.9035;['pressure', 'precipitation']
2026-02-07 07:00:00;2590.9199645815256;2516.1095;['pressure', 'precipitation']
2026-02-07 08:00:00;2684.5493617193397;2358.27875;['pressure', 'precipitation']
2026-02-07 09:00:00;2683.979052757347;3043.82875;['pressure', 'precipitation']
2026-02-07 10:00:00;2619.5489253551937;1863.571;['pressure', 'precipitation']
2026-02-07 11:00:00;2691.220615854463;1953.389;['pressure', 'precipitation']
2026-02-07 12:00:00;2588.2984487161348;2709.674;['pressure', 'precipitation']
2026-02-07 13:00:00;2630.6749322816386;2834.37725;['pressure', 'precipitation']
2026-02-07 14:00:00;2669.5448156350585;3653.3685;['pressure', 'precipitation']
2026-02-07 15:00:00;2698.0520072225363;2864.2456666666667;['pressure', 'precipitation']
2026-02-07 16:00:00;3138.254674404336;2075.1228333333333;['pressure', 'precipitation']
2026-02-07 17:00:00;4252.62208775338;1286.0;['pressure', 'precipitation']
2026-02-07 18:00:00;4003.734707491961;1953.83375;['pressure', 'precipitation']
2026-02-07 19:00:00;3015.18412120326;1765.97475;['pressure', 'precipitation']
2026-02-07 20:00:00;3205.276870794774;4467.39375;['pressure', 'precipitation']
2026-02-07 21:00:00;2987.0162993823033;4289.70725;['pressure', 'precipitation']
2026-02-07 22:00:00;3452.461756740583;2769.21075;['pressure', 'precipitation']
2026-02-07 23:00:00;2356.311963317852;2518.1585;['pressure', 'precipitation']
2026-02-08 00:00:00;2891.2090725245853;2938.06875;['pressure', 'precipitation']
2026-02-08 01:00:00;2908.8149265327474;2957.5335;['pressure', 'precipitation']
2026-02-08 02:00:00;2763.713251841296;1970.80175;['pressure', 'precipitation']
2026-02-08 03:00:00;2493.37069173077;2352.781;['pressure', 'precipitation']
2026-02-08 04:00:00;2533.1277553028335;2566.9445;['pressure', 'precipitation']
2026-02-08 05:00:00;2614.0730227353747;2694.618;['pressure', 'precipitation']
2026-02-08 06:00:00;2714.4794615001592;3327.3340000000003;['pressure', 'precipitation']
2026-02-08 07:00:00;2611.4368291842284;2645.92225;['pressure', 'precipitation']
2026-02-08 08:00:00;2709.131708586777;2682.03925;['pressure', 'precipitation']
2026-02-08 09:00:00;2895.5002696172496;2049.55625;['pressure', 'precipitation']
2026-02-08 10:00:00;2397.25045208718;3419.758;['pressure', 'precipitation']
2026-02-08 11:00:00;2358.702940403578;3716.1535;['pressure', 'precipitation']
2026-02-08 12:00:00;2643.3953548567956;3340.28175;['pressure', 'precipitation']
2026-02-08 13:00:00;2643.4303889925022;2959.019;['pressure', 'precipitation']
2026-02-08 14:00:00;2765.5064539202504;2486.248;['pressure', 'precipitation']
2026-02-08 15:00:00;2712.3928694620663;2433.7925;['pressure', 'precipitation']
2026-02-08 16:00:00;2807.4978248472726;3127.31125;['pressure', 'precipitation']
2026-02-08 17:00:00;3533.85570630532;2999.37275;['pressure', 'precipitation']
2026-02-08 18:00:00;3725.5270434881086;5183.34525;['pressure', 'precipitation']
2026-02-08 19:00:00;2520.9355309967896;3736.658;['pressure', 'precipitation']
2026-02-08 20:00:00;3326.3456594692148;2797.79775;['pressure', 'precipitation']
2026-02-08 21:00:00;3237.5585964424513;4569.61725;['pressure', 'precipitation']
2026-02-08 22:00:00;2673.0226293656474;3223.9255000000003;['pressure', 'precipitation']
2026-02-08 23:00:00;2234.180459948918;2572.21625;['pressure', 'precipitation']
2026-02-09 00:00:00;2785.924017649962;2426.5875;['pressure', 'precipitation']
2026-02-09 01:00:00;2699.8909833178154;2814.69075;['pressure', 'precipitation']
2026-02-09 02:00:00;2454.769142974269;2158.1762500000004;['pressure', 'precipitation']
2026-02-09 03:00:00;2153.430241327893;2665.0825;['pressure', 'precipitation']
2026-02-09 04:00:00;2561.283219299088;2046.7645;['pressure', 'precipitation']
2026-02-09 05:00:00;2497.355524718868;3459.894;['pressure', 'precipitation']
2026-02-09 06:00:00;2414.9193213401945;2796.855;['pressure', 'precipitation']
2026-02-09 07:00:00;2743.385613664911;2588.22925;['pressure', 'precipitation']
2026-02-09 08:00:00;2675.4029996724203;2782.715;['pressure', 'precipitation']
2026-02-09 09:00:00;2563.9531986295274;2941.144;['pressure', 'precipitation']
2026-02-09 10:00:00;2543.3470605895754;2378.2555;['pressure', 'precipitation']
2026-02-09 11:00:00;2856.540049000495;1645.005;['pressure', 'precipitation']
2026-02-09 12:00:00;2807.905241755437;2864.45375;['pressure', 'precipitation']
2026-02-09 13:00:00;2493.9607810135726;3099.12325;['pressure', 'precipitation']
2026-02-09 14:00:00;3064.837709512536;2231.92525;['pressure', 'precipitation']
2026-02-09 15:00:00;2901.13531209616;1882.14975;['pressure', 'precipitation']
2026-02-09 16:00:00;3048.123462053432;2290.892;['pressure', 'precipitation']
2026-02-09 17:00:00;4227.681764811632;3762.23375;['pressure', 'precipitation']
2026-02-09 18:00:00;4205.340960445174;3246.77025;['pressure', 'precipitation']
2026-02-09 19:00:00;3010.522889385542;3761.3245;['pressure', 'precipitation']
2026-02-09 20:00:00;3315.4903812530756;3345.93475;['pressure', 'precipitation']
2026-02-09 21:00:00;3134.1674864542065;3058.4565;['pressure', 'precipitation']
2026-02-09 22:00:00;3103.9112249219197;3274.3425;['pressure', 'precipitation']
2026-02-09 23:00:00;2458.265515554568;3204.72675;['pressure', 'precipitation']
2026-02-10 00:00:00;2942.015934767779;2312.257;['pressure', 'precipitation']
2026-02-10 01:00:00;2961.8042456564453;2445.75475;['pressure', 'precipitation']
2026-02-10 02:00:00;2578.8117663182384;2738.38875;['pressure', 'precipitation']
2026-02-10 03:00:00;2425.824971313007;2507.56425;['pressure', 'precipitation']
2026-02-10 04:00:00;2331.76924721811;2972.28575;['pressure', 'precipitation']
2026-02-10 05:00:00;2622.147550150844;2894.95425;['pressure', 'precipitation']
2026-02-10 06:00:00;2583.779276157804;3762.406;['pressure', 'precipitation']
2026-02-10 07:00:00;2733.381810408796;2580.2795;['pressure', 'precipitation']
2026-02-10 08:00:00;2835.7728484023282;4036.3455;['pressure', 'precipitation']
2026-02-10 09:00:00;2776.1935404732576;3671.19375;['pressure', 'precipitation']
2026-02-10 10:00:00;2865.248128422019;2416.94175;['pressure', 'precipitation']
2026-02-10 11:00:00;2552.2274418013103;2677.89175;['pressure', 'precipitation']
2026-02-10 12:00:00;2572.5213743651393;1806.73475;['pressure', 'precipitation']
2026-02-10 13:00:00;2754.8001142008634;3154.1665;['pressure', 'precipitation']
2026-02-10 14:00:00;2722.644744923715;2227.19575;['pressure', 'precipitation']
2026-02-10 15:00:00;2533.818833183408;2543.43525;['pressure', 'precipitation']
2026-02-10 16:00:00;2850.694566707569;2576.265;['pressure', 'precipitation']
2026-02-10 17:00:00;4006.0935805357494;5342.617;['pressure', 'precipitation']
2026-02-10 18:00:00;4412.658487364347;5926.32475;['pressure', 'precipitation']
2026-02-10 19:00:00;3002.017200277367;3875.02825;['pressure', 'precipitation']
2026-02-10 20:00:00;3522.388056170679;4273.53175;['pressure', 'precipitation']
2026-02-10 21:00:00;2878.9261728493602;2881.09475;['pressure', 'precipitation']
2026-02-10 22:00:00;2879.189419377747;2286.139;['pressure', 'precipitation']
2026-02-10 23:00:00;2514.405196658168;3057.192;['pressure', 'precipitation']
2026-02-11 00:00:00;2679.0924632413526;2366.50825;['pressure', 'precipitation']
2026-02-11 01:00:00;2776.317910532337;2711.8525;['pressure', 'precipitation']
2026-02-11 02:00:00;2614.0572869445245;2083.15775;['pressure', 'precipitation']
2026-02-11 03:00:00;2340.6853890186967;2465.2165000000005;['pressure', 'precipitation']
2026-02-11 04:00:00;2459.3494271725604;2897.0037500000003;['pressure', 'precipitation']
2026-02-11 05:00:00;2485.116410116661;2676.7915000000003;['pressure', 'precipitation']
2026-02-11 06:00:00;2690.822310014507;2365.58925;['pressure', 'precipitation']
2026-02-11 07:00:00;2649.0776701027607;3238.81225;['pressure', 'precipitation']
2026-02-11 08:00:00;2640.6381958554293;2706.17225;['pressure', 'precipitation']
2026-02-11 09:00:00;2867.2886438166192;3475.922;['pressure', 'precipitation']
2026-02-11 10:00:00;2714.4086835211574;2244.5915;['pressure', 'precipitation']
2026-02-11 11:00:00;2762.6710180966415;2952.637;['pressure', 'precipitation']
2026-02-11 12:00:00;2599.627094878261;1686.3925;['pressure', 'precipitation']
2026-02-11 13:00:00;2844.258077595688;3154.1665;['pressure', 'precipitation']
2026-02-11 14:00:00;2576.5812241729664;2227.19575;['pressure', 'precipitation']
2026-02-11 15:00:00;2657.540817234086;2543.43525;['pressure', 'precipitation']
2026-02-11 16:00:00;3118.742524449372;2576.265;['pressure', 'precipitation']
2026-02-11 17:00:00;3975.3962699963336;1333.5;['pressure', 'precipitation']
2026-02-11 18:00:00;4265.154856373328;3750.33275;['pressure', 'precipitation']
2026-02-11 19:00:00;3040.2018601140026;3982.69175;['pressure', 'precipitation']
2026-02-11 20:00:00;3532.6235116725657;3578.161;['pressure', 'precipitation']
2026-02-11 21:00:00;3031.9854394711965;2482.21025;['pressure', 'precipitation']
2026-02-11 22:00:00;2733.072328859079;2358.59375;['pressure', 'precipitation']
2026-02-11 23:00:00;2740.4365312529326;2322.409;['pressure', 'precipitation']
2026-02-12 00:00:00;2369.847396789043;2297.366;['pressure', 'precipitation']
2026-02-12 01:00:00;2533.3000360511396;2377.4665;['pressure', 'precipitation']
2026-02-12 02:00:00;2383.9741721763753;1861.1955;['pressure', 'precipitation']
2026-02-12 03:00:00;2283.87379380036;1835.98825;['pressure', 'precipitation']
2026-02-12 04:00:00;2344.840302866718;1987.42975;['pressure', 'precipitation']
2026-02-12 05:00:00;2497.2247554819264;2928.504;['pressure', 'precipitation']
2026-02-12 06:00:00;2549.2215272082285;2122.81;['pressure', 'precipitation']
2026-02-12 07:00:00;2704.2230240885197;2338.194;['pressure', 'precipitation']
2026-02-12 08:00:00;2818.0142433472683;1348.37875;['pressure', 'precipitation']
2026-02-12 09:00:00;2875.966903281148;928.61625;['pressure', 'precipitation']
2026-02-12 10:00:00;2639.802070178506;2329.8340000000003;['pressure', 'precipitation']
2026-02-12 11:00:00;2678.291044059042;1817.92825;['pressure', 'precipitation']
2026-02-12 12:00:00;2552.0531543846264;3735.537;['pressure', 'precipitation']
2026-02-12 13:00:00;2979.1056312291676;2596.203;['pressure', 'precipitation']
2026-02-12 14:00:00;2451.7844745314005;2194.61975;['pressure', 'precipitation']
2026-02-12 15:00:00;2597.31791625071;1834.60225;['pressure', 'precipitation']
2026-02-12 16:00:00;2900.5814335272553;2180.3565;['pressure', 'precipitation']
2026-02-12 17:00:00;3467.267452707769;3746.30075;['pressure', 'precipitation']
2026-02-12 18:00:00;3659.3786053556087;4982.87875;['pressure', 'precipitation']
2026-02-12 19:00:00;2661.41329728452;3386.71775;['pressure', 'precipitation']
2026-02-12 20:00:00;3375.7793882954074;3613.59775;['pressure', 'precipitation']
2026-02-12 21:00:00;3028.665022709642;3065.22725;['pressure', 'precipitation']
2026-02-12 22:00:00;2681.860370102099;2475.28875;['pressure', 'precipitation']
2026-02-12 23:00:00;2420.1961468727513;2045.159;['pressure', 'precipitation']
2026-02-13 00:00:00;2231.9376135621706;2855.48325;['pressure', 'precipitation']
2026-02-13 01:00:00;2283.233614953276;2102.1375;['pressure', 'precipitation']
2026-02-13 02:00:00;2513.234839410686;2721.5535;['pressure', 'precipitation']
2026-02-13 03:00:00;2127.8419083219737;2265.05425;['pressure', 'precipitation']
2026-02-13 04:00:00;2083.118510280958;2724.386;['pressure', 'precipitation']
2026-02-13 05:00:00;2321.942065263732;1950.27;['pressure', 'precipitation']
2026-02-13 06:00:00;2453.021613584262;2676.27525;['pressure', 'precipitation']
2026-02-13 07:00:00;2376.825613603275;1876.716;['pressure', 'precipitation']
2026-02-13 08:00:00;2720.857175273593;3155.0185;['pressure', 'precipitation']
2026-02-13 09:00:00;2413.935517886233;3419.00525;['pressure', 'precipitation']
2026-02-13 10:00:00;2557.148211707893;2633.61775;['pressure', 'precipitation']
2026-02-13 11:00:00;2539.3912480027525;3832.5985;['pressure', 'precipitation']
2026-02-13 12:00:00;2865.7524261300564;2113.4985;['pressure', 'precipitation']
2026-02-13 13:00:00;2600.722750860716;2406.8145;['pressure', 'precipitation']
2026-02-13 14:00:00;2415.4326933826533;2225.23925;['pressure', 'precipitation']
2026-02-13 15:00:00;2327.385025094831;2112.819;['pressure', 'precipitation']
2026-02-13 16:00:00;2672.5725702993077;2119.783;['pressure', 'precipitation']
2026-02-13 17:00:00;4554.965286338433;2762.934;['pressure', 'precipitation']
2026-02-13 18:00:00;3888.8802011321854;3519.851;['pressure', 'precipitation']
2026-02-13 19:00:00;2629.579126701747;3490.8465;['pressure', 'precipitation']
2026-02-13 20:00:00;3233.1023612676795;3538.6712499999994;['pressure', 'precipitation']
2026-02-13 21:00:00;2936.1389993400385;3449.1785;['pressure', 'precipitation']
2026-02-13 22:00:00;2622.4179177486117;2324.8065;['pressure', 'precipitation']
2026-02-13 23:00:00;2150.040676267158;3431.5795;['pressure', 'precipitation']
2026-02-14 00:00:00;2639.740946890903;2411.443;['pressure', 'precipitation']
2026-02-14 01:00:00;2679.4196427442835;2943.3845;['pressure', 'precipitation']
2026-02-14 02:00:00;2704.2532403146224;2579.4275;['pressure', 'precipitation']
2026-02-14 03:00:00;2573.4040235844705;2204.52425;['pressure', 'precipitation']
2026-02-14 04:00:00;2563.103673261975;2660.8965000000003;['pressure', 'precipitation']
2026-02-14 05:00:00;2332.948989894038;3597.15675;['pressure', 'precipitation']
2026-02-14 06:00:00;2784.8366213344825;2461.59075;['pressure', 'precipitation']
2026-02-14 07:00:00;2393.0996352906573;2936.82475;['pressure', 'precipitation']
2026-02-14 08:00:00;2892.5386281134306;2971.81825;['pressure', 'precipitation']
2026-02-14 09:00:00;2784.6477143708557;2900.61125;['pressure', 'precipitation']
2026-02-14 10:00:00;2816.4314565634995;2713.67975;['pressure', 'precipitation']
2026-02-14 11:00:00;3744.143508530195;2756.77525;['pressure', 'precipitation']
2026-02-14 12:00:00;2778.6892885901575;3727.64475;['pressure', 'precipitation']
2026-02-14 13:00:00;2824.297012860263;2757.3445;['pressure', 'precipitation']
2026-02-14 14:00:00;2522.80489321744;3371.52475;['pressure', 'precipitation']
2026-02-14 15:00:00;2766.2913683421775;3231.48225;['pressure', 'precipitation']
2026-02-14 16:00:00;3047.393853932288;4488.084;['pressure', 'precipitation']
2026-02-14 17:00:00;3705.768932523886;5352.45;['pressure', 'precipitation']
2026-02-14 18:00:00;3934.6596790544336;6210.828;['pressure', 'precipitation']
2026-02-14 19:00:00;3199.0909702684576;1903.77525;['pressure', 'precipitation']
2026-02-14 20:00:00;2972.634068751624;2630.102;['pressure', 'precipitation']
2026-02-14 21:00:00;2856.5349341305;4245.20475;['pressure', 'precipitation']
2026-02-14 22:00:00;2756.0576501867454;3723.198;['pressure', 'precipitation']
2026-02-14 23:00:00;2658.8639839934945;3729.623;['pressure', 'precipitation']
2026-02-15 00:00:00;3082.866950923673;3933.857;['pressure', 'precipitation']
2026-02-15 01:00:00;3223.510553015963;3709.625;['pressure', 'precipitation']
2026-02-15 02:00:00;3085.698236928261;3698.68875;['pressure', 'precipitation']
2026-02-15 03:00:00;2873.1151032319544;3668.341;['pressure', 'precipitation']
2026-02-15 04:00:00;2778.6712759794764;3783.91125;['pressure', 'precipitation']
2026-02-15 05:00:00;2861.6554316850666;3444.12875;['pressure', 'precipitation']
2026-02-15 06:00:00;2477.5311286947276;4090.44675;['pressure', 'precipitation']
2026-02-15 07:00:00;2999.376643872772;4660.0415;['pressure', 'precipitation']
2026-02-15 08:00:00;2955.3445895259874;3879.998;['pressure', 'precipitation']
2026-02-15 09:00:00;3110.6597672606867;4359.39175;['pressure', 'precipitation']
2026-02-15 10:00:00;2876.7427454342032;5136.501;['pressure', 'precipitation']
2026-02-15 11:00:00;2910.218234225731;4608.921;['pressure', 'precipitation']
2026-02-15 12:00:00;2621.2784420280977;3958.311;['pressure', 'precipitation']
2026-02-15 13:00:00;3162.1237811491465;2757.3445;['pressure', 'precipitation']
2026-02-15 14:00:00;3242.649125341497;3371.52475;['pressure', 'precipitation']
2026-02-15 15:00:00;3390.872492556641;3231.48225;['pressure', 'precipitation']
2026-02-15 16:00:00;3441.7269310206666;5022.667;['pressure', 'precipitation']
2026-02-15 17:00:00;3812.3750671037055;3789.986;['pressure', 'precipitation']
2026-02-15 18:00:00;4433.262321525394;1972.2715;['pressure', 'precipitation']
2026-02-15 19:00:00;2669.098607002401;1211.72575;['pressure', 'precipitation']
2026-02-15 20:00:00;3387.694703095307;2768.893;['pressure', 'precipitation']
2026-02-15 21:00:00;3159.946163870777;4284.85;['pressure', 'precipitation']
2026-02-15 22:00:00;3012.582894861149;3674.49175;['pressure', 'precipitation']
2026-02-15 23:00:00;2674.4668933740145;3857.04075;['pressure', 'precipitation']
2026-02-16 00:00:00;2812.1952335000005;4270.74175;['pressure', 'precipitation']
2026-02-16 01:00:00;3297.3045562943335;4172.0475;['pressure', 'precipitation']
2026-02-16 02:00:00;2866.660288677582;4192.84925;['pressure', 'precipitation']
2026-02-16 03:00:00;2902.0786969068326;4297.218;['pressure', 'precipitation']
2026-02-16 04:00:00;2742.8864570428605;3792.167;['pressure', 'precipitation']
2026-02-16 05:00:00;2859.2040860404827;3905.2105;['pressure', 'precipitation']
2026-02-16 06:00:00;3001.5823268199465;4322.625;['pressure', 'precipitation']
2026-02-16 07:00:00;3192.2840214386115;5897.072;['pressure', 'precipitation']
2026-02-16 08:00:00;3226.0616669140295;2816.22675;['pressure', 'precipitation']
2026-02-16 09:00:00;3622.5111817492534;3726.25825;['pressure', 'precipitation']
2026-02-16 10:00:00;3305.5909374061384;3709.35825;['pressure', 'precipitation']
2026-02-16 11:00:00;2924.101936506426;4097.0225;['pressure', 'precipitation']
2026-02-16 12:00:00;3286.385201628851;4383.431500000001;['pressure', 'precipitation']
2026-02-16 13:00:00;3385.0716910227843;3789.0565;['pressure', 'precipitation']
2026-02-16 14:00:00;2999.2568013101127;4607.666;['pressure', 'precipitation']
2026-02-16 15:00:00;3238.5914905063623;4367.22325;['pressure', 'precipitation']
2026-02-16 16:00:00;2625.357072988555;3437.96925;['pressure', 'precipitation']
2026-02-16 17:00:00;4508.802445404312;5117.6485;['pressure', 'precipitation']
2026-02-16 18:00:00;4416.998939348048;5031.2195;['pressure', 'precipitation']
2026-02-16 19:00:00;3483.938388459246;5013.32925;['pressure', 'precipitation']
2026-02-16 20:00:00;3827.5722307107044;3950.84225;['pressure', 'precipitation']
2026-02-16 21:00:00;3941.8842935054163;3260.27925;['pressure', 'precipitation']
2026-02-16 22:00:00;3077.673688878016;3727.6415;['pressure', 'precipitation']
2026-02-16 23:00:00;3140.132612393443;2914.66625;['pressure', 'precipitation']
2026-02-17 00:00:00;3267.762253010281;3134.171;['pressure', 'precipitation']
2026-02-17 01:00:00;3353.0150085566265;2905.419;['pressure', 'precipitation']
2026-02-17 02:00:00;3205.5145742527266;3407.01775;['pressure', 'precipitation']
2026-02-17 03:00:00;3074.7468544539306;2895.731;['pressure', 'precipitation']
2026-02-17 04:00:00;3321.086956118942;3551.5375;['pressure', 'precipitation']
2026-02-17 05:00:00;3503.8892951468342;3038.49075;['pressure', 'precipitation']
2026-02-17 06:00:00;3587.4776328953853;2865.9880000000003;['pressure', 'precipitation']
2026-02-17 07:00:00;3484.933268131725;4217.9155;['pressure', 'precipitation']
2026-02-17 08:00:00;3574.057726494302;4631.85375;['pressure', 'precipitation']
2026-02-17 09:00:00;3680.2577624029213;5666.0205000000005;['pressure', 'precipitation']
2026-02-17 10:00:00;4283.7966149936365;3033.71925;['pressure', 'precipitation']
2026-02-17 11:00:00;4210.468958963505;3668.54275;['pressure', 'precipitation']
2026-02-17 12:00:00;3597.216043992752;3205.1977500000003;['pressure', 'precipitation']
2026-02-17 13:00:00;3845.7099958452427;3569.85825;['pressure', 'precipitation']
2026-02-17 14:00:00;3607.88754876027;4546.28325;['pressure', 'precipitation']
2026-02-17 15:00:00;3630.7255926880503;3355.98275;['pressure', 'precipitation']
2026-02-17 16:00:00;4037.7716984036815;3155.60275;['pressure', 'precipitation']
2026-02-17 17:00:00;4591.544858140644;3948.281;['pressure', 'precipitation']
2026-02-17 18:00:00;4762.747300817642;6586.86025;['pressure', 'precipitation']
2026-02-17 19:00:00;3860.7795639835713;2688.89675;['pressure', 'precipitation']
2026-02-17 20:00:00;4431.815262093709;4654.51275;['pressure', 'precipitation']
2026-02-17 21:00:00;4329.672035395641;3142.6025;['pressure', 'precipitation']
2026-02-17 22:00:00;3789.358223559948;2652.804;['pressure', 'precipitation']
2026-02-17 23:00:00;3730.6092955393915;2618.7905;['pressure', 'precipitation']
2026-02-18 00:00:00;2866.78709787986;3148.755;['pressure', 'precipitation']
2026-02-18 01:00:00;3391.150914017806;3693.88525;['pressure', 'precipitation']
2026-02-18 02:00:00;2893.044714426447;2656.90925;['pressure', 'precipitation']
2026-02-18 03:00:00;2855.296974414945;2022.2365;['pressure', 'precipitation']
2026-02-18 04:00:00;3234.587963328493;2714.6582499999995;['pressure', 'precipitation']
2026-02-18 05:00:00;3398.566501561347;3138.4825;['pressure', 'precipitation']
2026-02-18 06:00:00;3636.59085842017;3251.8665;['pressure', 'precipitation']
2026-02-18 07:00:00;3487.471840723028;3767.39;['pressure', 'precipitation']
2026-02-18 08:00:00;2979.0427260073166;3704.433;['pressure', 'precipitation']
2026-02-18 09:00:00;2975.4110099055497;4502.9775;['pressure', 'precipitation']
2026-02-18 10:00:00;3661.0876666848253;2839.84175;['pressure', 'precipitation']
2026-02-18 11:00:00;3663.1626321373524;3027.432;['pressure', 'precipitation']
2026-02-18 12:00:00;3745.2142297730893;3523.302;['pressure', 'precipitation']
2026-02-18 13:00:00;3497.342035751776;3065.7345000000005;['pressure', 'precipitation']
2026-02-18 14:00:00;3727.4507314185544;3746.467;['pressure', 'precipitation']
2026-02-18 15:00:00;3668.1929843697644;3357.258;['pressure', 'precipitation']
2026-02-18 16:00:00;3529.9385593646375;3739.85675;['pressure', 'precipitation']
2026-02-18 17:00:00;4957.317404139025;5383.882;['pressure', 'precipitation']
2026-02-18 18:00:00;4244.884039344062;5460.044;['pressure', 'precipitation']
2026-02-18 19:00:00;3470.52094902252;3423.06;['pressure', 'precipitation']
2026-02-18 20:00:00;3867.353142463153;4988.140666666666;['pressure', 'precipitation']
2026-02-18 21:00:00;3682.682463962443;3943.082;['pressure', 'precipitation']
2026-02-18 22:00:00;3714.4080598375954;3280.73875;['pressure', 'precipitation']
2026-02-18 23:00:00;3711.9825929380468;4189.85225;['pressure', 'precipitation']
2026-02-19 00:00:00;3756.9918505072496;3798.69625;['pressure', 'precipitation']
2026-02-19 01:00:00;4019.0922003891637;3470.1565;['pressure', 'precipitation']
2026-02-19 02:00:00;3353.156667301269;3887.978;['pressure', 'precipitation']
2026-02-19 03:00:00;3684.2710047788305;3463.55225;['pressure', 'precipitation']
2026-02-19 04:00:00;3382.294001953792;3694.54025;['pressure', 'precipitation']
2026-02-19 05:00:00;3461.812678957487;4024.671;['pressure', 'precipitation']
2026-02-19 06:00:00;3768.050370249393;3976.81075;['pressure', 'precipitation']
2026-02-19 07:00:00;3793.905519443695;4254.63175;['pressure', 'precipitation']
2026-02-19 08:00:00;4121.781422166014;5451.65625;['pressure', 'precipitation']
2026-02-19 09:00:00;4317.819785355914;4617.72725;['pressure', 'precipitation']
2026-02-19 10:00:00;3784.231574658389;4048.07275;['pressure', 'precipitation']
2026-02-19 11:00:00;3809.9507508934953;4006.33275;['pressure', 'precipitation']
2026-02-19 12:00:00;3615.5401990251485;2886.07425;['pressure', 'precipitation']
2026-02-19 13:00:00;3666.239759501359;3151.84075;['pressure', 'precipitation']
2026-02-19 14:00:00;3881.844755225363;2118.81075;['pressure', 'precipitation']
2026-02-19 15:00:00;3600.948298242024;2872.442;['pressure', 'precipitation']
2026-02-19 16:00:00;3846.8746873170303;3774.00675;['pressure', 'precipitation']
2026-02-19 17:00:00;4606.765593279615;5136.79725;['pressure', 'precipitation']
2026-02-19 18:00:00;5040.986245960792;5757.4375;['pressure', 'precipitation']
2026-02-19 19:00:00;4147.711505643364;2808.28475;['pressure', 'precipitation']
2026-02-19 20:00:00;4189.694701124805;4316.30025;['pressure', 'precipitation']
2026-02-19 21:00:00;4149.331800232201;4116.61075;['pressure', 'precipitation']
2026-02-19 22:00:00;4026.809015192238;3227.96925;['pressure', 'precipitation']
2026-02-19 23:00:00;4028.4920462684936;3393.52525;['pressure', 'precipitation']
2026-02-20 00:00:00;3521.760653391661;3867.99625;['pressure', 'precipitation']
2026-02-20 01:00:00;3569.0259066422527;3100.64225;['pressure', 'precipitation']
2026-02-20 02:00:00;3456.27976583245;2828.1715;['pressure', 'precipitation']
2026-02-20 03:00:00;3225.614195581891;4158.9235;['pressure', 'precipitation']
2026-02-20 04:00:00;3492.343403224695;3933.11075;['pressure', 'precipitation']
2026-02-20 05:00:00;3539.956291851169;3965.08175;['pressure', 'precipitation']
2026-02-20 06:00:00;3590.4022853520128;3080.9115;['pressure', 'precipitation']
2026-02-20 07:00:00;3903.98141318852;4425.24725;['pressure', 'precipitation']
2026-02-20 08:00:00;3807.599500988171;5264.822999999999;['pressure', 'precipitation']
2026-02-20 09:00:00;4153.290336975656;3476.0955;['pressure', 'precipitation']
2026-02-20 10:00:00;3780.8990177596;3282.589;['pressure', 'precipitation']
2026-02-20 11:00:00;3886.121472292971;3600.80525;['pressure', 'precipitation']
2026-02-20 12:00:00;3802.156809932147;4432.64325;['pressure', 'precipitation']
2026-02-20 13:00:00;3661.6684940551454;2361.1320000000005;['pressure', 'precipitation']
2026-02-20 14:00:00;3697.001725637264;1551.0443333333333;['pressure', 'precipitation']
2026-02-20 15:00:00;3582.868595511354;2872.442;['pressure', 'precipitation']
2026-02-20 16:00:00;3847.598306177376;3774.00675;['pressure', 'precipitation']
2026-02-20 17:00:00;4533.752693186036;5136.79725;['pressure', 'precipitation']
2026-02-20 18:00:00;5387.827121045368;5177.334;['pressure', 'precipitation']
2026-02-20 19:00:00;4022.95575564403;5452.91475;['pressure', 'precipitation']
2026-02-20 20:00:00;4412.606913907152;5548.0960000000005;['pressure', 'precipitation']
2026-02-20 21:00:00;4217.5390295508405;4351.4605;['pressure', 'precipitation']
2026-02-20 22:00:00;3496.046356963012;4562.4445;['pressure', 'precipitation']
2026-02-20 23:00:00;3804.806335501648;3240.04275;['pressure', 'precipitation']
2026-01-20 00:00:00;3415.9184942677402;3324.11425;['pressure', 'temperature']
2026-01-20 01:00:00;3336.630785708956;3196.69175;['pressure', 'temperature']
2026-01-20 02:00:00;3190.9240803678235;3564.13325;['pressure', 'temperature']
2026-01-20 03:00:00;3018.0484316478723;2707.383;['pressure', 'temperature']
2026-01-20 04:00:00;3399.6011221213003;2789.41325;['pressure', 'temperature']
2026-01-20 05:00:00;3074.7124664998946;2898.3705;['pressure', 'temperature']
2026-01-20 06:00:00;3236.179305433572;3033.4665;['pressure', 'temperature']
2026-01-20 07:00:00;3474.76118835958;3828.01275;['pressure', 'temperature']
2026-01-20 08:00:00;3518.3147536602673;3828.861;['pressure', 'temperature']
2026-01-20 09:00:00;3228.4747223131335;3481.7545;['pressure', 'temperature']
2026-01-20 10:00:00;3284.1869129962142;3349.58575;['pressure', 'temperature']
2026-01-20 11:00:00;3181.7042813864027;2320.389;['pressure', 'temperature']
2026-01-20 12:00:00;3489.4029209189807;1065.9830000000002;['pressure', 'temperature']
2026-01-20 13:00:00;3544.104339341244;2686.33025;['pressure', 'temperature']
2026-01-20 14:00:00;3314.427650778897;3281.29675;['pressure', 'temperature']
2026-01-20 15:00:00;3649.467781485806;2185.54725;['pressure', 'temperature']
2026-01-20 16:00:00;3368.0937864140633;3583.29175;['pressure', 'temperature']
2026-01-20 17:00:00;3318.3193862005774;5103.80775;['pressure', 'temperature']
2026-01-20 18:00:00;3188.851191585032;5433.498250000001;['pressure', 'temperature']
2026-01-20 19:00:00;3694.3941226630427;3254.337;['pressure', 'temperature']
2026-01-20 20:00:00;3783.9982552398906;4163.027;['pressure', 'temperature']
2026-01-20 21:00:00;3721.8710163521937;3972.6565;['pressure', 'temperature']
2026-01-20 22:00:00;3384.8198675513286;3771.60525;['pressure', 'temperature']
2026-01-20 23:00:00;3111.7537336093365;3864.2335;['pressure', 'temperature']
2026-01-21 00:00:00;3848.4848164076498;3600.33125;['pressure', 'temperature']
2026-01-21 01:00:00;3525.5337794455745;3360.08675;['pressure', 'temperature']
2026-01-21 02:00:00;3657.1557883937226;3005.55825;['pressure', 'temperature']
2026-01-21 03:00:00;3186.13068930808;3117.1915;['pressure', 'temperature']
2026-01-21 04:00:00;3199.0390415192783;3537.741;['pressure', 'temperature']
2026-01-21 05:00:00;3275.474817264679;3386.89575;['pressure', 'temperature']
2026-01-21 06:00:00;3388.532544439766;2914.7335;['pressure', 'temperature']
2026-01-21 07:00:00;3515.415565443356;4593.3165;['pressure', 'temperature']
2026-01-21 08:00:00;3403.9869231723887;4870.53275;['pressure', 'temperature']
2026-01-21 09:00:00;3476.9881066481757;2633.8055;['pressure', 'temperature']
2026-01-21 10:00:00;3391.9265733637976;1883.37975;['pressure', 'temperature']
2026-01-21 11:00:00;3420.758813687953;1246.6372500000002;['pressure', 'temperature']
2026-01-21 12:00:00;3131.8512367348653;3255.17325;['pressure', 'temperature']
2026-01-21 13:00:00;3442.5455664578376;3642.69175;['pressure', 'temperature']
2026-01-21 14:00:00;3402.0840918922836;3443.1165;['pressure', 'temperature']
2026-01-21 15:00:00;3495.8733597256887;2767.1085000000003;['pressure', 'temperature']
2026-01-21 16:00:00;3911.763273538084;2878.73225;['pressure', 'temperature']
2026-01-21 17:00:00;3632.108117770633;5212.20875;['pressure', 'temperature']
2026-01-21 18:00:00;4050.67231196352;5884.1085;['pressure', 'temperature']
2026-01-21 19:00:00;3362.418539166139;5043.75125;['pressure', 'temperature']
2026-01-21 20:00:00;3819.524504498226;4514.99425;['pressure', 'temperature']
2026-01-21 21:00:00;3855.207581390658;3905.21425;['pressure', 'temperature']
2026-01-21 22:00:00;3749.74968451781;4084.417;['pressure', 'temperature']
2026-01-21 23:00:00;3684.8532921930564;3505.25175;['pressure', 'temperature']
2026-01-22 00:00:00;3857.3202292887127;4382.88325;['pressure', 'temperature']
2026-01-22 01:00:00;3723.2261582412043;3667.35;['pressure', 'temperature']
2026-01-22 02:00:00;3537.837197631079;3949.475;['pressure', 'temperature']
2026-01-22 03:00:00;3423.7623569988423;3619.1745;['pressure', 'temperature']
2026-01-22 04:00:00;3816.9973245704828;3195.02325;['pressure', 'temperature']
2026-01-22 05:00:00;3530.213556013449;3207.64475;['pressure', 'temperature']
2026-01-22 06:00:00;3513.631246010481;3834.892;['pressure', 'temperature']
2026-01-22 07:00:00;3960.0982583040154;3332.436;['pressure', 'temperature']
2026-01-22 08:00:00;4169.049927854175;4101.32475;['pressure', 'temperature']
2026-01-22 09:00:00;3231.5592312550853;2792.25975;['pressure', 'temperature']
2026-01-22 10:00:00;2960.489585260626;3343.5355;['pressure', 'temperature']
2026-01-22 11:00:00;3407.2641343985347;1024.81275;['pressure', 'temperature']
2026-01-22 12:00:00;3183.8620792718266;2345.626;['pressure', 'temperature']
2026-01-22 13:00:00;3591.342396347063;4000.7015;['pressure', 'temperature']
2026-01-22 14:00:00;3732.633007997556;3066.969;['pressure', 'temperature']
2026-01-22 15:00:00;3524.7935845686543;2576.49325;['pressure', 'temperature']
2026-01-22 16:00:00;3787.8670048180657;4892.4605;['pressure', 'temperature']
2026-01-22 17:00:00;3990.3971437901037;4693.0;['pressure', 'temperature']
2026-01-22 18:00:00;4780.2213252175325;5675.33575;['pressure', 'temperature']
2026-01-22 19:00:00;5162.7831524113735;5423.83425;['pressure', 'temperature']
2026-01-22 20:00:00;4296.0366984713255;5436.4;['pressure', 'temperature']
2026-01-22 21:00:00;4057.1540080255454;3945.58875;['pressure', 'temperature']
2026-01-22 22:00:00;4106.4336127392635;3972.6965;['pressure', 'temperature']
2026-01-22 23:00:00;3727.69866736501;2663.9855;['pressure', 'temperature']
2026-01-23 00:00:00;3687.388642592482;3361.307;['pressure', 'temperature']
2026-01-23 01:00:00;3645.261301219127;3379.777;['pressure', 'temperature']
2026-01-23 02:00:00;3782.320493207251;3830.91175;['pressure', 'temperature']
2026-01-23 03:00:00;3527.276968763115;3616.4825;['pressure', 'temperature']
2026-01-23 04:00:00;3589.105783343833;3049.29125;['pressure', 'temperature']
2026-01-23 05:00:00;3390.9020465950302;3813.81625;['pressure', 'temperature']
2026-01-23 06:00:00;3679.6688063232987;2841.50725;['pressure', 'temperature']
2026-01-23 07:00:00;3804.7366456892987;3103.87025;['pressure', 'temperature']
2026-01-23 08:00:00;4073.723964616531;769.03125;['pressure', 'temperature']
2026-01-23 09:00:00;3079.461853893953;1197.06775;['pressure', 'temperature']
2026-01-23 10:00:00;3224.9592606801725;2176.22575;['pressure', 'temperature']
2026-01-23 11:00:00;2282.6377100371806;2017.9665;['pressure', 'temperature']
2026-01-23 12:00:00;3041.919415257701;3823.25725;['pressure', 'temperature']
2026-01-23 13:00:00;3778.1531035986222;2267.88875;['pressure', 'temperature']
2026-01-23 14:00:00;3565.033963521508;3227.23325;['pressure', 'temperature']
2026-01-23 15:00:00;3182.3788148248486;2640.10975;['pressure', 'temperature']
2026-01-23 16:00:00;4839.994249182557;4200.918250000001;['pressure', 'temperature']
2026-01-23 17:00:00;4770.871459138525;4261.9315;['pressure', 'temperature']
2026-01-23 18:00:00;4505.310478578178;3950.993750000001;['pressure', 'temperature']
2026-01-23 19:00:00;3731.409559209219;3119.8;['pressure', 'temperature']
2026-01-23 20:00:00;3879.456154800333;3737.94975;['pressure', 'temperature']
2026-01-23 21:00:00;4336.18651872569;3837.417;['pressure', 'temperature']
2026-01-23 22:00:00;4366.09623146794;3223.48975;['pressure', 'temperature']
2026-01-23 23:00:00;3678.1459877211673;2826.59125;['pressure', 'temperature']
2026-01-24 00:00:00;3372.028543041831;2617.28325;['pressure', 'temperature']
2026-01-24 01:00:00;3170.964093205565;3046.392;['pressure', 'temperature']
2026-01-24 02:00:00;3295.6502163261503;3411.9126666666666;['pressure', 'temperature']
2026-01-24 03:00:00;3071.61949457444;2343.45825;['pressure', 'temperature']
2026-01-24 04:00:00;2983.6238765403136;2843.999;['pressure', 'temperature']
2026-01-24 05:00:00;3133.4945220508275;2873.38325;['pressure', 'temperature']
2026-01-24 06:00:00;2990.0235521723966;2907.02775;['pressure', 'temperature']
2026-01-24 07:00:00;3132.0586526461816;2334.60825;['pressure', 'temperature']
2026-01-24 08:00:00;3052.889799061775;2823.44275;['pressure', 'temperature']
2026-01-24 09:00:00;1792.5955961723778;2442.53925;['pressure', 'temperature']
2026-01-24 10:00:00;2326.59199206698;2516.7375;['pressure', 'temperature']
2026-01-24 11:00:00;2109.0366363671515;3611.406;['pressure', 'temperature']
2026-01-24 12:00:00;2882.2362438030527;4243.43825;['pressure', 'temperature']
2026-01-24 13:00:00;2529.2468655583734;2192.474;['pressure', 'temperature']
2026-01-24 14:00:00;2990.664099501189;3156.505;['pressure', 'temperature']
2026-01-24 15:00:00;2942.6390472265048;2829.875;['pressure', 'temperature']
2026-01-24 16:00:00;3947.152761405333;4099.4695;['pressure', 'temperature']
2026-01-24 17:00:00;4362.270796974226;5198.8237500000005;['pressure', 'temperature']
2026-01-24 18:00:00;4597.037448977038;4884.75125;['pressure', 'temperature']
2026-01-24 19:00:00;3710.486240146907;2075.6825;['pressure', 'temperature']
2026-01-24 20:00:00;4007.1575381359617;4323.9585;['pressure', 'temperature']
2026-01-24 21:00:00;3682.605721495121;3607.17925;['pressure', 'temperature']
2026-01-24 22:00:00;3516.3377980132673;3738.1285;['pressure', 'temperature']
2026-01-24 23:00:00;3086.862337367234;3432.4435;['pressure', 'temperature']
2026-01-25 00:00:00;3291.3201560697785;3474.86325;['pressure', 'temperature']
2026-01-25 01:00:00;3218.69655047177;3669.751;['pressure', 'temperature']
2026-01-25 02:00:00;3402.36107275105;4048.164;['pressure', 'temperature']
2026-01-25 03:00:00;2835.1424665540458;2848.222;['pressure', 'temperature']
2026-01-25 04:00:00;3066.9827507970144;2863.81;['pressure', 'temperature']
2026-01-25 05:00:00;2996.7343850932407;3194.791;['pressure', 'temperature']
2026-01-25 06:00:00;3027.546995119384;3292.455;['pressure', 'temperature']
2026-01-25 07:00:00;2936.2075170953963;2925.93075;['pressure', 'temperature']
2026-01-25 08:00:00;3248.2126359556855;2567.88425;['pressure', 'temperature']
2026-01-25 09:00:00;2703.1028211173757;2779.9095;['pressure', 'temperature']
2026-01-25 10:00:00;2665.0351295606383;4691.433;['pressure', 'temperature']
2026-01-25 11:00:00;2996.2733120498997;4666.953;['pressure', 'temperature']
2026-01-25 12:00:00;3497.015892049795;4243.43825;['pressure', 'temperature']
2026-01-25 13:00:00;2678.29360826616;2192.474;['pressure', 'temperature']
2026-01-25 14:00:00;3190.897354926001;3354.488666666666;['pressure', 'temperature']
2026-01-25 15:00:00;3151.4930050266694;2592.30825;['pressure', 'temperature']
2026-01-25 16:00:00;3751.2998875621975;2440.2725;['pressure', 'temperature']
2026-01-25 17:00:00;4254.277637687292;4202.912;['pressure', 'temperature']
2026-01-25 18:00:00;4558.4721072593875;1737.12275;['pressure', 'temperature']
2026-01-25 19:00:00;3383.544014731017;958.94425;['pressure', 'temperature']
2026-01-25 20:00:00;4012.30768433712;3723.2195;['pressure', 'temperature']
2026-01-25 21:00:00;3558.398514827897;2804.4895;['pressure', 'temperature']
2026-01-25 22:00:00;3703.6199842866185;3094.9155;['pressure', 'temperature']
2026-01-25 23:00:00;3146.031406470479;2390.568;['pressure', 'temperature']
2026-01-26 00:00:00;2728.1271898146533;3275.88325;['pressure', 'temperature']
2026-01-26 01:00:00;3078.3381437687945;2851.27575;['pressure', 'temperature']
2026-01-26 02:00:00;3317.4263687173284;2314.45425;['pressure', 'temperature']
2026-01-26 03:00:00;2582.8344135338357;2804.119;['pressure', 'temperature']
2026-01-26 04:00:00;4191.217619458226;1930.60775;['pressure', 'temperature']
2026-01-26 05:00:00;4262.783292555443;2723.21625;['pressure', 'temperature']
2026-01-26 06:00:00;2878.3067678363955;2888.58725;['pressure', 'temperature']
2026-01-26 07:00:00;2790.5378861518757;2713.859;['pressure', 'temperature']
2026-01-26 08:00:00;2494.877006948172;4417.67925;['pressure', 'temperature']
2026-01-26 09:00:00;2470.9621024855865;3356.1275;['pressure', 'temperature']
2026-01-26 10:00:00;3466.1498016132746;3438.948;['pressure', 'temperature']
2026-01-26 11:00:00;3366.825703286598;3563.75175;['pressure', 'temperature']
2026-01-26 12:00:00;3403.1288633138884;2427.02325;['pressure', 'temperature']
2026-01-26 13:00:00;2219.0778428438834;2582.1835;['pressure', 'temperature']
2026-01-26 14:00:00;2995.4144146149993;2928.6145;['pressure', 'temperature']
2026-01-26 15:00:00;2603.8868820643306;3789.735;['pressure', 'temperature']
2026-01-26 16:00:00;2758.1693020394423;4572.9445;['pressure', 'temperature']
2026-01-26 17:00:00;3472.089475771053;5266.107;['pressure', 'temperature']
2026-01-26 18:00:00;2884.2588323391055;4283.08325;['pressure', 'temperature']
2026-01-26 19:00:00;1888.209992623687;2424.01675;['pressure', 'temperature']
2026-01-26 20:00:00;3349.7916290445733;4279.203;['pressure', 'temperature']
2026-01-26 21:00:00;3007.4175218408946;3742.166;['pressure', 'temperature']
2026-01-26 22:00:00;3104.0699606452463;4314.9745;['pressure', 'temperature']
2026-01-26 23:00:00;2383.774420878094;2969.2475;['pressure', 'temperature']
2026-01-27 00:00:00;3446.4035723402612;2830.22625;['pressure', 'temperature']
2026-01-27 01:00:00;3225.3570248380984;2744.937;['pressure', 'temperature']
2026-01-27 02:00:00;3331.743464416013;3257.3167500000004;['pressure', 'temperature']
2026-01-27 03:00:00;2970.6273039482653;2912.7870000000003;['pressure', 'temperature']
2026-01-27 04:00:00;3072.4026982548867;2666.22525;['pressure', 'temperature']
2026-01-27 05:00:00;3041.110079376628;2944.02975;['pressure', 'temperature']
2026-01-27 06:00:00;3131.793663772698;3157.67;['pressure', 'temperature']
2026-01-27 07:00:00;3101.907631680115;4838.0755;['pressure', 'temperature']
2026-01-27 08:00:00;3700.744336340037;4393.29025;['pressure', 'temperature']
2026-01-27 09:00:00;3051.1297166781565;5051.76225;['pressure', 'temperature']
2026-01-27 10:00:00;3317.317479578911;2729.127;['pressure', 'temperature']
2026-01-27 11:00:00;3335.787084644821;5356.0235;['pressure', 'temperature']
2026-01-27 12:00:00;3226.312816886172;4141.3775000000005;['pressure', 'temperature']
2026-01-27 13:00:00;2720.8333659556365;5016.7125;['pressure', 'temperature']
2026-01-27 14:00:00;3334.2917187677485;4572.88175;['pressure', 'temperature']
2026-01-27 15:00:00;3433.563986020318;5905.1945;['pressure', 'temperature']
2026-01-27 16:00:00;4148.076126153381;3749.44675;['pressure', 'temperature']
2026-01-27 17:00:00;4319.525473938437;4949.617;['pressure', 'temperature']
2026-01-27 18:00:00;4412.100482685536;4155.69975;['pressure', 'temperature']
2026-01-27 19:00:00;2875.649065073501;2501.7875;['pressure', 'temperature']
2026-01-27 20:00:00;4244.69529020886;4555.15975;['pressure', 'temperature']
2026-01-27 21:00:00;3846.3078078203052;4213.807;['pressure', 'temperature']
2026-01-27 22:00:00;4063.9200205647085;3972.591;['pressure', 'temperature']
2026-01-27 23:00:00;3145.203640751837;2477.69175;['pressure', 'temperature']
2026-01-28 00:00:00;3132.2269530765743;2930.86175;['pressure', 'temperature']
2026-01-28 01:00:00;3434.337668945709;2799.0625;['pressure', 'temperature']
2026-01-28 02:00:00;3643.3804165802794;2599.72025;['pressure', 'temperature']
2026-01-28 03:00:00;3343.248356709478;2659.1175000000003;['pressure', 'temperature']
2026-01-28 04:00:00;3331.0062950872784;2997.5885;['pressure', 'temperature']
2026-01-28 05:00:00;3417.73239698841;3240.1315;['pressure', 'temperature']
2026-01-28 06:00:00;3550.2875814058516;3348.08375;['pressure', 'temperature']
2026-01-28 07:00:00;4179.9700855602805;2768.882;['pressure', 'temperature']
2026-01-28 08:00:00;3825.6618833039165;3758.438;['pressure', 'temperature']
2026-01-28 09:00:00;4303.150575800319;4153.29825;['pressure', 'temperature']
2026-01-28 10:00:00;3360.3143800477865;3485.40875;['pressure', 'temperature']
2026-01-28 11:00:00;3896.565706833818;2457.739;['pressure', 'temperature']
2026-01-28 12:00:00;3830.5617210537275;2199.971;['pressure', 'temperature']
2026-01-28 13:00:00;4300.033901917894;2714.47975;['pressure', 'temperature']
2026-01-28 14:00:00;4048.655133197276;2314.87675;['pressure', 'temperature']
2026-01-28 15:00:00;3948.9541876816684;2226.03375;['pressure', 'temperature']
2026-01-28 16:00:00;4202.406801159441;2161.29975;['pressure', 'temperature']
2026-01-28 17:00:00;4698.842071456192;4241.76125;['pressure', 'temperature']
2026-01-28 18:00:00;4334.540663707218;4462.1295;['pressure', 'temperature']
2026-01-28 19:00:00;3530.5522373257804;3273.2575;['pressure', 'temperature']
2026-01-28 20:00:00;4645.850193886476;4066.16375;['pressure', 'temperature']
2026-01-28 21:00:00;4218.37540037382;3350.293;['pressure', 'temperature']
2026-01-28 22:00:00;4172.094923399419;3015.4385;['pressure', 'temperature']
2026-01-28 23:00:00;3433.11497097677;2959.08775;['pressure', 'temperature']
2026-01-29 00:00:00;3125.415311588073;3130.11525;['pressure', 'temperature']
2026-01-29 01:00:00;2913.2028410095027;2990.9015;['pressure', 'temperature']
2026-01-29 02:00:00;3104.0158298350566;3271.22725;['pressure', 'temperature']
2026-01-29 03:00:00;3028.045214421589;3629.855;['pressure', 'temperature']
2026-01-29 04:00:00;2795.027996504731;2829.71625;['pressure', 'temperature']
2026-01-29 05:00:00;2958.2962699688896;3074.8425;['pressure', 'temperature']
2026-01-29 06:00:00;3043.5080476767052;2983.11375;['pressure', 'temperature']
2026-01-29 07:00:00;2757.368837091627;2818.86525;['pressure', 'temperature']
2026-01-29 08:00:00;3334.185460157023;2361.08125;['pressure', 'temperature']
2026-01-29 09:00:00;3386.025727000939;3292.206;['pressure', 'temperature']
2026-01-29 10:00:00;3068.4103856650236;3860.7405;['pressure', 'temperature']
2026-01-29 11:00:00;2664.8171323471724;4322.213;['pressure', 'temperature']
2026-01-29 12:00:00;2902.877414452527;3233.9055;['pressure', 'temperature']
2026-01-29 13:00:00;2676.073947316553;3161.515;['pressure', 'temperature']
2026-01-29 14:00:00;2853.500712123893;3518.00425;['pressure', 'temperature']
2026-01-29 15:00:00;2641.4333273699235;3397.26675;['pressure', 'temperature']
2026-01-29 16:00:00;3143.594996630318;3804.59875;['pressure', 'temperature']
2026-01-29 17:00:00;4301.238802835535;3048.346;['pressure', 'temperature']
2026-01-29 18:00:00;4135.852483156689;3831.81075;['pressure', 'temperature']
2026-01-29 19:00:00;3012.0628629365265;4592.51725;['pressure', 'temperature']
2026-01-29 20:00:00;3944.269691365476;3198.797;['pressure', 'temperature']
2026-01-29 21:00:00;3477.892224753363;3905.9085;['pressure', 'temperature']
2026-01-29 22:00:00;3447.9798537371325;2584.36575;['pressure', 'temperature']
2026-01-29 23:00:00;2789.4280395251753;2977.50875;['pressure', 'temperature']
2026-01-30 00:00:00;3200.5534282529734;2930.24125;['pressure', 'temperature']
2026-01-30 01:00:00;3106.6789866606046;3045.52575;['pressure', 'temperature']
2026-01-30 02:00:00;3250.6729260472453;3382.778;['pressure', 'temperature']
2026-01-30 03:00:00;3179.5802001151033;2108.5750000000003;['pressure', 'temperature']
2026-01-30 04:00:00;2950.0178850458574;2711.36825;['pressure', 'temperature']
2026-01-30 05:00:00;3049.2859869088475;2823.3405;['pressure', 'temperature']
2026-01-30 06:00:00;3091.4556732250257;2810.056;['pressure', 'temperature']
2026-01-30 07:00:00;3043.6889351158584;2569.47575;['pressure', 'temperature']
2026-01-30 08:00:00;2928.6580998968475;3011.00925;['pressure', 'temperature']
2026-01-30 09:00:00;3110.7424587054165;3970.83225;['pressure', 'temperature']
2026-01-30 10:00:00;3308.371789302561;4316.86625;['pressure', 'temperature']
2026-01-30 11:00:00;3537.587621217842;3255.9585;['pressure', 'temperature']
2026-01-30 12:00:00;3145.0672968520034;3856.16275;['pressure', 'temperature']
2026-01-30 13:00:00;3142.8754937518024;5804.923;['pressure', 'temperature']
2026-01-30 14:00:00;3438.926927011042;3518.00425;['pressure', 'temperature']
2026-01-30 15:00:00;3283.9918009682765;3397.26675;['pressure', 'temperature']
2026-01-30 16:00:00;3724.8826183087335;2872.316;['pressure', 'temperature']
2026-01-30 17:00:00;3445.1425822029905;4624.5915;['pressure', 'temperature']
2026-01-30 18:00:00;3885.129324656599;3331.67425;['pressure', 'temperature']
2026-01-30 19:00:00;3708.341303540942;2540.943;['pressure', 'temperature']
2026-01-30 20:00:00;3565.2745026571224;3665.77125;['pressure', 'temperature']
2026-01-30 21:00:00;3724.0500520407463;2802.63575;['pressure', 'temperature']
2026-01-30 22:00:00;3378.8138839799526;3011.39175;['pressure', 'temperature']
2026-01-30 23:00:00;3017.146386167946;2593.54575;['pressure', 'temperature']
2026-01-31 00:00:00;2987.7767376813053;3173.0025;['pressure', 'temperature']
2026-01-31 01:00:00;3014.497359111035;3842.7335;['pressure', 'temperature']
2026-01-31 02:00:00;3196.1228415728187;3099.48925;['pressure', 'temperature']
2026-01-31 03:00:00;2625.7618538371667;3333.14125;['pressure', 'temperature']
2026-01-31 04:00:00;3045.4262840650395;2831.7290000000003;['pressure', 'temperature']
2026-01-31 05:00:00;2929.6249243243333;2721.9165000000003;['pressure', 'temperature']
2026-01-31 06:00:00;2990.4049428743483;3373.83025;['pressure', 'temperature']
2026-01-31 07:00:00;2959.8428669775517;3361.293;['pressure', 'temperature']
2026-01-31 08:00:00;3102.0160576652656;3424.02625;['pressure', 'temperature']
2026-01-31 09:00:00;3498.512294056859;3892.46575;['pressure', 'temperature']
2026-01-31 10:00:00;3635.278399538998;4093.56525;['pressure', 'temperature']
2026-01-31 11:00:00;2989.45282414404;3468.38725;['pressure', 'temperature']
2026-01-31 12:00:00;3262.797734191973;3645.032;['pressure', 'temperature']
2026-01-31 13:00:00;3801.8624428280245;3006.9835;['pressure', 'temperature']
2026-01-31 14:00:00;3367.3641477403476;3079.298;['pressure', 'temperature']
2026-01-31 15:00:00;3296.223233608306;3843.243;['pressure', 'temperature']
2026-01-31 16:00:00;3316.6473959291056;2761.37025;['pressure', 'temperature']
2026-01-31 17:00:00;4132.635707858695;2594.62925;['pressure', 'temperature']
2026-01-31 18:00:00;3825.180158857115;5439.38975;['pressure', 'temperature']
2026-01-31 19:00:00;3057.555352904568;4224.091;['pressure', 'temperature']
2026-01-31 20:00:00;3761.654803503086;3178.35475;['pressure', 'temperature']
2026-01-31 21:00:00;3354.4776259345963;4102.47225;['pressure', 'temperature']
2026-01-31 22:00:00;3354.8728762072396;4452.82625;['pressure', 'temperature']
2026-01-31 23:00:00;2873.973207427462;1587.8345;['pressure', 'temperature']
2026-02-01 00:00:00;2815.776593455716;1227.2925;['pressure', 'temperature']
2026-02-01 01:00:00;3164.035610868402;986.55825;['pressure', 'temperature']
2026-02-01 02:00:00;3181.0165862996137;523.318;['pressure', 'temperature']
2026-02-01 03:00:00;3045.0930189788337;419.4962499999999;['pressure', 'temperature']
2026-02-01 04:00:00;3009.8298490271795;809.1597499999999;['pressure', 'temperature']
2026-02-01 05:00:00;2941.734183683218;879.83475;['pressure', 'temperature']
2026-02-01 06:00:00;3246.3064140822453;644.55125;['pressure', 'temperature']
2026-02-01 07:00:00;3253.7872443485458;2779.7565000000004;['pressure', 'temperature']
2026-02-01 08:00:00;3442.4422407077273;4242.7392500000005;['pressure', 'temperature']
2026-02-01 09:00:00;3579.7919608196994;4539.58225;['pressure', 'temperature']
2026-02-01 10:00:00;3379.1022076069235;3902.5285;['pressure', 'temperature']
2026-02-01 11:00:00;3212.7434266190644;3690.70825;['pressure', 'temperature']
2026-02-01 12:00:00;3202.808618515161;3770.9095;['pressure', 'temperature']
2026-02-01 13:00:00;3254.070293761905;3929.826;['pressure', 'temperature']
2026-02-01 14:00:00;3357.348007706633;2997.2215;['pressure', 'temperature']
2026-02-01 15:00:00;3683.085028151039;3139.48325;['pressure', 'temperature']
2026-02-01 16:00:00;3318.755027224916;4010.29575;['pressure', 'temperature']
2026-02-01 17:00:00;3263.253282849336;3188.33075;['pressure', 'temperature']
2026-02-01 18:00:00;4281.62875371524;4498.370000000001;['pressure', 'temperature']
2026-02-01 19:00:00;3477.0924041012454;5959.908;['pressure', 'temperature']
2026-02-01 20:00:00;3761.692701773949;2655.0615;['pressure', 'temperature']
2026-02-01 21:00:00;3874.400362453998;4070.45725;['pressure', 'temperature']
2026-02-01 22:00:00;3978.248447029964;3704.6875;['pressure', 'temperature']
2026-02-01 23:00:00;2626.0018511411363;4307.6215;['pressure', 'temperature']
2026-02-02 00:00:00;3305.226630101363;4194.2355;['pressure', 'temperature']
2026-02-02 01:00:00;3039.0848239458746;3838.329;['pressure', 'temperature']
2026-02-02 02:00:00;2951.2584713720603;3883.407;['pressure', 'temperature']
2026-02-02 03:00:00;2438.592948943308;2908.932;['pressure', 'temperature']
2026-02-02 04:00:00;2759.021860920239;3679.78875;['pressure', 'temperature']
2026-02-02 05:00:00;2428.131447391389;2860.6365;['pressure', 'temperature']
2026-02-02 06:00:00;2478.9047332090295;3718.30325;['pressure', 'temperature']
2026-02-02 07:00:00;3168.533215904958;4196.75575;['pressure', 'temperature']
2026-02-02 08:00:00;3472.2017641529856;3431.86475;['pressure', 'temperature']
2026-02-02 09:00:00;3538.2004541935444;3188.44575;['pressure', 'temperature']
2026-02-02 10:00:00;3316.2590482581472;3551.37525;['pressure', 'temperature']
2026-02-02 11:00:00;3286.9269809113266;3092.7580000000003;['pressure', 'temperature']
2026-02-02 12:00:00;3381.875786610639;2944.382;['pressure', 'temperature']
2026-02-02 13:00:00;3388.5697707760655;3419.67125;['pressure', 'temperature']
2026-02-02 14:00:00;3141.705265463107;2483.34625;['pressure', 'temperature']
2026-02-02 15:00:00;3167.8721336023004;3997.7985;['pressure', 'temperature']
2026-02-02 16:00:00;3483.2677274067046;3957.9355;['pressure', 'temperature']
2026-02-02 17:00:00;3890.1618461694725;6156.93275;['pressure', 'temperature']
2026-02-02 18:00:00;3878.1497458817275;5374.7855;['pressure', 'temperature']
2026-02-02 19:00:00;4518.399581523131;4602.8735;['pressure', 'temperature']
2026-02-02 20:00:00;3592.6032024635024;4762.261;['pressure', 'temperature']
2026-02-02 21:00:00;3732.3528176182685;2763.79025;['pressure', 'temperature']
2026-02-02 22:00:00;3267.4913891556434;3169.481;['pressure', 'temperature']
2026-02-02 23:00:00;3102.266661014789;2885.26125;['pressure', 'temperature']
2026-02-03 00:00:00;3016.026982205404;3208.07325;['pressure', 'temperature']
2026-02-03 01:00:00;2820.2409960997547;2903.31075;['pressure', 'temperature']
2026-02-03 02:00:00;3241.290362054412;2636.27025;['pressure', 'temperature']
2026-02-03 03:00:00;2748.5471428536266;3501.708;['pressure', 'temperature']
2026-02-03 04:00:00;3119.134178634977;3136.13775;['pressure', 'temperature']
2026-02-03 05:00:00;2798.842641721524;3059.192;['pressure', 'temperature']
2026-02-03 06:00:00;3199.987305659823;3381.67525;['pressure', 'temperature']
2026-02-03 07:00:00;3350.691656789412;2936.9875;['pressure', 'temperature']
2026-02-03 08:00:00;3398.6999510656105;2881.34175;['pressure', 'temperature']
2026-02-03 09:00:00;3489.5863776167444;3689.56575;['pressure', 'temperature']
2026-02-03 10:00:00;3604.3815242085393;4700.9365;['pressure', 'temperature']
2026-02-03 11:00:00;3433.027644964039;4837.66625;['pressure', 'temperature']
2026-02-03 12:00:00;3132.9212068664947;3223.52525;['pressure', 'temperature']
2026-02-03 13:00:00;3572.2276548057207;3071.254;['pressure', 'temperature']
2026-02-03 14:00:00;3177.826260309633;4405.00475;['pressure', 'temperature']
2026-02-03 15:00:00;3472.870670621377;3237.20825;['pressure', 'temperature']
2026-02-03 16:00:00;3324.189988440064;4089.68875;['pressure', 'temperature']
2026-02-03 17:00:00;4378.449550313027;5304.03325;['pressure', 'temperature']
2026-02-03 18:00:00;4336.84076184023;5559.15675;['pressure', 'temperature']
2026-02-03 19:00:00;4626.157150392427;3708.947;['pressure', 'temperature']
2026-02-03 20:00:00;4000.548997468267;3665.57175;['pressure', 'temperature']
2026-02-03 21:00:00;3541.1887219163505;3451.28325;['pressure', 'temperature']
2026-02-03 22:00:00;3595.062570675688;3417.2;['pressure', 'temperature']
2026-02-03 23:00:00;3159.8880961035225;4015.31775;['pressure', 'temperature']
2026-02-04 00:00:00;3593.378609106258;3004.00075;['pressure', 'temperature']
2026-02-04 01:00:00;3500.425079493028;3396.32175;['pressure', 'temperature']
2026-02-04 02:00:00;3397.523307289485;3114.4585;['pressure', 'temperature']
2026-02-04 03:00:00;3412.49588217;2805.3185;['pressure', 'temperature']
2026-02-04 04:00:00;3235.4716604507885;2795.15475;['pressure', 'temperature']
2026-02-04 05:00:00;3046.916156235346;2969.17225;['pressure', 'temperature']
2026-02-04 06:00:00;3222.9995073386795;3460.06175;['pressure', 'temperature']
2026-02-04 07:00:00;3652.356374783375;3189.5730000000003;['pressure', 'temperature']
2026-02-04 08:00:00;3334.1285807437857;3796.666;['pressure', 'temperature']
2026-02-04 09:00:00;3420.7777849230574;3479.20375;['pressure', 'temperature']
2026-02-04 10:00:00;3502.2805318713745;4332.7065;['pressure', 'temperature']
2026-02-04 11:00:00;3658.7875399928107;2879.26525;['pressure', 'temperature']
2026-02-04 12:00:00;3531.3551471903097;2504.1825;['pressure', 'temperature']
2026-02-04 13:00:00;3341.3687747786107;2285.1665;['pressure', 'temperature']
2026-02-04 14:00:00;3817.2305826578295;1426.6965;['pressure', 'temperature']
2026-02-04 15:00:00;3948.058449696804;1973.97525;['pressure', 'temperature']
2026-02-04 16:00:00;4376.245169502766;3078.4485;['pressure', 'temperature']
2026-02-04 17:00:00;4320.003072006184;3131.75175;['pressure', 'temperature']
2026-02-04 18:00:00;4587.185617059775;3145.325;['pressure', 'temperature']
2026-02-04 19:00:00;3724.2462270567216;2937.0585;['pressure', 'temperature']
2026-02-04 20:00:00;3817.8982688963206;2372.80775;['pressure', 'temperature']
2026-02-04 21:00:00;3677.943903415049;2626.7202500000003;['pressure', 'temperature']
2026-02-04 22:00:00;3683.9193893318075;3097.12075;['pressure', 'temperature']
2026-02-04 23:00:00;3416.7624889623885;2309.46375;['pressure', 'temperature']
2026-02-05 00:00:00;2530.1094336741407;2383.21975;['pressure', 'temperature']
2026-02-05 01:00:00;2765.530496770669;2960.2615;['pressure', 'temperature']
2026-02-05 02:00:00;2831.2522315321544;2172.40875;['pressure', 'temperature']
2026-02-05 03:00:00;2628.1155914990254;2315.36425;['pressure', 'temperature']
2026-02-05 04:00:00;2643.6792999713725;2231.8865;['pressure', 'temperature']
2026-02-05 05:00:00;2684.799911138878;2299.616;['pressure', 'temperature']
2026-02-05 06:00:00;2960.72757922934;2751.74825;['pressure', 'temperature']
2026-02-05 07:00:00;3107.773784550621;2285.11125;['pressure', 'temperature']
2026-02-05 08:00:00;3305.632455896217;2690.5555;['pressure', 'temperature']
2026-02-05 09:00:00;3027.3837325921168;2209.523;['pressure', 'temperature']
2026-02-05 10:00:00;3562.4217984187244;2035.103;['pressure', 'temperature']
2026-02-05 11:00:00;3011.0941132468206;3871.413;['pressure', 'temperature']
2026-02-05 12:00:00;3144.127338772665;2481.76625;['pressure', 'temperature']
2026-02-05 13:00:00;2776.2767801695627;2475.083;['pressure', 'temperature']
2026-02-05 14:00:00;2678.3972300106807;2266.7945;['pressure', 'temperature']
2026-02-05 15:00:00;2784.589948260837;3025.16625;['pressure', 'temperature']
2026-02-05 16:00:00;3596.244540947903;3120.888;['pressure', 'temperature']
2026-02-05 17:00:00;3795.0703663047943;5058.1865;['pressure', 'temperature']
2026-02-05 18:00:00;3789.6578873627705;4388.71075;['pressure', 'temperature']
2026-02-05 19:00:00;3859.6812127159187;2322.8345;['pressure', 'temperature']
2026-02-05 20:00:00;3545.483102072295;2892.934;['pressure', 'temperature']
2026-02-05 21:00:00;3502.511627032228;2691.11;['pressure', 'temperature']
2026-02-05 22:00:00;3614.966475201063;2040.70725;['pressure', 'temperature']
2026-02-05 23:00:00;2864.0775667184807;2318.614;['pressure', 'temperature']
2026-02-06 00:00:00;2408.1614982703486;2417.388;['pressure', 'temperature']
2026-02-06 01:00:00;2508.215763004223;3028.649;['pressure', 'temperature']
2026-02-06 02:00:00;2485.65395254173;2456.4425;['pressure', 'temperature']
2026-02-06 03:00:00;2324.9862554115643;1991.96825;['pressure', 'temperature']
2026-02-06 04:00:00;2400.535508276469;2168.60175;['pressure', 'temperature']
2026-02-06 05:00:00;2423.0943008559584;2554.5777500000004;['pressure', 'temperature']
2026-02-06 06:00:00;2620.4509844964687;2480.9035;['pressure', 'temperature']
2026-02-06 07:00:00;2749.504561921507;2516.1095;['pressure', 'temperature']
2026-02-06 08:00:00;2929.8095353250337;2358.27875;['pressure', 'temperature']
2026-02-06 09:00:00;3077.311502693332;3043.82875;['pressure', 'temperature']
2026-02-06 10:00:00;3106.6230601060042;1863.571;['pressure', 'temperature']
2026-02-06 11:00:00;2814.61114743544;1953.389;['pressure', 'temperature']
2026-02-06 12:00:00;2923.5608435499635;2709.674;['pressure', 'temperature']
2026-02-06 13:00:00;2377.8633348926396;2834.37725;['pressure', 'temperature']
2026-02-06 14:00:00;2630.8471447384;3653.3685;['pressure', 'temperature']
2026-02-06 15:00:00;2837.2410676764157;3025.16625;['pressure', 'temperature']
2026-02-06 16:00:00;3258.139777082486;3120.888;['pressure', 'temperature']
2026-02-06 17:00:00;3475.6312509529644;5058.1865;['pressure', 'temperature']
2026-02-06 18:00:00;4030.3693958626354;4388.71075;['pressure', 'temperature']
2026-02-06 19:00:00;3179.31081361625;2322.8345;['pressure', 'temperature']
2026-02-06 20:00:00;3190.8636622409826;2892.934;['pressure', 'temperature']
2026-02-06 21:00:00;3064.2873867371763;2691.11;['pressure', 'temperature']
2026-02-06 22:00:00;2948.5429835798404;2040.70725;['pressure', 'temperature']
2026-02-06 23:00:00;2332.8408640020252;2318.614;['pressure', 'temperature']
2026-02-07 00:00:00;2347.662394189065;2417.388;['pressure', 'temperature']
2026-02-07 01:00:00;2495.5324725120863;3028.649;['pressure', 'temperature']
2026-02-07 02:00:00;2381.960111235208;2456.4425;['pressure', 'temperature']
2026-02-07 03:00:00;2020.6933722471417;1991.96825;['pressure', 'temperature']
2026-02-07 04:00:00;2192.200200422577;2168.60175;['pressure', 'temperature']
2026-02-07 05:00:00;2295.406014935218;2554.5777500000004;['pressure', 'temperature']
2026-02-07 06:00:00;2417.705446212938;2480.9035;['pressure', 'temperature']
2026-02-07 07:00:00;2571.290634900129;2516.1095;['pressure', 'temperature']
2026-02-07 08:00:00;2683.708846582621;2358.27875;['pressure', 'temperature']
2026-02-07 09:00:00;2729.7401015511396;3043.82875;['pressure', 'temperature']
2026-02-07 10:00:00;2690.9332952053524;1863.571;['pressure', 'temperature']
2026-02-07 11:00:00;2681.579113474092;1953.389;['pressure', 'temperature']
2026-02-07 12:00:00;2582.15213123414;2709.674;['pressure', 'temperature']
2026-02-07 13:00:00;2525.709405700828;2834.37725;['pressure', 'temperature']
2026-02-07 14:00:00;2691.6873098367187;3653.3685;['pressure', 'temperature']
2026-02-07 15:00:00;2679.465375447634;2864.2456666666667;['pressure', 'temperature']
2026-02-07 16:00:00;2998.356483905984;2075.1228333333333;['pressure', 'temperature']
2026-02-07 17:00:00;4010.8931887513045;1286.0;['pressure', 'temperature']
2026-02-07 18:00:00;4094.1775738173396;1953.83375;['pressure', 'temperature']
2026-02-07 19:00:00;3047.767412257032;1765.97475;['pressure', 'temperature']
2026-02-07 20:00:00;3164.534481115819;4467.39375;['pressure', 'temperature']
2026-02-07 21:00:00;3017.9360084687214;4289.70725;['pressure', 'temperature']
2026-02-07 22:00:00;3305.468867336286;2769.21075;['pressure', 'temperature']
2026-02-07 23:00:00;2084.6266796569635;2518.1585;['pressure', 'temperature']
2026-02-08 00:00:00;2675.4910435023685;2938.06875;['pressure', 'temperature']
2026-02-08 01:00:00;2737.499260334017;2957.5335;['pressure', 'temperature']
2026-02-08 02:00:00;2547.3793475749385;1970.80175;['pressure', 'temperature']
2026-02-08 03:00:00;2242.0428871653403;2352.781;['pressure', 'temperature']
2026-02-08 04:00:00;2293.8131839222183;2566.9445;['pressure', 'temperature']
2026-02-08 05:00:00;2397.7391184690173;2694.618;['pressure', 'temperature']
2026-02-08 06:00:00;2498.145557233802;3327.3340000000003;['pressure', 'temperature']
2026-02-08 07:00:00;2599.3157012211623;2645.92225;['pressure', 'temperature']
2026-02-08 08:00:00;2714.514543974961;2682.03925;['pressure', 'temperature']
2026-02-08 09:00:00;2950.295008386781;2049.55625;['pressure', 'temperature']
2026-02-08 10:00:00;2459.966444061057;3419.758;['pressure', 'temperature']
2026-02-08 11:00:00;2382.4660171858045;3716.1535;['pressure', 'temperature']
2026-02-08 12:00:00;2585.9952255385583;3340.28175;['pressure', 'temperature']
2026-02-08 13:00:00;2655.219396179392;2959.019;['pressure', 'temperature']
2026-02-08 14:00:00;2705.121711183434;2486.248;['pressure', 'temperature']
2026-02-08 15:00:00;2684.97105931192;2433.7925;['pressure', 'temperature']
2026-02-08 16:00:00;2867.426268755964;3127.31125;['pressure', 'temperature']
2026-02-08 17:00:00;3169.028817267234;2999.37275;['pressure', 'temperature']
2026-02-08 18:00:00;3980.5738727117414;5183.34525;['pressure', 'temperature']
2026-02-08 19:00:00;2677.71514830636;3736.658;['pressure', 'temperature']
2026-02-08 20:00:00;3506.9241144405282;2797.79775;['pressure', 'temperature']
2026-02-08 21:00:00;3057.0507972938917;4569.61725;['pressure', 'temperature']
2026-02-08 22:00:00;2726.6750646683818;3223.9255000000003;['pressure', 'temperature']
2026-02-08 23:00:00;2324.5210017885174;2572.21625;['pressure', 'temperature']
2026-02-09 00:00:00;2736.96692631848;2426.5875;['pressure', 'temperature']
2026-02-09 01:00:00;2697.5626599535576;2814.69075;['pressure', 'temperature']
2026-02-09 02:00:00;2702.9263313897964;2158.1762500000004;['pressure', 'temperature']
2026-02-09 03:00:00;2636.5861556345335;2665.0825;['pressure', 'temperature']
2026-02-09 04:00:00;2733.7798547361;2046.7645;['pressure', 'temperature']
2026-02-09 05:00:00;2414.552134215938;3459.894;['pressure', 'temperature']
2026-02-09 06:00:00;2628.3972495018156;2796.855;['pressure', 'temperature']
2026-02-09 07:00:00;2787.0716993659;2588.22925;['pressure', 'temperature']
2026-02-09 08:00:00;2886.5464246602132;2782.715;['pressure', 'temperature']
2026-02-09 09:00:00;2858.164975362926;2941.144;['pressure', 'temperature']
2026-02-09 10:00:00;3186.309401898169;2378.2555;['pressure', 'temperature']
2026-02-09 11:00:00;2946.580034657233;1645.005;['pressure', 'temperature']
2026-02-09 12:00:00;2735.7314417638295;2864.45375;['pressure', 'temperature']
2026-02-09 13:00:00;2788.88310614785;3099.12325;['pressure', 'temperature']
2026-02-09 14:00:00;2576.2213154695673;2231.92525;['pressure', 'temperature']
2026-02-09 15:00:00;2755.606162325423;1882.14975;['pressure', 'temperature']
2026-02-09 16:00:00;3392.8535569631;2290.892;['pressure', 'temperature']
2026-02-09 17:00:00;3623.722696513292;3762.23375;['pressure', 'temperature']
2026-02-09 18:00:00;4299.6557721517165;3246.77025;['pressure', 'temperature']
2026-02-09 19:00:00;3235.172231922468;3761.3245;['pressure', 'temperature']
2026-02-09 20:00:00;3365.6741211536646;3345.93475;['pressure', 'temperature']
2026-02-09 21:00:00;3319.093467975813;3058.4565;['pressure', 'temperature']
2026-02-09 22:00:00;3096.0573049390096;3274.3425;['pressure', 'temperature']
2026-02-09 23:00:00;2767.0822040921657;3204.72675;['pressure', 'temperature']
2026-02-10 00:00:00;2867.587163748797;2312.257;['pressure', 'temperature']
2026-02-10 01:00:00;2875.9541689810303;2445.75475;['pressure', 'temperature']
2026-02-10 02:00:00;2594.81288187877;2738.38875;['pressure', 'temperature']
2026-02-10 03:00:00;2381.734660262592;2507.56425;['pressure', 'temperature']
2026-02-10 04:00:00;2412.8389302930614;2972.28575;['pressure', 'temperature']
2026-02-10 05:00:00;2536.292283579799;2894.95425;['pressure', 'temperature']
2026-02-10 06:00:00;2573.6808264507727;3762.406;['pressure', 'temperature']
2026-02-10 07:00:00;2763.6274692833076;2580.2795;['pressure', 'temperature']
2026-02-10 08:00:00;2905.5290816176603;4036.3455;['pressure', 'temperature']
2026-02-10 09:00:00;2753.1571177437654;3671.19375;['pressure', 'temperature']
2026-02-10 10:00:00;2929.323369510886;2416.94175;['pressure', 'temperature']
2026-02-10 11:00:00;2667.404726042033;2677.89175;['pressure', 'temperature']
2026-02-10 12:00:00;2535.236210485745;1806.73475;['pressure', 'temperature']
2026-02-10 13:00:00;2839.6240106089444;3154.1665;['pressure', 'temperature']
2026-02-10 14:00:00;2831.4372787982265;2227.19575;['pressure', 'temperature']
2026-02-10 15:00:00;2540.1761387101415;2543.43525;['pressure', 'temperature']
2026-02-10 16:00:00;2892.6574840354497;2576.265;['pressure', 'temperature']
2026-02-10 17:00:00;3707.656492523054;5342.617;['pressure', 'temperature']
2026-02-10 18:00:00;4272.723428770597;5926.32475;['pressure', 'temperature']
2026-02-10 19:00:00;3077.6320074062733;3875.02825;['pressure', 'temperature']
2026-02-10 20:00:00;3500.6574653503667;4273.53175;['pressure', 'temperature']
2026-02-10 21:00:00;3004.1410318581493;2881.09475;['pressure', 'temperature']
2026-02-10 22:00:00;2881.2883192190557;2286.139;['pressure', 'temperature']
2026-02-10 23:00:00;2571.6252169523573;3057.192;['pressure', 'temperature']
2026-02-11 00:00:00;2720.7055938108106;2366.50825;['pressure', 'temperature']
2026-02-11 01:00:00;2731.4061158698614;2711.8525;['pressure', 'temperature']
2026-02-11 02:00:00;2626.509924616949;2083.15775;['pressure', 'temperature']
2026-02-11 03:00:00;2405.4432186848344;2465.2165000000005;['pressure', 'temperature']
2026-02-11 04:00:00;2481.8597440213152;2897.0037500000003;['pressure', 'temperature']
2026-02-11 05:00:00;2582.0761288208846;2676.7915000000003;['pressure', 'temperature']
2026-02-11 06:00:00;2743.546594186565;2365.58925;['pressure', 'temperature']
2026-02-11 07:00:00;2740.0406723076558;3238.81225;['pressure', 'temperature']
2026-02-11 08:00:00;3147.4813278744723;2706.17225;['pressure', 'temperature']
2026-02-11 09:00:00;2927.3814849649957;3475.922;['pressure', 'temperature']
2026-02-11 10:00:00;2818.1993596381008;2244.5915;['pressure', 'temperature']
2026-02-11 11:00:00;2811.523404571251;2952.637;['pressure', 'temperature']
2026-02-11 12:00:00;2669.5106893912002;1686.3925;['pressure', 'temperature']
2026-02-11 13:00:00;2915.570661519028;3154.1665;['pressure', 'temperature']
2026-02-11 14:00:00;2777.0394761260914;2227.19575;['pressure', 'temperature']
2026-02-11 15:00:00;2981.08551022725;2543.43525;['pressure', 'temperature']
2026-02-11 16:00:00;3040.494767491364;2576.265;['pressure', 'temperature']
2026-02-11 17:00:00;3732.5482933117632;1333.5;['pressure', 'temperature']
2026-02-11 18:00:00;3940.1131588711914;3750.33275;['pressure', 'temperature']
2026-02-11 19:00:00;2887.2238785466197;3982.69175;['pressure', 'temperature']
2026-02-11 20:00:00;3130.7072633510325;3578.161;['pressure', 'temperature']
2026-02-11 21:00:00;2735.1416208066457;2482.21025;['pressure', 'temperature']
2026-02-11 22:00:00;2701.721056276071;2358.59375;['pressure', 'temperature']
2026-02-11 23:00:00;2229.0359804106474;2322.409;['pressure', 'temperature']
2026-02-12 00:00:00;2286.6162003855397;2297.366;['pressure', 'temperature']
2026-02-12 01:00:00;2476.0735326789472;2377.4665;['pressure', 'temperature']
2026-02-12 02:00:00;2211.693692745223;1861.1955;['pressure', 'temperature']
2026-02-12 03:00:00;2168.0709335403503;1835.98825;['pressure', 'temperature']
2026-02-12 04:00:00;2202.7011770427434;1987.42975;['pressure', 'temperature']
2026-02-12 05:00:00;2289.0054142038503;2928.504;['pressure', 'temperature']
2026-02-12 06:00:00;2382.132649530311;2122.81;['pressure', 'temperature']
2026-02-12 07:00:00;2658.0744235102115;2338.194;['pressure', 'temperature']
2026-02-12 08:00:00;2620.619931442361;1348.37875;['pressure', 'temperature']
2026-02-12 09:00:00;2703.367855381902;928.61625;['pressure', 'temperature']
2026-02-12 10:00:00;2525.4074054141015;2329.8340000000003;['pressure', 'temperature']
2026-02-12 11:00:00;2630.991526189093;1817.92825;['pressure', 'temperature']
2026-02-12 12:00:00;2439.75328866197;3735.537;['pressure', 'temperature']
2026-02-12 13:00:00;2627.6224769322926;2596.203;['pressure', 'temperature']
2026-02-12 14:00:00;2402.237607160795;2194.61975;['pressure', 'temperature']
2026-02-12 15:00:00;2622.304971075539;1834.60225;['pressure', 'temperature']
2026-02-12 16:00:00;2926.212352030063;2180.3565;['pressure', 'temperature']
2026-02-12 17:00:00;3688.4496807961477;3746.30075;['pressure', 'temperature']
2026-02-12 18:00:00;3749.2925763028743;4982.87875;['pressure', 'temperature']
2026-02-12 19:00:00;3032.857358563817;3386.71775;['pressure', 'temperature']
2026-02-12 20:00:00;3383.8523596394016;3613.59775;['pressure', 'temperature']
2026-02-12 21:00:00;2855.0819233444076;3065.22725;['pressure', 'temperature']
2026-02-12 22:00:00;2938.1087145234856;2475.28875;['pressure', 'temperature']
2026-02-12 23:00:00;2360.638422873728;2045.159;['pressure', 'temperature']
2026-02-13 00:00:00;2163.3744450364748;2855.48325;['pressure', 'temperature']
2026-02-13 01:00:00;2317.782023461577;2102.1375;['pressure', 'temperature']
2026-02-13 02:00:00;2747.6929692934987;2721.5535;['pressure', 'temperature']
2026-02-13 03:00:00;1984.6020172697276;2265.05425;['pressure', 'temperature']
2026-02-13 04:00:00;2010.2063589442882;2724.386;['pressure', 'temperature']
2026-02-13 05:00:00;2340.218524003966;1950.27;['pressure', 'temperature']
2026-02-13 06:00:00;2311.397845731479;2676.27525;['pressure', 'temperature']
2026-02-13 07:00:00;2395.6769701096227;1876.716;['pressure', 'temperature']
2026-02-13 08:00:00;2578.892190379794;3155.0185;['pressure', 'temperature']
2026-02-13 09:00:00;2383.8333450346704;3419.00525;['pressure', 'temperature']
2026-02-13 10:00:00;2483.690146674934;2633.61775;['pressure', 'temperature']
2026-02-13 11:00:00;2331.881697908148;3832.5985;['pressure', 'temperature']
2026-02-13 12:00:00;2623.8811302011013;2113.4985;['pressure', 'temperature']
2026-02-13 13:00:00;2525.369231421019;2406.8145;['pressure', 'temperature']
2026-02-13 14:00:00;2349.2849501575556;2225.23925;['pressure', 'temperature']
2026-02-13 15:00:00;2312.7194672335027;2112.819;['pressure', 'temperature']
2026-02-13 16:00:00;2564.1340365163487;2119.783;['pressure', 'temperature']
2026-02-13 17:00:00;3886.8038483501514;2762.934;['pressure', 'temperature']
2026-02-13 18:00:00;3292.270601065047;3519.851;['pressure', 'temperature']
2026-02-13 19:00:00;2660.592798576747;3490.8465;['pressure', 'temperature']
2026-02-13 20:00:00;3190.1367946325477;3538.6712499999994;['pressure', 'temperature']
2026-02-13 21:00:00;2929.1614268989374;3449.1785;['pressure', 'temperature']
2026-02-13 22:00:00;2679.5522637569125;2324.8065;['pressure', 'temperature']
2026-02-13 23:00:00;2203.9282495093453;3431.5795;['pressure', 'temperature']
2026-02-14 00:00:00;2699.186141135288;2411.443;['pressure', 'temperature']
2026-02-14 01:00:00;2694.254915533285;2943.3845;['pressure', 'temperature']
2026-02-14 02:00:00;2584.851636615892;2579.4275;['pressure', 'temperature']
2026-02-14 03:00:00;2609.155579980955;2204.52425;['pressure', 'temperature']
2026-02-14 04:00:00;2612.3398487990844;2660.8965000000003;['pressure', 'temperature']
2026-02-14 05:00:00;2508.0958175917917;3597.15675;['pressure', 'temperature']
2026-02-14 06:00:00;2845.1523256801856;2461.59075;['pressure', 'temperature']
2026-02-14 07:00:00;2528.5886832948077;2936.82475;['pressure', 'temperature']
2026-02-14 08:00:00;3049.791649353665;2971.81825;['pressure', 'temperature']
2026-02-14 09:00:00;2826.979261154303;2900.61125;['pressure', 'temperature']
2026-02-14 10:00:00;2295.227705953148;2713.67975;['pressure', 'temperature']
2026-02-14 11:00:00;3262.6294094091013;2756.77525;['pressure', 'temperature']
2026-02-14 12:00:00;2847.0594362952356;3727.64475;['pressure', 'temperature']
2026-02-14 13:00:00;2925.202774579013;2757.3445;['pressure', 'temperature']
2026-02-14 14:00:00;2470.2774688819604;3371.52475;['pressure', 'temperature']
2026-02-14 15:00:00;2739.767839289443;3231.48225;['pressure', 'temperature']
2026-02-14 16:00:00;2925.745904713538;4488.084;['pressure', 'temperature']
2026-02-14 17:00:00;3874.943248930136;5352.45;['pressure', 'temperature']
2026-02-14 18:00:00;4064.0382801286523;6210.828;['pressure', 'temperature']
2026-02-14 19:00:00;3237.3528721239263;1903.77525;['pressure', 'temperature']
2026-02-14 20:00:00;2932.6493580582646;2630.102;['pressure', 'temperature']
2026-02-14 21:00:00;2793.9881964596016;4245.20475;['pressure', 'temperature']
2026-02-14 22:00:00;2922.184053995339;3723.198;['pressure', 'temperature']
2026-02-14 23:00:00;2684.1799324798226;3729.623;['pressure', 'temperature']
2026-02-15 00:00:00;3127.330314571134;3933.857;['pressure', 'temperature']
2026-02-15 01:00:00;3090.3964086907067;3709.625;['pressure', 'temperature']
2026-02-15 02:00:00;2725.928019032753;3698.68875;['pressure', 'temperature']
2026-02-15 03:00:00;2475.1078553071497;3668.341;['pressure', 'temperature']
2026-02-15 04:00:00;2699.8545721830897;3783.91125;['pressure', 'temperature']
2026-02-15 05:00:00;3045.614553389168;3444.12875;['pressure', 'temperature']
2026-02-15 06:00:00;2456.2035224935557;4090.44675;['pressure', 'temperature']
2026-02-15 07:00:00;3167.405406690155;4660.0415;['pressure', 'temperature']
2026-02-15 08:00:00;2965.3648610656755;3879.998;['pressure', 'temperature']
2026-02-15 09:00:00;3220.8639203216;4359.39175;['pressure', 'temperature']
2026-02-15 10:00:00;3073.6946840633536;5136.501;['pressure', 'temperature']
2026-02-15 11:00:00;2541.5603973116686;4608.921;['pressure', 'temperature']
2026-02-15 12:00:00;3198.4688411980196;3958.311;['pressure', 'temperature']
2026-02-15 13:00:00;3284.5188464567636;2757.3445;['pressure', 'temperature']
2026-02-15 14:00:00;3169.1870892086845;3371.52475;['pressure', 'temperature']
2026-02-15 15:00:00;3467.7348277617193;3231.48225;['pressure', 'temperature']
2026-02-15 16:00:00;3423.4881614894166;5022.667;['pressure', 'temperature']
2026-02-15 17:00:00;4371.1754363664;3789.986;['pressure', 'temperature']
2026-02-15 18:00:00;4463.591789298832;1972.2715;['pressure', 'temperature']
2026-02-15 19:00:00;2756.9940537797447;1211.72575;['pressure', 'temperature']
2026-02-15 20:00:00;3294.3435525826117;2768.893;['pressure', 'temperature']
2026-02-15 21:00:00;3483.1065947789803;4284.85;['pressure', 'temperature']
2026-02-15 22:00:00;2995.1659141177406;3674.49175;['pressure', 'temperature']
2026-02-15 23:00:00;2685.4896594872957;3857.04075;['pressure', 'temperature']
2026-02-16 00:00:00;2955.4767057061163;4270.74175;['pressure', 'temperature']
2026-02-16 01:00:00;3276.7386478623266;4172.0475;['pressure', 'temperature']
2026-02-16 02:00:00;2957.703059063324;4192.84925;['pressure', 'temperature']
2026-02-16 03:00:00;2894.2153365018644;4297.218;['pressure', 'temperature']
2026-02-16 04:00:00;2885.2604804803605;3792.167;['pressure', 'temperature']
2026-02-16 05:00:00;2657.8788602104046;3905.2105;['pressure', 'temperature']
2026-02-16 06:00:00;2935.898111274292;4322.625;['pressure', 'temperature']
2026-02-16 07:00:00;3054.1230755462775;5897.072;['pressure', 'temperature']
2026-02-16 08:00:00;3348.65107769589;2816.22675;['pressure', 'temperature']
2026-02-16 09:00:00;3780.001580156236;3726.25825;['pressure', 'temperature']
2026-02-16 10:00:00;2948.7790968719282;3709.35825;['pressure', 'temperature']
2026-02-16 11:00:00;3148.137397932207;4097.0225;['pressure', 'temperature']
2026-02-16 12:00:00;3297.4178630668393;4383.431500000001;['pressure', 'temperature']
2026-02-16 13:00:00;3536.240128980548;3789.0565;['pressure', 'temperature']
2026-02-16 14:00:00;3166.1779095559623;4607.666;['pressure', 'temperature']
2026-02-16 15:00:00;3405.512598752212;4367.22325;['pressure', 'temperature']
2026-02-16 16:00:00;2811.225664297149;3437.96925;['pressure', 'temperature']
2026-02-16 17:00:00;3636.9060068056788;5117.6485;['pressure', 'temperature']
2026-02-16 18:00:00;3924.4581144579115;5031.2195;['pressure', 'temperature']
2026-02-16 19:00:00;3591.5044513864923;5013.32925;['pressure', 'temperature']
2026-02-16 20:00:00;3798.1967424294544;3950.84225;['pressure', 'temperature']
2026-02-16 21:00:00;3950.8022622554163;3260.27925;['pressure', 'temperature']
2026-02-16 22:00:00;3048.602369297938;3727.6415;['pressure', 'temperature']
2026-02-16 23:00:00;3056.929151700084;2914.66625;['pressure', 'temperature']
2026-02-17 00:00:00;3470.652351582058;3134.171;['pressure', 'temperature']
2026-02-17 01:00:00;3547.9633709070904;2905.419;['pressure', 'temperature']
2026-02-17 02:00:00;3323.2162153354902;3407.01775;['pressure', 'temperature']
2026-02-17 03:00:00;3235.2209488447998;2895.731;['pressure', 'temperature']
2026-02-17 04:00:00;3268.8354598039396;3551.5375;['pressure', 'temperature']
2026-02-17 05:00:00;3501.000546977889;3038.49075;['pressure', 'temperature']
2026-02-17 06:00:00;3587.2080863865963;2865.9880000000003;['pressure', 'temperature']
2026-02-17 07:00:00;3907.2799935955923;4217.9155;['pressure', 'temperature']
2026-02-17 08:00:00;3673.864046684732;4631.85375;['pressure', 'temperature']
2026-02-17 09:00:00;3799.8803209966713;5666.0205000000005;['pressure', 'temperature']
2026-02-17 10:00:00;3755.002318728988;3033.71925;['pressure', 'temperature']
2026-02-17 11:00:00;4059.610602726094;3668.54275;['pressure', 'temperature']
2026-02-17 12:00:00;3722.149683519119;3205.1977500000003;['pressure', 'temperature']
2026-02-17 13:00:00;3941.406592944547;3569.85825;['pressure', 'temperature']
2026-02-17 14:00:00;3680.691274956559;4546.28325;['pressure', 'temperature']
2026-02-17 15:00:00;3727.873333052125;3355.98275;['pressure', 'temperature']
2026-02-17 16:00:00;4136.967232156123;3155.60275;['pressure', 'temperature']
2026-02-17 17:00:00;4578.651700181659;3948.281;['pressure', 'temperature']
2026-02-17 18:00:00;4863.462474538956;6586.86025;['pressure', 'temperature']
2026-02-17 19:00:00;3765.434959491384;2688.89675;['pressure', 'temperature']
2026-02-17 20:00:00;4521.817306771443;4654.51275;['pressure', 'temperature']
2026-02-17 21:00:00;4294.736244380016;3142.6025;['pressure', 'temperature']
2026-02-17 22:00:00;3972.66080820808;2652.804;['pressure', 'temperature']
2026-02-17 23:00:00;3730.165280036462;2618.7905;['pressure', 'temperature']
2026-02-18 00:00:00;2975.2456321205827;3148.755;['pressure', 'temperature']
2026-02-18 01:00:00;3334.3951652690266;3693.88525;['pressure', 'temperature']
2026-02-18 02:00:00;2687.8993439430487;2656.90925;['pressure', 'temperature']
2026-02-18 03:00:00;3016.9523737374548;2022.2365;['pressure', 'temperature']
2026-02-18 04:00:00;3318.116253123415;2714.6582499999995;['pressure', 'temperature']
2026-02-18 05:00:00;3500.422702733222;3138.4825;['pressure', 'temperature']
2026-02-18 06:00:00;3519.745799979008;3251.8665;['pressure', 'temperature']
2026-02-18 07:00:00;3465.5764397220514;3767.39;['pressure', 'temperature']
2026-02-18 08:00:00;2793.5590834291916;3704.433;['pressure', 'temperature']
2026-02-18 09:00:00;3804.8700839259354;4502.9775;['pressure', 'temperature']
2026-02-18 10:00:00;3890.0916339699816;2839.84175;['pressure', 'temperature']
2026-02-18 11:00:00;3920.703884273583;3027.432;['pressure', 'temperature']
2026-02-18 12:00:00;3808.5843469605893;3523.302;['pressure', 'temperature']
2026-02-18 13:00:00;3762.352617721991;3065.7345000000005;['pressure', 'temperature']
2026-02-18 14:00:00;3703.6270925025387;3746.467;['pressure', 'temperature']
2026-02-18 15:00:00;3747.2278507027722;3357.258;['pressure', 'temperature']
2026-02-18 16:00:00;3526.280508827528;3739.85675;['pressure', 'temperature']
2026-02-18 17:00:00;4874.04094539879;5383.882;['pressure', 'temperature']
2026-02-18 18:00:00;4590.802999915351;5460.044;['pressure', 'temperature']
2026-02-18 19:00:00;3494.986982958067;3423.06;['pressure', 'temperature']
2026-02-18 20:00:00;3620.8701865305356;4988.140666666666;['pressure', 'temperature']
2026-02-18 21:00:00;3595.5510247534585;3943.082;['pressure', 'temperature']
2026-02-18 22:00:00;3617.5846650622047;3280.73875;['pressure', 'temperature']
2026-02-18 23:00:00;4216.838031170469;4189.85225;['pressure', 'temperature']
2026-02-19 00:00:00;3759.85504783391;3798.69625;['pressure', 'temperature']
2026-02-19 01:00:00;3790.1172248032262;3470.1565;['pressure', 'temperature']
2026-02-19 02:00:00;3555.812194416137;3887.978;['pressure', 'temperature']
2026-02-19 03:00:00;3532.5499964780493;3463.55225;['pressure', 'temperature']
2026-02-19 04:00:00;3500.2560800482743;3694.54025;['pressure', 'temperature']
2026-02-19 05:00:00;3494.7384907250653;4024.671;['pressure', 'temperature']
2026-02-19 06:00:00;3765.9333200784945;3976.81075;['pressure', 'temperature']
2026-02-19 07:00:00;3971.5129336893006;4254.63175;['pressure', 'temperature']
2026-02-19 08:00:00;4180.171192673826;5451.65625;['pressure', 'temperature']
2026-02-19 09:00:00;4336.585562943805;4617.72725;['pressure', 'temperature']
2026-02-19 10:00:00;3676.2202612199735;4048.07275;['pressure', 'temperature']
2026-02-19 11:00:00;3773.365515297792;4006.33275;['pressure', 'temperature']
2026-02-19 12:00:00;3599.1504781084004;2886.07425;['pressure', 'temperature']
2026-02-19 13:00:00;3465.9430752362223;3151.84075;['pressure', 'temperature']
2026-02-19 14:00:00;3763.0711803962613;2118.81075;['pressure', 'temperature']
2026-02-19 15:00:00;3655.1852548383986;2872.442;['pressure', 'temperature']
2026-02-19 16:00:00;3757.8806802064346;3774.00675;['pressure', 'temperature']
2026-02-19 17:00:00;4837.636839617506;5136.79725;['pressure', 'temperature']
2026-02-19 18:00:00;5085.614763111671;5757.4375;['pressure', 'temperature']
2026-02-19 19:00:00;4053.2335545935593;2808.28475;['pressure', 'temperature']
2026-02-19 20:00:00;4319.872740675586;4316.30025;['pressure', 'temperature']
2026-02-19 21:00:00;3868.268857727318;4116.61075;['pressure', 'temperature']
2026-02-19 22:00:00;4056.447503961769;3227.96925;['pressure', 'temperature']
2026-02-19 23:00:00;4066.89152136615;3393.52525;['pressure', 'temperature']
2026-02-20 00:00:00;3523.7132672222274;3867.99625;['pressure', 'temperature']
2026-02-20 01:00:00;3715.0417815049236;3100.64225;['pressure', 'temperature']
2026-02-20 02:00:00;3397.595584619071;2828.1715;['pressure', 'temperature']
2026-02-20 03:00:00;3266.174874063947;4158.9235;['pressure', 'temperature']
2026-02-20 04:00:00;3415.812641505945;3933.11075;['pressure', 'temperature']
2026-02-20 05:00:00;3596.2332770196263;3965.08175;['pressure', 'temperature']
2026-02-20 06:00:00;3632.376156583092;3080.9115;['pressure', 'temperature']
2026-02-20 07:00:00;4052.3484938769966;4425.24725;['pressure', 'temperature']
2026-02-20 08:00:00;3586.98668131654;5264.822999999999;['pressure', 'temperature']
2026-02-20 09:00:00;4356.385074982248;3476.0955;['pressure', 'temperature']
2026-02-20 10:00:00;3928.051792570391;3282.589;['pressure', 'temperature']
2026-02-20 11:00:00;3964.9991502104513;3600.80525;['pressure', 'temperature']
2026-02-20 12:00:00;3742.753600245868;4432.64325;['pressure', 'temperature']
2026-02-20 13:00:00;3499.964934179657;2361.1320000000005;['pressure', 'temperature']
2026-02-20 14:00:00;3782.9585260980793;1551.0443333333333;['pressure', 'temperature']
2026-02-20 15:00:00;3612.30565491382;2872.442;['pressure', 'temperature']
2026-02-20 16:00:00;3951.4417815191728;3774.00675;['pressure', 'temperature']
2026-02-20 17:00:00;4414.959152231446;5136.79725;['pressure', 'temperature']
2026-02-20 18:00:00;5270.991168286579;5177.334;['pressure', 'temperature']
2026-02-20 19:00:00;3680.9432281782097;5452.91475;['pressure', 'temperature']
2026-02-20 20:00:00;4391.484797818285;5548.0960000000005;['pressure', 'temperature']
2026-02-20 21:00:00;4081.703824472716;4351.4605;['pressure', 'temperature']
2026-02-20 22:00:00;3554.4534652698967;4562.4445;['pressure', 'temperature']
2026-02-20 23:00:00;3650.651275687195;3240.04275;['pressure', 'temperature']
2026-01-20 00:00:00;3483.089835210123;3324.11425;['precipitation', 'temperature']
2026-01-20 01:00:00;3304.180636172823;3196.69175;['precipitation', 'temperature']
2026-01-20 02:00:00;3207.726906295558;3564.13325;['precipitation', 'temperature']
2026-01-20 03:00:00;3011.04277063713;2707.383;['precipitation', 'temperature']
2026-01-20 04:00:00;3354.847821454491;2789.41325;['precipitation', 'temperature']
2026-01-20 05:00:00;3037.4186203695235;2898.3705;['precipitation', 'temperature']
2026-01-20 06:00:00;3276.5503610365995;3033.4665;['precipitation', 'temperature']
2026-01-20 07:00:00;3503.896053643546;3828.01275;['precipitation', 'temperature']
2026-01-20 08:00:00;3458.6264031019864;3828.861;['precipitation', 'temperature']
2026-01-20 09:00:00;3074.854353355614;3481.7545;['precipitation', 'temperature']
2026-01-20 10:00:00;3179.9438099688705;3349.58575;['precipitation', 'temperature']
2026-01-20 11:00:00;3176.8150754537855;2320.389;['precipitation', 'temperature']
2026-01-20 12:00:00;3458.191846089879;1065.9830000000002;['precipitation', 'temperature']
2026-01-20 13:00:00;3566.980270127377;2686.33025;['precipitation', 'temperature']
2026-01-20 14:00:00;3476.643413870938;3281.29675;['precipitation', 'temperature']
2026-01-20 15:00:00;3573.699287833462;2185.54725;['precipitation', 'temperature']
2026-01-20 16:00:00;3555.5264608220223;3583.29175;['precipitation', 'temperature']
2026-01-20 17:00:00;3466.58789511171;5103.80775;['precipitation', 'temperature']
2026-01-20 18:00:00;3298.503779475657;5433.498250000001;['precipitation', 'temperature']
2026-01-20 19:00:00;3736.1447940497615;3254.337;['precipitation', 'temperature']
2026-01-20 20:00:00;3689.6279606689677;4163.027;['precipitation', 'temperature']
2026-01-20 21:00:00;3634.93162426235;3972.6565;['precipitation', 'temperature']
2026-01-20 22:00:00;3270.0018629431743;3771.60525;['precipitation', 'temperature']
2026-01-20 23:00:00;3302.8557777148662;3864.2335;['precipitation', 'temperature']
2026-01-21 00:00:00;3831.4845798964193;3600.33125;['precipitation', 'temperature']
2026-01-21 01:00:00;3491.8323176535823;3360.08675;['precipitation', 'temperature']
2026-01-21 02:00:00;3520.298931093918;3005.55825;['precipitation', 'temperature']
2026-01-21 03:00:00;3151.341268226537;3117.1915;['precipitation', 'temperature']
2026-01-21 04:00:00;3247.3172054291904;3537.741;['precipitation', 'temperature']
2026-01-21 05:00:00;3279.140573490265;3386.89575;['precipitation', 'temperature']
2026-01-21 06:00:00;3352.95361835334;2914.7335;['precipitation', 'temperature']
2026-01-21 07:00:00;3537.470469427426;4593.3165;['precipitation', 'temperature']
2026-01-21 08:00:00;3413.5165481113536;4870.53275;['precipitation', 'temperature']
2026-01-21 09:00:00;3425.26766292259;2633.8055;['precipitation', 'temperature']
2026-01-21 10:00:00;3336.5178628840613;1883.37975;['precipitation', 'temperature']
2026-01-21 11:00:00;3203.1362016884414;1246.6372500000002;['precipitation', 'temperature']
2026-01-21 12:00:00;2960.4140876870138;3255.17325;['precipitation', 'temperature']
2026-01-21 13:00:00;3460.860370534986;3642.69175;['precipitation', 'temperature']
2026-01-21 14:00:00;3406.8661124611313;3443.1165;['precipitation', 'temperature']
2026-01-21 15:00:00;3497.0215225674856;2767.1085000000003;['precipitation', 'temperature']
2026-01-21 16:00:00;3868.415632546873;2878.73225;['precipitation', 'temperature']
2026-01-21 17:00:00;3571.4817749971953;5212.20875;['precipitation', 'temperature']
2026-01-21 18:00:00;4093.8736516851995;5884.1085;['precipitation', 'temperature']
2026-01-21 19:00:00;3365.69899868934;5043.75125;['precipitation', 'temperature']
2026-01-21 20:00:00;3776.024678543789;4514.99425;['precipitation', 'temperature']
2026-01-21 21:00:00;3880.675583709994;3905.21425;['precipitation', 'temperature']
2026-01-21 22:00:00;3823.8365833215207;4084.417;['precipitation', 'temperature']
2026-01-21 23:00:00;3750.565587725283;3505.25175;['precipitation', 'temperature']
2026-01-22 00:00:00;3831.2706840006267;4382.88325;['precipitation', 'temperature']
2026-01-22 01:00:00;3682.4236680068293;3667.35;['precipitation', 'temperature']
2026-01-22 02:00:00;3506.704640715796;3949.475;['precipitation', 'temperature']
2026-01-22 03:00:00;3379.912785770815;3619.1745;['precipitation', 'temperature']
2026-01-22 04:00:00;3790.947779282397;3195.02325;['precipitation', 'temperature']
2026-01-22 05:00:00;3489.411065779074;3207.64475;['precipitation', 'temperature']
2026-01-22 06:00:00;3473.808148781477;3834.892;['precipitation', 'temperature']
2026-01-22 07:00:00;3988.1518548005974;3332.436;['precipitation', 'temperature']
2026-01-22 08:00:00;4152.220940732593;4101.32475;['precipitation', 'temperature']
2026-01-22 09:00:00;3234.265453789265;2792.25975;['precipitation', 'temperature']
2026-01-22 10:00:00;2993.8952134649717;3343.5355;['precipitation', 'temperature']
2026-01-22 11:00:00;3334.060399046972;1024.81275;['precipitation', 'temperature']
2026-01-22 12:00:00;3133.061133989844;2345.626;['precipitation', 'temperature']
2026-01-22 13:00:00;3588.764891235369;4000.7015;['precipitation', 'temperature']
2026-01-22 14:00:00;3734.4226655903294;3066.969;['precipitation', 'temperature']
2026-01-22 15:00:00;3458.219476444875;2576.49325;['precipitation', 'temperature']
2026-01-22 16:00:00;3784.371994442089;4892.4605;['precipitation', 'temperature']
2026-01-22 17:00:00;3986.5167726963537;4693.0;['precipitation', 'temperature']
2026-01-22 18:00:00;4776.3409541237825;5675.33575;['precipitation', 'temperature']
2026-01-22 19:00:00;5199.5988262394985;5423.83425;['precipitation', 'temperature']
2026-01-22 20:00:00;4327.64874566676;5436.4;['precipitation', 'temperature']
2026-01-22 21:00:00;4089.5245963281577;3945.58875;['precipitation', 'temperature']
2026-01-22 22:00:00;4148.911786948858;3972.6965;['precipitation', 'temperature']
2026-01-22 23:00:00;3694.285169440205;2663.9855;['precipitation', 'temperature']
2026-01-23 00:00:00;3671.867341322951;3361.307;['precipitation', 'temperature']
2026-01-23 01:00:00;3664.9647085067245;3379.777;['precipitation', 'temperature']
2026-01-23 02:00:00;3770.887292371069;3830.91175;['precipitation', 'temperature']
2026-01-23 03:00:00;3512.888800428154;3616.4825;['precipitation', 'temperature']
2026-01-23 04:00:00;3587.399354816001;3049.29125;['precipitation', 'temperature']
2026-01-23 05:00:00;3405.228271875792;3813.81625;['precipitation', 'temperature']
2026-01-23 06:00:00;3652.145718821773;2841.50725;['precipitation', 'temperature']
2026-01-23 07:00:00;3793.0342378523846;3103.87025;['precipitation', 'temperature']
2026-01-23 08:00:00;4066.076606675857;769.03125;['precipitation', 'temperature']
2026-01-23 09:00:00;3102.3221139037187;1197.06775;['precipitation', 'temperature']
2026-01-23 10:00:00;3235.4170129079557;2176.22575;['precipitation', 'temperature']
2026-01-23 11:00:00;2683.1943811797587;2017.9665;['precipitation', 'temperature']
2026-01-23 12:00:00;2857.0446961147873;3823.25725;['precipitation', 'temperature']
2026-01-23 13:00:00;3779.4601523962297;2267.88875;['precipitation', 'temperature']
2026-01-23 14:00:00;3612.327950795678;3227.23325;['precipitation', 'temperature']
2026-01-23 15:00:00;3188.85347092989;2640.10975;['precipitation', 'temperature']
2026-01-23 16:00:00;4546.9065264042365;4200.918250000001;['precipitation', 'temperature']
2026-01-23 17:00:00;4752.036711824072;4261.9315;['precipitation', 'temperature']
2026-01-23 18:00:00;4456.203056703178;3950.993750000001;['precipitation', 'temperature']
2026-01-23 19:00:00;3919.310010869375;3119.8;['precipitation', 'temperature']
2026-01-23 20:00:00;3918.0912866362705;3737.94975;['precipitation', 'temperature']
2026-01-23 21:00:00;4286.159037646588;3837.417;['precipitation', 'temperature']
2026-01-23 22:00:00;4316.068750388838;3223.48975;['precipitation', 'temperature']
2026-01-23 23:00:00;3577.8977577406986;2826.59125;['precipitation', 'temperature']
2026-01-24 00:00:00;3397.3000426756203;2617.28325;['precipitation', 'temperature']
2026-01-24 01:00:00;3196.235592839354;3046.392;['precipitation', 'temperature']
2026-01-24 02:00:00;3328.203751787576;3411.9126666666666;['precipitation', 'temperature']
2026-01-24 03:00:00;3071.9658767155533;2343.45825;['precipitation', 'temperature']
2026-01-24 04:00:00;3014.7682323142394;2843.999;['precipitation', 'temperature']
2026-01-24 05:00:00;3155.2415236987767;2873.38325;['precipitation', 'temperature']
2026-01-24 06:00:00;3021.2002947261076;2907.02775;['precipitation', 'temperature']
2026-01-24 07:00:00;3143.1918542453027;2334.60825;['precipitation', 'temperature']
2026-01-24 08:00:00;3093.443998280525;2823.44275;['precipitation', 'temperature']
2026-01-24 09:00:00;2082.084274150893;2442.53925;['precipitation', 'temperature']
2026-01-24 10:00:00;2519.64411227572;2516.7375;['precipitation', 'temperature']
2026-01-24 11:00:00;2169.895816817591;3611.406;['precipitation', 'temperature']
2026-01-24 12:00:00;2931.768537122755;4243.43825;['precipitation', 'temperature']
2026-01-24 13:00:00;2630.614268588769;2192.474;['precipitation', 'temperature']
2026-01-24 14:00:00;3106.5578220353686;3156.505;['precipitation', 'temperature']
2026-01-24 15:00:00;2644.856685242252;2829.875;['precipitation', 'temperature']
2026-01-24 16:00:00;3571.751596396788;4099.4695;['precipitation', 'temperature']
2026-01-24 17:00:00;3758.01940031819;5198.8237500000005;['precipitation', 'temperature']
2026-01-24 18:00:00;4130.812070940539;4884.75125;['precipitation', 'temperature']
2026-01-24 19:00:00;3352.1885488016924;2075.6825;['precipitation', 'temperature']
2026-01-24 20:00:00;3598.981272419409;4323.9585;['precipitation', 'temperature']
2026-01-24 21:00:00;3426.3869486069375;3607.17925;['precipitation', 'temperature']
2026-01-24 22:00:00;3251.9968584914777;3738.1285;['precipitation', 'temperature']
2026-01-24 23:00:00;2586.8846609756324;3432.4435;['precipitation', 'temperature']
2026-01-25 00:00:00;3283.26065263369;3474.86325;['precipitation', 'temperature']
2026-01-25 01:00:00;3213.6478321385257;3669.751;['precipitation', 'temperature']
2026-01-25 02:00:00;3395.496257992749;4048.164;['precipitation', 'temperature']
2026-01-25 03:00:00;2819.6641340345145;2848.222;['precipitation', 'temperature']
2026-01-25 04:00:00;3058.923247360926;2863.81;['precipitation', 'temperature']
2026-01-25 05:00:00;2953.8480639360237;3194.791;['precipitation', 'temperature']
2026-01-25 06:00:00;3022.4982767861397;3292.455;['precipitation', 'temperature']
2026-01-25 07:00:00;2931.158798762152;2925.93075;['precipitation', 'temperature']
2026-01-25 08:00:00;3288.693226775998;2567.88425;['precipitation', 'temperature']
2026-01-25 09:00:00;2482.100356822942;2779.9095;['precipitation', 'temperature']
2026-01-25 10:00:00;2645.2844786779174;4691.433;['precipitation', 'temperature']
2026-01-25 11:00:00;2966.6568708000523;4666.953;['precipitation', 'temperature']
2026-01-25 12:00:00;3428.7303695888577;4243.43825;['precipitation', 'temperature']
2026-01-25 13:00:00;2705.6115442097635;2192.474;['precipitation', 'temperature']
2026-01-25 14:00:00;3217.0533722294676;3354.488666666666;['precipitation', 'temperature']
2026-01-25 15:00:00;2988.180403937192;2592.30825;['precipitation', 'temperature']
2026-01-25 16:00:00;3714.9685353283107;2440.2725;['precipitation', 'temperature']
2026-01-25 17:00:00;4233.200313773717;4202.912;['precipitation', 'temperature']
2026-01-25 18:00:00;4651.301963178272;1737.12275;['precipitation', 'temperature']
2026-01-25 19:00:00;3566.6864402681263;958.94425;['precipitation', 'temperature']
2026-01-25 20:00:00;4142.216711436729;3723.2195;['precipitation', 'temperature']
2026-01-25 21:00:00;3530.865410885026;2804.4895;['precipitation', 'temperature']
2026-01-25 22:00:00;3643.3443819459203;3094.9155;['precipitation', 'temperature']
2026-01-25 23:00:00;3148.7981453620805;2390.568;['precipitation', 'temperature']
2026-01-26 00:00:00;2721.4011155959033;3275.88325;['precipitation', 'temperature']
2026-01-26 01:00:00;3026.11233037997;2851.27575;['precipitation', 'temperature']
2026-01-26 02:00:00;3358.1631250420965;2314.45425;['precipitation', 'temperature']
2026-01-26 03:00:00;2616.306329732566;2804.119;['precipitation', 'temperature']
2026-01-26 04:00:00;2777.9480443392076;1930.60775;['precipitation', 'temperature']
2026-01-26 05:00:00;2889.077146315208;2723.21625;['precipitation', 'temperature']
2026-01-26 06:00:00;2959.0367025287783;2888.58725;['precipitation', 'temperature']
2026-01-26 07:00:00;2907.3551049323933;2713.859;['precipitation', 'temperature']
2026-01-26 08:00:00;2612.3169254662384;4417.67925;['precipitation', 'temperature']
2026-01-26 09:00:00;2482.8874679335845;3356.1275;['precipitation', 'temperature']
2026-01-26 10:00:00;3338.1251128925715;3438.948;['precipitation', 'temperature']
2026-01-26 11:00:00;3353.2073027128677;3563.75175;['precipitation', 'temperature']
2026-01-26 12:00:00;3427.7600431234587;2427.02325;['precipitation', 'temperature']
2026-01-26 13:00:00;2411.190990579479;2582.1835;['precipitation', 'temperature']
2026-01-26 14:00:00;3101.5487014954924;2928.6145;['precipitation', 'temperature']
2026-01-26 15:00:00;2698.9627335047603;3789.735;['precipitation', 'temperature']
2026-01-26 16:00:00;3036.4023876717665;4572.9445;['precipitation', 'temperature']
2026-01-26 17:00:00;3541.634466310604;5266.107;['precipitation', 'temperature']
2026-01-26 18:00:00;2998.193723086176;4283.08325;['precipitation', 'temperature']
2026-01-26 19:00:00;2256.0119411710502;2424.01675;['precipitation', 'temperature']
2026-01-26 20:00:00;3441.4394790811943;4279.203;['precipitation', 'temperature']
2026-01-26 21:00:00;3190.614058858717;3742.166;['precipitation', 'temperature']
2026-01-26 22:00:00;3237.468798688459;4314.9745;['precipitation', 'temperature']
2026-01-26 23:00:00;2720.560752054852;2969.2475;['precipitation', 'temperature']
2026-01-27 00:00:00;3447.7282221510523;2830.22625;['precipitation', 'temperature']
2026-01-27 01:00:00;3232.848472286829;2744.937;['precipitation', 'temperature']
2026-01-27 02:00:00;3301.5207166132786;3257.3167500000004;['precipitation', 'temperature']
2026-01-27 03:00:00;3001.189998497826;2912.7870000000003;['precipitation', 'temperature']
2026-01-27 04:00:00;3250.0522649052773;2666.22525;['precipitation', 'temperature']
2026-01-27 05:00:00;3060.4755083011887;2944.02975;['precipitation', 'temperature']
2026-01-27 06:00:00;3155.8144500580984;3157.67;['precipitation', 'temperature']
2026-01-27 07:00:00;3079.453463360413;4838.0755;['precipitation', 'temperature']
2026-01-27 08:00:00;3652.967101308909;4393.29025;['precipitation', 'temperature']
2026-01-27 09:00:00;3057.663931651606;5051.76225;['precipitation', 'temperature']
2026-01-27 10:00:00;3279.245171992241;2729.127;['precipitation', 'temperature']
2026-01-27 11:00:00;3307.049036091354;5356.0235;['precipitation', 'temperature']
2026-01-27 12:00:00;3249.1100580971097;4141.3775000000005;['precipitation', 'temperature']
2026-01-27 13:00:00;2701.470649280832;5016.7125;['precipitation', 'temperature']
2026-01-27 14:00:00;3366.0212796197993;4572.88175;['precipitation', 'temperature']
2026-01-27 15:00:00;3484.063421445123;5905.1945;['precipitation', 'temperature']
2026-01-27 16:00:00;4203.274856622131;3749.44675;['precipitation', 'temperature']
2026-01-27 17:00:00;4078.933387146445;4949.617;['precipitation', 'temperature']
2026-01-27 18:00:00;4504.564563496083;4155.69975;['precipitation', 'temperature']
2026-01-27 19:00:00;2836.0230656228173;2501.7875;['precipitation', 'temperature']
2026-01-27 20:00:00;4231.635948778196;4555.15975;['precipitation', 'temperature']
2026-01-27 21:00:00;3854.1433333330006;4213.807;['precipitation', 'temperature']
2026-01-27 22:00:00;4072.898231013927;3972.591;['precipitation', 'temperature']
2026-01-27 23:00:00;3227.5422676134094;2477.69175;['precipitation', 'temperature']
2026-01-28 00:00:00;3130.767705487463;2930.86175;['precipitation', 'temperature']
2026-01-28 01:00:00;3487.4468913578185;2799.0625;['precipitation', 'temperature']
2026-01-28 02:00:00;3710.3083111725646;2599.72025;['precipitation', 'temperature']
2026-01-28 03:00:00;3406.3709534502004;2659.1175000000003;['precipitation', 'temperature']
2026-01-28 04:00:00;3342.039749982298;2997.5885;['precipitation', 'temperature']
2026-01-28 05:00:00;3372.2479514165107;3240.1315;['precipitation', 'temperature']
2026-01-28 06:00:00;3535.2843465425703;3348.08375;['precipitation', 'temperature']
2026-01-28 07:00:00;4321.626175342995;2768.882;['precipitation', 'temperature']
2026-01-28 08:00:00;4011.8628987763286;3758.438;['precipitation', 'temperature']
2026-01-28 09:00:00;4375.134569330592;4153.29825;['precipitation', 'temperature']
2026-01-28 10:00:00;3555.8003495912435;3485.40875;['precipitation', 'temperature']
2026-01-28 11:00:00;3774.514956101396;2457.739;['precipitation', 'temperature']
2026-01-28 12:00:00;3959.340636459001;2199.971;['precipitation', 'temperature']
2026-01-28 13:00:00;4287.38983606096;2714.47975;['precipitation', 'temperature']
2026-01-28 14:00:00;4178.051949450938;2314.87675;['precipitation', 'temperature']
2026-01-28 15:00:00;3712.036402037137;2226.03375;['precipitation', 'temperature']
2026-01-28 16:00:00;4214.3105182004565;2161.29975;['precipitation', 'temperature']
2026-01-28 17:00:00;4699.820953292129;4241.76125;['precipitation', 'temperature']
2026-01-28 18:00:00;4585.925177562199;4462.1295;['precipitation', 'temperature']
2026-01-28 19:00:00;3514.153219991796;3273.2575;['precipitation', 'temperature']
2026-01-28 20:00:00;4621.826432137208;4066.16375;['precipitation', 'temperature']
2026-01-28 21:00:00;4269.520253965739;3350.293;['precipitation', 'temperature']
2026-01-28 22:00:00;4151.537226103276;3015.4385;['precipitation', 'temperature']
2026-01-28 23:00:00;3520.890086943567;2959.08775;['precipitation', 'temperature']
2026-01-29 00:00:00;3118.868577851081;3130.11525;['precipitation', 'temperature']
2026-01-29 01:00:00;2897.0723726409724;2990.9015;['precipitation', 'temperature']
2026-01-29 02:00:00;2979.848784241795;3271.22725;['precipitation', 'temperature']
2026-01-29 03:00:00;2909.295901067097;3629.855;['precipitation', 'temperature']
2026-01-29 04:00:00;2796.5900487546396;2829.71625;['precipitation', 'temperature']
2026-01-29 05:00:00;2953.609334067248;3074.8425;['precipitation', 'temperature']
2026-01-29 06:00:00;3049.975756741189;2983.11375;['precipitation', 'temperature']
2026-01-29 07:00:00;2686.860246393385;2818.86525;['precipitation', 'temperature']
2026-01-29 08:00:00;3337.6411791511637;2361.08125;['precipitation', 'temperature']
2026-01-29 09:00:00;3439.211636272179;3292.206;['precipitation', 'temperature']
2026-01-29 10:00:00;3024.1689034071806;3860.7405;['precipitation', 'temperature']
2026-01-29 11:00:00;2639.9072660141646;4322.213;['precipitation', 'temperature']
2026-01-29 12:00:00;3080.8685338372925;3233.9055;['precipitation', 'temperature']
2026-01-29 13:00:00;2705.2832826437016;3161.515;['precipitation', 'temperature']
2026-01-29 14:00:00;2896.812325206779;3518.00425;['precipitation', 'temperature']
2026-01-29 15:00:00;2710.9259039690446;3397.26675;['precipitation', 'temperature']
2026-01-29 16:00:00;3413.231242357857;3804.59875;['precipitation', 'temperature']
2026-01-29 17:00:00;4456.491885110926;3048.346;['precipitation', 'temperature']
2026-01-29 18:00:00;4361.586794737347;3831.81075;['precipitation', 'temperature']
2026-01-29 19:00:00;3069.4707704224884;4592.51725;['precipitation', 'temperature']
2026-01-29 20:00:00;3842.011363240595;3198.797;['precipitation', 'temperature']
2026-01-29 21:00:00;3347.6930594091245;3905.9085;['precipitation', 'temperature']
2026-01-29 22:00:00;3535.783152687328;2584.36575;['precipitation', 'temperature']
2026-01-29 23:00:00;2820.9083423358443;2977.50875;['precipitation', 'temperature']
2026-01-30 00:00:00;3197.883878310957;2930.24125;['precipitation', 'temperature']
2026-01-30 01:00:00;3108.6081458250333;3045.52575;['precipitation', 'temperature']
2026-01-30 02:00:00;3287.1302929906046;3382.778;['precipitation', 'temperature']
2026-01-30 03:00:00;3157.957055965323;2108.5750000000003;['precipitation', 'temperature']
2026-01-30 04:00:00;2971.728525953145;2711.36825;['precipitation', 'temperature']
2026-01-30 05:00:00;3032.425595292026;2823.3405;['precipitation', 'temperature']
2026-01-30 06:00:00;3110.1030769420668;2810.056;['precipitation', 'temperature']
2026-01-30 07:00:00;3164.1654318123306;2569.47575;['precipitation', 'temperature']
2026-01-30 08:00:00;3172.9233968328826;3011.00925;['precipitation', 'temperature']
2026-01-30 09:00:00;3166.3312286181363;3970.83225;['precipitation', 'temperature']
2026-01-30 10:00:00;3397.5061314961645;4316.86625;['precipitation', 'temperature']
2026-01-30 11:00:00;3587.8395161687085;3255.9585;['precipitation', 'temperature']
2026-01-30 12:00:00;3109.7076679362167;3856.16275;['precipitation', 'temperature']
2026-01-30 13:00:00;3055.7782723772907;5804.923;['precipitation', 'temperature']
2026-01-30 14:00:00;3414.883035104304;3518.00425;['precipitation', 'temperature']
2026-01-30 15:00:00;3332.422861759292;3397.26675;['precipitation', 'temperature']
2026-01-30 16:00:00;3658.7050441510187;2872.316;['precipitation', 'temperature']
2026-01-30 17:00:00;3415.9665835152464;4624.5915;['precipitation', 'temperature']
2026-01-30 18:00:00;3870.6676871596505;3331.67425;['precipitation', 'temperature']
2026-01-30 19:00:00;3689.6907145516843;2540.943;['precipitation', 'temperature']
2026-01-30 20:00:00;3567.086546800799;3665.77125;['precipitation', 'temperature']
2026-01-30 21:00:00;3748.5848134695793;2802.63575;['precipitation', 'temperature']
2026-01-30 22:00:00;3593.23971100632;3011.39175;['precipitation', 'temperature']
2026-01-30 23:00:00;3072.564541838112;2593.54575;['precipitation', 'temperature']
2026-01-31 00:00:00;2996.49895524112;3173.0025;['precipitation', 'temperature']
2026-01-31 01:00:00;3027.4682949325684;3842.7335;['precipitation', 'temperature']
2026-01-31 02:00:00;3206.8451258898353;3099.48925;['precipitation', 'temperature']
2026-01-31 03:00:00;2649.300592087899;3333.14125;['precipitation', 'temperature']
2026-01-31 04:00:00;3007.8261864087895;2831.7290000000003;['precipitation', 'temperature']
2026-01-31 05:00:00;2942.5958601458665;2721.9165000000003;['precipitation', 'temperature']
2026-01-31 06:00:00;3003.3758786958815;3373.83025;['precipitation', 'temperature']
2026-01-31 07:00:00;2939.9884739721806;3361.293;['precipitation', 'temperature']
2026-01-31 08:00:00;3104.66676300279;3424.02625;['precipitation', 'temperature']
2026-01-31 09:00:00;3429.641330006566;3892.46575;['precipitation', 'temperature']
2026-01-31 10:00:00;3561.4187956571623;4093.56525;['precipitation', 'temperature']
2026-01-31 11:00:00;3229.5826993271453;3468.38725;['precipitation', 'temperature']
2026-01-31 12:00:00;3227.242916038592;3645.032;['precipitation', 'temperature']
2026-01-31 13:00:00;3664.1197365291964;3006.9835;['precipitation', 'temperature']
2026-01-31 14:00:00;3358.9897237596347;3079.298;['precipitation', 'temperature']
2026-01-31 15:00:00;3277.7938188591606;3843.243;['precipitation', 'temperature']
2026-01-31 16:00:00;3281.3291815126017;2761.37025;['precipitation', 'temperature']
2026-01-31 17:00:00;4039.202619556083;2594.62925;['precipitation', 'temperature']
2026-01-31 18:00:00;3794.008364919432;5439.38975;['precipitation', 'temperature']
2026-01-31 19:00:00;3436.5242748043634;4224.091;['precipitation', 'temperature']
2026-01-31 20:00:00;3748.5496339684028;3178.35475;['precipitation', 'temperature']
2026-01-31 21:00:00;3300.7941158695176;4102.47225;['precipitation', 'temperature']
2026-01-31 22:00:00;3329.5434027117562;4452.82625;['precipitation', 'temperature']
2026-01-31 23:00:00;2874.2850131525597;1587.8345;['precipitation', 'temperature']
2026-02-01 00:00:00;2817.968098887845;1227.2925;['precipitation', 'temperature']
2026-02-01 01:00:00;3107.162277891107;986.55825;['precipitation', 'temperature']
2026-02-01 02:00:00;3148.234764095024;523.318;['precipitation', 'temperature']
2026-02-01 03:00:00;3072.7540793120857;419.4962499999999;['precipitation', 'temperature']
2026-02-01 04:00:00;2985.8878553138006;809.1597499999999;['precipitation', 'temperature']
2026-02-01 05:00:00;2925.57448519689;879.83475;['precipitation', 'temperature']
2026-02-01 06:00:00;3263.324274494843;644.55125;['precipitation', 'temperature']
2026-02-01 07:00:00;3348.585973291417;2779.7565000000004;['precipitation', 'temperature']
2026-02-01 08:00:00;3298.090441696497;4242.7392500000005;['precipitation', 'temperature']
2026-02-01 09:00:00;3494.378066166379;4539.58225;['precipitation', 'temperature']
2026-02-01 10:00:00;3387.465973323476;3902.5285;['precipitation', 'temperature']
2026-02-01 11:00:00;3206.4083130936738;3690.70825;['precipitation', 'temperature']
2026-02-01 12:00:00;3215.059942215112;3770.9095;['precipitation', 'temperature']
2026-02-01 13:00:00;3154.3086169735748;3929.826;['precipitation', 'temperature']
2026-02-01 14:00:00;3342.561073807707;2997.2215;['precipitation', 'temperature']
2026-02-01 15:00:00;3512.763239363197;3139.48325;['precipitation', 'temperature']
2026-02-01 16:00:00;3384.059470584291;4010.29575;['precipitation', 'temperature']
2026-02-01 17:00:00;3556.3359587831737;3188.33075;['precipitation', 'temperature']
2026-02-01 18:00:00;4263.3107300336;4498.370000000001;['precipitation', 'temperature']
2026-02-01 19:00:00;3253.3229491451907;5959.908;['precipitation', 'temperature']
2026-02-01 20:00:00;3770.058165030785;2655.0615;['precipitation', 'temperature']
2026-02-01 21:00:00;3803.043535671771;4070.45725;['precipitation', 'temperature']
2026-02-01 22:00:00;3912.652194588558;3704.6875;['precipitation', 'temperature']
2026-02-01 23:00:00;2601.026719152611;4307.6215;['precipitation', 'temperature']
2026-02-02 00:00:00;3266.1554783679644;4194.2355;['precipitation', 'temperature']
2026-02-02 01:00:00;3152.7443316973395;3838.329;['precipitation', 'temperature']
2026-02-02 02:00:00;2948.9052914404197;3883.407;['precipitation', 'temperature']
2026-02-02 03:00:00;2523.813827544382;2908.932;['precipitation', 'temperature']
2026-02-02 04:00:00;2645.350489460278;3679.78875;['precipitation', 'temperature']
2026-02-02 05:00:00;2533.326042728303;2860.6365;['precipitation', 'temperature']
2026-02-02 06:00:00;2587.1266722959435;3718.30325;['precipitation', 'temperature']
2026-02-02 07:00:00;3105.5460752494405;4196.75575;['precipitation', 'temperature']
2026-02-02 08:00:00;3524.9403715596018;3431.86475;['precipitation', 'temperature']
2026-02-02 09:00:00;3590.160106140566;3188.44575;['precipitation', 'temperature']
2026-02-02 10:00:00;3400.7832181800222;3551.37525;['precipitation', 'temperature']
2026-02-02 11:00:00;3280.7893592701676;3092.7580000000003;['precipitation', 'temperature']
2026-02-02 12:00:00;3244.045976944959;2944.382;['precipitation', 'temperature']
2026-02-02 13:00:00;3379.1392408240163;3419.67125;['precipitation', 'temperature']
2026-02-02 14:00:00;3250.5298809416227;2483.34625;['precipitation', 'temperature']
2026-02-02 15:00:00;3204.6855496064813;3997.7985;['precipitation', 'temperature']
2026-02-02 16:00:00;3419.3675504047515;3957.9355;['precipitation', 'temperature']
2026-02-02 17:00:00;3720.0212364282615;6156.93275;['precipitation', 'temperature']
2026-02-02 18:00:00;4029.809291780165;5374.7855;['precipitation', 'temperature']
2026-02-02 19:00:00;4522.0483852340685;4602.8735;['precipitation', 'temperature']
2026-02-02 20:00:00;3481.767257334108;4762.261;['precipitation', 'temperature']
2026-02-02 21:00:00;3685.727363192457;2763.79025;['precipitation', 'temperature']
2026-02-02 22:00:00;3318.091181636112;3169.481;['precipitation', 'temperature']
2026-02-02 23:00:00;3249.9783080484804;2885.26125;['precipitation', 'temperature']
2026-02-03 00:00:00;3174.284394162191;3208.07325;['precipitation', 'temperature']
2026-02-03 01:00:00;2842.7794482481922;2903.31075;['precipitation', 'temperature']
2026-02-03 02:00:00;3357.6985974851295;2636.27025;['precipitation', 'temperature']
2026-02-03 03:00:00;2775.946823944935;3501.708;['precipitation', 'temperature']
2026-02-03 04:00:00;3195.7213826144693;3136.13775;['precipitation', 'temperature']
2026-02-03 05:00:00;2817.148420224942;3059.192;['precipitation', 'temperature']
2026-02-03 06:00:00;3322.6505403705164;3381.67525;['precipitation', 'temperature']
2026-02-03 07:00:00;3258.9306094261306;2936.9875;['precipitation', 'temperature']
2026-02-03 08:00:00;3362.0713156591164;2881.34175;['precipitation', 'temperature']
2026-02-03 09:00:00;3158.8127112349084;3689.56575;['precipitation', 'temperature']
2026-02-03 10:00:00;3665.7489711079534;4700.9365;['precipitation', 'temperature']
2026-02-03 11:00:00;3318.158603521168;4837.66625;['precipitation', 'temperature']
2026-02-03 12:00:00;3164.8834756958404;3223.52525;['precipitation', 'temperature']
2026-02-03 13:00:00;3564.5166867881426;3071.254;['precipitation', 'temperature']
2026-02-03 14:00:00;3305.8693597130145;4405.00475;['precipitation', 'temperature']
2026-02-03 15:00:00;3303.064747159463;3237.20825;['precipitation', 'temperature']
2026-02-03 16:00:00;3362.9742291627203;4089.68875;['precipitation', 'temperature']
2026-02-03 17:00:00;4507.716405076058;5304.03325;['precipitation', 'temperature']
2026-02-03 18:00:00;4479.548586547261;5559.15675;['precipitation', 'temperature']
2026-02-03 19:00:00;4086.456695680513;3708.947;['precipitation', 'temperature']
2026-02-03 20:00:00;4054.7715736096243;3665.57175;['precipitation', 'temperature']
2026-02-03 21:00:00;3625.532316944274;3451.28325;['precipitation', 'temperature']
2026-02-03 22:00:00;3565.5225812042527;3417.2;['precipitation', 'temperature']
2026-02-03 23:00:00;3203.0589640234443;4015.31775;['precipitation', 'temperature']
2026-02-04 00:00:00;3625.6262420866046;3004.00075;['precipitation', 'temperature']
2026-02-04 01:00:00;3431.386713175279;3396.32175;['precipitation', 'temperature']
2026-02-04 02:00:00;3364.9250926631726;3114.4585;['precipitation', 'temperature']
2026-02-04 03:00:00;3393.83914388875;2805.3185;['precipitation', 'temperature']
2026-02-04 04:00:00;3210.4191129959545;2795.15475;['precipitation', 'temperature']
2026-02-04 05:00:00;3027.989581528315;2969.17225;['precipitation', 'temperature']
2026-02-04 06:00:00;3238.989665419734;3460.06175;['precipitation', 'temperature']
2026-02-04 07:00:00;3634.300222439625;3189.5730000000003;['precipitation', 'temperature']
2026-02-04 08:00:00;3339.233118707653;3796.666;['precipitation', 'temperature']
2026-02-04 09:00:00;3453.3017107043074;3479.20375;['precipitation', 'temperature']
2026-02-04 10:00:00;3348.5905904651245;4332.7065;['precipitation', 'temperature']
2026-02-04 11:00:00;3658.21173909712;2879.26525;['precipitation', 'temperature']
2026-02-04 12:00:00;3549.5333698465597;2504.1825;['precipitation', 'temperature']
2026-02-04 13:00:00;3370.9821971724095;2285.1665;['precipitation', 'temperature']
2026-02-04 14:00:00;3777.311042252556;1426.6965;['precipitation', 'temperature']
2026-02-04 15:00:00;3648.909554433132;1973.97525;['precipitation', 'temperature']
2026-02-04 16:00:00;4035.763281685383;3078.4485;['precipitation', 'temperature']
2026-02-04 17:00:00;4279.009190780598;3131.75175;['precipitation', 'temperature']
2026-02-04 18:00:00;4584.137460321494;3145.325;['precipitation', 'temperature']
2026-02-04 19:00:00;3496.5247609922685;2937.0585;['precipitation', 'temperature']
2026-02-04 20:00:00;3734.825179296711;2372.80775;['precipitation', 'temperature']
2026-02-04 21:00:00;3930.9617714570413;2626.7202500000003;['precipitation', 'temperature']
2026-02-04 22:00:00;3668.512990558614;3097.12075;['precipitation', 'temperature']
2026-02-04 23:00:00;3332.371211649156;2309.46375;['precipitation', 'temperature']
2026-02-05 00:00:00;2493.6718421214064;2383.21975;['precipitation', 'temperature']
2026-02-05 01:00:00;2797.140836889077;2960.2615;['precipitation', 'temperature']
2026-02-05 02:00:00;2777.7899054823497;2172.40875;['precipitation', 'temperature']
2026-02-05 03:00:00;2636.4242272106953;2315.36425;['precipitation', 'temperature']
2026-02-05 04:00:00;2654.734307905943;2231.8865;['precipitation', 'temperature']
2026-02-05 05:00:00;2664.2619625304797;2299.616;['precipitation', 'temperature']
2026-02-05 06:00:00;3005.9400502376407;2751.74825;['precipitation', 'temperature']
2026-02-05 07:00:00;3141.957580479576;2285.11125;['precipitation', 'temperature']
2026-02-05 08:00:00;3391.7122917879406;2690.5555;['precipitation', 'temperature']
2026-02-05 09:00:00;3206.2394836297144;2209.523;['precipitation', 'temperature']
2026-02-05 10:00:00;3345.811198900902;2035.103;['precipitation', 'temperature']
2026-02-05 11:00:00;3064.9539002341253;3871.413;['precipitation', 'temperature']
2026-02-05 12:00:00;3078.0933345612393;2481.76625;['precipitation', 'temperature']
2026-02-05 13:00:00;2719.1339273863596;2475.083;['precipitation', 'temperature']
2026-02-05 14:00:00;2886.6708658749385;2266.7945;['precipitation', 'temperature']
2026-02-05 15:00:00;2811.026197040134;3025.16625;['precipitation', 'temperature']
2026-02-05 16:00:00;3547.6403424920923;3120.888;['precipitation', 'temperature']
2026-02-05 17:00:00;4142.804451387802;5058.1865;['precipitation', 'temperature']
2026-02-05 18:00:00;4300.140629672341;4388.71075;['precipitation', 'temperature']
2026-02-05 19:00:00;3733.974013619239;2322.8345;['precipitation', 'temperature']
2026-02-05 20:00:00;3584.369134176787;2892.934;['precipitation', 'temperature']
2026-02-05 21:00:00;3445.722167803712;2691.11;['precipitation', 'temperature']
2026-02-05 22:00:00;3599.3553988460826;2040.70725;['precipitation', 'temperature']
2026-02-05 23:00:00;2624.733404731176;2318.614;['precipitation', 'temperature']
2026-02-06 00:00:00;2440.2995788672724;2417.388;['precipitation', 'temperature']
2026-02-06 01:00:00;2494.4205206946526;3028.649;['precipitation', 'temperature']
2026-02-06 02:00:00;2539.5392913249943;2456.4425;['precipitation', 'temperature']
2026-02-06 03:00:00;2384.5253794235578;1991.96825;['precipitation', 'temperature']
2026-02-06 04:00:00;2423.913621069438;2168.60175;['precipitation', 'temperature']
2026-02-06 05:00:00;2479.5748325484633;2554.5777500000004;['precipitation', 'temperature']
2026-02-06 06:00:00;2598.9305300897304;2480.9035;['precipitation', 'temperature']
2026-02-06 07:00:00;2764.7105784620344;2516.1095;['precipitation', 'temperature']
2026-02-06 08:00:00;2944.7771294717622;2358.27875;['precipitation', 'temperature']
2026-02-06 09:00:00;3398.8123266679413;3043.82875;['precipitation', 'temperature']
2026-02-06 10:00:00;3455.4427317368636;1863.571;['precipitation', 'temperature']
2026-02-06 11:00:00;2933.956285985245;1953.389;['precipitation', 'temperature']
2026-02-06 12:00:00;3054.189185224768;2709.674;['precipitation', 'temperature']
2026-02-06 13:00:00;2284.849754570374;2834.37725;['precipitation', 'temperature']
2026-02-06 14:00:00;2513.441352502072;3653.3685;['precipitation', 'temperature']
2026-02-06 15:00:00;2880.0955140875485;3025.16625;['precipitation', 'temperature']
2026-02-06 16:00:00;3228.7361744823884;3120.888;['precipitation', 'temperature']
2026-02-06 17:00:00;3633.325220679527;5058.1865;['precipitation', 'temperature']
2026-02-06 18:00:00;4256.142510067042;4388.71075;['precipitation', 'temperature']
2026-02-06 19:00:00;3232.6986920342188;2322.8345;['precipitation', 'temperature']
2026-02-06 20:00:00;3434.693442819596;2892.934;['precipitation', 'temperature']
2026-02-06 21:00:00;3325.076685748407;2691.11;['precipitation', 'temperature']
2026-02-06 22:00:00;3176.735389280524;2040.70725;['precipitation', 'temperature']
2026-02-06 23:00:00;2524.0964868657948;2318.614;['precipitation', 'temperature']
2026-02-07 00:00:00;2370.052836083596;2417.388;['precipitation', 'temperature']
2026-02-07 01:00:00;2457.0217074364027;3028.649;['precipitation', 'temperature']
2026-02-07 02:00:00;2421.664466475076;2456.4425;['precipitation', 'temperature']
2026-02-07 03:00:00;2140.952222344798;1991.96825;['precipitation', 'temperature']
2026-02-07 04:00:00;2221.945752485565;2168.60175;['precipitation', 'temperature']
2026-02-07 05:00:00;2337.2491307417977;2554.5777500000004;['precipitation', 'temperature']
2026-02-07 06:00:00;2448.394914596727;2480.9035;['precipitation', 'temperature']
2026-02-07 07:00:00;2607.529051571882;2516.1095;['precipitation', 'temperature']
2026-02-07 08:00:00;2713.355828775614;2358.27875;['precipitation', 'temperature']
2026-02-07 09:00:00;2650.4467041245343;3043.82875;['precipitation', 'temperature']
2026-02-07 10:00:00;2527.298068001983;1863.571;['precipitation', 'temperature']
2026-02-07 11:00:00;2587.734585007629;1953.389;['precipitation', 'temperature']
2026-02-07 12:00:00;2553.5416995629976;2709.674;['precipitation', 'temperature']
2026-02-07 13:00:00;2592.6290300294413;2834.37725;['precipitation', 'temperature']
2026-02-07 14:00:00;2657.7722936624023;3653.3685;['precipitation', 'temperature']
2026-02-07 15:00:00;2668.366727376345;2864.2456666666667;['precipitation', 'temperature']
2026-02-07 16:00:00;3004.0406727487575;2075.1228333333333;['precipitation', 'temperature']
2026-02-07 17:00:00;3971.4748003846053;1286.0;['precipitation', 'temperature']
2026-02-07 18:00:00;4052.462757723895;1953.83375;['precipitation', 'temperature']
2026-02-07 19:00:00;3058.214506220655;1765.97475;['precipitation', 'temperature']
2026-02-07 20:00:00;3129.222469397069;4467.39375;['precipitation', 'temperature']
2026-02-07 21:00:00;3018.7087593232136;4289.70725;['precipitation', 'temperature']
2026-02-07 22:00:00;3256.0238294944893;2769.21075;['precipitation', 'temperature']
2026-02-07 23:00:00;2287.429955718975;2518.1585;['precipitation', 'temperature']
2026-02-08 00:00:00;2630.3191488328357;2938.06875;['precipitation', 'temperature']
2026-02-08 01:00:00;2750.641250995638;2957.5335;['precipitation', 'temperature']
2026-02-08 02:00:00;2550.8404033305537;1970.80175;['precipitation', 'temperature']
2026-02-08 03:00:00;2230.8463844797934;2352.781;['precipitation', 'temperature']
2026-02-08 04:00:00;2320.2549067920913;2566.9445;['precipitation', 'temperature']
2026-02-08 05:00:00;2401.2001742246325;2694.618;['precipitation', 'temperature']
2026-02-08 06:00:00;2501.606612989417;3327.3340000000003;['precipitation', 'temperature']
2026-02-08 07:00:00;2594.8837238299193;2645.92225;['precipitation', 'temperature']
2026-02-08 08:00:00;2732.349348509873;2682.03925;['precipitation', 'temperature']
2026-02-08 09:00:00;3027.771860803773;2049.55625;['precipitation', 'temperature']
2026-02-08 10:00:00;2468.0936336972873;3419.758;['precipitation', 'temperature']
2026-02-08 11:00:00;2356.59190219557;3716.1535;['precipitation', 'temperature']
2026-02-08 12:00:00;2643.468413938827;3340.28175;['precipitation', 'temperature']
2026-02-08 13:00:00;2635.745909517481;2959.019;['precipitation', 'temperature']
2026-02-08 14:00:00;2777.695107866173;2486.248;['precipitation', 'temperature']
2026-02-08 15:00:00;2677.730267991119;2433.7925;['precipitation', 'temperature']
2026-02-08 16:00:00;2861.5348884459054;3127.31125;['precipitation', 'temperature']
2026-02-08 17:00:00;3169.9850245426246;2999.37275;['precipitation', 'temperature']
2026-02-08 18:00:00;3826.4744769597883;5183.34525;['precipitation', 'temperature']
2026-02-08 19:00:00;2553.334029531946;3736.658;['precipitation', 'temperature']
2026-02-08 20:00:00;3666.175111983863;2797.79775;['precipitation', 'temperature']
2026-02-08 21:00:00;3066.78894121479;4569.61725;['precipitation', 'temperature']
2026-02-08 22:00:00;2804.7802816483622;3223.9255000000003;['precipitation', 'temperature']
2026-02-08 23:00:00;2400.902664157292;2572.21625;['precipitation', 'temperature']
2026-02-09 00:00:00;2816.9848859132067;2426.5875;['precipitation', 'temperature']
2026-02-09 01:00:00;2813.7324731096855;2814.69075;['precipitation', 'temperature']
2026-02-09 02:00:00;2864.8484963067885;2158.1762500000004;['precipitation', 'temperature']
2026-02-09 03:00:00;2606.9545333200804;2665.0825;['precipitation', 'temperature']
2026-02-09 04:00:00;2751.213692626725;2046.7645;['precipitation', 'temperature']
2026-02-09 05:00:00;2495.607222259151;3459.894;['precipitation', 'temperature']
2026-02-09 06:00:00;2782.2912619529875;2796.855;['precipitation', 'temperature']
2026-02-09 07:00:00;2890.556036218927;2588.22925;['precipitation', 'temperature']
2026-02-09 08:00:00;2773.0444333882406;2782.715;['precipitation', 'temperature']
2026-02-09 09:00:00;2632.2691585599473;2941.144;['precipitation', 'temperature']
2026-02-09 10:00:00;2827.0402902648684;2378.2555;['precipitation', 'temperature']
2026-02-09 11:00:00;2886.464090748542;1645.005;['precipitation', 'temperature']
2026-02-09 12:00:00;2810.263941077184;2864.45375;['precipitation', 'temperature']
2026-02-09 13:00:00;2631.399074470604;3099.12325;['precipitation', 'temperature']
2026-02-09 14:00:00;2366.1678791902705;2231.92525;['precipitation', 'temperature']
2026-02-09 15:00:00;2854.417553917449;1882.14975;['precipitation', 'temperature']
2026-02-09 16:00:00;2918.9818376027483;2290.892;['precipitation', 'temperature']
2026-02-09 17:00:00;3533.0291464034285;3762.23375;['precipitation', 'temperature']
2026-02-09 18:00:00;4222.1135358235915;3246.77025;['precipitation', 'temperature']
2026-02-09 19:00:00;3131.298119793257;3761.3245;['precipitation', 'temperature']
2026-02-09 20:00:00;3239.4593804004908;3345.93475;['precipitation', 'temperature']
2026-02-09 21:00:00;3357.2817080270825;3058.4565;['precipitation', 'temperature']
2026-02-09 22:00:00;3208.9972921216267;3274.3425;['precipitation', 'temperature']
2026-02-09 23:00:00;2631.050526846072;3204.72675;['precipitation', 'temperature']
2026-02-10 00:00:00;2822.774662795123;2312.257;['precipitation', 'temperature']
2026-02-10 01:00:00;2827.825222676709;2445.75475;['precipitation', 'temperature']
2026-02-10 02:00:00;2576.621229103959;2738.38875;['precipitation', 'temperature']
2026-02-10 03:00:00;2378.8700782008245;2507.56425;['precipitation', 'temperature']
2026-02-10 04:00:00;2379.8261539182445;2972.28575;['precipitation', 'temperature']
2026-02-10 05:00:00;2574.0515113324846;2894.95425;['precipitation', 'temperature']
2026-02-10 06:00:00;2475.370985294767;3762.406;['precipitation', 'temperature']
2026-02-10 07:00:00;2719.6001493751655;2580.2795;['precipitation', 'temperature']
2026-02-10 08:00:00;2841.030362402267;4036.3455;['precipitation', 'temperature']
2026-02-10 09:00:00;2768.1890334084383;3671.19375;['precipitation', 'temperature']
2026-02-10 10:00:00;2903.3602805216283;2416.94175;['precipitation', 'temperature']
2026-02-10 11:00:00;2766.287797941447;2677.89175;['precipitation', 'temperature']
2026-02-10 12:00:00;2503.6851545775417;1806.73475;['precipitation', 'temperature']
2026-02-10 13:00:00;2698.381990955624;3154.1665;['precipitation', 'temperature']
2026-02-10 14:00:00;2692.9937321454327;2227.19575;['precipitation', 'temperature']
2026-02-10 15:00:00;2401.93918497479;2543.43525;['precipitation', 'temperature']
2026-02-10 16:00:00;2856.9795474814946;2576.265;['precipitation', 'temperature']
2026-02-10 17:00:00;3998.7366622007885;5342.617;['precipitation', 'temperature']
2026-02-10 18:00:00;4117.924112364347;5926.32475;['precipitation', 'temperature']
2026-02-10 19:00:00;3118.8945501308826;3875.02825;['precipitation', 'temperature']
2026-02-10 20:00:00;3401.119503390528;4273.53175;['precipitation', 'temperature']
2026-02-10 21:00:00;3070.1611391274364;2881.09475;['precipitation', 'temperature']
2026-02-10 22:00:00;2795.4431577810674;2286.139;['precipitation', 'temperature']
2026-02-10 23:00:00;2616.895925990138;3057.192;['precipitation', 'temperature']
2026-02-11 00:00:00;2706.0174758298535;2366.50825;['precipitation', 'temperature']
2026-02-11 01:00:00;2725.6217378181036;2711.8525;['precipitation', 'temperature']
2026-02-11 02:00:00;2608.8539530898493;2083.15775;['precipitation', 'temperature']
2026-02-11 03:00:00;2291.1003498799028;2465.2165000000005;['precipitation', 'temperature']
2026-02-11 04:00:00;2424.35061354341;2897.0037500000003;['precipitation', 'temperature']
2026-02-11 05:00:00;2566.6706245942;2676.7915000000003;['precipitation', 'temperature']
2026-02-11 06:00:00;2735.44793371751;2365.58925;['precipitation', 'temperature']
2026-02-11 07:00:00;2725.5738840157246;3238.81225;['precipitation', 'temperature']
2026-02-11 08:00:00;3168.6355408261325;2706.17225;['precipitation', 'temperature']
2026-02-11 09:00:00;2919.2828244959405;3475.922;['precipitation', 'temperature']
2026-02-11 10:00:00;2713.2660519903957;2244.5915;['precipitation', 'temperature']
2026-02-11 11:00:00;2862.6764044491806;2952.637;['precipitation', 'temperature']
2026-02-11 12:00:00;2798.804001463954;1686.3925;['precipitation', 'temperature']
2026-02-11 13:00:00;3053.386468861557;3154.1665;['precipitation', 'temperature']
2026-02-11 14:00:00;2754.8385255035328;2227.19575;['precipitation', 'temperature']
2026-02-11 15:00:00;2954.698120090531;2543.43525;['precipitation', 'temperature']
2026-02-11 16:00:00;2992.702370945954;2576.265;['precipitation', 'temperature']
2026-02-11 17:00:00;3845.942794044185;1333.5;['precipitation', 'temperature']
2026-02-11 18:00:00;4053.5076596036133;3750.33275;['precipitation', 'temperature']
2026-02-11 19:00:00;2945.8258377751354;3982.69175;['precipitation', 'temperature']
2026-02-11 20:00:00;3236.7631715541575;3578.161;['precipitation', 'temperature']
2026-02-11 21:00:00;2698.379200152349;2482.21025;['precipitation', 'temperature']
2026-02-11 22:00:00;2669.3994010026336;2358.59375;['precipitation', 'temperature']
2026-02-11 23:00:00;2169.1194765043974;2322.409;['precipitation', 'temperature']
2026-02-12 00:00:00;2353.381142077892;2297.366;['precipitation', 'temperature']
2026-02-12 01:00:00;2606.2226224921797;2377.4665;['precipitation', 'temperature']
2026-02-12 02:00:00;2196.4350562706136;1861.1955;['precipitation', 'temperature']
2026-02-12 03:00:00;2216.442671974188;1835.98825;['precipitation', 'temperature']
2026-02-12 04:00:00;2131.987790507099;1987.42975;['precipitation', 'temperature']
2026-02-12 05:00:00;2320.2618534128346;2928.504;['precipitation', 'temperature']
2026-02-12 06:00:00;2350.25539122953;2122.81;['precipitation', 'temperature']
2026-02-12 07:00:00;2635.7303988520084;2338.194;['precipitation', 'temperature']
2026-02-12 08:00:00;2581.7235996552517;1348.37875;['precipitation', 'temperature']
2026-02-12 09:00:00;2620.7070887803393;928.61625;['precipitation', 'temperature']
2026-02-12 10:00:00;2390.7255359072656;2329.8340000000003;['precipitation', 'temperature']
2026-02-12 11:00:00;2653.740200581793;1817.92825;['precipitation', 'temperature']
2026-02-12 12:00:00;2487.127700244917;3735.537;['precipitation', 'temperature']
2026-02-12 13:00:00;2532.9100898473316;2596.203;['precipitation', 'temperature']
2026-02-12 14:00:00;2318.288418928373;2194.61975;['precipitation', 'temperature']
2026-02-12 15:00:00;2592.3452018265766;1834.60225;['precipitation', 'temperature']
2026-02-12 16:00:00;2848.5862591192963;2180.3565;['precipitation', 'temperature']
2026-02-12 17:00:00;3680.0558209328665;3746.30075;['precipitation', 'temperature']
2026-02-12 18:00:00;3744.7835278409602;4982.87875;['precipitation', 'temperature']
2026-02-12 19:00:00;3008.9728752264145;3386.71775;['precipitation', 'temperature']
2026-02-12 20:00:00;3373.0868338215305;3613.59775;['precipitation', 'temperature']
2026-02-12 21:00:00;2762.5061481979233;3065.22725;['precipitation', 'temperature']
2026-02-12 22:00:00;2803.6072496797356;2475.28875;['precipitation', 'temperature']
2026-02-12 23:00:00;2266.836565879099;2045.159;['precipitation', 'temperature']
2026-02-13 00:00:00;2194.4332104478517;2855.48325;['precipitation', 'temperature']
2026-02-13 01:00:00;2302.176051171538;2102.1375;['precipitation', 'temperature']
2026-02-13 02:00:00;2648.159827203655;2721.5535;['precipitation', 'temperature']
2026-02-13 03:00:00;2008.0388229948253;2265.05425;['precipitation', 'temperature']
2026-02-13 04:00:00;2037.6289587367687;2724.386;['precipitation', 'temperature']
2026-02-13 05:00:00;2388.311605239852;1950.27;['precipitation', 'temperature']
2026-02-13 06:00:00;2291.57238339017;2676.27525;['precipitation', 'temperature']
2026-02-13 07:00:00;2448.3582216355016;1876.716;['precipitation', 'temperature']
2026-02-13 08:00:00;2360.865277690585;3155.0185;['precipitation', 'temperature']
2026-02-13 09:00:00;2461.9424453764673;3419.00525;['precipitation', 'temperature']
2026-02-13 10:00:00;2526.483443488899;2633.61775;['precipitation', 'temperature']
2026-02-13 11:00:00;2192.3235008866636;3832.5985;['precipitation', 'temperature']
2026-02-13 12:00:00;2741.2205047433376;2113.4985;['precipitation', 'temperature']
2026-02-13 13:00:00;2563.2818367066634;2406.8145;['precipitation', 'temperature']
2026-02-13 14:00:00;2422.4884795154658;2225.23925;['precipitation', 'temperature']
2026-02-13 15:00:00;2359.1478195894597;2112.819;['precipitation', 'temperature']
2026-02-13 16:00:00;2581.6789431325597;2119.783;['precipitation', 'temperature']
2026-02-13 17:00:00;4101.775833213433;2762.934;['precipitation', 'temperature']
2026-02-13 18:00:00;3319.294587881453;3519.851;['precipitation', 'temperature']
2026-02-13 19:00:00;2933.320177421962;3490.8465;['precipitation', 'temperature']
2026-02-13 20:00:00;3198.496017044657;3538.6712499999994;['precipitation', 'temperature']
2026-02-13 21:00:00;2921.3073562354853;3449.1785;['precipitation', 'temperature']
2026-02-13 22:00:00;2686.723944207352;2324.8065;['precipitation', 'temperature']
2026-02-13 23:00:00;2276.319015653144;3431.5795;['precipitation', 'temperature']
2026-02-14 00:00:00;2700.0463019629246;2411.443;['precipitation', 'temperature']
2026-02-14 01:00:00;2699.035798368673;2943.3845;['precipitation', 'temperature']
2026-02-14 02:00:00;2654.519002643724;2579.4275;['precipitation', 'temperature']
2026-02-14 03:00:00;2495.7518781987283;2204.52425;['precipitation', 'temperature']
2026-02-14 04:00:00;2531.831425947522;2660.8965000000003;['precipitation', 'temperature']
2026-02-14 05:00:00;2471.9020920058542;3597.15675;['precipitation', 'temperature']
2026-02-14 06:00:00;2399.3808413051856;2461.59075;['precipitation', 'temperature']
2026-02-14 07:00:00;2479.690873312508;2936.82475;['precipitation', 'temperature']
2026-02-14 08:00:00;3165.06923724429;2971.81825;['precipitation', 'temperature']
2026-02-14 09:00:00;3047.376897567877;2900.61125;['precipitation', 'temperature']
2026-02-14 10:00:00;2761.4780034995347;2713.67975;['precipitation', 'temperature']
2026-02-14 11:00:00;3416.2669216161325;2756.77525;['precipitation', 'temperature']
2026-02-14 12:00:00;2663.6518892981653;3727.64475;['precipitation', 'temperature']
2026-02-14 13:00:00;2976.2471166200285;2757.3445;['precipitation', 'temperature']
2026-02-14 14:00:00;2400.0156476119714;3371.52475;['precipitation', 'temperature']
2026-02-14 15:00:00;2808.5501268870994;3231.48225;['precipitation', 'temperature']
2026-02-14 16:00:00;2817.1785981949834;4488.084;['precipitation', 'temperature']
2026-02-14 17:00:00;3693.8392908002534;5352.45;['precipitation', 'temperature']
2026-02-14 18:00:00;3593.535045265371;6210.828;['precipitation', 'temperature']
2026-02-14 19:00:00;3096.963589897364;1903.77525;['precipitation', 'temperature']
2026-02-14 20:00:00;3037.4586079361943;2630.102;['precipitation', 'temperature']
2026-02-14 21:00:00;2893.264624682258;4245.20475;['precipitation', 'temperature']
2026-02-14 22:00:00;2841.936953165261;3723.198;['precipitation', 'temperature']
2026-02-14 23:00:00;2678.302582626307;3729.623;['precipitation', 'temperature']
2026-02-15 00:00:00;2813.5147094075596;3933.857;['precipitation', 'temperature']
2026-02-15 01:00:00;2874.321817054049;3709.625;['precipitation', 'temperature']
2026-02-15 02:00:00;2803.267111287392;3698.68875;['precipitation', 'temperature']
2026-02-15 03:00:00;2550.7865528932093;3668.341;['precipitation', 'temperature']
2026-02-15 04:00:00;2483.6211127104334;3783.91125;['precipitation', 'temperature']
2026-02-15 05:00:00;2686.3693827959064;3444.12875;['precipitation', 'temperature']
2026-02-15 06:00:00;2727.262047579005;4090.44675;['precipitation', 'temperature']
2026-02-15 07:00:00;2997.4082448249205;4660.0415;['precipitation', 'temperature']
2026-02-15 08:00:00;3005.44561629944;3879.998;['precipitation', 'temperature']
2026-02-15 09:00:00;3222.0763074065608;4359.39175;['precipitation', 'temperature']
2026-02-15 10:00:00;3288.4870081295157;5136.501;['precipitation', 'temperature']
2026-02-15 11:00:00;2575.3284637179186;4608.921;['precipitation', 'temperature']
2026-02-15 12:00:00;3338.644225719504;3958.311;['precipitation', 'temperature']
2026-02-15 13:00:00;3092.895990316627;2757.3445;['precipitation', 'temperature']
2026-02-15 14:00:00;2972.900605444036;3371.52475;['precipitation', 'temperature']
2026-02-15 15:00:00;3447.520350222657;3231.48225;['precipitation', 'temperature']
2026-02-15 16:00:00;2603.3401512355103;5022.667;['precipitation', 'temperature']
2026-02-15 17:00:00;4335.949423182807;3789.986;['precipitation', 'temperature']
2026-02-15 18:00:00;4460.467704826176;1972.2715;['precipitation', 'temperature']
2026-02-15 19:00:00;2931.381596504354;1211.72575;['precipitation', 'temperature']
2026-02-15 20:00:00;3053.8027505806585;2768.893;['precipitation', 'temperature']
2026-02-15 21:00:00;3324.350773550953;4284.85;['precipitation', 'temperature']
2026-02-15 22:00:00;3075.3094268435707;3674.49175;['precipitation', 'temperature']
2026-02-15 23:00:00;2345.4507648339754;3857.04075;['precipitation', 'temperature']
2026-02-16 00:00:00;2713.0883542656866;4270.74175;['precipitation', 'temperature']
2026-02-16 01:00:00;3272.0954794129248;4172.0475;['precipitation', 'temperature']
2026-02-16 02:00:00;2746.7964371303406;4192.84925;['precipitation', 'temperature']
2026-02-16 03:00:00;2877.3999287488737;4297.218;['precipitation', 'temperature']
2026-02-16 04:00:00;2674.353858547377;3792.167;['precipitation', 'temperature']
2026-02-16 05:00:00;2559.94615147017;3905.2105;['precipitation', 'temperature']
2026-02-16 06:00:00;2934.962955405762;4322.625;['precipitation', 'temperature']
2026-02-16 07:00:00;3033.597547592176;5897.072;['precipitation', 'temperature']
2026-02-16 08:00:00;3334.772919126554;2816.22675;['precipitation', 'temperature']
2026-02-16 09:00:00;3726.8691491259624;3726.25825;['precipitation', 'temperature']
2026-02-16 10:00:00;2978.1266310516157;3709.35825;['precipitation', 'temperature']
2026-02-16 11:00:00;3300.8696977368945;4097.0225;['precipitation', 'temperature']
2026-02-16 12:00:00;3272.247651274847;4383.431500000001;['precipitation', 'temperature']
2026-02-16 13:00:00;3529.2942061289855;3789.0565;['precipitation', 'temperature']
2026-02-16 14:00:00;3029.7223584085013;4607.666;['precipitation', 'temperature']
2026-02-16 15:00:00;3263.5748717777246;4367.22325;['precipitation', 'temperature']
2026-02-16 16:00:00;2937.610521474883;3437.96925;['precipitation', 'temperature']
2026-02-16 17:00:00;3604.34039401271;5117.6485;['precipitation', 'temperature']
2026-02-16 18:00:00;3973.705581498927;5031.2195;['precipitation', 'temperature']
2026-02-16 19:00:00;3436.7015186472345;5013.32925;['precipitation', 'temperature']
2026-02-16 20:00:00;3897.417613401134;3950.84225;['precipitation', 'temperature']
2026-02-16 21:00:00;3991.50874418901;3260.27925;['precipitation', 'temperature']
2026-02-16 22:00:00;3066.352582920985;3727.6415;['precipitation', 'temperature']
2026-02-16 23:00:00;3077.3103086214705;2914.66625;['precipitation', 'temperature']
2026-02-17 00:00:00;3493.8808977246363;3134.171;['precipitation', 'temperature']
2026-02-17 01:00:00;3581.9576927302105;2905.419;['precipitation', 'temperature']
2026-02-17 02:00:00;3387.6675207248945;3407.01775;['precipitation', 'temperature']
2026-02-17 03:00:00;3281.583781867871;2895.731;['precipitation', 'temperature']
2026-02-17 04:00:00;3193.790156459213;3551.5375;['precipitation', 'temperature']
2026-02-17 05:00:00;3461.393977687728;3038.49075;['precipitation', 'temperature']
2026-02-17 06:00:00;3481.347704306518;2865.9880000000003;['precipitation', 'temperature']
2026-02-17 07:00:00;3922.4717355389516;4217.9155;['precipitation', 'temperature']
2026-02-17 08:00:00;3526.706560722818;4631.85375;['precipitation', 'temperature']
2026-02-17 09:00:00;3489.7939257329995;5666.0205000000005;['precipitation', 'temperature']
2026-02-17 10:00:00;3785.7668450961755;3033.71925;['precipitation', 'temperature']
2026-02-17 11:00:00;3919.6359358922164;3668.54275;['precipitation', 'temperature']
2026-02-17 12:00:00;3716.6993051011505;3205.1977500000003;['precipitation', 'temperature']
2026-02-17 13:00:00;3975.7271724733555;3569.85825;['precipitation', 'temperature']
2026-02-17 14:00:00;3661.6829579628456;4546.28325;['precipitation', 'temperature']
2026-02-17 15:00:00;3780.86939914557;3355.98275;['precipitation', 'temperature']
2026-02-17 16:00:00;4065.956947732295;3155.60275;['precipitation', 'temperature']
2026-02-17 17:00:00;4304.423833055194;3948.281;['precipitation', 'temperature']
2026-02-17 18:00:00;4821.811368658218;6586.86025;['precipitation', 'temperature']
2026-02-17 19:00:00;3781.8979492985127;2688.89675;['precipitation', 'temperature']
2026-02-17 20:00:00;4460.455993905232;4654.51275;['precipitation', 'temperature']
2026-02-17 21:00:00;4270.866905390758;3142.6025;['precipitation', 'temperature']
2026-02-17 22:00:00;3869.6347767139396;2652.804;['precipitation', 'temperature']
2026-02-17 23:00:00;3695.12331836654;2618.7905;['precipitation', 'temperature']
2026-02-18 00:00:00;2970.844669290993;3148.755;['precipitation', 'temperature']
2026-02-18 01:00:00;3414.4892700358723;3693.88525;['precipitation', 'temperature']
2026-02-18 02:00:00;2685.807333445002;2656.90925;['precipitation', 'temperature']
2026-02-18 03:00:00;2624.771354908109;2022.2365;['precipitation', 'temperature']
2026-02-18 04:00:00;3224.16093085779;2714.6582499999995;['precipitation', 'temperature']
2026-02-18 05:00:00;3436.99516672248;3138.4825;['precipitation', 'temperature']
2026-02-18 06:00:00;3745.994819601811;3251.8665;['precipitation', 'temperature']
2026-02-18 07:00:00;3444.51754079627;3767.39;['precipitation', 'temperature']
2026-02-18 08:00:00;2756.843629327629;3704.433;['precipitation', 'temperature']
2026-02-18 09:00:00;3583.059310076448;4502.9775;['precipitation', 'temperature']
2026-02-18 10:00:00;3866.466771299083;2839.84175;['precipitation', 'temperature']
2026-02-18 11:00:00;3843.34850326162;3027.432;['precipitation', 'temperature']
2026-02-18 12:00:00;3754.4420740113706;3523.302;['precipitation', 'temperature']
2026-02-18 13:00:00;3608.531322937445;3065.7345000000005;['precipitation', 'temperature']
2026-02-18 14:00:00;3746.9424916724606;3746.467;['precipitation', 'temperature']
2026-02-18 15:00:00;3571.0967605385877;3357.258;['precipitation', 'temperature']
2026-02-18 16:00:00;3607.7749851458875;3739.85675;['precipitation', 'temperature']
2026-02-18 17:00:00;5042.694967615587;5383.882;['precipitation', 'temperature']
2026-02-18 18:00:00;4652.5533508675;5460.044;['precipitation', 'temperature']
2026-02-18 19:00:00;3462.886915819395;3423.06;['precipitation', 'temperature']
2026-02-18 20:00:00;3639.6706931223325;4988.140666666666;['precipitation', 'temperature']
2026-02-18 21:00:00;3616.7228997534585;3943.082;['precipitation', 'temperature']
2026-02-18 22:00:00;3833.1152513048805;3280.73875;['precipitation', 'temperature']
2026-02-18 23:00:00;4192.800189373594;4189.85225;['precipitation', 'temperature']
2026-02-19 00:00:00;3778.5978609442614;3798.69625;['precipitation', 'temperature']
2026-02-19 01:00:00;3762.7957831528356;3470.1565;['precipitation', 'temperature']
2026-02-19 02:00:00;3494.4201961251215;3887.978;['precipitation', 'temperature']
2026-02-19 03:00:00;3499.471352679221;3463.55225;['precipitation', 'temperature']
2026-02-19 04:00:00;2932.5129770209305;3694.54025;['precipitation', 'temperature']
2026-02-19 05:00:00;3029.3024479394207;4024.671;['precipitation', 'temperature']
2026-02-19 06:00:00;3749.3419657083773;3976.81075;['precipitation', 'temperature']
2026-02-19 07:00:00;3298.022851902191;4254.63175;['precipitation', 'temperature']
2026-02-19 08:00:00;3385.6656079570294;5451.65625;['precipitation', 'temperature']
2026-02-19 09:00:00;4272.846732377398;4617.72725;['precipitation', 'temperature']
2026-02-19 10:00:00;3829.6630255022;4048.07275;['precipitation', 'temperature']
2026-02-19 11:00:00;3851.0434289635637;4006.33275;['precipitation', 'temperature']
2026-02-19 12:00:00;3584.9263570146504;2886.07425;['precipitation', 'temperature']
2026-02-19 13:00:00;3453.682027872941;3151.84075;['precipitation', 'temperature']
2026-02-19 14:00:00;3883.696088843527;2118.81075;['precipitation', 'temperature']
2026-02-19 15:00:00;3739.801000382832;2872.442;['precipitation', 'temperature']
2026-02-19 16:00:00;3896.332573059218;3774.00675;['precipitation', 'temperature']
2026-02-19 17:00:00;4893.907683123365;5136.79725;['precipitation', 'temperature']
2026-02-19 18:00:00;4743.104066700538;5757.4375;['precipitation', 'temperature']
2026-02-19 19:00:00;3988.555629483696;2808.28475;['precipitation', 'temperature']
2026-02-19 20:00:00;4016.181464125293;4316.30025;['precipitation', 'temperature']
2026-02-19 21:00:00;3847.7799508669664;4116.61075;['precipitation', 'temperature']
2026-02-19 22:00:00;4082.983636774269;3227.96925;['precipitation', 'temperature']
2026-02-19 23:00:00;4038.1731375770873;3393.52525;['precipitation', 'temperature']
2026-02-20 00:00:00;3538.8977841289657;3867.99625;['precipitation', 'temperature']
2026-02-20 01:00:00;3777.79721363383;3100.64225;['precipitation', 'temperature']
2026-02-20 02:00:00;3337.177987325217;2828.1715;['precipitation', 'temperature']
2026-02-20 03:00:00;3599.009949442365;4158.9235;['precipitation', 'temperature']
2026-02-20 04:00:00;3412.36330450033;3933.11075;['precipitation', 'temperature']
2026-02-20 05:00:00;3612.531227764255;3965.08175;['precipitation', 'temperature']
2026-02-20 06:00:00;3690.72135998275;3080.9115;['precipitation', 'temperature']
2026-02-20 07:00:00;4007.4461196094185;4425.24725;['precipitation', 'temperature']
2026-02-20 08:00:00;3632.843141887829;5264.822999999999;['precipitation', 'temperature']
2026-02-20 09:00:00;4259.6884960027555;3476.0955;['precipitation', 'temperature']
2026-02-20 10:00:00;3812.230400511065;3282.589;['precipitation', 'temperature']
2026-02-20 11:00:00;3755.4598054228536;3600.80525;['precipitation', 'temperature']
2026-02-20 12:00:00;3605.78460991994;4432.64325;['precipitation', 'temperature']
2026-02-20 13:00:00;3569.5449283813173;2361.1320000000005;['precipitation', 'temperature']
2026-02-20 14:00:00;3715.614242040462;1551.0443333333333;['precipitation', 'temperature']
2026-02-20 15:00:00;3489.3864616459978;2872.442;['precipitation', 'temperature']
2026-02-20 16:00:00;3728.9151091558915;3774.00675;['precipitation', 'temperature']
2026-02-20 17:00:00;4242.7308044531255;5136.79725;['precipitation', 'temperature']
2026-02-20 18:00:00;5100.783059384601;5177.334;['precipitation', 'temperature']
2026-02-20 19:00:00;3885.0862526227897;5452.91475;['precipitation', 'temperature']
2026-02-20 20:00:00;4267.637683255297;5548.0960000000005;['precipitation', 'temperature']
2026-02-20 21:00:00;4111.517438364317;4351.4605;['precipitation', 'temperature']
2026-02-20 22:00:00;3636.178063200805;4562.4445;['precipitation', 'temperature']
2026-02-20 23:00:00;3660.868019156433;3240.04275;['precipitation', 'temperature']
2026-01-20 00:00:00;3391.1319342091465;3324.11425;['wind_speed', 'pressure', 'precipitation']
2026-01-20 01:00:00;3307.5594584994833;3196.69175;['wind_speed', 'pressure', 'precipitation']
2026-01-20 02:00:00;3200.684471603175;3564.13325;['wind_speed', 'pressure', 'precipitation']
2026-01-20 03:00:00;2923.806854499435;2707.383;['wind_speed', 'pressure', 'precipitation']
2026-01-20 04:00:00;3395.3966829580922;2789.41325;['wind_speed', 'pressure', 'precipitation']
2026-01-20 05:00:00;2911.7419464803634;2898.3705;['wind_speed', 'pressure', 'precipitation']
2026-01-20 06:00:00;3215.851477979959;3033.4665;['wind_speed', 'pressure', 'precipitation']
2026-01-20 07:00:00;3431.958366246543;3828.01275;['wind_speed', 'pressure', 'precipitation']
2026-01-20 08:00:00;3463.321799406117;3828.861;['wind_speed', 'pressure', 'precipitation']
2026-01-20 09:00:00;3090.3162750475085;3481.7545;['wind_speed', 'pressure', 'precipitation']
2026-01-20 10:00:00;3119.0355610675033;3349.58575;['wind_speed', 'pressure', 'precipitation']
2026-01-20 11:00:00;3110.5844617452894;2320.389;['wind_speed', 'pressure', 'precipitation']
2026-01-20 12:00:00;3454.284527974645;1065.9830000000002;['wind_speed', 'pressure', 'precipitation']
2026-01-20 13:00:00;3459.4494340220303;2686.33025;['wind_speed', 'pressure', 'precipitation']
2026-01-20 14:00:00;3389.9742053443265;3281.29675;['wind_speed', 'pressure', 'precipitation']
2026-01-20 15:00:00;3686.612068595181;2185.54725;['wind_speed', 'pressure', 'precipitation']
2026-01-20 16:00:00;3471.3457319096688;3583.29175;['wind_speed', 'pressure', 'precipitation']
2026-01-20 17:00:00;3434.1728660627905;5103.80775;['wind_speed', 'pressure', 'precipitation']
2026-01-20 18:00:00;3532.8720045733135;5433.498250000001;['wind_speed', 'pressure', 'precipitation']
2026-01-20 19:00:00;3915.5703006415583;3254.337;['wind_speed', 'pressure', 'precipitation']
2026-01-20 20:00:00;3741.72635315554;4163.027;['wind_speed', 'pressure', 'precipitation']
2026-01-20 21:00:00;3719.7503193307093;3972.6565;['wind_speed', 'pressure', 'precipitation']
2026-01-20 22:00:00;3448.388562619688;3771.60525;['wind_speed', 'pressure', 'precipitation']
2026-01-20 23:00:00;3262.1316327792583;3864.2335;['wind_speed', 'pressure', 'precipitation']
2026-01-21 00:00:00;3811.5075748915365;3600.33125;['wind_speed', 'pressure', 'precipitation']
2026-01-21 01:00:00;3465.640148464129;3360.08675;['wind_speed', 'pressure', 'precipitation']
2026-01-21 02:00:00;3501.067501040207;3005.55825;['wind_speed', 'pressure', 'precipitation']
2026-01-21 03:00:00;3161.143644019994;3117.1915;['wind_speed', 'pressure', 'precipitation']
2026-01-21 04:00:00;3205.441640853995;3537.741;['wind_speed', 'pressure', 'precipitation']
2026-01-21 05:00:00;3140.692514408234;3386.89575;['wind_speed', 'pressure', 'precipitation']
2026-01-21 06:00:00;3376.5718205628127;2914.7335;['wind_speed', 'pressure', 'precipitation']
2026-01-21 07:00:00;3544.1328139129473;4593.3165;['wind_speed', 'pressure', 'precipitation']
2026-01-21 08:00:00;3427.3972620808227;4870.53275;['wind_speed', 'pressure', 'precipitation']
2026-01-21 09:00:00;3440.683709065168;2633.8055;['wind_speed', 'pressure', 'precipitation']
2026-01-21 10:00:00;3475.023214904325;1883.37975;['wind_speed', 'pressure', 'precipitation']
2026-01-21 11:00:00;3358.999063321742;1246.6372500000002;['wind_speed', 'pressure', 'precipitation']
2026-01-21 12:00:00;2906.9884742836934;3255.17325;['wind_speed', 'pressure', 'precipitation']
2026-01-21 13:00:00;3251.978778738111;3642.69175;['wind_speed', 'pressure', 'precipitation']
2026-01-21 14:00:00;3678.2911536598617;3443.1165;['wind_speed', 'pressure', 'precipitation']
2026-01-21 15:00:00;3496.3156815030325;2767.1085000000003;['wind_speed', 'pressure', 'precipitation']
2026-01-21 16:00:00;3960.924619973631;2878.73225;['wind_speed', 'pressure', 'precipitation']
2026-01-21 17:00:00;3737.342080783328;5212.20875;['wind_speed', 'pressure', 'precipitation']
2026-01-21 18:00:00;4204.62413996645;5884.1085;['wind_speed', 'pressure', 'precipitation']
2026-01-21 19:00:00;3522.800088643716;5043.75125;['wind_speed', 'pressure', 'precipitation']
2026-01-21 20:00:00;3844.0080822264977;4514.99425;['wind_speed', 'pressure', 'precipitation']
2026-01-21 21:00:00;3904.3616722720058;3905.21425;['wind_speed', 'pressure', 'precipitation']
2026-01-21 22:00:00;3698.294362252185;4084.417;['wind_speed', 'pressure', 'precipitation']
2026-01-21 23:00:00;3557.842163290621;3505.25175;['wind_speed', 'pressure', 'precipitation']
2026-01-22 00:00:00;3769.5589377848064;4382.88325;['wind_speed', 'pressure', 'precipitation']
2026-01-22 01:00:00;3490.8843766249934;3667.35;['wind_speed', 'pressure', 'precipitation']
2026-01-22 02:00:00;3516.195466368872;3949.475;['wind_speed', 'pressure', 'precipitation']
2026-01-22 03:00:00;3614.451047184389;3619.1745;['wind_speed', 'pressure', 'precipitation']
2026-01-22 04:00:00;3785.6867319191156;3195.02325;['wind_speed', 'pressure', 'precipitation']
2026-01-22 05:00:00;3497.8281266311246;3207.64475;['wind_speed', 'pressure', 'precipitation']
2026-01-22 06:00:00;3468.1966528097973;3834.892;['wind_speed', 'pressure', 'precipitation']
2026-01-22 07:00:00;4028.4990323060906;3332.436;['wind_speed', 'pressure', 'precipitation']
2026-01-22 08:00:00;4257.2083293434325;4101.32475;['wind_speed', 'pressure', 'precipitation']
2026-01-22 09:00:00;3294.9832024312327;2792.25975;['wind_speed', 'pressure', 'precipitation']
2026-01-22 10:00:00;2691.8484757940732;3343.5355;['wind_speed', 'pressure', 'precipitation']
2026-01-22 11:00:00;3224.357182494238;1024.81275;['wind_speed', 'pressure', 'precipitation']
2026-01-22 12:00:00;3353.3192974419926;2345.626;['wind_speed', 'pressure', 'precipitation']
2026-01-22 13:00:00;3702.501820175188;4000.7015;['wind_speed', 'pressure', 'precipitation']
2026-01-22 14:00:00;3941.511395448728;3066.969;['wind_speed', 'pressure', 'precipitation']
2026-01-22 15:00:00;3546.267385227834;2576.49325;['wind_speed', 'pressure', 'precipitation']
2026-01-22 16:00:00;3739.728210872753;4892.4605;['wind_speed', 'pressure', 'precipitation']
2026-01-22 17:00:00;3986.5167726963537;4693.0;['wind_speed', 'pressure', 'precipitation']
2026-01-22 18:00:00;4776.3409541237825;5675.33575;['wind_speed', 'pressure', 'precipitation']
2026-01-22 19:00:00;5195.85645563403;5423.83425;['wind_speed', 'pressure', 'precipitation']
2026-01-22 20:00:00;4281.598285805005;5436.4;['wind_speed', 'pressure', 'precipitation']
2026-01-22 21:00:00;4073.624011153597;3945.58875;['wind_speed', 'pressure', 'precipitation']
2026-01-22 22:00:00;4091.9952000729427;3972.6965;['wind_speed', 'pressure', 'precipitation']
2026-01-22 23:00:00;3600.7019518193556;2663.9855;['wind_speed', 'pressure', 'precipitation']
2026-01-23 00:00:00;3686.104171080641;3361.307;['wind_speed', 'pressure', 'precipitation']
2026-01-23 01:00:00;3633.722444712779;3379.777;['wind_speed', 'pressure', 'precipitation']
2026-01-23 02:00:00;3752.6905398228514;3830.91175;['wind_speed', 'pressure', 'precipitation']
2026-01-23 03:00:00;3446.5253880479354;3616.4825;['wind_speed', 'pressure', 'precipitation']
2026-01-23 04:00:00;3534.6432324653083;3049.29125;['wind_speed', 'pressure', 'precipitation']
2026-01-23 05:00:00;3329.6737431625656;3813.81625;['wind_speed', 'pressure', 'precipitation']
2026-01-23 06:00:00;3616.408415087947;2841.50725;['wind_speed', 'pressure', 'precipitation']
2026-01-23 07:00:00;3779.956406584074;3103.87025;['wind_speed', 'pressure', 'precipitation']
2026-01-23 08:00:00;4060.5338858811792;769.03125;['wind_speed', 'pressure', 'precipitation']
2026-01-23 09:00:00;3090.9734391295488;1197.06775;['wind_speed', 'pressure', 'precipitation']
2026-01-23 10:00:00;3185.849977232907;2176.22575;['wind_speed', 'pressure', 'precipitation']
2026-01-23 11:00:00;2137.928054275462;2017.9665;['wind_speed', 'pressure', 'precipitation']
2026-01-23 12:00:00;2792.4631355030624;3823.25725;['wind_speed', 'pressure', 'precipitation']
2026-01-23 13:00:00;3649.922356375722;2267.88875;['wind_speed', 'pressure', 'precipitation']
2026-01-23 14:00:00;3472.1545995078363;3227.23325;['wind_speed', 'pressure', 'precipitation']
2026-01-23 15:00:00;3146.0643855417065;2640.10975;['wind_speed', 'pressure', 'precipitation']
2026-01-23 16:00:00;4523.421068030213;4200.918250000001;['wind_speed', 'pressure', 'precipitation']
2026-01-23 17:00:00;4531.162219178808;4261.9315;['wind_speed', 'pressure', 'precipitation']
2026-01-23 18:00:00;4565.818779359428;3950.993750000001;['wind_speed', 'pressure', 'precipitation']
2026-01-23 19:00:00;3711.9382457326565;3119.8;['wind_speed', 'pressure', 'precipitation']
2026-01-23 20:00:00;4287.569405532755;3737.94975;['wind_speed', 'pressure', 'precipitation']
2026-01-23 21:00:00;4060.608770427045;3837.417;['wind_speed', 'pressure', 'precipitation']
2026-01-23 22:00:00;4090.518483169295;3223.48975;['wind_speed', 'pressure', 'precipitation']
2026-01-23 23:00:00;3312.5176880080326;2826.59125;['wind_speed', 'pressure', 'precipitation']
2026-01-24 00:00:00;3361.7089400755226;2617.28325;['wind_speed', 'pressure', 'precipitation']
2026-01-24 01:00:00;3187.3937196704087;3046.392;['wind_speed', 'pressure', 'precipitation']
2026-01-24 02:00:00;3326.672547563943;3411.9126666666666;['wind_speed', 'pressure', 'precipitation']
2026-01-24 03:00:00;3129.1670104435807;2343.45825;['wind_speed', 'pressure', 'precipitation']
2026-01-24 04:00:00;3072.1649913474425;2843.999;['wind_speed', 'pressure', 'precipitation']
2026-01-24 05:00:00;3232.4192657031713;2873.38325;['wind_speed', 'pressure', 'precipitation']
2026-01-24 06:00:00;2677.14630150101;2907.02775;['wind_speed', 'pressure', 'precipitation']
2026-01-24 07:00:00;3179.739827878115;2334.60825;['wind_speed', 'pressure', 'precipitation']
2026-01-24 08:00:00;3190.6994914445877;2823.44275;['wind_speed', 'pressure', 'precipitation']
2026-01-24 09:00:00;1906.3147123833153;2442.53925;['wind_speed', 'pressure', 'precipitation']
2026-01-24 10:00:00;2478.8322531448607;2516.7375;['wind_speed', 'pressure', 'precipitation']
2026-01-24 11:00:00;2281.8906135705206;3611.406;['wind_speed', 'pressure', 'precipitation']
2026-01-24 12:00:00;3044.79950102046;4243.43825;['wind_speed', 'pressure', 'precipitation']
2026-01-24 13:00:00;2491.199639606225;2192.474;['wind_speed', 'pressure', 'precipitation']
2026-01-24 14:00:00;3161.831793592986;3156.505;['wind_speed', 'pressure', 'precipitation']
2026-01-24 15:00:00;2738.4348007055087;2829.875;['wind_speed', 'pressure', 'precipitation']
2026-01-24 16:00:00;3517.2833995278916;4099.4695;['wind_speed', 'pressure', 'precipitation']
2026-01-24 17:00:00;3832.5912696915116;5198.8237500000005;['wind_speed', 'pressure', 'precipitation']
2026-01-24 18:00:00;4288.086719606921;4884.75125;['wind_speed', 'pressure', 'precipitation']
2026-01-24 19:00:00;3416.056220768245;2075.6825;['wind_speed', 'pressure', 'precipitation']
2026-01-24 20:00:00;3625.041180332617;4323.9585;['wind_speed', 'pressure', 'precipitation']
2026-01-24 21:00:00;3510.9089098190957;3607.17925;['wind_speed', 'pressure', 'precipitation']
2026-01-24 22:00:00;3261.601303472099;3738.1285;['wind_speed', 'pressure', 'precipitation']
2026-01-24 23:00:00;2757.683880107102;3432.4435;['wind_speed', 'pressure', 'precipitation']
2026-01-25 00:00:00;3298.950864883446;3474.86325;['wind_speed', 'pressure', 'precipitation']
2026-01-25 01:00:00;3224.493348820197;3669.751;['wind_speed', 'pressure', 'precipitation']
2026-01-25 02:00:00;3451.966655941968;4048.164;['wind_speed', 'pressure', 'precipitation']
2026-01-25 03:00:00;2920.627635011077;2848.222;['wind_speed', 'pressure', 'precipitation']
2026-01-25 04:00:00;3074.6134596106817;2863.81;['wind_speed', 'pressure', 'precipitation']
2026-01-25 05:00:00;3011.9399714372444;3194.791;['wind_speed', 'pressure', 'precipitation']
2026-01-25 06:00:00;3033.343793467811;3292.455;['wind_speed', 'pressure', 'precipitation']
2026-01-25 07:00:00;2959.3010974605772;2925.93075;['wind_speed', 'pressure', 'precipitation']
2026-01-25 08:00:00;3310.772084197873;2567.88425;['wind_speed', 'pressure', 'precipitation']
2026-01-25 09:00:00;2827.248245006536;2779.9095;['wind_speed', 'pressure', 'precipitation']
2026-01-25 10:00:00;2675.5338010923156;4691.433;['wind_speed', 'pressure', 'precipitation']
2026-01-25 11:00:00;2973.438572007213;4666.953;['wind_speed', 'pressure', 'precipitation']
2026-01-25 12:00:00;3174.880661031729;4243.43825;['wind_speed', 'pressure', 'precipitation']
2026-01-25 13:00:00;2657.3270211995095;2192.474;['wind_speed', 'pressure', 'precipitation']
2026-01-25 14:00:00;3237.3534420384276;3354.488666666666;['wind_speed', 'pressure', 'precipitation']
2026-01-25 15:00:00;2984.847321738095;2592.30825;['wind_speed', 'pressure', 'precipitation']
2026-01-25 16:00:00;4119.982832813663;2440.2725;['wind_speed', 'pressure', 'precipitation']
2026-01-25 17:00:00;4360.316253867712;4202.912;['wind_speed', 'pressure', 'precipitation']
2026-01-25 18:00:00;4655.851536122913;1737.12275;['wind_speed', 'pressure', 'precipitation']
2026-01-25 19:00:00;3704.935433188048;958.94425;['wind_speed', 'pressure', 'precipitation']
2026-01-25 20:00:00;3842.461737071495;3723.2195;['wind_speed', 'pressure', 'precipitation']
2026-01-25 21:00:00;3307.307824215104;2804.4895;['wind_speed', 'pressure', 'precipitation']
2026-01-25 22:00:00;3839.2786489899877;3094.9155;['wind_speed', 'pressure', 'precipitation']
2026-01-25 23:00:00;3276.889331885518;2390.568;['wind_speed', 'pressure', 'precipitation']
2026-01-26 00:00:00;2805.844558894243;3275.88325;['wind_speed', 'pressure', 'precipitation']
2026-01-26 01:00:00;2999.1539563565325;2851.27575;['wind_speed', 'pressure', 'precipitation']
2026-01-26 02:00:00;3242.369365696088;2314.45425;['wind_speed', 'pressure', 'precipitation']
2026-01-26 03:00:00;2586.669221883445;2804.119;['wind_speed', 'pressure', 'precipitation']
2026-01-26 04:00:00;4220.372160473851;1930.60775;['wind_speed', 'pressure', 'precipitation']
2026-01-26 05:00:00;4291.937833571068;2723.21625;['wind_speed', 'pressure', 'precipitation']
2026-01-26 06:00:00;2831.952252760712;2888.58725;['wind_speed', 'pressure', 'precipitation']
2026-01-26 07:00:00;2916.0639062019245;2713.859;['wind_speed', 'pressure', 'precipitation']
2026-01-26 08:00:00;2596.9042591454377;4417.67925;['wind_speed', 'pressure', 'precipitation']
2026-01-26 09:00:00;2548.7896915206206;3356.1275;['wind_speed', 'pressure', 'precipitation']
2026-01-26 10:00:00;3503.503828407708;3438.948;['wind_speed', 'pressure', 'precipitation']
2026-01-26 11:00:00;3298.686558389137;3563.75175;['wind_speed', 'pressure', 'precipitation']
2026-01-26 12:00:00;3278.460169771408;2427.02325;['wind_speed', 'pressure', 'precipitation']
2026-01-26 13:00:00;2074.426643503063;2582.1835;['wind_speed', 'pressure', 'precipitation']
2026-01-26 14:00:00;2949.853074282968;2928.6145;['wind_speed', 'pressure', 'precipitation']
2026-01-26 15:00:00;2798.491999862182;3789.735;['wind_speed', 'pressure', 'precipitation']
2026-01-26 16:00:00;2774.088460974989;4572.9445;['wind_speed', 'pressure', 'precipitation']
2026-01-26 17:00:00;3447.0973111592366;5266.107;['wind_speed', 'pressure', 'precipitation']
2026-01-26 18:00:00;2936.5393193996524;4283.08325;['wind_speed', 'pressure', 'precipitation']
2026-01-26 19:00:00;2107.3868095639946;2424.01675;['wind_speed', 'pressure', 'precipitation']
2026-01-26 20:00:00;3600.935351578753;4279.203;['wind_speed', 'pressure', 'precipitation']
2026-01-26 21:00:00;3345.8134912317637;3742.166;['wind_speed', 'pressure', 'precipitation']
2026-01-26 22:00:00;3147.482897809553;4314.9745;['wind_speed', 'pressure', 'precipitation']
2026-01-26 23:00:00;2359.384711405438;2969.2475;['wind_speed', 'pressure', 'precipitation']
2026-01-27 00:00:00;3438.8425409987085;2830.22625;['wind_speed', 'pressure', 'precipitation']
2026-01-27 01:00:00;3141.6225048796023;2744.937;['wind_speed', 'pressure', 'precipitation']
2026-01-27 02:00:00;2936.281260436521;3257.3167500000004;['wind_speed', 'pressure', 'precipitation']
2026-01-27 03:00:00;2944.081640114647;2912.7870000000003;['wind_speed', 'pressure', 'precipitation']
2026-01-27 04:00:00;2857.8262364628945;2666.22525;['wind_speed', 'pressure', 'precipitation']
2026-01-27 05:00:00;2999.46844395869;2944.02975;['wind_speed', 'pressure', 'precipitation']
2026-01-27 06:00:00;3143.8532684174734;3157.67;['wind_speed', 'pressure', 'precipitation']
2026-01-27 07:00:00;3059.51288823758;4838.0755;['wind_speed', 'pressure', 'precipitation']
2026-01-27 08:00:00;3670.188358995524;4393.29025;['wind_speed', 'pressure', 'precipitation']
2026-01-27 09:00:00;3056.6416652636667;5051.76225;['wind_speed', 'pressure', 'precipitation']
2026-01-27 10:00:00;3323.297704188286;2729.127;['wind_speed', 'pressure', 'precipitation']
2026-01-27 11:00:00;3421.729581898239;5356.0235;['wind_speed', 'pressure', 'precipitation']
2026-01-27 12:00:00;3044.2944071571683;4141.3775000000005;['wind_speed', 'pressure', 'precipitation']
2026-01-27 13:00:00;2757.5450663950896;5016.7125;['wind_speed', 'pressure', 'precipitation']
2026-01-27 14:00:00;3279.811143206225;4572.88175;['wind_speed', 'pressure', 'precipitation']
2026-01-27 15:00:00;3470.196836667291;5905.1945;['wind_speed', 'pressure', 'precipitation']
2026-01-27 16:00:00;4056.188707406433;3749.44675;['wind_speed', 'pressure', 'precipitation']
2026-01-27 17:00:00;4077.344519958945;4949.617;['wind_speed', 'pressure', 'precipitation']
2026-01-27 18:00:00;4300.053443653554;4155.69975;['wind_speed', 'pressure', 'precipitation']
2026-01-27 19:00:00;3927.8673496804345;2501.7875;['wind_speed', 'pressure', 'precipitation']
2026-01-27 20:00:00;4127.675552965207;4555.15975;['wind_speed', 'pressure', 'precipitation']
2026-01-27 21:00:00;3761.244602101311;4213.807;['wind_speed', 'pressure', 'precipitation']
2026-01-27 22:00:00;3999.2863459431264;3972.591;['wind_speed', 'pressure', 'precipitation']
2026-01-27 23:00:00;2991.4307792711243;2477.69175;['wind_speed', 'pressure', 'precipitation']
2026-01-28 00:00:00;3156.0628638736935;2930.86175;['wind_speed', 'pressure', 'precipitation']
2026-01-28 01:00:00;3993.999015381256;2799.0625;['wind_speed', 'pressure', 'precipitation']
2026-01-28 02:00:00;3674.2950818024474;2599.72025;['wind_speed', 'pressure', 'precipitation']
2026-01-28 03:00:00;3323.835720906255;2659.1175000000003;['wind_speed', 'pressure', 'precipitation']
2026-01-28 04:00:00;4005.1608361029034;2997.5885;['wind_speed', 'pressure', 'precipitation']
2026-01-28 05:00:00;3427.2067660374823;3240.1315;['wind_speed', 'pressure', 'precipitation']
2026-01-28 06:00:00;3572.976508102629;3348.08375;['wind_speed', 'pressure', 'precipitation']
2026-01-28 07:00:00;4215.701346813637;2768.882;['wind_speed', 'pressure', 'precipitation']
2026-01-28 08:00:00;3960.331049868858;3758.438;['wind_speed', 'pressure', 'precipitation']
2026-01-28 09:00:00;4283.159731073756;4153.29825;['wind_speed', 'pressure', 'precipitation']
2026-01-28 10:00:00;3400.5459092836263;3485.40875;['wind_speed', 'pressure', 'precipitation']
2026-01-28 11:00:00;4146.0033899392865;2457.739;['wind_speed', 'pressure', 'precipitation']
2026-01-28 12:00:00;3886.9210540920576;2199.971;['wind_speed', 'pressure', 'precipitation']
2026-01-28 13:00:00;4162.922222840745;2714.47975;['wind_speed', 'pressure', 'precipitation']
2026-01-28 14:00:00;4183.919476458995;2314.87675;['wind_speed', 'pressure', 'precipitation']
2026-01-28 15:00:00;4603.5075705552035;2226.03375;['wind_speed', 'pressure', 'precipitation']
2026-01-28 16:00:00;4437.038591320574;2161.29975;['wind_speed', 'pressure', 'precipitation']
2026-01-28 17:00:00;4623.842117232559;4241.76125;['wind_speed', 'pressure', 'precipitation']
2026-01-28 18:00:00;4406.676009166203;4462.1295;['wind_speed', 'pressure', 'precipitation']
2026-01-28 19:00:00;3502.519430929296;3273.2575;['wind_speed', 'pressure', 'precipitation']
2026-01-28 20:00:00;4736.968159584718;4066.16375;['wind_speed', 'pressure', 'precipitation']
2026-01-28 21:00:00;4306.904187986735;3350.293;['wind_speed', 'pressure', 'precipitation']
2026-01-28 22:00:00;4129.4447187409105;3015.4385;['wind_speed', 'pressure', 'precipitation']
2026-01-28 23:00:00;3236.7120855397584;2959.08775;['wind_speed', 'pressure', 'precipitation']
2026-01-29 00:00:00;3118.1799559724573;3130.11525;['wind_speed', 'pressure', 'precipitation']
2026-01-29 01:00:00;2923.8864519256404;2990.9015;['wind_speed', 'pressure', 'precipitation']
2026-01-29 02:00:00;3015.974203858494;3271.22725;['wind_speed', 'pressure', 'precipitation']
2026-01-29 03:00:00;2794.750406987507;3629.855;['wind_speed', 'pressure', 'precipitation']
2026-01-29 04:00:00;2784.5176949147653;2829.71625;['wind_speed', 'pressure', 'precipitation']
2026-01-29 05:00:00;2956.801259116076;3074.8425;['wind_speed', 'pressure', 'precipitation']
2026-01-29 06:00:00;3045.2879839903344;2983.11375;['wind_speed', 'pressure', 'precipitation']
2026-01-29 07:00:00;2990.844341013136;2818.86525;['wind_speed', 'pressure', 'precipitation']
2026-01-29 08:00:00;3400.8351069160562;2361.08125;['wind_speed', 'pressure', 'precipitation']
2026-01-29 09:00:00;3084.4258696706165;3292.206;['wind_speed', 'pressure', 'precipitation']
2026-01-29 10:00:00;3048.1336331930997;3860.7405;['wind_speed', 'pressure', 'precipitation']
2026-01-29 11:00:00;2565.4822019272506;4322.213;['wind_speed', 'pressure', 'precipitation']
2026-01-29 12:00:00;2538.9000584954956;3233.9055;['wind_speed', 'pressure', 'precipitation']
2026-01-29 13:00:00;2848.12258470669;3161.515;['wind_speed', 'pressure', 'precipitation']
2026-01-29 14:00:00;2635.8254477653727;3518.00425;['wind_speed', 'pressure', 'precipitation']
2026-01-29 15:00:00;2631.123619728322;3397.26675;['wind_speed', 'pressure', 'precipitation']
2026-01-29 16:00:00;2901.9317085138628;3804.59875;['wind_speed', 'pressure', 'precipitation']
2026-01-29 17:00:00;4111.56721393783;3048.346;['wind_speed', 'pressure', 'precipitation']
2026-01-29 18:00:00;4123.9257291588865;3831.81075;['wind_speed', 'pressure', 'precipitation']
2026-01-29 19:00:00;3030.2041307130157;4592.51725;['wind_speed', 'pressure', 'precipitation']
2026-01-29 20:00:00;3678.346453877802;3198.797;['wind_speed', 'pressure', 'precipitation']
2026-01-29 21:00:00;3133.9466528539488;3905.9085;['wind_speed', 'pressure', 'precipitation']
2026-01-29 22:00:00;3100.3057051775622;2584.36575;['wind_speed', 'pressure', 'precipitation']
2026-01-29 23:00:00;2795.7901248675826;2977.50875;['wind_speed', 'pressure', 'precipitation']
2026-01-30 00:00:00;3197.654260238447;2930.24125;['wind_speed', 'pressure', 'precipitation']
2026-01-30 01:00:00;3108.3785277525235;3045.52575;['wind_speed', 'pressure', 'precipitation']
2026-01-30 02:00:00;3391.313619711796;3382.778;['wind_speed', 'pressure', 'precipitation']
2026-01-30 03:00:00;3161.058025279898;2108.5750000000003;['wind_speed', 'pressure', 'precipitation']
2026-01-30 04:00:00;2969.8193805979204;2711.36825;['wind_speed', 'pressure', 'precipitation']
2026-01-30 05:00:00;3037.3866205300633;2823.3405;['wind_speed', 'pressure', 'precipitation']
2026-01-30 06:00:00;3090.200258262257;2810.056;['wind_speed', 'pressure', 'precipitation']
2026-01-30 07:00:00;3244.944034412428;2569.47575;['wind_speed', 'pressure', 'precipitation']
2026-01-30 08:00:00;3058.301219708859;3011.00925;['wind_speed', 'pressure', 'precipitation']
2026-01-30 09:00:00;3401.9065727038296;3970.83225;['wind_speed', 'pressure', 'precipitation']
2026-01-30 10:00:00;3634.6316884419653;4316.86625;['wind_speed', 'pressure', 'precipitation']
2026-01-30 11:00:00;3479.9905362187574;3255.9585;['wind_speed', 'pressure', 'precipitation']
2026-01-30 12:00:00;3130.4937380446304;3856.16275;['wind_speed', 'pressure', 'precipitation']
2026-01-30 13:00:00;3417.7898156512165;5804.923;['wind_speed', 'pressure', 'precipitation']
2026-01-30 14:00:00;3489.4692968535714;3518.00425;['wind_speed', 'pressure', 'precipitation']
2026-01-30 15:00:00;3458.1427790566554;3397.26675;['wind_speed', 'pressure', 'precipitation']
2026-01-30 16:00:00;3595.2891963726984;2872.316;['wind_speed', 'pressure', 'precipitation']
2026-01-30 17:00:00;3349.179264331897;4624.5915;['wind_speed', 'pressure', 'precipitation']
2026-01-30 18:00:00;3830.2861983596017;3331.67425;['wind_speed', 'pressure', 'precipitation']
2026-01-30 19:00:00;3440.75125379729;2540.943;['wind_speed', 'pressure', 'precipitation']
2026-01-30 20:00:00;3544.9739693624447;3665.77125;['wind_speed', 'pressure', 'precipitation']
2026-01-30 21:00:00;3809.7760327994133;2802.63575;['wind_speed', 'pressure', 'precipitation']
2026-01-30 22:00:00;3177.71126480881;3011.39175;['wind_speed', 'pressure', 'precipitation']
2026-01-30 23:00:00;3040.8134470199966;2593.54575;['wind_speed', 'pressure', 'precipitation']
2026-01-31 00:00:00;2891.6403546246647;3173.0025;['wind_speed', 'pressure', 'precipitation']
2026-01-31 01:00:00;2933.3668049118164;3842.7335;['wind_speed', 'pressure', 'precipitation']
2026-01-31 02:00:00;3124.472231602726;3099.48925;['wind_speed', 'pressure', 'precipitation']
2026-01-31 03:00:00;2626.8688389293297;3333.14125;['wind_speed', 'pressure', 'precipitation']
2026-01-31 04:00:00;2889.5954048536137;2831.7290000000003;['wind_speed', 'pressure', 'precipitation']
2026-01-31 05:00:00;2839.467636726677;2721.9165000000003;['wind_speed', 'pressure', 'precipitation']
2026-01-31 06:00:00;2900.247655276692;3373.83025;['wind_speed', 'pressure', 'precipitation']
2026-01-31 07:00:00;2732.2860356176884;3361.293;['wind_speed', 'pressure', 'precipitation']
2026-01-31 08:00:00;3026.033691103376;3424.02625;['wind_speed', 'pressure', 'precipitation']
2026-01-31 09:00:00;3626.2752945451402;3892.46575;['wind_speed', 'pressure', 'precipitation']
2026-01-31 10:00:00;3629.4600859403654;4093.56525;['wind_speed', 'pressure', 'precipitation']
2026-01-31 11:00:00;3299.0204892441375;3468.38725;['wind_speed', 'pressure', 'precipitation']
2026-01-31 12:00:00;2871.3913077622246;3645.032;['wind_speed', 'pressure', 'precipitation']
2026-01-31 13:00:00;3411.986801958884;3006.9835;['wind_speed', 'pressure', 'precipitation']
2026-01-31 14:00:00;3352.0734182176425;3079.298;['wind_speed', 'pressure', 'precipitation']
2026-01-31 15:00:00;3165.113538173736;3843.243;['wind_speed', 'pressure', 'precipitation']
2026-01-31 16:00:00;3211.303037484892;2761.37025;['wind_speed', 'pressure', 'precipitation']
2026-01-31 17:00:00;3804.465734485282;2594.62925;['wind_speed', 'pressure', 'precipitation']
2026-01-31 18:00:00;3806.0488579309067;5439.38975;['wind_speed', 'pressure', 'precipitation']
2026-01-31 19:00:00;3477.810285546551;4224.091;['wind_speed', 'pressure', 'precipitation']
2026-01-31 20:00:00;3762.333128202488;3178.35475;['wind_speed', 'pressure', 'precipitation']
2026-01-31 21:00:00;3176.302489368434;4102.47225;['wind_speed', 'pressure', 'precipitation']
2026-01-31 22:00:00;3279.456101457484;4452.82625;['wind_speed', 'pressure', 'precipitation']
2026-01-31 23:00:00;2882.9888553156457;1587.8345;['wind_speed', 'pressure', 'precipitation']
2026-02-01 00:00:00;2616.2353108019074;1227.2925;['wind_speed', 'pressure', 'precipitation']
2026-02-01 01:00:00;3283.597264005609;986.55825;['wind_speed', 'pressure', 'precipitation']
2026-02-01 02:00:00;3472.3073959309613;523.318;['wind_speed', 'pressure', 'precipitation']
2026-02-01 03:00:00;3086.9854254424567;419.4962499999999;['wind_speed', 'pressure', 'precipitation']
2026-02-01 04:00:00;3006.4608800635565;809.1597499999999;['wind_speed', 'pressure', 'precipitation']
2026-02-01 05:00:00;3105.4821237466945;879.83475;['wind_speed', 'pressure', 'precipitation']
2026-02-01 06:00:00;3447.4605125929875;644.55125;['wind_speed', 'pressure', 'precipitation']
2026-02-01 07:00:00;3145.096070795079;2779.7565000000004;['wind_speed', 'pressure', 'precipitation']
2026-02-01 08:00:00;3091.2240552829226;4242.7392500000005;['wind_speed', 'pressure', 'precipitation']
2026-02-01 09:00:00;3543.0290213665744;4539.58225;['wind_speed', 'pressure', 'precipitation']
2026-02-01 10:00:00;3661.7770885883688;3902.5285;['wind_speed', 'pressure', 'precipitation']
2026-02-01 11:00:00;3197.5442078690644;3690.70825;['wind_speed', 'pressure', 'precipitation']
2026-02-01 12:00:00;3106.7572955781493;3770.9095;['wind_speed', 'pressure', 'precipitation']
2026-02-01 13:00:00;3108.782871581729;3929.826;['wind_speed', 'pressure', 'precipitation']
2026-02-01 14:00:00;3704.1988606729415;2997.2215;['wind_speed', 'pressure', 'precipitation']
2026-02-01 15:00:00;3158.9228882584607;3139.48325;['wind_speed', 'pressure', 'precipitation']
2026-02-01 16:00:00;3309.6940607332167;4010.29575;['wind_speed', 'pressure', 'precipitation']
2026-02-01 17:00:00;3459.2160819216015;3188.33075;['wind_speed', 'pressure', 'precipitation']
2026-02-01 18:00:00;4010.2348175580137;4498.370000000001;['wind_speed', 'pressure', 'precipitation']
2026-02-01 19:00:00;3406.318585131519;5959.908;['wind_speed', 'pressure', 'precipitation']
2026-02-01 20:00:00;3710.4541382363514;2655.0615;['wind_speed', 'pressure', 'precipitation']
2026-02-01 21:00:00;3494.55885549599;4070.45725;['wind_speed', 'pressure', 'precipitation']
2026-02-01 22:00:00;3561.3058658532063;3704.6875;['wind_speed', 'pressure', 'precipitation']
2026-02-01 23:00:00;2649.9783449765855;4307.6215;['wind_speed', 'pressure', 'precipitation']
2026-02-02 00:00:00;3519.0164326526324;4194.2355;['wind_speed', 'pressure', 'precipitation']
2026-02-02 01:00:00;3315.567482332105;3838.329;['wind_speed', 'pressure', 'precipitation']
2026-02-02 02:00:00;3038.046206357412;3883.407;['wind_speed', 'pressure', 'precipitation']
2026-02-02 03:00:00;2750.6503753959446;2908.932;['wind_speed', 'pressure', 'precipitation']
2026-02-02 04:00:00;2980.2654369700435;3679.78875;['wind_speed', 'pressure', 'precipitation']
2026-02-02 05:00:00;2741.702019290803;2860.6365;['wind_speed', 'pressure', 'precipitation']
2026-02-02 06:00:00;2715.4115996641076;3718.30325;['wind_speed', 'pressure', 'precipitation']
2026-02-02 07:00:00;3111.08693828655;4196.75575;['wind_speed', 'pressure', 'precipitation']
2026-02-02 08:00:00;3521.2459955677805;3431.86475;['wind_speed', 'pressure', 'precipitation']
2026-02-02 09:00:00;3587.8037828983784;3188.44575;['wind_speed', 'pressure', 'precipitation']
2026-02-02 10:00:00;3351.424541269622;3551.37525;['wind_speed', 'pressure', 'precipitation']
2026-02-02 11:00:00;3284.3393380032303;3092.7580000000003;['wind_speed', 'pressure', 'precipitation']
2026-02-02 12:00:00;3339.4122322283147;2944.382;['wind_speed', 'pressure', 'precipitation']
2026-02-02 13:00:00;3492.6336850750768;3419.67125;['wind_speed', 'pressure', 'precipitation']
2026-02-02 14:00:00;3246.9594692594937;2483.34625;['wind_speed', 'pressure', 'precipitation']
2026-02-02 15:00:00;3192.665775646368;3997.7985;['wind_speed', 'pressure', 'precipitation']
2026-02-02 16:00:00;3616.85955861398;3957.9355;['wind_speed', 'pressure', 'precipitation']
2026-02-02 17:00:00;3672.5213813867576;6156.93275;['wind_speed', 'pressure', 'precipitation']
2026-02-02 18:00:00;4058.681621492079;5374.7855;['wind_speed', 'pressure', 'precipitation']
2026-02-02 19:00:00;4533.346511454772;4602.8735;['wind_speed', 'pressure', 'precipitation']
2026-02-02 20:00:00;3426.70824206006;4762.261;['wind_speed', 'pressure', 'precipitation']
2026-02-02 21:00:00;3666.3155055874763;2763.79025;['wind_speed', 'pressure', 'precipitation']
2026-02-02 22:00:00;3269.774531245487;3169.481;['wind_speed', 'pressure', 'precipitation']
2026-02-02 23:00:00;3244.6073745157655;2885.26125;['wind_speed', 'pressure', 'precipitation']
2026-02-03 00:00:00;3378.017811673177;3208.07325;['wind_speed', 'pressure', 'precipitation']
2026-02-03 01:00:00;3362.7278125060047;2903.31075;['wind_speed', 'pressure', 'precipitation']
2026-02-03 02:00:00;3188.7836270871803;2636.27025;['wind_speed', 'pressure', 'precipitation']
2026-02-03 03:00:00;2889.586830963978;3501.708;['wind_speed', 'pressure', 'precipitation']
2026-02-03 04:00:00;3226.638645645475;3136.13775;['wind_speed', 'pressure', 'precipitation']
2026-02-03 05:00:00;2936.7935618265046;3059.192;['wind_speed', 'pressure', 'precipitation']
2026-02-03 06:00:00;3335.9230241962;3381.67525;['wind_speed', 'pressure', 'precipitation']
2026-02-03 07:00:00;3578.6476351829665;2936.9875;['wind_speed', 'pressure', 'precipitation']
2026-02-03 08:00:00;3350.9271620641457;2881.34175;['wind_speed', 'pressure', 'precipitation']
2026-02-03 09:00:00;3889.8971838911584;3689.56575;['wind_speed', 'pressure', 'precipitation']
2026-02-03 10:00:00;3738.621895912641;4700.9365;['wind_speed', 'pressure', 'precipitation']
2026-02-03 11:00:00;3787.030834050953;4837.66625;['wind_speed', 'pressure', 'precipitation']
2026-02-03 12:00:00;3182.8272966492095;3223.52525;['wind_speed', 'pressure', 'precipitation']
2026-02-03 13:00:00;3743.8626187949785;3071.254;['wind_speed', 'pressure', 'precipitation']
2026-02-03 14:00:00;3256.735120516237;4405.00475;['wind_speed', 'pressure', 'precipitation']
2026-02-03 15:00:00;3689.321811978799;3237.20825;['wind_speed', 'pressure', 'precipitation']
2026-02-03 16:00:00;3157.1920026002203;4089.68875;['wind_speed', 'pressure', 'precipitation']
2026-02-03 17:00:00;4444.274013203652;5304.03325;['wind_speed', 'pressure', 'precipitation']
2026-02-03 18:00:00;4294.424318969136;5559.15675;['wind_speed', 'pressure', 'precipitation']
2026-02-03 19:00:00;4683.2353974627395;3708.947;['wind_speed', 'pressure', 'precipitation']
2026-02-03 20:00:00;3832.8399062817434;3665.57175;['wind_speed', 'pressure', 'precipitation']
2026-02-03 21:00:00;3398.7024753305045;3451.28325;['wind_speed', 'pressure', 'precipitation']
2026-02-03 22:00:00;3573.872369870024;3417.2;['wind_speed', 'pressure', 'precipitation']
2026-02-03 23:00:00;3193.258075961921;4015.31775;['wind_speed', 'pressure', 'precipitation']
2026-02-04 00:00:00;3664.897078916744;3004.00075;['wind_speed', 'pressure', 'precipitation']
2026-02-04 01:00:00;3538.345335154039;3396.32175;['wind_speed', 'pressure', 'precipitation']
2026-02-04 02:00:00;3399.280059303645;3114.4585;['wind_speed', 'pressure', 'precipitation']
2026-02-04 03:00:00;3327.546087400713;2805.3185;['wind_speed', 'pressure', 'precipitation']
2026-02-04 04:00:00;3238.939369038435;2795.15475;['wind_speed', 'pressure', 'precipitation']
2026-02-04 05:00:00;3070.553649368891;2969.17225;['wind_speed', 'pressure', 'precipitation']
2026-02-04 06:00:00;3256.221293837703;3460.06175;['wind_speed', 'pressure', 'precipitation']
2026-02-04 07:00:00;3623.814565701344;3189.5730000000003;['wind_speed', 'pressure', 'precipitation']
2026-02-04 08:00:00;3368.2427889652213;3796.666;['wind_speed', 'pressure', 'precipitation']
2026-02-04 09:00:00;3479.610556224327;3479.20375;['wind_speed', 'pressure', 'precipitation']
2026-02-04 10:00:00;3693.1348791003784;4332.7065;['wind_speed', 'pressure', 'precipitation']
2026-02-04 11:00:00;3650.8932919840827;2879.26525;['wind_speed', 'pressure', 'precipitation']
2026-02-04 12:00:00;3550.982954807497;2504.1825;['wind_speed', 'pressure', 'precipitation']
2026-02-04 13:00:00;3406.205303556687;2285.1665;['wind_speed', 'pressure', 'precipitation']
2026-02-04 14:00:00;3632.3581690225756;1426.6965;['wind_speed', 'pressure', 'precipitation']
2026-02-04 15:00:00;3972.6949853413353;1973.97525;['wind_speed', 'pressure', 'precipitation']
2026-02-04 16:00:00;4421.0549229207345;3078.4485;['wind_speed', 'pressure', 'precipitation']
2026-02-04 17:00:00;4084.740864974934;3131.75175;['wind_speed', 'pressure', 'precipitation']
2026-02-04 18:00:00;4478.760522455283;3145.325;['wind_speed', 'pressure', 'precipitation']
2026-02-04 19:00:00;3601.652293951253;2937.0585;['wind_speed', 'pressure', 'precipitation']
2026-02-04 20:00:00;3778.9792778074534;2372.80775;['wind_speed', 'pressure', 'precipitation']
2026-02-04 21:00:00;4050.9498543427835;2626.7202500000003;['wind_speed', 'pressure', 'precipitation']
2026-02-04 22:00:00;3816.753438556661;3097.12075;['wind_speed', 'pressure', 'precipitation']
2026-02-04 23:00:00;3400.99757349608;2309.46375;['wind_speed', 'pressure', 'precipitation']
2026-02-05 00:00:00;2815.27448799543;2383.21975;['wind_speed', 'pressure', 'precipitation']
2026-02-05 01:00:00;2857.552859002877;2960.2615;['wind_speed', 'pressure', 'precipitation']
2026-02-05 02:00:00;2874.680160933552;2172.40875;['wind_speed', 'pressure', 'precipitation']
2026-02-05 03:00:00;2668.535940620119;2315.36425;['wind_speed', 'pressure', 'precipitation']
2026-02-05 04:00:00;2893.6359421222514;2231.8865;['wind_speed', 'pressure', 'precipitation']
2026-02-05 05:00:00;2862.623372671471;2299.616;['wind_speed', 'pressure', 'precipitation']
2026-02-05 06:00:00;2994.591104619965;2751.74825;['wind_speed', 'pressure', 'precipitation']
2026-02-05 07:00:00;3271.7456931199567;2285.11125;['wind_speed', 'pressure', 'precipitation']
2026-02-05 08:00:00;3569.3529988039318;2690.5555;['wind_speed', 'pressure', 'precipitation']
2026-02-05 09:00:00;3309.0985939850916;2209.523;['wind_speed', 'pressure', 'precipitation']
2026-02-05 10:00:00;3565.231147478783;2035.103;['wind_speed', 'pressure', 'precipitation']
2026-02-05 11:00:00;2609.726055995844;3871.413;['wind_speed', 'pressure', 'precipitation']
2026-02-05 12:00:00;3148.943455105673;2481.76625;['wind_speed', 'pressure', 'precipitation']
2026-02-05 13:00:00;2625.9967508726877;2475.083;['wind_speed', 'pressure', 'precipitation']
2026-02-05 14:00:00;2680.5731638485713;2266.7945;['wind_speed', 'pressure', 'precipitation']
2026-02-05 15:00:00;2841.9807563663057;3025.16625;['wind_speed', 'pressure', 'precipitation']
2026-02-05 16:00:00;3604.675479668606;3120.888;['wind_speed', 'pressure', 'precipitation']
2026-02-05 17:00:00;4172.487572115341;5058.1865;['wind_speed', 'pressure', 'precipitation']
2026-02-05 18:00:00;3993.3390702240986;4388.71075;['wind_speed', 'pressure', 'precipitation']
2026-02-05 19:00:00;3605.79276209336;2322.8345;['wind_speed', 'pressure', 'precipitation']
2026-02-05 20:00:00;3564.2506191621387;2892.934;['wind_speed', 'pressure', 'precipitation']
2026-02-05 21:00:00;3753.3425596494153;2691.11;['wind_speed', 'pressure', 'precipitation']
2026-02-05 22:00:00;3600.491621685438;2040.70725;['wind_speed', 'pressure', 'precipitation']
2026-02-05 23:00:00;2786.6680665964104;2318.614;['wind_speed', 'pressure', 'precipitation']
2026-02-06 00:00:00;2489.944319925622;2417.388;['wind_speed', 'pressure', 'precipitation']
2026-02-06 01:00:00;2596.4887866095696;3028.649;['wind_speed', 'pressure', 'precipitation']
2026-02-06 02:00:00;2586.0963124660466;2456.4425;['wind_speed', 'pressure', 'precipitation']
2026-02-06 03:00:00;2415.4013936561932;1991.96825;['wind_speed', 'pressure', 'precipitation']
2026-02-06 04:00:00;2451.5957347168987;2168.60175;['wind_speed', 'pressure', 'precipitation']
2026-02-06 05:00:00;2613.367013563478;2554.5777500000004;['wind_speed', 'pressure', 'precipitation']
2026-02-06 06:00:00;2675.003669280404;2480.9035;['wind_speed', 'pressure', 'precipitation']
2026-02-06 07:00:00;2869.226817628294;2516.1095;['wind_speed', 'pressure', 'precipitation']
2026-02-06 08:00:00;3012.1903660898042;2358.27875;['wind_speed', 'pressure', 'precipitation']
2026-02-06 09:00:00;2846.7787630540497;3043.82875;['wind_speed', 'pressure', 'precipitation']
2026-02-06 10:00:00;2988.964467881883;1863.571;['wind_speed', 'pressure', 'precipitation']
2026-02-06 11:00:00;2950.877932103409;1953.389;['wind_speed', 'pressure', 'precipitation']
2026-02-06 12:00:00;2886.2034064161744;2709.674;['wind_speed', 'pressure', 'precipitation']
2026-02-06 13:00:00;2752.23958992804;2834.37725;['wind_speed', 'pressure', 'precipitation']
2026-02-06 14:00:00;2471.377967492306;3653.3685;['wind_speed', 'pressure', 'precipitation']
2026-02-06 15:00:00;2701.4981630133298;3025.16625;['wind_speed', 'pressure', 'precipitation']
2026-02-06 16:00:00;3371.538844961209;3120.888;['wind_speed', 'pressure', 'precipitation']
2026-02-06 17:00:00;3808.13067111898;5058.1865;['wind_speed', 'pressure', 'precipitation']
2026-02-06 18:00:00;4070.5542408333386;4388.71075;['wind_speed', 'pressure', 'precipitation']
2026-02-06 19:00:00;3325.2594105705957;2322.8345;['wind_speed', 'pressure', 'precipitation']
2026-02-06 20:00:00;3278.044127939225;2892.934;['wind_speed', 'pressure', 'precipitation']
2026-02-06 21:00:00;3318.3284633973326;2691.11;['wind_speed', 'pressure', 'precipitation']
2026-02-06 22:00:00;3078.4956450941227;2040.70725;['wind_speed', 'pressure', 'precipitation']
2026-02-06 23:00:00;2415.5518625371815;2318.614;['wind_speed', 'pressure', 'precipitation']
2026-02-07 00:00:00;2377.5033365718773;2417.388;['wind_speed', 'pressure', 'precipitation']
2026-02-07 01:00:00;2486.958654305299;3028.649;['wind_speed', 'pressure', 'precipitation']
2026-02-07 02:00:00;2391.680669401712;2456.4425;['wind_speed', 'pressure', 'precipitation']
2026-02-07 03:00:00;2115.401166436595;1991.96825;['wind_speed', 'pressure', 'precipitation']
2026-02-07 04:00:00;2258.9089749892273;2168.60175;['wind_speed', 'pressure', 'precipitation']
2026-02-07 05:00:00;2350.9151408235657;2554.5777500000004;['wind_speed', 'pressure', 'precipitation']
2026-02-07 06:00:00;2419.5817126924303;2480.9035;['wind_speed', 'pressure', 'precipitation']
2026-02-07 07:00:00;2615.68084028343;2516.1095;['wind_speed', 'pressure', 'precipitation']
2026-02-07 08:00:00;2693.3256678716834;2358.27875;['wind_speed', 'pressure', 'precipitation']
2026-02-07 09:00:00;2681.9449226609113;3043.82875;['wind_speed', 'pressure', 'precipitation']
2026-02-07 10:00:00;2592.1688794643856;1863.571;['wind_speed', 'pressure', 'precipitation']
2026-02-07 11:00:00;2715.3498730566116;1953.389;['wind_speed', 'pressure', 'precipitation']
2026-02-07 12:00:00;2625.6245109185884;2709.674;['wind_speed', 'pressure', 'precipitation']
2026-02-07 13:00:00;2622.759595672752;2834.37725;['wind_speed', 'pressure', 'precipitation']
2026-02-07 14:00:00;2631.5242086404296;3653.3685;['wind_speed', 'pressure', 'precipitation']
2026-02-07 15:00:00;2722.396470570925;2864.2456666666667;['wind_speed', 'pressure', 'precipitation']
2026-02-07 16:00:00;3269.6677403146755;2075.1228333333333;['wind_speed', 'pressure', 'precipitation']
2026-02-07 17:00:00;4070.4830954438094;1286.0;['wind_speed', 'pressure', 'precipitation']
2026-02-07 18:00:00;3849.7759825163753;1953.83375;['wind_speed', 'pressure', 'precipitation']
2026-02-07 19:00:00;2991.0074406383796;1765.97475;['wind_speed', 'pressure', 'precipitation']
2026-02-07 20:00:00;3252.2036748604783;4467.39375;['wind_speed', 'pressure', 'precipitation']
2026-02-07 21:00:00;2941.257947937105;4289.70725;['wind_speed', 'pressure', 'precipitation']
2026-02-07 22:00:00;3451.7174940452705;2769.21075;['wind_speed', 'pressure', 'precipitation']
2026-02-07 23:00:00;2622.300416229229;2518.1585;['wind_speed', 'pressure', 'precipitation']
2026-02-08 00:00:00;2732.8880276027103;2938.06875;['wind_speed', 'pressure', 'precipitation']
2026-02-08 01:00:00;2821.087410358431;2957.5335;['wind_speed', 'pressure', 'precipitation']
2026-02-08 02:00:00;2679.082117808093;1970.80175;['wind_speed', 'pressure', 'precipitation']
2026-02-08 03:00:00;2351.540338947567;2352.781;['wind_speed', 'pressure', 'precipitation']
2026-02-08 04:00:00;2440.9488612598648;2566.9445;['wind_speed', 'pressure', 'precipitation']
2026-02-08 05:00:00;2529.4418887021716;2694.618;['wind_speed', 'pressure', 'precipitation']
2026-02-08 06:00:00;2761.8603208751592;3327.3340000000003;['wind_speed', 'pressure', 'precipitation']
2026-02-08 07:00:00;2614.963529204065;2645.92225;['wind_speed', 'pressure', 'precipitation']
2026-02-08 08:00:00;2700.572300398911;2682.03925;['wind_speed', 'pressure', 'precipitation']
2026-02-08 09:00:00;2945.3440348760387;2049.55625;['wind_speed', 'pressure', 'precipitation']
2026-02-08 10:00:00;2403.8350315549533;3419.758;['wind_speed', 'pressure', 'precipitation']
2026-02-08 11:00:00;2378.0856460920545;3716.1535;['wind_speed', 'pressure', 'precipitation']
2026-02-08 12:00:00;2556.742080320663;3340.28175;['wind_speed', 'pressure', 'precipitation']
2026-02-08 13:00:00;2673.383046692087;2959.019;['wind_speed', 'pressure', 'precipitation']
2026-02-08 14:00:00;2899.154914308434;2486.248;['wind_speed', 'pressure', 'precipitation']
2026-02-08 15:00:00;2709.02939461618;2433.7925;['wind_speed', 'pressure', 'precipitation']
2026-02-08 16:00:00;2844.303923785261;3127.31125;['wind_speed', 'pressure', 'precipitation']
2026-02-08 17:00:00;3504.4466792057106;2999.37275;['wind_speed', 'pressure', 'precipitation']
2026-02-08 18:00:00;3652.438837673747;5183.34525;['wind_speed', 'pressure', 'precipitation']
2026-02-08 19:00:00;2927.481551504602;3736.658;['wind_speed', 'pressure', 'precipitation']
2026-02-08 20:00:00;3537.4568569408334;2797.79775;['wind_speed', 'pressure', 'precipitation']
2026-02-08 21:00:00;3432.028122733345;4569.61725;['wind_speed', 'pressure', 'precipitation']
2026-02-08 22:00:00;2856.7552534196025;3223.9255000000003;['wind_speed', 'pressure', 'precipitation']
2026-02-08 23:00:00;2324.266599627873;2572.21625;['wind_speed', 'pressure', 'precipitation']
2026-02-09 00:00:00;2389.938262683226;2426.5875;['wind_speed', 'pressure', 'precipitation']
2026-02-09 01:00:00;2811.9812009081475;2814.69075;['wind_speed', 'pressure', 'precipitation']
2026-02-09 02:00:00;2633.9319161065932;2158.1762500000004;['wind_speed', 'pressure', 'precipitation']
2026-02-09 03:00:00;1962.8512618357054;2665.0825;['wind_speed', 'pressure', 'precipitation']
2026-02-09 04:00:00;2607.228844604264;2046.7645;['wind_speed', 'pressure', 'precipitation']
2026-02-09 05:00:00;2688.209917724239;3459.894;['wind_speed', 'pressure', 'precipitation']
2026-02-09 06:00:00;2647.9247229515227;2796.855;['wind_speed', 'pressure', 'precipitation']
2026-02-09 07:00:00;2323.2036192267396;2588.22925;['wind_speed', 'pressure', 'precipitation']
2026-02-09 08:00:00;2351.0658414692953;2782.715;['wind_speed', 'pressure', 'precipitation']
2026-02-09 09:00:00;2762.7960636197618;2941.144;['wind_speed', 'pressure', 'precipitation']
2026-02-09 10:00:00;2830.272132305884;2378.2555;['wind_speed', 'pressure', 'precipitation']
2026-02-09 11:00:00;3000.452043934577;1645.005;['wind_speed', 'pressure', 'precipitation']
2026-02-09 12:00:00;2845.333973196935;2864.45375;['wind_speed', 'pressure', 'precipitation']
2026-02-09 13:00:00;2723.1535681839828;3099.12325;['wind_speed', 'pressure', 'precipitation']
2026-02-09 14:00:00;3108.3775959871455;2231.92525;['wind_speed', 'pressure', 'precipitation']
2026-02-09 15:00:00;2911.766888634246;1882.14975;['wind_speed', 'pressure', 'precipitation']
2026-02-09 16:00:00;3076.0283540212054;2290.892;['wind_speed', 'pressure', 'precipitation']
2026-02-09 17:00:00;3579.3440878096785;3762.23375;['wind_speed', 'pressure', 'precipitation']
2026-02-09 18:00:00;4397.4751309774;3246.77025;['wind_speed', 'pressure', 'precipitation']
2026-02-09 19:00:00;3228.9755176404324;3761.3245;['wind_speed', 'pressure', 'precipitation']
2026-02-09 20:00:00;3828.6363365772486;3345.93475;['wind_speed', 'pressure', 'precipitation']
2026-02-09 21:00:00;3412.965261722761;3058.4565;['wind_speed', 'pressure', 'precipitation']
2026-02-09 22:00:00;3019.367976268508;3274.3425;['wind_speed', 'pressure', 'precipitation']
2026-02-09 23:00:00;2561.98655055823;3204.72675;['wind_speed', 'pressure', 'precipitation']
2026-02-10 00:00:00;2783.1664932394588;2312.257;['wind_speed', 'pressure', 'precipitation']
2026-02-10 01:00:00;2880.0713183340577;2445.75475;['wind_speed', 'pressure', 'precipitation']
2026-02-10 02:00:00;2591.1235870637065;2738.38875;['wind_speed', 'pressure', 'precipitation']
2026-02-10 03:00:00;2446.6992884821966;2507.56425;['wind_speed', 'pressure', 'precipitation']
2026-02-10 04:00:00;2374.6349164685985;2972.28575;['wind_speed', 'pressure', 'precipitation']
2026-02-10 05:00:00;2621.542611643764;2894.95425;['wind_speed', 'pressure', 'precipitation']
2026-02-10 06:00:00;2524.7344343914465;3762.406;['wind_speed', 'pressure', 'precipitation']
2026-02-10 07:00:00;2720.4520523368965;2580.2795;['wind_speed', 'pressure', 'precipitation']
2026-02-10 08:00:00;2857.276750360794;4036.3455;['wind_speed', 'pressure', 'precipitation']
2026-02-10 09:00:00;2742.4308871224275;3671.19375;['wind_speed', 'pressure', 'precipitation']
2026-02-10 10:00:00;2804.678868778464;2416.94175;['wind_speed', 'pressure', 'precipitation']
2026-02-10 11:00:00;2469.269311918498;2677.89175;['wind_speed', 'pressure', 'precipitation']
2026-02-10 12:00:00;2482.6826826537135;1806.73475;['wind_speed', 'pressure', 'precipitation']
2026-02-10 13:00:00;2629.2727685435148;3154.1665;['wind_speed', 'pressure', 'precipitation']
2026-02-10 14:00:00;2777.8635635882656;2227.19575;['wind_speed', 'pressure', 'precipitation']
2026-02-10 15:00:00;2523.2699754945043;2543.43525;['wind_speed', 'pressure', 'precipitation']
2026-02-10 16:00:00;2953.095590572315;2576.265;['wind_speed', 'pressure', 'precipitation']
2026-02-10 17:00:00;4116.812498382429;5342.617;['wind_speed', 'pressure', 'precipitation']
2026-02-10 18:00:00;4113.07738690048;5926.32475;['wind_speed', 'pressure', 'precipitation']
2026-02-10 19:00:00;2999.2239110927967;3875.02825;['wind_speed', 'pressure', 'precipitation']
2026-02-10 20:00:00;3398.224499118067;4273.53175;['wind_speed', 'pressure', 'precipitation']
2026-02-10 21:00:00;2986.9818826882274;2881.09475;['wind_speed', 'pressure', 'precipitation']
2026-02-10 22:00:00;2829.4093214163213;2286.139;['wind_speed', 'pressure', 'precipitation']
2026-02-10 23:00:00;2546.1161112699842;3057.192;['wind_speed', 'pressure', 'precipitation']
2026-02-11 00:00:00;2674.3579127652783;2366.50825;['wind_speed', 'pressure', 'precipitation']
2026-02-11 01:00:00;2788.7530492347296;2711.8525;['wind_speed', 'pressure', 'precipitation']
2026-02-11 02:00:00;2601.179830041067;2083.15775;['wind_speed', 'pressure', 'precipitation']
2026-02-11 03:00:00;2384.0300602680863;2465.2165000000005;['wind_speed', 'pressure', 'precipitation']
2026-02-11 04:00:00;2429.246027895827;2897.0037500000003;['wind_speed', 'pressure', 'precipitation']
2026-02-11 05:00:00;2462.9055260224227;2676.7915000000003;['wind_speed', 'pressure', 'precipitation']
2026-02-11 06:00:00;2723.646305604717;2365.58925;['wind_speed', 'pressure', 'precipitation']
2026-02-11 07:00:00;2654.182208066628;3238.81225;['wind_speed', 'pressure', 'precipitation']
2026-02-11 08:00:00;2934.2918747494723;2706.17225;['wind_speed', 'pressure', 'precipitation']
2026-02-11 09:00:00;2905.356604555755;3475.922;['wind_speed', 'pressure', 'precipitation']
2026-02-11 10:00:00;2811.5489556616603;2244.5915;['wind_speed', 'pressure', 'precipitation']
2026-02-11 11:00:00;2730.0941290585556;2952.637;['wind_speed', 'pressure', 'precipitation']
2026-02-11 12:00:00;2579.1923185721084;1686.3925;['wind_speed', 'pressure', 'precipitation']
2026-02-11 13:00:00;2683.239923451401;3154.1665;['wind_speed', 'pressure', 'precipitation']
2026-02-11 14:00:00;2552.982171743767;2227.19575;['wind_speed', 'pressure', 'precipitation']
2026-02-11 15:00:00;2711.0569839210975;2543.43525;['wind_speed', 'pressure', 'precipitation']
2026-02-11 16:00:00;3115.0146802110908;2576.265;['wind_speed', 'pressure', 'precipitation']
2026-02-11 17:00:00;4054.831362922359;1333.5;['wind_speed', 'pressure', 'precipitation']
2026-02-11 18:00:00;4325.851508785742;3750.33275;['wind_speed', 'pressure', 'precipitation']
2026-02-11 19:00:00;3013.6528183659557;3982.69175;['wind_speed', 'pressure', 'precipitation']
2026-02-11 20:00:00;3706.239901900837;3578.161;['wind_speed', 'pressure', 'precipitation']
2026-02-11 21:00:00;3092.68436067481;2482.21025;['wind_speed', 'pressure', 'precipitation']
2026-02-11 22:00:00;2717.239511781442;2358.59375;['wind_speed', 'pressure', 'precipitation']
2026-02-11 23:00:00;2937.127197451663;2322.409;['wind_speed', 'pressure', 'precipitation']
2026-02-12 00:00:00;2537.329266486614;2297.366;['wind_speed', 'pressure', 'precipitation']
2026-02-12 01:00:00;2519.933989145622;2377.4665;['wind_speed', 'pressure', 'precipitation']
2026-02-12 02:00:00;2603.7912421836995;1861.1955;['wind_speed', 'pressure', 'precipitation']
2026-02-12 03:00:00;2563.381503303534;1835.98825;['wind_speed', 'pressure', 'precipitation']
2026-02-12 04:00:00;2553.2195715129583;1987.42975;['wind_speed', 'pressure', 'precipitation']
2026-02-12 05:00:00;2662.61544533178;2928.504;['wind_speed', 'pressure', 'precipitation']
2026-02-12 06:00:00;2508.1461421145395;2122.81;['wind_speed', 'pressure', 'precipitation']
2026-02-12 07:00:00;2858.045576769489;2338.194;['wind_speed', 'pressure', 'precipitation']
2026-02-12 08:00:00;2816.53112147532;1348.37875;['wind_speed', 'pressure', 'precipitation']
2026-02-12 09:00:00;2828.0861094712573;928.61625;['wind_speed', 'pressure', 'precipitation']
2026-02-12 10:00:00;2503.2370257754296;2329.8340000000003;['wind_speed', 'pressure', 'precipitation']
2026-02-12 11:00:00;2693.274862828497;1817.92825;['wind_speed', 'pressure', 'precipitation']
2026-02-12 12:00:00;2544.501808559431;3735.537;['wind_speed', 'pressure', 'precipitation']
2026-02-12 13:00:00;2721.753141757732;2596.203;['wind_speed', 'pressure', 'precipitation']
2026-02-12 14:00:00;2476.414578596342;2194.61975;['wind_speed', 'pressure', 'precipitation']
2026-02-12 15:00:00;2622.135491705422;1834.60225;['wind_speed', 'pressure', 'precipitation']
2026-02-12 16:00:00;2939.1175339148285;2180.3565;['wind_speed', 'pressure', 'precipitation']
2026-02-12 17:00:00;3402.961994638921;3746.30075;['wind_speed', 'pressure', 'precipitation']
2026-02-12 18:00:00;3570.310307015765;4982.87875;['wind_speed', 'pressure', 'precipitation']
2026-02-12 19:00:00;2563.882505048192;3386.71775;['wind_speed', 'pressure', 'precipitation']
2026-02-12 20:00:00;3362.4040375816776;3613.59775;['wind_speed', 'pressure', 'precipitation']
2026-02-12 21:00:00;3052.219881871019;3065.22725;['wind_speed', 'pressure', 'precipitation']
2026-02-12 22:00:00;2980.165217819384;2475.28875;['wind_speed', 'pressure', 'precipitation']
2026-02-12 23:00:00;2636.9536770851537;2045.159;['wind_speed', 'pressure', 'precipitation']
2026-02-13 00:00:00;2106.060121611182;2855.48325;['wind_speed', 'pressure', 'precipitation']
2026-02-13 01:00:00;2379.4275808651414;2102.1375;['wind_speed', 'pressure', 'precipitation']
2026-02-13 02:00:00;2116.8861379336354;2721.5535;['wind_speed', 'pressure', 'precipitation']
2026-02-13 03:00:00;1914.8359879118175;2265.05425;['wind_speed', 'pressure', 'precipitation']
2026-02-13 04:00:00;1908.3977880824718;2724.386;['wind_speed', 'pressure', 'precipitation']
2026-02-13 05:00:00;2370.581343675597;1950.27;['wind_speed', 'pressure', 'precipitation']
2026-02-13 06:00:00;2211.312831388217;2676.27525;['wind_speed', 'pressure', 'precipitation']
2026-02-13 07:00:00;2457.3256784531286;1876.716;['wind_speed', 'pressure', 'precipitation']
2026-02-13 08:00:00;2653.224667949374;3155.0185;['wind_speed', 'pressure', 'precipitation']
2026-02-13 09:00:00;2494.968877413821;3419.00525;['wind_speed', 'pressure', 'precipitation']
2026-02-13 10:00:00;2763.5569221876294;2633.61775;['wind_speed', 'pressure', 'precipitation']
2026-02-13 11:00:00;2697.335799470648;3832.5985;['wind_speed', 'pressure', 'precipitation']
2026-02-13 12:00:00;2831.537780744314;2113.4985;['wind_speed', 'pressure', 'precipitation']
2026-02-13 13:00:00;2611.037406164671;2406.8145;['wind_speed', 'pressure', 'precipitation']
2026-02-13 14:00:00;2548.897560020837;2225.23925;['wind_speed', 'pressure', 'precipitation']
2026-02-13 15:00:00;2424.643714975202;2112.819;['wind_speed', 'pressure', 'precipitation']
2026-02-13 16:00:00;2675.7662996999425;2119.783;['wind_speed', 'pressure', 'precipitation']
2026-02-13 17:00:00;4435.677993857964;2762.934;['wind_speed', 'pressure', 'precipitation']
2026-02-13 18:00:00;3883.1918962310624;3519.851;['wind_speed', 'pressure', 'precipitation']
2026-02-13 19:00:00;2625.806635246669;3490.8465;['wind_speed', 'pressure', 'precipitation']
2026-02-13 20:00:00;3196.236136978739;3538.6712499999994;['wind_speed', 'pressure', 'precipitation']
2026-02-13 21:00:00;2927.9418338508417;3449.1785;['wind_speed', 'pressure', 'precipitation']
2026-02-13 22:00:00;2643.865768929642;2324.8065;['wind_speed', 'pressure', 'precipitation']
2026-02-13 23:00:00;2233.67337432624;3431.5795;['wind_speed', 'pressure', 'precipitation']
2026-02-14 00:00:00;2919.772997977329;2411.443;['wind_speed', 'pressure', 'precipitation']
2026-02-14 01:00:00;2708.9811683275507;2943.3845;['wind_speed', 'pressure', 'precipitation']
2026-02-14 02:00:00;2731.5869347726302;2579.4275;['wind_speed', 'pressure', 'precipitation']
2026-02-14 03:00:00;2518.5221571293923;2204.52425;['wind_speed', 'pressure', 'precipitation']
2026-02-14 04:00:00;2502.488881391858;2660.8965000000003;['wind_speed', 'pressure', 'precipitation']
2026-02-14 05:00:00;2389.439215685969;3597.15675;['wind_speed', 'pressure', 'precipitation']
2026-02-14 06:00:00;2760.2704592251075;2461.59075;['wind_speed', 'pressure', 'precipitation']
2026-02-14 07:00:00;2484.4778033967364;2936.82475;['wind_speed', 'pressure', 'precipitation']
2026-02-14 08:00:00;2851.951607239407;2971.81825;['wind_speed', 'pressure', 'precipitation']
2026-02-14 09:00:00;2909.157857650885;2900.61125;['wind_speed', 'pressure', 'precipitation']
2026-02-14 10:00:00;2778.3761510825425;2713.67975;['wind_speed', 'pressure', 'precipitation']
2026-02-14 11:00:00;3575.3498683934763;2756.77525;['wind_speed', 'pressure', 'precipitation']
2026-02-14 12:00:00;2725.1838717200403;3727.64475;['wind_speed', 'pressure', 'precipitation']
2026-02-14 13:00:00;2927.2570958680753;2757.3445;['wind_speed', 'pressure', 'precipitation']
2026-02-14 14:00:00;2487.4352376083093;3371.52475;['wind_speed', 'pressure', 'precipitation']
2026-02-14 15:00:00;2859.525132990615;3231.48225;['wind_speed', 'pressure', 'precipitation']
2026-02-14 16:00:00;3035.6291139420537;4488.084;['wind_speed', 'pressure', 'precipitation']
2026-02-14 17:00:00;3868.468883695761;5352.45;['wind_speed', 'pressure', 'precipitation']
2026-02-14 18:00:00;4145.60358774584;6210.828;['wind_speed', 'pressure', 'precipitation']
2026-02-14 19:00:00;3251.979520073145;1903.77525;['wind_speed', 'pressure', 'precipitation']
2026-02-14 20:00:00;3172.0378544571904;2630.102;['wind_speed', 'pressure', 'precipitation']
2026-02-14 21:00:00;2886.50669774134;4245.20475;['wind_speed', 'pressure', 'precipitation']
2026-02-14 22:00:00;2931.207735635964;3723.198;['wind_speed', 'pressure', 'precipitation']
2026-02-14 23:00:00;2850.5608223724007;3729.623;['wind_speed', 'pressure', 'precipitation']
2026-02-15 00:00:00;3259.7268676106846;3933.857;['wind_speed', 'pressure', 'precipitation']
2026-02-15 01:00:00;3344.754174842135;3709.625;['wind_speed', 'pressure', 'precipitation']
2026-02-15 02:00:00;3053.5873360493547;3698.68875;['wind_speed', 'pressure', 'precipitation']
2026-02-15 03:00:00;2831.857962118673;3668.341;['wind_speed', 'pressure', 'precipitation']
2026-02-15 04:00:00;2857.497569924789;3783.91125;['wind_speed', 'pressure', 'precipitation']
2026-02-15 05:00:00;3002.0005702348712;3444.12875;['wind_speed', 'pressure', 'precipitation']
2026-02-15 06:00:00;2821.634423067286;4090.44675;['wind_speed', 'pressure', 'precipitation']
2026-02-15 07:00:00;3086.008739209686;4660.0415;['wind_speed', 'pressure', 'precipitation']
2026-02-15 08:00:00;2988.081541592409;3879.998;['wind_speed', 'pressure', 'precipitation']
2026-02-15 09:00:00;3100.480550875799;4359.39175;['wind_speed', 'pressure', 'precipitation']
2026-02-15 10:00:00;3078.321587597289;5136.501;['wind_speed', 'pressure', 'precipitation']
2026-02-15 11:00:00;3122.621581241112;4608.921;['wind_speed', 'pressure', 'precipitation']
2026-02-15 12:00:00;2916.578338268332;3958.311;['wind_speed', 'pressure', 'precipitation']
2026-02-15 13:00:00;3193.021577780006;2757.3445;['wind_speed', 'pressure', 'precipitation']
2026-02-15 14:00:00;3183.429398778997;3371.52475;['wind_speed', 'pressure', 'precipitation']
2026-02-15 15:00:00;3263.543879275391;3231.48225;['wind_speed', 'pressure', 'precipitation']
2026-02-15 16:00:00;3340.0313591212525;5022.667;['wind_speed', 'pressure', 'precipitation']
2026-02-15 17:00:00;3768.8748687394477;3789.986;['wind_speed', 'pressure', 'precipitation']
2026-02-15 18:00:00;4323.930023246586;1972.2715;['wind_speed', 'pressure', 'precipitation']
2026-02-15 19:00:00;3566.9163865434166;1211.72575;['wind_speed', 'pressure', 'precipitation']
2026-02-15 20:00:00;3340.276276581635;2768.893;['wind_speed', 'pressure', 'precipitation']
2026-02-15 21:00:00;3423.3584372777595;4284.85;['wind_speed', 'pressure', 'precipitation']
2026-02-15 22:00:00;3067.502385675358;3674.49175;['wind_speed', 'pressure', 'precipitation']
2026-02-15 23:00:00;2732.017728029776;3857.04075;['wind_speed', 'pressure', 'precipitation']
2026-02-16 00:00:00;2836.9350606560674;4270.74175;['wind_speed', 'pressure', 'precipitation']
2026-02-16 01:00:00;3286.0207496127005;4172.0475;['wind_speed', 'pressure', 'precipitation']
2026-02-16 02:00:00;2865.945734844574;4192.84925;['wind_speed', 'pressure', 'precipitation']
2026-02-16 03:00:00;2955.3469321134367;4297.218;['wind_speed', 'pressure', 'precipitation']
2026-02-16 04:00:00;2758.5611778070206;3792.167;['wind_speed', 'pressure', 'precipitation']
2026-02-16 05:00:00;2886.1019437064983;3905.2105;['wind_speed', 'pressure', 'precipitation']
2026-02-16 06:00:00;2994.0106963420412;4322.625;['wind_speed', 'pressure', 'precipitation']
2026-02-16 07:00:00;3143.507848800672;5897.072;['wind_speed', 'pressure', 'precipitation']
2026-02-16 08:00:00;3229.7607235393957;2816.22675;['wind_speed', 'pressure', 'precipitation']
2026-02-16 09:00:00;3587.6249026431133;3726.25825;['wind_speed', 'pressure', 'precipitation']
2026-02-16 10:00:00;3290.0768339935103;3709.35825;['wind_speed', 'pressure', 'precipitation']
2026-02-16 11:00:00;3333.2996293775195;4097.0225;['wind_speed', 'pressure', 'precipitation']
2026-02-16 12:00:00;3148.820405181097;4383.431500000001;['wind_speed', 'pressure', 'precipitation']
2026-02-16 13:00:00;3404.2018904551574;3789.0565;['wind_speed', 'pressure', 'precipitation']
2026-02-16 14:00:00;3146.879249277642;4607.666;['wind_speed', 'pressure', 'precipitation']
2026-02-16 15:00:00;3185.5185954563135;4367.22325;['wind_speed', 'pressure', 'precipitation']
2026-02-16 16:00:00;2509.5949880276175;3437.96925;['wind_speed', 'pressure', 'precipitation']
2026-02-16 17:00:00;4506.790070526382;5117.6485;['wind_speed', 'pressure', 'precipitation']
2026-02-16 18:00:00;4461.056228471583;5031.2195;['wind_speed', 'pressure', 'precipitation']
2026-02-16 19:00:00;3519.2431064768243;5013.32925;['wind_speed', 'pressure', 'precipitation']
2026-02-16 20:00:00;3820.707896604259;3950.84225;['wind_speed', 'pressure', 'precipitation']
2026-02-16 21:00:00;3927.448929735885;3260.27925;['wind_speed', 'pressure', 'precipitation']
2026-02-16 22:00:00;3064.3708019151254;3727.6415;['wind_speed', 'pressure', 'precipitation']
2026-02-16 23:00:00;3027.1527234774276;2914.66625;['wind_speed', 'pressure', 'precipitation']
2026-02-17 00:00:00;3208.5573579907496;3134.171;['wind_speed', 'pressure', 'precipitation']
2026-02-17 01:00:00;3300.7439972040875;2905.419;['wind_speed', 'pressure', 'precipitation']
2026-02-17 02:00:00;3215.6212637058516;3407.01775;['wind_speed', 'pressure', 'precipitation']
2026-02-17 03:00:00;3032.307218223462;2895.731;['wind_speed', 'pressure', 'precipitation']
2026-02-17 04:00:00;3219.1741133683927;3551.5375;['wind_speed', 'pressure', 'precipitation']
2026-02-17 05:00:00;3433.357860134017;3038.49075;['wind_speed', 'pressure', 'precipitation']
2026-02-17 06:00:00;3519.486391440307;2865.9880000000003;['wind_speed', 'pressure', 'precipitation']
2026-02-17 07:00:00;3833.7385354657094;4217.9155;['wind_speed', 'pressure', 'precipitation']
2026-02-17 08:00:00;3527.426348320474;4631.85375;['wind_speed', 'pressure', 'precipitation']
2026-02-17 09:00:00;3533.5373339361245;5666.0205000000005;['wind_speed', 'pressure', 'precipitation']
2026-02-17 10:00:00;4061.9826234470056;3033.71925;['wind_speed', 'pressure', 'precipitation']
2026-02-17 11:00:00;4091.2474566594283;3668.54275;['wind_speed', 'pressure', 'precipitation']
2026-02-17 12:00:00;3668.520288987869;3205.1977500000003;['wind_speed', 'pressure', 'precipitation']
2026-02-17 13:00:00;3914.052558520719;3569.85825;['wind_speed', 'pressure', 'precipitation']
2026-02-17 14:00:00;3702.726805046891;4546.28325;['wind_speed', 'pressure', 'precipitation']
2026-02-17 15:00:00;3674.429061010804;3355.98275;['wind_speed', 'pressure', 'precipitation']
2026-02-17 16:00:00;4181.35155527624;3155.60275;['wind_speed', 'pressure', 'precipitation']
2026-02-17 17:00:00;4615.715939683612;3948.281;['wind_speed', 'pressure', 'precipitation']
2026-02-17 18:00:00;4383.0806595822905;6586.86025;['wind_speed', 'pressure', 'precipitation']
2026-02-17 19:00:00;3353.897636493337;2688.89675;['wind_speed', 'pressure', 'precipitation']
2026-02-17 20:00:00;4447.272903695271;4654.51275;['wind_speed', 'pressure', 'precipitation']
2026-02-17 21:00:00;4377.216850459117;3142.6025;['wind_speed', 'pressure', 'precipitation']
2026-02-17 22:00:00;3794.023474338146;2652.804;['wind_speed', 'pressure', 'precipitation']
2026-02-17 23:00:00;3764.901478461755;2618.7905;['wind_speed', 'pressure', 'precipitation']
2026-02-18 00:00:00;2978.0994605507585;3148.755;['wind_speed', 'pressure', 'precipitation']
2026-02-18 01:00:00;3480.8139923259114;3693.88525;['wind_speed', 'pressure', 'precipitation']
2026-02-18 02:00:00;2839.907492136408;2656.90925;['wind_speed', 'pressure', 'precipitation']
2026-02-18 03:00:00;2985.938377613187;2022.2365;['wind_speed', 'pressure', 'precipitation']
2026-02-18 04:00:00;3251.6531946517352;2714.6582499999995;['wind_speed', 'pressure', 'precipitation']
2026-02-18 05:00:00;3419.858058873359;3138.4825;['wind_speed', 'pressure', 'precipitation']
2026-02-18 06:00:00;3502.899532278813;3251.8665;['wind_speed', 'pressure', 'precipitation']
2026-02-18 07:00:00;3257.4611900882624;3767.39;['wind_speed', 'pressure', 'precipitation']
2026-02-18 08:00:00;3386.6924299868087;3704.433;['wind_speed', 'pressure', 'precipitation']
2026-02-18 09:00:00;3423.4571219660966;4502.9775;['wind_speed', 'pressure', 'precipitation']
2026-02-18 10:00:00;3815.2469226662706;2839.84175;['wind_speed', 'pressure', 'precipitation']
2026-02-18 11:00:00;3780.5553414521755;3027.432;['wind_speed', 'pressure', 'precipitation']
2026-02-18 12:00:00;3772.326015661761;3523.302;['wind_speed', 'pressure', 'precipitation']
2026-02-18 13:00:00;3653.323872070746;3065.7345000000005;['wind_speed', 'pressure', 'precipitation']
2026-02-18 14:00:00;3783.0916310767575;3746.467;['wind_speed', 'pressure', 'precipitation']
2026-02-18 15:00:00;3540.873276499281;3357.258;['wind_speed', 'pressure', 'precipitation']
2026-02-18 16:00:00;3763.472269844374;3739.85675;['wind_speed', 'pressure', 'precipitation']
2026-02-18 17:00:00;4747.309286463244;5383.882;['wind_speed', 'pressure', 'precipitation']
2026-02-18 18:00:00;3961.4275879280467;5460.044;['wind_speed', 'pressure', 'precipitation']
2026-02-18 19:00:00;3497.364943163145;3423.06;['wind_speed', 'pressure', 'precipitation']
2026-02-18 20:00:00;3549.687416755145;4988.140666666666;['wind_speed', 'pressure', 'precipitation']
2026-02-18 21:00:00;3586.5851434058022;3943.082;['wind_speed', 'pressure', 'precipitation']
2026-02-18 22:00:00;3775.058686973826;3280.73875;['wind_speed', 'pressure', 'precipitation']
2026-02-18 23:00:00;3727.149920818906;4189.85225;['wind_speed', 'pressure', 'precipitation']
2026-02-19 00:00:00;3969.8942171454332;3798.69625;['wind_speed', 'pressure', 'precipitation']
2026-02-19 01:00:00;3929.273169627445;3470.1565;['wind_speed', 'pressure', 'precipitation']
2026-02-19 02:00:00;3555.0454707833246;3887.978;['wind_speed', 'pressure', 'precipitation']
2026-02-19 03:00:00;3589.2241602964086;3463.55225;['wind_speed', 'pressure', 'precipitation']
2026-02-19 04:00:00;3444.187774079036;3694.54025;['wind_speed', 'pressure', 'precipitation']
2026-02-19 05:00:00;3408.3358036523114;4024.671;['wind_speed', 'pressure', 'precipitation']
2026-02-19 06:00:00;3795.3876505228304;3976.81075;['wind_speed', 'pressure', 'precipitation']
2026-02-19 07:00:00;3923.319192844574;4254.63175;['wind_speed', 'pressure', 'precipitation']
2026-02-19 08:00:00;4301.546925095701;5451.65625;['wind_speed', 'pressure', 'precipitation']
2026-02-19 09:00:00;3856.3007881635313;4617.72725;['wind_speed', 'pressure', 'precipitation']
2026-02-19 10:00:00;3841.5704046525907;4048.07275;['wind_speed', 'pressure', 'precipitation']
2026-02-19 11:00:00;3992.0154252709367;4006.33275;['wind_speed', 'pressure', 'precipitation']
2026-02-19 12:00:00;3687.4555146532;2886.07425;['wind_speed', 'pressure', 'precipitation']
2026-02-19 13:00:00;3652.8333569134684;3151.84075;['wind_speed', 'pressure', 'precipitation']
2026-02-19 14:00:00;3890.0226879646207;2118.81075;['wind_speed', 'pressure', 'precipitation']
2026-02-19 15:00:00;3686.1143090986525;2872.442;['wind_speed', 'pressure', 'precipitation']
2026-02-19 16:00:00;3598.6640397340225;3774.00675;['wind_speed', 'pressure', 'precipitation']
2026-02-19 17:00:00;4674.953078020826;5136.79725;['wind_speed', 'pressure', 'precipitation']
2026-02-19 18:00:00;5364.514863819679;5757.4375;['wind_speed', 'pressure', 'precipitation']
2026-02-19 19:00:00;4119.169223538872;2808.28475;['wind_speed', 'pressure', 'precipitation']
2026-02-19 20:00:00;3955.1283025041994;4316.30025;['wind_speed', 'pressure', 'precipitation']
2026-02-19 21:00:00;4165.4664285281;4116.61075;['wind_speed', 'pressure', 'precipitation']
2026-02-19 22:00:00;4020.7938174383316;3227.96925;['wind_speed', 'pressure', 'precipitation']
2026-02-19 23:00:00;4039.7474173622436;3393.52525;['wind_speed', 'pressure', 'precipitation']
2026-02-20 00:00:00;3464.7617672832625;3867.99625;['wind_speed', 'pressure', 'precipitation']
2026-02-20 01:00:00;3584.2824469407146;3100.64225;['wind_speed', 'pressure', 'precipitation']
2026-02-20 02:00:00;3391.927963006522;2828.1715;['wind_speed', 'pressure', 'precipitation']
2026-02-20 03:00:00;3288.1749808754703;4158.9235;['wind_speed', 'pressure', 'precipitation']
2026-02-20 04:00:00;3433.2709430501345;3933.11075;['wind_speed', 'pressure', 'precipitation']
2026-02-20 05:00:00;3522.256647762424;3965.08175;['wind_speed', 'pressure', 'precipitation']
2026-02-20 06:00:00;3538.6724784519884;3080.9115;['wind_speed', 'pressure', 'precipitation']
2026-02-20 07:00:00;3959.4695723682075;4425.24725;['wind_speed', 'pressure', 'precipitation']
2026-02-20 08:00:00;3744.3156608087274;5264.822999999999;['wind_speed', 'pressure', 'precipitation']
2026-02-20 09:00:00;3736.9106639715055;3476.0955;['wind_speed', 'pressure', 'precipitation']
2026-02-20 10:00:00;3943.0204052412896;3282.589;['wind_speed', 'pressure', 'precipitation']
2026-02-20 11:00:00;3814.426385813784;3600.80525;['wind_speed', 'pressure', 'precipitation']
2026-02-20 12:00:00;3744.030699855243;4432.64325;['wind_speed', 'pressure', 'precipitation']
2026-02-20 13:00:00;3453.1772297118837;2361.1320000000005;['wind_speed', 'pressure', 'precipitation']
2026-02-20 14:00:00;3506.973632299251;1551.0443333333333;['wind_speed', 'pressure', 'precipitation']
2026-02-20 15:00:00;3405.610689551271;2872.442;['wind_speed', 'pressure', 'precipitation']
2026-02-20 16:00:00;3557.365914819954;3774.00675;['wind_speed', 'pressure', 'precipitation']
2026-02-20 17:00:00;4482.942733774415;5136.79725;['wind_speed', 'pressure', 'precipitation']
2026-02-20 18:00:00;5204.6538651249575;5177.334;['wind_speed', 'pressure', 'precipitation']
2026-02-20 19:00:00;3827.340376310534;5452.91475;['wind_speed', 'pressure', 'precipitation']
2026-02-20 20:00:00;4454.371623379809;5548.0960000000005;['wind_speed', 'pressure', 'precipitation']
2026-02-20 21:00:00;3999.4436811926867;4351.4605;['wind_speed', 'pressure', 'precipitation']
2026-02-20 22:00:00;3395.175476836059;4562.4445;['wind_speed', 'pressure', 'precipitation']
2026-02-20 23:00:00;3608.151149802185;3240.04275;['wind_speed', 'pressure', 'precipitation']
2026-01-20 00:00:00;3396.2732305958652;3324.11425;['wind_speed', 'pressure', 'temperature']
2026-01-20 01:00:00;3333.307085757784;3196.69175;['wind_speed', 'pressure', 'temperature']
2026-01-20 02:00:00;3176.883499618312;3564.13325;['wind_speed', 'pressure', 'temperature']
2026-01-20 03:00:00;2900.088333381271;2707.383;['wind_speed', 'pressure', 'temperature']
2026-01-20 04:00:00;3332.1621000570913;2789.41325;['wind_speed', 'pressure', 'temperature']
2026-01-20 05:00:00;3085.136904976457;2898.3705;['wind_speed', 'pressure', 'temperature']
2026-01-20 06:00:00;3153.319426893533;3033.4665;['wind_speed', 'pressure', 'temperature']
2026-01-20 07:00:00;3432.7347715810156;3828.01275;['wind_speed', 'pressure', 'temperature']
2026-01-20 08:00:00;3403.9586516705212;3828.861;['wind_speed', 'pressure', 'temperature']
2026-01-20 09:00:00;3218.550901817528;3481.7545;['wind_speed', 'pressure', 'temperature']
2026-01-20 10:00:00;3148.8079533404525;3349.58575;['wind_speed', 'pressure', 'temperature']
2026-01-20 11:00:00;3140.3568540182387;2320.389;['wind_speed', 'pressure', 'temperature']
2026-01-20 12:00:00;3501.6533329062854;1065.9830000000002;['wind_speed', 'pressure', 'temperature']
2026-01-20 13:00:00;3475.1816694537015;2686.33025;['wind_speed', 'pressure', 'temperature']
2026-01-20 14:00:00;3381.8822940284085;3281.29675;['wind_speed', 'pressure', 'temperature']
2026-01-20 15:00:00;3654.6151508705716;2185.54725;['wind_speed', 'pressure', 'temperature']
2026-01-20 16:00:00;3518.3606292561653;3583.29175;['wind_speed', 'pressure', 'temperature']
2026-01-20 17:00:00;3282.8538252874914;5103.80775;['wind_speed', 'pressure', 'temperature']
2026-01-20 18:00:00;3405.8073073076885;5433.498250000001;['wind_speed', 'pressure', 'temperature']
2026-01-20 19:00:00;3816.886401715777;3254.337;['wind_speed', 'pressure', 'temperature']
2026-01-20 20:00:00;3622.6101174225078;4163.027;['wind_speed', 'pressure', 'temperature']
2026-01-20 21:00:00;3569.607655375021;3972.6565;['wind_speed', 'pressure', 'temperature']
2026-01-20 22:00:00;3292.5368360877055;3771.60525;['wind_speed', 'pressure', 'temperature']
2026-01-20 23:00:00;3401.760836575645;3864.2335;['wind_speed', 'pressure', 'temperature']
2026-01-21 00:00:00;3866.5978077406576;3600.33125;['wind_speed', 'pressure', 'temperature']
2026-01-21 01:00:00;3530.6467860373714;3360.08675;['wind_speed', 'pressure', 'temperature']
2026-01-21 02:00:00;3551.037700625168;3005.55825;['wind_speed', 'pressure', 'temperature']
2026-01-21 03:00:00;3224.3278328627675;3117.1915;['wind_speed', 'pressure', 'temperature']
2026-01-21 04:00:00;3239.48133850109;3537.741;['wind_speed', 'pressure', 'temperature']
2026-01-21 05:00:00;3297.843164432648;3386.89575;['wind_speed', 'pressure', 'temperature']
2026-01-21 06:00:00;3398.443120306465;2914.7335;['wind_speed', 'pressure', 'temperature']
2026-01-21 07:00:00;3529.440084410031;4593.3165;['wind_speed', 'pressure', 'temperature']
2026-01-21 08:00:00;3451.0859927677257;4870.53275;['wind_speed', 'pressure', 'temperature']
2026-01-21 09:00:00;3478.378762165754;2633.8055;['wind_speed', 'pressure', 'temperature']
2026-01-21 10:00:00;3462.682455626981;1883.37975;['wind_speed', 'pressure', 'temperature']
2026-01-21 11:00:00;3354.560426541957;1246.6372500000002;['wind_speed', 'pressure', 'temperature']
2026-01-21 12:00:00;3042.5478614907247;3255.17325;['wind_speed', 'pressure', 'temperature']
2026-01-21 13:00:00;3469.1871680203376;3642.69175;['wind_speed', 'pressure', 'temperature']
2026-01-21 14:00:00;3325.1814277077133;3443.1165;['wind_speed', 'pressure', 'temperature']
2026-01-21 15:00:00;3356.610679671978;2767.1085000000003;['wind_speed', 'pressure', 'temperature']
2026-01-21 16:00:00;3980.390028298826;2878.73225;['wind_speed', 'pressure', 'temperature']
2026-01-21 17:00:00;3600.901849460086;5212.20875;['wind_speed', 'pressure', 'temperature']
2026-01-21 18:00:00;4031.8506566900824;5884.1085;['wind_speed', 'pressure', 'temperature']
2026-01-21 19:00:00;3466.0711457726225;5043.75125;['wind_speed', 'pressure', 'temperature']
2026-01-21 20:00:00;3831.249213055355;4514.99425;['wind_speed', 'pressure', 'temperature']
2026-01-21 21:00:00;3839.449036468783;3905.21425;['wind_speed', 'pressure', 'temperature']
2026-01-21 22:00:00;3755.7000171594113;4084.417;['wind_speed', 'pressure', 'temperature']
2026-01-21 23:00:00;3653.2457558771384;3505.25175;['wind_speed', 'pressure', 'temperature']
2026-01-22 00:00:00;3773.944802042619;4382.88325;['wind_speed', 'pressure', 'temperature']
2026-01-22 01:00:00;3692.153411964349;3667.35;['wind_speed', 'pressure', 'temperature']
2026-01-22 02:00:00;3516.9851239616455;3949.475;['wind_speed', 'pressure', 'temperature']
2026-01-22 03:00:00;3556.909024479311;3619.1745;['wind_speed', 'pressure', 'temperature']
2026-01-22 04:00:00;3838.7618814552484;3195.02325;['wind_speed', 'pressure', 'temperature']
2026-01-22 05:00:00;3641.71207591091;3207.64475;['wind_speed', 'pressure', 'temperature']
2026-01-22 06:00:00;3612.6203970114575;3834.892;['wind_speed', 'pressure', 'temperature']
2026-01-22 07:00:00;3946.4016526216424;3332.436;['wind_speed', 'pressure', 'temperature']
2026-01-22 08:00:00;4094.4999572273437;4101.32475;['wind_speed', 'pressure', 'temperature']
2026-01-22 09:00:00;3099.2768578267405;2792.25975;['wind_speed', 'pressure', 'temperature']
2026-01-22 10:00:00;2853.2434953253232;3343.5355;['wind_speed', 'pressure', 'temperature']
2026-01-22 11:00:00;3291.5666246329097;1024.81275;['wind_speed', 'pressure', 'temperature']
2026-01-22 12:00:00;3410.443397173438;2345.626;['wind_speed', 'pressure', 'temperature']
2026-01-22 13:00:00;3704.2126356048757;4000.7015;['wind_speed', 'pressure', 'temperature']
2026-01-22 14:00:00;3861.7427797260716;3066.969;['wind_speed', 'pressure', 'temperature']
2026-01-22 15:00:00;3442.3356644941914;2576.49325;['wind_speed', 'pressure', 'temperature']
2026-01-22 16:00:00;3754.4824680749016;4892.4605;['wind_speed', 'pressure', 'temperature']
2026-01-22 17:00:00;4042.662097403385;4693.0;['wind_speed', 'pressure', 'temperature']
2026-01-22 18:00:00;4832.486278830814;5675.33575;['wind_speed', 'pressure', 'temperature']
2026-01-22 19:00:00;5034.886973212155;5423.83425;['wind_speed', 'pressure', 'temperature']
2026-01-22 20:00:00;4284.392810951489;5436.4;['wind_speed', 'pressure', 'temperature']
2026-01-22 21:00:00;4064.0323363489097;3945.58875;['wind_speed', 'pressure', 'temperature']
2026-01-22 22:00:00;4094.789725219427;3972.6965;['wind_speed', 'pressure', 'temperature']
2026-01-22 23:00:00;3508.3981226262404;2663.9855;['wind_speed', 'pressure', 'temperature']
2026-01-23 00:00:00;3668.4958460760636;3361.307;['wind_speed', 'pressure', 'temperature']
2026-01-23 01:00:00;3634.907575785777;3379.777;['wind_speed', 'pressure', 'temperature']
2026-01-23 02:00:00;3785.598874554907;3830.91175;['wind_speed', 'pressure', 'temperature']
2026-01-23 03:00:00;3534.3732440927047;3616.4825;['wind_speed', 'pressure', 'temperature']
2026-01-23 04:00:00;3578.199804187339;3049.29125;['wind_speed', 'pressure', 'temperature']
2026-01-23 05:00:00;3380.5483211616806;3813.81625;['wind_speed', 'pressure', 'temperature']
2026-01-23 06:00:00;3688.9033339111893;2841.50725;['wind_speed', 'pressure', 'temperature']
2026-01-23 07:00:00;3784.391797056486;3103.87025;['wind_speed', 'pressure', 'temperature']
2026-01-23 08:00:00;4077.8442858903345;769.03125;['wind_speed', 'pressure', 'temperature']
2026-01-23 09:00:00;3039.1941536986405;1197.06775;['wind_speed', 'pressure', 'temperature']
2026-01-23 10:00:00;3204.429383971188;2176.22575;['wind_speed', 'pressure', 'temperature']
2026-01-23 11:00:00;2291.5100054168192;2017.9665;['wind_speed', 'pressure', 'temperature']
2026-01-23 12:00:00;3099.9766509754745;3823.25725;['wind_speed', 'pressure', 'temperature']
2026-01-23 13:00:00;3833.9740226354875;2267.88875;['wind_speed', 'pressure', 'temperature']
2026-01-23 14:00:00;3673.8826993308344;3227.23325;['wind_speed', 'pressure', 'temperature']
2026-01-23 15:00:00;3166.9618913018994;2640.10975;['wind_speed', 'pressure', 'temperature']
2026-01-23 16:00:00;4615.221452551697;4200.918250000001;['wind_speed', 'pressure', 'temperature']
2026-01-23 17:00:00;4851.737548005713;4261.9315;['wind_speed', 'pressure', 'temperature']
2026-01-23 18:00:00;4460.696159730522;3950.993750000001;['wind_speed', 'pressure', 'temperature']
2026-01-23 19:00:00;3712.7207164357815;3119.8;['wind_speed', 'pressure', 'temperature']
2026-01-23 20:00:00;4081.926613784708;3737.94975;['wind_speed', 'pressure', 'temperature']
2026-01-23 21:00:00;4413.434809741315;3837.417;['wind_speed', 'pressure', 'temperature']
2026-01-23 22:00:00;4437.579904563643;3223.48975;['wind_speed', 'pressure', 'temperature']
2026-01-23 23:00:00;3795.708213062964;2826.59125;['wind_speed', 'pressure', 'temperature']
2026-01-24 00:00:00;3362.826638744956;2617.28325;['wind_speed', 'pressure', 'temperature']
2026-01-24 01:00:00;3161.76218890869;3046.392;['wind_speed', 'pressure', 'temperature']
2026-01-24 02:00:00;3297.9164898246854;3411.9126666666666;['wind_speed', 'pressure', 'temperature']
2026-01-24 03:00:00;3058.540835516823;2343.45825;['wind_speed', 'pressure', 'temperature']
2026-01-24 04:00:00;2970.318979231964;2843.999;['wind_speed', 'pressure', 'temperature']
2026-01-24 05:00:00;3121.7607497729955;2873.38325;['wind_speed', 'pressure', 'temperature']
2026-01-24 06:00:00;3012.365394823764;2907.02775;['wind_speed', 'pressure', 'temperature']
2026-01-24 07:00:00;3115.627160794375;2334.60825;['wind_speed', 'pressure', 'temperature']
2026-01-24 08:00:00;3076.124357167244;2823.44275;['wind_speed', 'pressure', 'temperature']
2026-01-24 09:00:00;1971.736640789077;2442.53925;['wind_speed', 'pressure', 'temperature']
2026-01-24 10:00:00;2384.689877198816;2516.7375;['wind_speed', 'pressure', 'temperature']
2026-01-24 11:00:00;2277.1606025841925;3611.406;['wind_speed', 'pressure', 'temperature']
2026-01-24 12:00:00;2863.4114700146006;4243.43825;['wind_speed', 'pressure', 'temperature']
2026-01-24 13:00:00;2620.170542049157;2192.474;['wind_speed', 'pressure', 'temperature']
2026-01-24 14:00:00;2962.9586856828296;3156.505;['wind_speed', 'pressure', 'temperature']
2026-01-24 15:00:00;2559.788278183536;2829.875;['wind_speed', 'pressure', 'temperature']
2026-01-24 16:00:00;3555.1616191323837;4099.4695;['wind_speed', 'pressure', 'temperature']
2026-01-24 17:00:00;3870.341330726668;5198.8237500000005;['wind_speed', 'pressure', 'temperature']
2026-01-24 18:00:00;4178.394819353625;4884.75125;['wind_speed', 'pressure', 'temperature']
2026-01-24 19:00:00;3291.542850254329;2075.6825;['wind_speed', 'pressure', 'temperature']
2026-01-24 20:00:00;3560.3505618176023;4323.9585;['wind_speed', 'pressure', 'temperature']
2026-01-24 21:00:00;3288.5028009628945;3607.17925;['wind_speed', 'pressure', 'temperature']
2026-01-24 22:00:00;3211.172652139244;3738.1285;['wind_speed', 'pressure', 'temperature']
2026-01-24 23:00:00;2711.424156443772;3432.4435;['wind_speed', 'pressure', 'temperature']
2026-01-25 00:00:00;3305.4864178619614;3474.86325;['wind_speed', 'pressure', 'temperature']
2026-01-25 01:00:00;3230.0121309590213;3669.751;['wind_speed', 'pressure', 'temperature']
2026-01-25 02:00:00;3394.740488263135;4048.164;['wind_speed', 'pressure', 'temperature']
2026-01-25 03:00:00;2850.6271543592215;2848.222;['wind_speed', 'pressure', 'temperature']
2026-01-25 04:00:00;3081.1490125891974;2863.81;['wind_speed', 'pressure', 'temperature']
2026-01-25 05:00:00;2975.1297507188606;3194.791;['wind_speed', 'pressure', 'temperature']
2026-01-25 06:00:00;3038.8625756066353;3292.455;['wind_speed', 'pressure', 'temperature']
2026-01-25 07:00:00;2947.5230975826476;2925.93075;['wind_speed', 'pressure', 'temperature']
2026-01-25 08:00:00;3208.354115447873;2567.88425;['wind_speed', 'pressure', 'temperature']
2026-01-25 09:00:00;2711.2339475211843;2779.9095;['wind_speed', 'pressure', 'temperature']
2026-01-25 10:00:00;2681.05258323114;4691.433;['wind_speed', 'pressure', 'temperature']
2026-01-25 11:00:00;2994.016296821628;4666.953;['wind_speed', 'pressure', 'temperature']
2026-01-25 12:00:00;3490.888847372061;4243.43825;['wind_speed', 'pressure', 'temperature']
2026-01-25 13:00:00;2717.5694433033914;2192.474;['wind_speed', 'pressure', 'temperature']
2026-01-25 14:00:00;3226.6295860661376;3354.488666666666;['wind_speed', 'pressure', 'temperature']
2026-01-25 15:00:00;3127.1742184055756;2592.30825;['wind_speed', 'pressure', 'temperature']
2026-01-25 16:00:00;3787.979727650088;2440.2725;['wind_speed', 'pressure', 'temperature']
2026-01-25 17:00:00;4125.020672050085;4202.912;['wind_speed', 'pressure', 'temperature']
2026-01-25 18:00:00;4542.450546590442;1737.12275;['wind_speed', 'pressure', 'temperature']
2026-01-25 19:00:00;3652.381966391173;958.94425;['wind_speed', 'pressure', 'temperature']
2026-01-25 20:00:00;4083.587032710533;3723.2195;['wind_speed', 'pressure', 'temperature']
2026-01-25 21:00:00;3583.2625513879557;2804.4895;['wind_speed', 'pressure', 'temperature']
2026-01-25 22:00:00;3773.540314334226;3094.9155;['wind_speed', 'pressure', 'temperature']
2026-01-25 23:00:00;3210.0772178851976;2390.568;['wind_speed', 'pressure', 'temperature']
2026-01-26 00:00:00;2718.4617692824268;3275.88325;['wind_speed', 'pressure', 'temperature']
2026-01-26 01:00:00;3062.323065701015;2851.27575;['wind_speed', 'pressure', 'temperature']
2026-01-26 02:00:00;3275.116962436811;2314.45425;['wind_speed', 'pressure', 'temperature']
2026-01-26 03:00:00;2582.1246662193826;2804.119;['wind_speed', 'pressure', 'temperature']
2026-01-26 04:00:00;4202.565519848851;1930.60775;['wind_speed', 'pressure', 'temperature']
2026-01-26 05:00:00;4274.131192946068;2723.21625;['wind_speed', 'pressure', 'temperature']
2026-01-26 06:00:00;2884.546334639374;2888.58725;['wind_speed', 'pressure', 'temperature']
2026-01-26 07:00:00;2839.541978606786;2713.859;['wind_speed', 'pressure', 'temperature']
2026-01-26 08:00:00;2577.5120107533326;4417.67925;['wind_speed', 'pressure', 'temperature']
2026-01-26 09:00:00;2518.071455551077;3356.1275;['wind_speed', 'pressure', 'temperature']
2026-01-26 10:00:00;3369.7500652088556;3438.948;['wind_speed', 'pressure', 'temperature']
2026-01-26 11:00:00;3223.759709023903;3563.75175;['wind_speed', 'pressure', 'temperature']
2026-01-26 12:00:00;3203.5122556478727;2427.02325;['wind_speed', 'pressure', 'temperature']
2026-01-26 13:00:00;2165.1644975069694;2582.1835;['wind_speed', 'pressure', 'temperature']
2026-01-26 14:00:00;2951.466874331796;2928.6145;['wind_speed', 'pressure', 'temperature']
2026-01-26 15:00:00;2677.7644658064723;3789.735;['wind_speed', 'pressure', 'temperature']
2026-01-26 16:00:00;2731.44741635829;4572.9445;['wind_speed', 'pressure', 'temperature']
2026-01-26 17:00:00;3416.704366823299;5266.107;['wind_speed', 'pressure', 'temperature']
2026-01-26 18:00:00;2836.243848208246;4283.08325;['wind_speed', 'pressure', 'temperature']
2026-01-26 19:00:00;2065.243310189605;2424.01675;['wind_speed', 'pressure', 'temperature']
2026-01-26 20:00:00;3431.9460479898858;4279.203;['wind_speed', 'pressure', 'temperature']
2026-01-26 21:00:00;3117.3836587732676;3742.166;['wind_speed', 'pressure', 'temperature']
2026-01-26 22:00:00;3108.7238512549875;4314.9745;['wind_speed', 'pressure', 'temperature']
2026-01-26 23:00:00;2485.450217386883;2969.2475;['wind_speed', 'pressure', 'temperature']
2026-01-27 00:00:00;3452.756714124929;2830.22625;['wind_speed', 'pressure', 'temperature']
2026-01-27 01:00:00;3235.095691372522;2744.937;['wind_speed', 'pressure', 'temperature']
2026-01-27 02:00:00;3149.4191541132786;3257.3167500000004;['wind_speed', 'pressure', 'temperature']
2026-01-27 03:00:00;3021.4515017174303;2912.7870000000003;['wind_speed', 'pressure', 'temperature']
2026-01-27 04:00:00;2907.7154118779335;2666.22525;['wind_speed', 'pressure', 'temperature']
2026-01-27 05:00:00;3070.7664323734543;2944.02975;['wind_speed', 'pressure', 'temperature']
2026-01-27 06:00:00;3162.988217147942;3157.67;['wind_speed', 'pressure', 'temperature']
2026-01-27 07:00:00;3133.4053237882695;4838.0755;['wind_speed', 'pressure', 'temperature']
2026-01-27 08:00:00;3748.5055744381816;4393.29025;['wind_speed', 'pressure', 'temperature']
2026-01-27 09:00:00;3099.9488513903757;5051.76225;['wind_speed', 'pressure', 'temperature']
2026-01-27 10:00:00;3316.037610499321;2729.127;['wind_speed', 'pressure', 'temperature']
2026-01-27 11:00:00;3335.274595325973;5356.0235;['wind_speed', 'pressure', 'temperature']
2026-01-27 12:00:00;2784.270504264102;4141.3775000000005;['wind_speed', 'pressure', 'temperature']
2026-01-27 13:00:00;2702.4776683238006;5016.7125;['wind_speed', 'pressure', 'temperature']
2026-01-27 14:00:00;3386.801995562182;4572.88175;['wind_speed', 'pressure', 'temperature']
2026-01-27 15:00:00;3498.1319028904354;5905.1945;['wind_speed', 'pressure', 'temperature']
2026-01-27 16:00:00;4218.986312920959;3749.44675;['wind_speed', 'pressure', 'temperature']
2026-01-27 17:00:00;4118.944342956992;4949.617;['wind_speed', 'pressure', 'temperature']
2026-01-27 18:00:00;4460.492374165028;4155.69975;['wind_speed', 'pressure', 'temperature']
2026-01-27 19:00:00;3632.5802403054345;2501.7875;['wind_speed', 'pressure', 'temperature']
2026-01-27 20:00:00;4201.747292161985;4555.15975;['wind_speed', 'pressure', 'temperature']
2026-01-27 21:00:00;3840.2029494218677;4213.807;['wind_speed', 'pressure', 'temperature']
2026-01-27 22:00:00;4049.62043712965;3972.591;['wind_speed', 'pressure', 'temperature']
2026-01-27 23:00:00;3116.1230094957336;2477.69175;['wind_speed', 'pressure', 'temperature']
2026-01-28 00:00:00;3136.7588840000362;2930.86175;['wind_speed', 'pressure', 'temperature']
2026-01-28 01:00:00;3472.771033813873;2799.0625;['wind_speed', 'pressure', 'temperature']
2026-01-28 02:00:00;3636.995185562213;2599.72025;['wind_speed', 'pressure', 'temperature']
2026-01-28 03:00:00;3310.459385762212;2659.1175000000003;['wind_speed', 'pressure', 'temperature']
2026-01-28 04:00:00;3464.9973076605206;2997.5885;['wind_speed', 'pressure', 'temperature']
2026-01-28 05:00:00;3403.897863297004;3240.1315;['wind_speed', 'pressure', 'temperature']
2026-01-28 06:00:00;3553.0289754488203;3348.08375;['wind_speed', 'pressure', 'temperature']
2026-01-28 07:00:00;4177.284233509499;2768.882;['wind_speed', 'pressure', 'temperature']
2026-01-28 08:00:00;3897.6406583283306;3758.438;['wind_speed', 'pressure', 'temperature']
2026-01-28 09:00:00;4420.829347772975;4153.29825;['wind_speed', 'pressure', 'temperature']
2026-01-28 10:00:00;3489.702556012142;3485.40875;['wind_speed', 'pressure', 'temperature']
2026-01-28 11:00:00;4402.807551011064;2457.739;['wind_speed', 'pressure', 'temperature']
2026-01-28 12:00:00;3830.0221855312666;2199.971;['wind_speed', 'pressure', 'temperature']
2026-01-28 13:00:00;4318.218975770433;2714.47975;['wind_speed', 'pressure', 'temperature']
2026-01-28 14:00:00;4099.302609393565;2314.87675;['wind_speed', 'pressure', 'temperature']
2026-01-28 15:00:00;4703.139177610868;2226.03375;['wind_speed', 'pressure', 'temperature']
2026-01-28 16:00:00;4217.792482311785;2161.29975;['wind_speed', 'pressure', 'temperature']
2026-01-28 17:00:00;4681.522422713516;4241.76125;['wind_speed', 'pressure', 'temperature']
2026-01-28 18:00:00;4357.081618297062;4462.1295;['wind_speed', 'pressure', 'temperature']
2026-01-28 19:00:00;3554.713232809179;3273.2575;['wind_speed', 'pressure', 'temperature']
2026-01-28 20:00:00;4549.595505623536;4066.16375;['wind_speed', 'pressure', 'temperature']
2026-01-28 21:00:00;4242.71479112852;3350.293;['wind_speed', 'pressure', 'temperature']
2026-01-28 22:00:00;4125.477704428166;3015.4385;['wind_speed', 'pressure', 'temperature']
2026-01-28 23:00:00;3394.522609526575;2959.08775;['wind_speed', 'pressure', 'temperature']
2026-01-29 00:00:00;3115.7569344175104;3130.11525;['wind_speed', 'pressure', 'temperature']
2026-01-29 01:00:00;2914.195068563824;2990.9015;['wind_speed', 'pressure', 'temperature']
2026-01-29 02:00:00;3225.660269532322;3271.22725;['wind_speed', 'pressure', 'temperature']
2026-01-29 03:00:00;2967.1968867848705;3629.855;['wind_speed', 'pressure', 'temperature']
2026-01-29 04:00:00;2769.1862792615366;2829.71625;['wind_speed', 'pressure', 'temperature']
2026-01-29 05:00:00;2932.454552725695;3074.8425;['wind_speed', 'pressure', 'temperature']
2026-01-29 06:00:00;3033.8496705061425;2983.11375;['wind_speed', 'pressure', 'temperature']
2026-01-29 07:00:00;2973.9494168493175;2818.86525;['wind_speed', 'pressure', 'temperature']
2026-01-29 08:00:00;3345.120097226725;2361.08125;['wind_speed', 'pressure', 'temperature']
2026-01-29 09:00:00;3468.251072612511;3292.206;['wind_speed', 'pressure', 'temperature']
2026-01-29 10:00:00;3024.507746037567;3860.7405;['wind_speed', 'pressure', 'temperature']
2026-01-29 11:00:00;2820.3726435833632;4322.213;['wind_speed', 'pressure', 'temperature']
2026-01-29 12:00:00;3021.694308983777;3233.9055;['wind_speed', 'pressure', 'temperature']
2026-01-29 13:00:00;2845.7066186727543;3161.515;['wind_speed', 'pressure', 'temperature']
2026-01-29 14:00:00;2908.4383551750407;3518.00425;['wind_speed', 'pressure', 'temperature']
2026-01-29 15:00:00;2861.0975767900895;3397.26675;['wind_speed', 'pressure', 'temperature']
2026-01-29 16:00:00;3153.870631395943;3804.59875;['wind_speed', 'pressure', 'temperature']
2026-01-29 17:00:00;4333.627825662684;3048.346;['wind_speed', 'pressure', 'temperature']
2026-01-29 18:00:00;4197.366999510296;3831.81075;['wind_speed', 'pressure', 'temperature']
2026-01-29 19:00:00;2921.8982072511017;4592.51725;['wind_speed', 'pressure', 'temperature']
2026-01-29 20:00:00;3608.6743652547552;3198.797;['wind_speed', 'pressure', 'temperature']
2026-01-29 21:00:00;3050.7490820531675;3905.9085;['wind_speed', 'pressure', 'temperature']
2026-01-29 22:00:00;2961.9836989519763;2584.36575;['wind_speed', 'pressure', 'temperature']
2026-01-29 23:00:00;2675.6644458514693;2977.50875;['wind_speed', 'pressure', 'temperature']
2026-01-30 00:00:00;3183.9041534269236;2930.24125;['wind_speed', 'pressure', 'temperature']
2026-01-30 01:00:00;3092.8655196348477;3045.52575;['wind_speed', 'pressure', 'temperature']
2026-01-30 02:00:00;3229.1034642247355;3382.778;['wind_speed', 'pressure', 'temperature']
2026-01-30 03:00:00;3169.6150530966706;2108.5750000000003;['wind_speed', 'pressure', 'temperature']
2026-01-30 04:00:00;2954.3063724802446;2711.36825;['wind_speed', 'pressure', 'temperature']
2026-01-30 05:00:00;3009.129026898319;2823.3405;['wind_speed', 'pressure', 'temperature']
2026-01-30 06:00:00;3074.6872501445814;2810.056;['wind_speed', 'pressure', 'temperature']
2026-01-30 07:00:00;3047.9774225502456;2569.47575;['wind_speed', 'pressure', 'temperature']
2026-01-30 08:00:00;3084.423045880734;3011.00925;['wind_speed', 'pressure', 'temperature']
2026-01-30 09:00:00;3230.405397777072;3970.83225;['wind_speed', 'pressure', 'temperature']
2026-01-30 10:00:00;3349.7217381856176;4316.86625;['wind_speed', 'pressure', 'temperature']
2026-01-30 11:00:00;3574.5168919621656;3255.9585;['wind_speed', 'pressure', 'temperature']
2026-01-30 12:00:00;3125.2627266539444;3856.16275;['wind_speed', 'pressure', 'temperature']
2026-01-30 13:00:00;3202.125386940279;5804.923;['wind_speed', 'pressure', 'temperature']
2026-01-30 14:00:00;3254.21850339654;3518.00425;['wind_speed', 'pressure', 'temperature']
2026-01-30 15:00:00;3360.9889704629054;3397.26675;['wind_speed', 'pressure', 'temperature']
2026-01-30 16:00:00;3624.4382137066827;2872.316;['wind_speed', 'pressure', 'temperature']
2026-01-30 17:00:00;3446.7305453072386;4624.5915;['wind_speed', 'pressure', 'temperature']
2026-01-30 18:00:00;3876.098786097639;3331.67425;['wind_speed', 'pressure', 'temperature']
2026-01-30 19:00:00;3498.7695338265867;2540.943;['wind_speed', 'pressure', 'temperature']
2026-01-30 20:00:00;3616.2526272756527;3665.77125;['wind_speed', 'pressure', 'temperature']
2026-01-30 21:00:00;3820.9379285513664;2802.63575;['wind_speed', 'pressure', 'temperature']
2026-01-30 22:00:00;3407.069544990695;3011.39175;['wind_speed', 'pressure', 'temperature']
2026-01-30 23:00:00;3035.86983206028;2593.54575;['wind_speed', 'pressure', 'temperature']
2026-01-31 00:00:00;2941.9044938000798;3173.0025;['wind_speed', 'pressure', 'temperature']
2026-01-31 01:00:00;2966.4489877960327;3842.7335;['wind_speed', 'pressure', 'temperature']
2026-01-31 02:00:00;3184.8954579592323;3099.48925;['wind_speed', 'pressure', 'temperature']
2026-01-31 03:00:00;2577.4411999217614;3333.14125;['wind_speed', 'pressure', 'temperature']
2026-01-31 04:00:00;2882.469401588233;2831.7290000000003;['wind_speed', 'pressure', 'temperature']
2026-01-31 05:00:00;2883.8665820582505;2721.9165000000003;['wind_speed', 'pressure', 'temperature']
2026-01-31 06:00:00;2944.6466006082655;3373.83025;['wind_speed', 'pressure', 'temperature']
2026-01-31 07:00:00;2813.206728061536;3361.293;['wind_speed', 'pressure', 'temperature']
2026-01-31 08:00:00;2981.447368318952;3424.02625;['wind_speed', 'pressure', 'temperature']
2026-01-31 09:00:00;3261.984477284398;3892.46575;['wind_speed', 'pressure', 'temperature']
2026-01-31 10:00:00;3439.0601330518766;4093.56525;['wind_speed', 'pressure', 'temperature']
2026-01-31 11:00:00;3056.321537522946;3468.38725;['wind_speed', 'pressure', 'temperature']
2026-01-31 12:00:00;2982.348461082537;3645.032;['wind_speed', 'pressure', 'temperature']
2026-01-31 13:00:00;3593.454819537009;3006.9835;['wind_speed', 'pressure', 'temperature']
2026-01-31 14:00:00;3187.6042676744296;3079.298;['wind_speed', 'pressure', 'temperature']
2026-01-31 15:00:00;3210.0486616173393;3843.243;['wind_speed', 'pressure', 'temperature']
2026-01-31 16:00:00;3294.1870611512736;2761.37025;['wind_speed', 'pressure', 'temperature']
2026-01-31 17:00:00;3900.006444934501;2594.62925;['wind_speed', 'pressure', 'temperature']
2026-01-31 18:00:00;3808.5589087045273;5439.38975;['wind_speed', 'pressure', 'temperature']
2026-01-31 19:00:00;3054.8416242382623;4224.091;['wind_speed', 'pressure', 'temperature']
2026-01-31 20:00:00;3744.0351130848426;3178.35475;['wind_speed', 'pressure', 'temperature']
2026-01-31 21:00:00;3288.539627162929;4102.47225;['wind_speed', 'pressure', 'temperature']
2026-01-31 22:00:00;3303.1188183230233;4452.82625;['wind_speed', 'pressure', 'temperature']
2026-01-31 23:00:00;2784.3686521186432;1587.8345;['wind_speed', 'pressure', 'temperature']
2026-02-01 00:00:00;2769.3676560014924;1227.2925;['wind_speed', 'pressure', 'temperature']
2026-02-01 01:00:00;3253.5800139445737;986.55825;['wind_speed', 'pressure', 'temperature']
2026-02-01 02:00:00;3325.58541106768;523.318;['wind_speed', 'pressure', 'temperature']
2026-02-01 03:00:00;2849.4715628325935;419.4962499999999;['wind_speed', 'pressure', 'temperature']
2026-02-01 04:00:00;3085.681392453693;809.1597499999999;['wind_speed', 'pressure', 'temperature']
2026-02-01 05:00:00;3094.508429899038;879.83475;['wind_speed', 'pressure', 'temperature']
2026-02-01 06:00:00;3114.5713791396183;644.55125;['wind_speed', 'pressure', 'temperature']
2026-02-01 07:00:00;3120.5505805301864;2779.7565000000004;['wind_speed', 'pressure', 'temperature']
2026-02-01 08:00:00;3237.386364929529;4242.7392500000005;['wind_speed', 'pressure', 'temperature']
2026-02-01 09:00:00;3490.071395023801;4539.58225;['wind_speed', 'pressure', 'temperature']
2026-02-01 10:00:00;3354.7824520527242;3902.5285;['wind_speed', 'pressure', 'temperature']
2026-02-01 11:00:00;3092.839671431076;3690.70825;['wind_speed', 'pressure', 'temperature']
2026-02-01 12:00:00;3223.2550182038817;3770.9095;['wind_speed', 'pressure', 'temperature']
2026-02-01 13:00:00;3116.826687194522;3929.826;['wind_speed', 'pressure', 'temperature']
2026-02-01 14:00:00;3627.4969868936446;2997.2215;['wind_speed', 'pressure', 'temperature']
2026-02-01 15:00:00;3389.5050186905896;3139.48325;['wind_speed', 'pressure', 'temperature']
2026-02-01 16:00:00;3276.986892154115;4010.29575;['wind_speed', 'pressure', 'temperature']
2026-02-01 17:00:00;3149.480638806367;3188.33075;['wind_speed', 'pressure', 'temperature']
2026-02-01 18:00:00;4241.819686942779;4498.370000000001;['wind_speed', 'pressure', 'temperature']
2026-02-01 19:00:00;3565.1510131100345;5959.908;['wind_speed', 'pressure', 'temperature']
2026-02-01 20:00:00;3704.94561620266;2655.0615;['wind_speed', 'pressure', 'temperature']
2026-02-01 21:00:00;3724.089662991107;4070.45725;['wind_speed', 'pressure', 'temperature']
2026-02-01 22:00:00;3660.063113778011;3704.6875;['wind_speed', 'pressure', 'temperature']
2026-02-01 23:00:00;2664.003010809105;4307.6215;['wind_speed', 'pressure', 'temperature']
2026-02-02 00:00:00;3305.8258351184527;4194.2355;['wind_speed', 'pressure', 'temperature']
2026-02-02 01:00:00;3038.212627748365;3838.329;['wind_speed', 'pressure', 'temperature']
2026-02-02 02:00:00;2916.336062314443;3883.407;['wind_speed', 'pressure', 'temperature']
2026-02-02 03:00:00;2427.9977989494114;2908.932;['wind_speed', 'pressure', 'temperature']
2026-02-02 04:00:00;2856.039759479809;3679.78875;['wind_speed', 'pressure', 'temperature']
2026-02-02 05:00:00;2589.282326297639;2860.6365;['wind_speed', 'pressure', 'temperature']
2026-02-02 06:00:00;2445.933751611129;3718.30325;['wind_speed', 'pressure', 'temperature']
2026-02-02 07:00:00;3163.910481835134;4196.75575;['wind_speed', 'pressure', 'temperature']
2026-02-02 08:00:00;3631.6659479603586;3431.86475;['wind_speed', 'pressure', 'temperature']
2026-02-02 09:00:00;3611.236712891054;3188.44575;['wind_speed', 'pressure', 'temperature']
2026-02-02 10:00:00;3405.570468698821;3551.37525;['wind_speed', 'pressure', 'temperature']
2026-02-02 11:00:00;3342.146246133876;3092.7580000000003;['wind_speed', 'pressure', 'temperature']
2026-02-02 12:00:00;3359.0436332903264;2944.382;['wind_speed', 'pressure', 'temperature']
2026-02-02 13:00:00;3456.9809903729283;3419.67125;['wind_speed', 'pressure', 'temperature']
2026-02-02 14:00:00;3227.558557928317;2483.34625;['wind_speed', 'pressure', 'temperature']
2026-02-02 15:00:00;3272.865476955572;3997.7985;['wind_speed', 'pressure', 'temperature']
2026-02-02 16:00:00;3577.423023732388;3957.9355;['wind_speed', 'pressure', 'temperature']
2026-02-02 17:00:00;3616.415733345986;6156.93275;['wind_speed', 'pressure', 'temperature']
2026-02-02 18:00:00;4009.529491365126;5374.7855;['wind_speed', 'pressure', 'temperature']
2026-02-02 19:00:00;4616.09669456024;4602.8735;['wind_speed', 'pressure', 'temperature']
2026-02-02 20:00:00;3860.657355905885;4762.261;['wind_speed', 'pressure', 'temperature']
2026-02-02 21:00:00;3754.527743899244;2763.79025;['wind_speed', 'pressure', 'temperature']
2026-02-02 22:00:00;3243.143183589237;3169.481;['wind_speed', 'pressure', 'temperature']
2026-02-02 23:00:00;3228.7990706827577;2885.26125;['wind_speed', 'pressure', 'temperature']
2026-02-03 00:00:00;3318.8326538972983;3208.07325;['wind_speed', 'pressure', 'temperature']
2026-02-03 01:00:00;3257.9830386412586;2903.31075;['wind_speed', 'pressure', 'temperature']
2026-02-03 02:00:00;3133.024586254661;2636.27025;['wind_speed', 'pressure', 'temperature']
2026-02-03 03:00:00;2949.727051606068;3501.708;['wind_speed', 'pressure', 'temperature']
2026-02-03 04:00:00;3248.667637344694;3136.13775;['wind_speed', 'pressure', 'temperature']
2026-02-03 05:00:00;3000.0225504739656;3059.192;['wind_speed', 'pressure', 'temperature']
2026-02-03 06:00:00;3446.6160478778406;3381.67525;['wind_speed', 'pressure', 'temperature']
2026-02-03 07:00:00;3585.390776357283;2936.9875;['wind_speed', 'pressure', 'temperature']
2026-02-03 08:00:00;3513.7982634435402;2881.34175;['wind_speed', 'pressure', 'temperature']
2026-02-03 09:00:00;3726.0990881880334;3689.56575;['wind_speed', 'pressure', 'temperature']
2026-02-03 10:00:00;3532.0419245991643;4700.9365;['wind_speed', 'pressure', 'temperature']
2026-02-03 11:00:00;3847.2660635431407;4837.66625;['wind_speed', 'pressure', 'temperature']
2026-02-03 12:00:00;3055.1784586059966;3223.52525;['wind_speed', 'pressure', 'temperature']
2026-02-03 13:00:00;3667.749215474666;3071.254;['wind_speed', 'pressure', 'temperature']
2026-02-03 14:00:00;3292.8204705528583;4405.00475;['wind_speed', 'pressure', 'temperature']
2026-02-03 15:00:00;3718.6498912024317;3237.20825;['wind_speed', 'pressure', 'temperature']
2026-02-03 16:00:00;3335.1478436646735;4089.68875;['wind_speed', 'pressure', 'temperature']
2026-02-03 17:00:00;4515.318621319802;5304.03325;['wind_speed', 'pressure', 'temperature']
2026-02-03 18:00:00;4338.991762816792;5559.15675;['wind_speed', 'pressure', 'temperature']
2026-02-03 19:00:00;4532.330795411958;3708.947;['wind_speed', 'pressure', 'temperature']
2026-02-03 20:00:00;4024.7258544628958;3665.57175;['wind_speed', 'pressure', 'temperature']
2026-02-03 21:00:00;3250.6504886361686;3451.28325;['wind_speed', 'pressure', 'temperature']
2026-02-03 22:00:00;3485.4119645202927;3417.2;['wind_speed', 'pressure', 'temperature']
2026-02-03 23:00:00;3263.456791171882;4015.31775;['wind_speed', 'pressure', 'temperature']
2026-02-04 00:00:00;3822.508854314998;3004.00075;['wind_speed', 'pressure', 'temperature']
2026-02-04 01:00:00;3603.259931711656;3396.32175;['wind_speed', 'pressure', 'temperature']
2026-02-04 02:00:00;3519.977557625178;3114.4585;['wind_speed', 'pressure', 'temperature']
2026-02-04 03:00:00;3401.810205595293;2805.3185;['wind_speed', 'pressure', 'temperature']
2026-02-04 04:00:00;3353.206992939802;2795.15475;['wind_speed', 'pressure', 'temperature']
2026-02-04 05:00:00;3125.3682102590888;2969.17225;['wind_speed', 'pressure', 'temperature']
2026-02-04 06:00:00;3298.6695131370193;3460.06175;['wind_speed', 'pressure', 'temperature']
2026-02-04 07:00:00;3565.6824093292735;3189.5730000000003;['wind_speed', 'pressure', 'temperature']
2026-02-04 08:00:00;3399.2782236881217;3796.666;['wind_speed', 'pressure', 'temperature']
2026-02-04 09:00:00;3458.930853465538;3479.20375;['wind_speed', 'pressure', 'temperature']
2026-02-04 10:00:00;3597.2993612170776;4332.7065;['wind_speed', 'pressure', 'temperature']
2026-02-04 11:00:00;3553.7965665202155;2879.26525;['wind_speed', 'pressure', 'temperature']
2026-02-04 12:00:00;3410.7636097147238;2504.1825;['wind_speed', 'pressure', 'temperature']
2026-02-04 13:00:00;3318.479890234238;2285.1665;['wind_speed', 'pressure', 'temperature']
2026-02-04 14:00:00;3795.149047318474;1426.6965;['wind_speed', 'pressure', 'temperature']
2026-02-04 15:00:00;3939.5793237202415;1973.97525;['wind_speed', 'pressure', 'temperature']
2026-02-04 16:00:00;4319.027365547688;3078.4485;['wind_speed', 'pressure', 'temperature']
2026-02-04 17:00:00;4226.756703597981;3131.75175;['wind_speed', 'pressure', 'temperature']
2026-02-04 18:00:00;4629.01804503829;3145.325;['wind_speed', 'pressure', 'temperature']
2026-02-04 19:00:00;3671.858821661214;2937.0585;['wind_speed', 'pressure', 'temperature']
2026-02-04 20:00:00;3659.657942968586;2372.80775;['wind_speed', 'pressure', 'temperature']
2026-02-04 21:00:00;3872.7309899018655;2626.7202500000003;['wind_speed', 'pressure', 'temperature']
2026-02-04 22:00:00;3675.368383014669;3097.12075;['wind_speed', 'pressure', 'temperature']
2026-02-04 23:00:00;3384.1116672765975;2309.46375;['wind_speed', 'pressure', 'temperature']
2026-02-05 00:00:00;2553.4567389719923;2383.21975;['wind_speed', 'pressure', 'temperature']
2026-02-05 01:00:00;2803.6137716119774;2960.2615;['wind_speed', 'pressure', 'temperature']
2026-02-05 02:00:00;2863.165723734913;2172.40875;['wind_speed', 'pressure', 'temperature']
2026-02-05 03:00:00;2649.2926659313985;2315.36425;['wind_speed', 'pressure', 'temperature']
2026-02-05 04:00:00;2695.535089155943;2231.8865;['wind_speed', 'pressure', 'temperature']
2026-02-05 05:00:00;2698.6730648254015;2299.616;['wind_speed', 'pressure', 'temperature']
2026-02-05 06:00:00;3025.2940083675235;2751.74825;['wind_speed', 'pressure', 'temperature']
2026-02-05 07:00:00;3151.304149540855;2285.11125;['wind_speed', 'pressure', 'temperature']
2026-02-05 08:00:00;3530.8001194704357;2690.5555;['wind_speed', 'pressure', 'temperature']
2026-02-05 09:00:00;3293.2827480187525;2209.523;['wind_speed', 'pressure', 'temperature']
2026-02-05 10:00:00;3057.0581624018787;2035.103;['wind_speed', 'pressure', 'temperature']
2026-02-05 11:00:00;2516.269513027094;3871.413;['wind_speed', 'pressure', 'temperature']
2026-02-05 12:00:00;3050.36537588204;2481.76625;['wind_speed', 'pressure', 'temperature']
2026-02-05 13:00:00;2722.0213480406564;2475.083;['wind_speed', 'pressure', 'temperature']
2026-02-05 14:00:00;2445.84971414154;2266.7945;['wind_speed', 'pressure', 'temperature']
2026-02-05 15:00:00;2622.0975776553682;3025.16625;['wind_speed', 'pressure', 'temperature']
2026-02-05 16:00:00;3182.4029386224634;3120.888;['wind_speed', 'pressure', 'temperature']
2026-02-05 17:00:00;4012.4854358848725;5058.1865;['wind_speed', 'pressure', 'temperature']
2026-02-05 18:00:00;3744.935841464333;4388.71075;['wind_speed', 'pressure', 'temperature']
2026-02-05 19:00:00;3693.379184059913;2322.8345;['wind_speed', 'pressure', 'temperature']
2026-02-05 20:00:00;3381.4890835176075;2892.934;['wind_speed', 'pressure', 'temperature']
2026-02-05 21:00:00;3576.96571142859;2691.11;['wind_speed', 'pressure', 'temperature']
2026-02-05 22:00:00;3527.9801699642467;2040.70725;['wind_speed', 'pressure', 'temperature']
2026-02-05 23:00:00;2709.277578925512;2318.614;['wind_speed', 'pressure', 'temperature']
2026-02-06 00:00:00;2375.854502878503;2417.388;['wind_speed', 'pressure', 'temperature']
2026-02-06 01:00:00;2493.3057288245354;3028.649;['wind_speed', 'pressure', 'temperature']
2026-02-06 02:00:00;2413.185542049787;2456.4425;['wind_speed', 'pressure', 'temperature']
2026-02-06 03:00:00;2305.371028665959;1991.96825;['wind_speed', 'pressure', 'temperature']
2026-02-06 04:00:00;2403.0317240967815;2168.60175;['wind_speed', 'pressure', 'temperature']
2026-02-06 05:00:00;2401.7551056044936;2554.5777500000004;['wind_speed', 'pressure', 'temperature']
2026-02-06 06:00:00;2591.8898043817226;2480.9035;['wind_speed', 'pressure', 'temperature']
2026-02-06 07:00:00;2775.621270677;2516.1095;['wind_speed', 'pressure', 'temperature']
2026-02-06 08:00:00;2955.805321991904;2358.27875;['wind_speed', 'pressure', 'temperature']
2026-02-06 09:00:00;3021.245874641574;3043.82875;['wind_speed', 'pressure', 'temperature']
2026-02-06 10:00:00;2917.1317499863753;1863.571;['wind_speed', 'pressure', 'temperature']
2026-02-06 11:00:00;2880.885500462784;1953.389;['wind_speed', 'pressure', 'temperature']
2026-02-06 12:00:00;2739.7144997942414;2709.674;['wind_speed', 'pressure', 'temperature']
2026-02-06 13:00:00;2395.9060289844365;2834.37725;['wind_speed', 'pressure', 'temperature']
2026-02-06 14:00:00;2523.9938122188687;3653.3685;['wind_speed', 'pressure', 'temperature']
2026-02-06 15:00:00;2929.6110933111813;3025.16625;['wind_speed', 'pressure', 'temperature']
2026-02-06 16:00:00;3226.66502274899;3120.888;['wind_speed', 'pressure', 'temperature']
2026-02-06 17:00:00;3627.5070444099956;5058.1865;['wind_speed', 'pressure', 'temperature']
2026-02-06 18:00:00;3915.96079600912;4388.71075;['wind_speed', 'pressure', 'temperature']
2026-02-06 19:00:00;3155.805701921914;2322.8345;['wind_speed', 'pressure', 'temperature']
2026-02-06 20:00:00;3373.958419321061;2892.934;['wind_speed', 'pressure', 'temperature']
2026-02-06 21:00:00;3157.202189288446;2691.11;['wind_speed', 'pressure', 'temperature']
2026-02-06 22:00:00;3007.692115354743;2040.70725;['wind_speed', 'pressure', 'temperature']
2026-02-06 23:00:00;2366.4151437871815;2318.614;['wind_speed', 'pressure', 'temperature']
2026-02-07 00:00:00;2364.80158867759;2417.388;['wind_speed', 'pressure', 'temperature']
2026-02-07 01:00:00;2527.029472252687;3028.649;['wind_speed', 'pressure', 'temperature']
2026-02-07 02:00:00;2373.4578033433622;2456.4425;['wind_speed', 'pressure', 'temperature']
2026-02-07 03:00:00;2102.0531210874738;1991.96825;['wind_speed', 'pressure', 'temperature']
2026-02-07 04:00:00;2223.408940656952;2168.60175;['wind_speed', 'pressure', 'temperature']
2026-02-07 05:00:00;2333.826442257606;2554.5777500000004;['wind_speed', 'pressure', 'temperature']
2026-02-07 06:00:00;2427.4883098298815;2480.9035;['wind_speed', 'pressure', 'temperature']
2026-02-07 07:00:00;2573.043358593977;2516.1095;['wind_speed', 'pressure', 'temperature']
2026-02-07 08:00:00;2682.2423281805213;2358.27875;['wind_speed', 'pressure', 'temperature']
2026-02-07 09:00:00;2724.1312272301557;3043.82875;['wind_speed', 'pressure', 'temperature']
2026-02-07 10:00:00;2639.719592526672;1863.571;['wind_speed', 'pressure', 'temperature']
2026-02-07 11:00:00;2711.740948190889;1953.389;['wind_speed', 'pressure', 'temperature']
2026-02-07 12:00:00;2604.458736811609;2709.674;['wind_speed', 'pressure', 'temperature']
2026-02-07 13:00:00;2586.204477111961;2834.37725;['wind_speed', 'pressure', 'temperature']
2026-02-07 14:00:00;2622.5375600808593;3653.3685;['wind_speed', 'pressure', 'temperature']
2026-02-07 15:00:00;2692.4772925618918;2864.2456666666667;['wind_speed', 'pressure', 'temperature']
2026-02-07 16:00:00;2997.035942524148;2075.1228333333333;['wind_speed', 'pressure', 'temperature']
2026-02-07 17:00:00;3922.0341818695906;1286.0;['wind_speed', 'pressure', 'temperature']
2026-02-07 18:00:00;4107.115990298358;1953.83375;['wind_speed', 'pressure', 'temperature']
2026-02-07 19:00:00;2827.3216877697273;1765.97475;['wind_speed', 'pressure', 'temperature']
2026-02-07 20:00:00;3093.6304817872056;4467.39375;['wind_speed', 'pressure', 'temperature']
2026-02-07 21:00:00;2829.249876037691;4289.70725;['wind_speed', 'pressure', 'temperature']
2026-02-07 22:00:00;3449.639918361677;2769.21075;['wind_speed', 'pressure', 'temperature']
2026-02-07 23:00:00;2197.653870819073;2518.1585;['wind_speed', 'pressure', 'temperature']
2026-02-08 00:00:00;2565.7567104640384;2938.06875;['wind_speed', 'pressure', 'temperature']
2026-02-08 01:00:00;2633.6437000312826;2957.5335;['wind_speed', 'pressure', 'temperature']
2026-02-08 02:00:00;2438.260889780749;1970.80175;['wind_speed', 'pressure', 'temperature']
2026-02-08 03:00:00;2116.2281822703208;2352.781;['wind_speed', 'pressure', 'temperature']
2026-02-08 04:00:00;2203.396676201271;2566.9445;['wind_speed', 'pressure', 'temperature']
2026-02-08 05:00:00;2290.11850918557;2694.618;['wind_speed', 'pressure', 'temperature']
2026-02-08 06:00:00;2945.4151304454717;3327.3340000000003;['wind_speed', 'pressure', 'temperature']
2026-02-08 07:00:00;2612.5525852190794;2645.92225;['wind_speed', 'pressure', 'temperature']
2026-02-08 08:00:00;2705.3400063162694;2682.03925;['wind_speed', 'pressure', 'temperature']
2026-02-08 09:00:00;3061.408365930726;2049.55625;['wind_speed', 'pressure', 'temperature']
2026-02-08 10:00:00;2413.9331913449923;3419.758;['wind_speed', 'pressure', 'temperature']
2026-02-08 11:00:00;2355.5049347273084;3716.1535;['wind_speed', 'pressure', 'temperature']
2026-02-08 12:00:00;2536.9123150008386;3340.28175;['wind_speed', 'pressure', 'temperature']
2026-02-08 13:00:00;2656.9728370363255;2959.019;['wind_speed', 'pressure', 'temperature']
2026-02-08 14:00:00;2767.475612092858;2486.248;['wind_speed', 'pressure', 'temperature']
2026-02-08 15:00:00;2710.6152729883725;2433.7925;['wind_speed', 'pressure', 'temperature']
2026-02-08 16:00:00;2859.852050005964;3127.31125;['wind_speed', 'pressure', 'temperature']
2026-02-08 17:00:00;3445.5208674381324;2999.37275;['wind_speed', 'pressure', 'temperature']
2026-02-08 18:00:00;3779.849904205882;5183.34525;['wind_speed', 'pressure', 'temperature']
2026-02-08 19:00:00;3146.4433740143677;3736.658;['wind_speed', 'pressure', 'temperature']
2026-02-08 20:00:00;3803.6163046108163;2797.79775;['wind_speed', 'pressure', 'temperature']
2026-02-08 21:00:00;2884.4235542518995;4569.61725;['wind_speed', 'pressure', 'temperature']
2026-02-08 22:00:00;2882.4915248009806;3223.9255000000003;['wind_speed', 'pressure', 'temperature']
2026-02-08 23:00:00;2313.738656970402;2572.21625;['wind_speed', 'pressure', 'temperature']
2026-02-09 00:00:00;2251.9034726441637;2426.5875;['wind_speed', 'pressure', 'temperature']
2026-02-09 01:00:00;2785.0769674524895;2814.69075;['wind_speed', 'pressure', 'temperature']
2026-02-09 02:00:00;2742.3196571954604;2158.1762500000004;['wind_speed', 'pressure', 'temperature']
2026-02-09 03:00:00;2251.2071807199827;2665.0825;['wind_speed', 'pressure', 'temperature']
2026-02-09 04:00:00;2729.4771203611;2046.7645;['wind_speed', 'pressure', 'temperature']
2026-02-09 05:00:00;2570.3414713741413;3459.894;['wind_speed', 'pressure', 'temperature']
2026-02-09 06:00:00;2847.6969397483977;2796.855;['wind_speed', 'pressure', 'temperature']
2026-02-09 07:00:00;2194.6464903204896;2588.22925;['wind_speed', 'pressure', 'temperature']
2026-02-09 08:00:00;2277.4127958149984;2782.715;['wind_speed', 'pressure', 'temperature']
2026-02-09 09:00:00;2796.3346759854844;2941.144;['wind_speed', 'pressure', 'temperature']
2026-02-09 10:00:00;3040.8376153991458;2378.2555;['wind_speed', 'pressure', 'temperature']
2026-02-09 11:00:00;2925.9691566665106;1645.005;['wind_speed', 'pressure', 'temperature']
2026-02-09 12:00:00;2627.322124747228;2864.45375;['wind_speed', 'pressure', 'temperature']
2026-02-09 13:00:00;2623.2654990311507;3099.12325;['wind_speed', 'pressure', 'temperature']
2026-02-09 14:00:00;2578.046892251794;2231.92525;['wind_speed', 'pressure', 'temperature']
2026-02-09 15:00:00;2720.6907701650075;1882.14975;['wind_speed', 'pressure', 'temperature']
2026-02-09 16:00:00;3300.5577958547015;2290.892;['wind_speed', 'pressure', 'temperature']
2026-02-09 17:00:00;3643.8927862349715;3762.23375;['wind_speed', 'pressure', 'temperature']
2026-02-09 18:00:00;4192.5062283895095;3246.77025;['wind_speed', 'pressure', 'temperature']
2026-02-09 19:00:00;3178.6361210444775;3761.3245;['wind_speed', 'pressure', 'temperature']
2026-02-09 20:00:00;3320.8008635166407;3345.93475;['wind_speed', 'pressure', 'temperature']
2026-02-09 21:00:00;3228.676687504011;3058.4565;['wind_speed', 'pressure', 'temperature']
2026-02-09 22:00:00;2973.763580878951;3274.3425;['wind_speed', 'pressure', 'temperature']
2026-02-09 23:00:00;2603.5917484647243;3204.72675;['wind_speed', 'pressure', 'temperature']
2026-02-10 00:00:00;2910.743937315997;2312.257;['wind_speed', 'pressure', 'temperature']
2026-02-10 01:00:00;2893.4582831320313;2445.75475;['wind_speed', 'pressure', 'temperature']
2026-02-10 02:00:00;2614.839504650987;2738.38875;['wind_speed', 'pressure', 'temperature']
2026-02-10 03:00:00;2412.784060592182;2507.56425;['wind_speed', 'pressure', 'temperature']
2026-02-10 04:00:00;2386.9854022702953;2972.28575;['wind_speed', 'pressure', 'temperature']
2026-02-10 05:00:00;2495.9872451276506;2894.95425;['wind_speed', 'pressure', 'temperature']
2026-02-10 06:00:00;2555.129232670255;3762.406;['wind_speed', 'pressure', 'temperature']
2026-02-10 07:00:00;2767.2412082969795;2580.2795;['wind_speed', 'pressure', 'temperature']
2026-02-10 08:00:00;2884.515810285873;4036.3455;['wind_speed', 'pressure', 'temperature']
2026-02-10 09:00:00;2769.817514319693;3671.19375;['wind_speed', 'pressure', 'temperature']
2026-02-10 10:00:00;3064.523076542136;2416.94175;['wind_speed', 'pressure', 'temperature']
2026-02-10 11:00:00;2900.8970508711345;2677.89175;['wind_speed', 'pressure', 'temperature']
2026-02-10 12:00:00;2451.382755895901;1806.73475;['wind_speed', 'pressure', 'temperature']
2026-02-10 13:00:00;2661.106195972714;3154.1665;['wind_speed', 'pressure', 'temperature']
2026-02-10 14:00:00;2684.6666842013638;2227.19575;['wind_speed', 'pressure', 'temperature']
2026-02-10 15:00:00;2457.952643226743;2543.43525;['wind_speed', 'pressure', 'temperature']
2026-02-10 16:00:00;2905.3551864432866;2576.265;['wind_speed', 'pressure', 'temperature']
2026-02-10 17:00:00;3844.786085418562;5342.617;['wind_speed', 'pressure', 'temperature']
2026-02-10 18:00:00;4009.3893070664953;5926.32475;['wind_speed', 'pressure', 'temperature']
2026-02-10 19:00:00;3114.1066778164295;3875.02825;['wind_speed', 'pressure', 'temperature']
2026-02-10 20:00:00;3379.8851608154546;4273.53175;['wind_speed', 'pressure', 'temperature']
2026-02-10 21:00:00;3076.171629544917;2881.09475;['wind_speed', 'pressure', 'temperature']
2026-02-10 22:00:00;2890.0787550100713;2286.139;['wind_speed', 'pressure', 'temperature']
2026-02-10 23:00:00;2576.0666174803114;3057.192;['wind_speed', 'pressure', 'temperature']
2026-02-11 00:00:00;2770.8979728086133;2366.50825;['wind_speed', 'pressure', 'temperature']
2026-02-11 01:00:00;2763.1767571967657;2711.8525;['wind_speed', 'pressure', 'temperature']
2026-02-11 02:00:00;2681.85003158106;2083.15775;['wind_speed', 'pressure', 'temperature']
2026-02-11 03:00:00;2416.33387801711;2465.2165000000005;['wind_speed', 'pressure', 'temperature']
2026-02-11 04:00:00;2506.5373525113055;2897.0037500000003;['wind_speed', 'pressure', 'temperature']
2026-02-11 05:00:00;2631.971077780235;2676.7915000000003;['wind_speed', 'pressure', 'temperature']
2026-02-11 06:00:00;2765.1927247483936;2365.58925;['wind_speed', 'pressure', 'temperature']
2026-02-11 07:00:00;2765.690850263283;3238.81225;['wind_speed', 'pressure', 'temperature']
2026-02-11 08:00:00;3090.294197900107;2706.17225;['wind_speed', 'pressure', 'temperature']
2026-02-11 09:00:00;2949.0276155268243;3475.922;['wind_speed', 'pressure', 'temperature']
2026-02-11 10:00:00;2830.7429311102687;2244.5915;['wind_speed', 'pressure', 'temperature']
2026-02-11 11:00:00;2882.505139800743;2952.637;['wind_speed', 'pressure', 'temperature']
2026-02-11 12:00:00;2778.944321288173;1686.3925;['wind_speed', 'pressure', 'temperature']
2026-02-11 13:00:00;3083.4202670793306;3154.1665;['wind_speed', 'pressure', 'temperature']
2026-02-11 14:00:00;3021.136064260857;2227.19575;['wind_speed', 'pressure', 'temperature']
2026-02-11 15:00:00;2744.1984863014686;2543.43525;['wind_speed', 'pressure', 'temperature']
2026-02-11 16:00:00;3062.832841221833;2576.265;['wind_speed', 'pressure', 'temperature']
2026-02-11 17:00:00;3716.800215919185;1333.5;['wind_speed', 'pressure', 'temperature']
2026-02-11 18:00:00;4119.592284847754;3750.33275;['wind_speed', 'pressure', 'temperature']
2026-02-11 19:00:00;2952.1264664372447;3982.69175;['wind_speed', 'pressure', 'temperature']
2026-02-11 20:00:00;3167.03673112447;3578.161;['wind_speed', 'pressure', 'temperature']
2026-02-11 21:00:00;2758.7682687558645;2482.21025;['wind_speed', 'pressure', 'temperature']
2026-02-11 22:00:00;2675.77836828779;2358.59375;['wind_speed', 'pressure', 'temperature']
2026-02-11 23:00:00;2231.262146182132;2322.409;['wind_speed', 'pressure', 'temperature']
2026-02-12 00:00:00;2294.069371161907;2297.366;['wind_speed', 'pressure', 'temperature']
2026-02-12 01:00:00;2466.5661817573164;2377.4665;['wind_speed', 'pressure', 'temperature']
2026-02-12 02:00:00;2334.7647243156575;1861.1955;['wind_speed', 'pressure', 'temperature']
2026-02-12 03:00:00;2255.8724834518493;1835.98825;['wind_speed', 'pressure', 'temperature']
2026-02-12 04:00:00;2321.5795892894475;1987.42975;['wind_speed', 'pressure', 'temperature']
2026-02-12 05:00:00;2409.6587116281667;2928.504;['wind_speed', 'pressure', 'temperature']
2026-02-12 06:00:00;2361.40675841703;2122.81;['wind_speed', 'pressure', 'temperature']
2026-02-12 07:00:00;2648.289934832233;2338.194;['wind_speed', 'pressure', 'temperature']
2026-02-12 08:00:00;2638.519314987283;1348.37875;['wind_speed', 'pressure', 'temperature']
2026-02-12 09:00:00;2602.920605015691;928.61625;['wind_speed', 'pressure', 'temperature']
2026-02-12 10:00:00;2555.9152026553124;2329.8340000000003;['wind_speed', 'pressure', 'temperature']
2026-02-12 11:00:00;2573.684267583136;1817.92825;['wind_speed', 'pressure', 'temperature']
2026-02-12 12:00:00;2401.89062157823;3735.537;['wind_speed', 'pressure', 'temperature']
2026-02-12 13:00:00;2659.5287955968433;2596.203;['wind_speed', 'pressure', 'temperature']
2026-02-12 14:00:00;2385.896298567045;2194.61975;['wind_speed', 'pressure', 'temperature']
2026-02-12 15:00:00;2577.178849912171;1834.60225;['wind_speed', 'pressure', 'temperature']
2026-02-12 16:00:00;2888.009492151523;2180.3565;['wind_speed', 'pressure', 'temperature']
2026-02-12 17:00:00;3590.910576334478;3746.30075;['wind_speed', 'pressure', 'temperature']
2026-02-12 18:00:00;3829.2725338834407;4982.87875;['wind_speed', 'pressure', 'temperature']
2026-02-12 19:00:00;2985.61601792661;3386.71775;['wind_speed', 'pressure', 'temperature']
2026-02-12 20:00:00;3403.3695753681613;3613.59775;['wind_speed', 'pressure', 'temperature']
2026-02-12 21:00:00;2863.4979542281967;3065.22725;['wind_speed', 'pressure', 'temperature']
2026-02-12 22:00:00;2854.900439682177;2475.28875;['wind_speed', 'pressure', 'temperature']
2026-02-12 23:00:00;2405.52250185322;2045.159;['wind_speed', 'pressure', 'temperature']
2026-02-13 00:00:00;2146.112985685889;2855.48325;['wind_speed', 'pressure', 'temperature']
2026-02-13 01:00:00;2308.4060545284715;2102.1375;['wind_speed', 'pressure', 'temperature']
2026-02-13 02:00:00;2483.1484441470143;2721.5535;['wind_speed', 'pressure', 'temperature']
2026-02-13 03:00:00;1998.1853149992198;2265.05425;['wind_speed', 'pressure', 'temperature']
2026-02-13 04:00:00;2014.4676504481945;2724.386;['wind_speed', 'pressure', 'temperature']
2026-02-13 05:00:00;2316.3434400806264;1950.27;['wind_speed', 'pressure', 'temperature']
2026-02-13 06:00:00;2309.863238797885;2676.27525;['wind_speed', 'pressure', 'temperature']
2026-02-13 07:00:00;2434.3617387863806;1876.716;['wind_speed', 'pressure', 'temperature']
2026-02-13 08:00:00;2538.819189471896;3155.0185;['wind_speed', 'pressure', 'temperature']
2026-02-13 09:00:00;2400.108598330569;3419.00525;['wind_speed', 'pressure', 'temperature']
2026-02-13 10:00:00;2537.090926399055;2633.61775;['wind_speed', 'pressure', 'temperature']
2026-02-13 11:00:00;2465.1083367020933;3832.5985;['wind_speed', 'pressure', 'temperature']
2026-02-13 12:00:00;3179.586853009939;2113.4985;['wind_speed', 'pressure', 'temperature']
2026-02-13 13:00:00;2556.5918800416243;2406.8145;['wind_speed', 'pressure', 'temperature']
2026-02-13 14:00:00;2370.427863975915;2225.23925;['wind_speed', 'pressure', 'temperature']
2026-02-13 15:00:00;2361.21299750694;2112.819;['wind_speed', 'pressure', 'temperature']
2026-02-13 16:00:00;2607.355487322013;2119.783;['wind_speed', 'pressure', 'temperature']
2026-02-13 17:00:00;4127.282425010308;2762.934;['wind_speed', 'pressure', 'temperature']
2026-02-13 18:00:00;3095.5022294830155;3519.851;['wind_speed', 'pressure', 'temperature']
2026-02-13 19:00:00;2707.4854682544815;3490.8465;['wind_speed', 'pressure', 'temperature']
2026-02-13 20:00:00;3182.2756725012;3538.6712499999994;['wind_speed', 'pressure', 'temperature']
2026-02-13 21:00:00;2884.872309085827;3449.1785;['wind_speed', 'pressure', 'temperature']
2026-02-13 22:00:00;2640.2086529933626;2324.8065;['wind_speed', 'pressure', 'temperature']
2026-02-13 23:00:00;2285.0747376990425;3431.5795;['wind_speed', 'pressure', 'temperature']
2026-02-14 00:00:00;2685.9882689734227;2411.443;['wind_speed', 'pressure', 'temperature']
2026-02-14 01:00:00;2667.2528794386194;2943.3845;['wind_speed', 'pressure', 'temperature']
2026-02-14 02:00:00;2602.024244037767;2579.4275;['wind_speed', 'pressure', 'temperature']
2026-02-14 03:00:00;2557.3012098637673;2204.52425;['wind_speed', 'pressure', 'temperature']
2026-02-14 04:00:00;2550.5783741897094;2660.8965000000003;['wind_speed', 'pressure', 'temperature']
2026-02-14 05:00:00;2523.675399806147;3597.15675;['wind_speed', 'pressure', 'temperature']
2026-02-14 06:00:00;2805.199536373545;2461.59075;['wind_speed', 'pressure', 'temperature']
2026-02-14 07:00:00;2602.161429571663;2936.82475;['wind_speed', 'pressure', 'temperature']
2026-02-14 08:00:00;3026.4035267950712;2971.81825;['wind_speed', 'pressure', 'temperature']
2026-02-14 09:00:00;2825.437841171393;2900.61125;['wind_speed', 'pressure', 'temperature']
2026-02-14 10:00:00;2502.744017598656;2713.67975;['wind_speed', 'pressure', 'temperature']
2026-02-14 11:00:00;3268.633254623945;2756.77525;['wind_speed', 'pressure', 'temperature']
2026-02-14 12:00:00;2712.26216456672;3727.64475;['wind_speed', 'pressure', 'temperature']
2026-02-14 13:00:00;2874.3293614930753;2757.3445;['wind_speed', 'pressure', 'temperature']
2026-02-14 14:00:00;2604.396960935946;3371.52475;['wind_speed', 'pressure', 'temperature']
2026-02-14 15:00:00;2692.4852312572166;3231.48225;['wind_speed', 'pressure', 'temperature']
2026-02-14 16:00:00;2876.909433155921;4488.084;['wind_speed', 'pressure', 'temperature']
2026-02-14 17:00:00;3968.0964471723237;5352.45;['wind_speed', 'pressure', 'temperature']
2026-02-14 18:00:00;4246.189952491934;6210.828;['wind_speed', 'pressure', 'temperature']
2026-02-14 19:00:00;3433.698697319239;1903.77525;['wind_speed', 'pressure', 'temperature']
2026-02-14 20:00:00;3042.675038600257;2630.102;['wind_speed', 'pressure', 'temperature']
2026-02-14 21:00:00;2921.4270583065254;4245.20475;['wind_speed', 'pressure', 'temperature']
2026-02-14 22:00:00;2962.3042932531516;3723.198;['wind_speed', 'pressure', 'temperature']
2026-02-14 23:00:00;2895.960846786463;3729.623;['wind_speed', 'pressure', 'temperature']
2026-02-15 00:00:00;3167.620082790128;3933.857;['wind_speed', 'pressure', 'temperature']
2026-02-15 01:00:00;3155.714051856295;3709.625;['wind_speed', 'pressure', 'temperature']
2026-02-15 02:00:00;2930.4364418843156;3698.68875;['wind_speed', 'pressure', 'temperature']
2026-02-15 03:00:00;2722.1753754487513;3668.341;['wind_speed', 'pressure', 'temperature']
2026-02-15 04:00:00;2720.592311746078;3783.91125;['wind_speed', 'pressure', 'temperature']
2026-02-15 05:00:00;2919.665632185555;3444.12875;['wind_speed', 'pressure', 'temperature']
2026-02-15 06:00:00;2657.9687965414073;4090.44675;['wind_speed', 'pressure', 'temperature']
2026-02-15 07:00:00;3030.722514844452;4660.0415;['wind_speed', 'pressure', 'temperature']
2026-02-15 08:00:00;3127.1996141021746;3879.998;['wind_speed', 'pressure', 'temperature']
2026-02-15 09:00:00;3395.851675143377;4359.39175;['wind_speed', 'pressure', 'temperature']
2026-02-15 10:00:00;3005.9657526363517;5136.501;['wind_speed', 'pressure', 'temperature']
2026-02-15 11:00:00;3074.2906524386217;4608.921;['wind_speed', 'pressure', 'temperature']
2026-02-15 12:00:00;3169.867416027121;3958.311;['wind_speed', 'pressure', 'temperature']
2026-02-15 13:00:00;3343.59019655442;2757.3445;['wind_speed', 'pressure', 'temperature']
2026-02-15 14:00:00;3318.3056499997;3371.52475;['wind_speed', 'pressure', 'temperature']
2026-02-15 15:00:00;3509.094141726563;3231.48225;['wind_speed', 'pressure', 'temperature']
2026-02-15 16:00:00;3574.444307729651;5022.667;['wind_speed', 'pressure', 'temperature']
2026-02-15 17:00:00;4239.66454159101;3789.986;['wind_speed', 'pressure', 'temperature']
2026-02-15 18:00:00;4303.123497062504;1972.2715;['wind_speed', 'pressure', 'temperature']
2026-02-15 19:00:00;3654.641331611776;1211.72575;['wind_speed', 'pressure', 'temperature']
2026-02-15 20:00:00;3104.076737397065;2768.893;['wind_speed', 'pressure', 'temperature']
2026-02-15 21:00:00;3265.5148589391365;4284.85;['wind_speed', 'pressure', 'temperature']
2026-02-15 22:00:00;3311.485024988102;3674.49175;['wind_speed', 'pressure', 'temperature']
2026-02-15 23:00:00;2333.947224794913;3857.04075;['wind_speed', 'pressure', 'temperature']
2026-02-16 00:00:00;2843.9433309197393;4270.74175;['wind_speed', 'pressure', 'temperature']
2026-02-16 01:00:00;3343.77737085427;4172.0475;['wind_speed', 'pressure', 'temperature']
2026-02-16 02:00:00;2907.3142803768005;4192.84925;['wind_speed', 'pressure', 'temperature']
2026-02-16 03:00:00;2946.9443556669034;4297.218;['wind_speed', 'pressure', 'temperature']
2026-02-16 04:00:00;2834.871701793837;3792.167;['wind_speed', 'pressure', 'temperature']
2026-02-16 05:00:00;2868.734176372514;3905.2105;['wind_speed', 'pressure', 'temperature']
2026-02-16 06:00:00;2981.7268456721804;4322.625;['wind_speed', 'pressure', 'temperature']
2026-02-16 07:00:00;2987.551893295301;5897.072;['wind_speed', 'pressure', 'temperature']
2026-02-16 08:00:00;3333.57392925839;2816.22675;['wind_speed', 'pressure', 'temperature']
2026-02-16 09:00:00;3753.87586299315;3726.25825;['wind_speed', 'pressure', 'temperature']
2026-02-16 10:00:00;2927.1722853484907;3709.35825;['wind_speed', 'pressure', 'temperature']
2026-02-16 11:00:00;3219.912025617754;4097.0225;['wind_speed', 'pressure', 'temperature']
2026-02-16 12:00:00;3348.291016753363;4383.431500000001;['wind_speed', 'pressure', 'temperature']
2026-02-16 13:00:00;3534.770143018634;3789.0565;['wind_speed', 'pressure', 'temperature']
2026-02-16 14:00:00;3140.7898327737357;4607.666;['wind_speed', 'pressure', 'temperature']
2026-02-16 15:00:00;3376.5342891208643;4367.22325;['wind_speed', 'pressure', 'temperature']
2026-02-16 16:00:00;2869.2980519924613;3437.96925;['wind_speed', 'pressure', 'temperature']
2026-02-16 17:00:00;3812.9887094423975;5117.6485;['wind_speed', 'pressure', 'temperature']
2026-02-16 18:00:00;4042.079788041896;5031.2195;['wind_speed', 'pressure', 'temperature']
2026-02-16 19:00:00;3572.895534150164;5013.32925;['wind_speed', 'pressure', 'temperature']
2026-02-16 20:00:00;3862.5898393532825;3950.84225;['wind_speed', 'pressure', 'temperature']
2026-02-16 21:00:00;3967.0811624019007;3260.27925;['wind_speed', 'pressure', 'temperature']
2026-02-16 22:00:00;3081.794080723719;3727.6415;['wind_speed', 'pressure', 'temperature']
2026-02-16 23:00:00;3052.306120083873;2914.66625;['wind_speed', 'pressure', 'temperature']
2026-02-17 00:00:00;3458.6197893261988;3134.171;['wind_speed', 'pressure', 'temperature']
2026-02-17 01:00:00;3501.13940392711;2905.419;['wind_speed', 'pressure', 'temperature']
2026-02-17 02:00:00;3292.658827029826;3407.01775;['wind_speed', 'pressure', 'temperature']
2026-02-17 03:00:00;3192.3531395491455;2895.731;['wind_speed', 'pressure', 'temperature']
2026-02-17 04:00:00;3285.3792448991544;3551.5375;['wind_speed', 'pressure', 'temperature']
2026-02-17 05:00:00;3496.498385951888;3038.49075;['wind_speed', 'pressure', 'temperature']
2026-02-17 06:00:00;3679.176115408813;2865.9880000000003;['wind_speed', 'pressure', 'temperature']
2026-02-17 07:00:00;3665.6422906536977;4217.9155;['wind_speed', 'pressure', 'temperature']
2026-02-17 08:00:00;3679.7108179249662;4631.85375;['wind_speed', 'pressure', 'temperature']
2026-02-17 09:00:00;3735.0109362310463;5666.0205000000005;['wind_speed', 'pressure', 'temperature']
2026-02-17 10:00:00;3716.7180627475427;3033.71925;['wind_speed', 'pressure', 'temperature']
2026-02-17 11:00:00;3991.8826476231734;3668.54275;['wind_speed', 'pressure', 'temperature']
2026-02-17 12:00:00;3526.2186379868926;3205.1977500000003;['wind_speed', 'pressure', 'temperature']
2026-02-17 13:00:00;4041.891875842496;3569.85825;['wind_speed', 'pressure', 'temperature']
2026-02-17 14:00:00;3363.7051833427895;4546.28325;['wind_speed', 'pressure', 'temperature']
2026-02-17 15:00:00;3765.216628149476;3355.98275;['wind_speed', 'pressure', 'temperature']
2026-02-17 16:00:00;3979.8356632474315;3155.60275;['wind_speed', 'pressure', 'temperature']
2026-02-17 17:00:00;4495.255437059101;3948.281;['wind_speed', 'pressure', 'temperature']
2026-02-17 18:00:00;4635.1080033322905;6586.86025;['wind_speed', 'pressure', 'temperature']
2026-02-17 19:00:00;3627.3946152531025;2688.89675;['wind_speed', 'pressure', 'temperature']
2026-02-17 20:00:00;4378.025833382771;4654.51275;['wind_speed', 'pressure', 'temperature']
2026-02-17 21:00:00;4289.965965449352;3142.6025;['wind_speed', 'pressure', 'temperature']
2026-02-17 22:00:00;3974.1206318164786;2652.804;['wind_speed', 'pressure', 'temperature']
2026-02-17 23:00:00;3685.5868078990106;2618.7905;['wind_speed', 'pressure', 'temperature']
2026-02-18 00:00:00;2946.090206095192;3148.755;['wind_speed', 'pressure', 'temperature']
2026-02-18 01:00:00;3096.4961670085286;3693.88525;['wind_speed', 'pressure', 'temperature']
2026-02-18 02:00:00;2611.3938812965644;2656.90925;['wind_speed', 'pressure', 'temperature']
2026-02-18 03:00:00;2857.784248584867;2022.2365;['wind_speed', 'pressure', 'temperature']
2026-02-18 04:00:00;3136.8792421676044;2714.6582499999995;['wind_speed', 'pressure', 'temperature']
2026-02-18 05:00:00;3345.4374217426216;3138.4825;['wind_speed', 'pressure', 'temperature']
2026-02-18 06:00:00;3375.310913046635;3251.8665;['wind_speed', 'pressure', 'temperature']
2026-02-18 07:00:00;3311.9830101566217;3767.39;['wind_speed', 'pressure', 'temperature']
2026-02-18 08:00:00;3268.2802138002853;3704.433;['wind_speed', 'pressure', 'temperature']
2026-02-18 09:00:00;3862.2660132624833;4502.9775;['wind_speed', 'pressure', 'temperature']
2026-02-18 10:00:00;3802.710408384044;2839.84175;['wind_speed', 'pressure', 'temperature']
2026-02-18 11:00:00;3744.986847072655;3027.432;['wind_speed', 'pressure', 'temperature']
2026-02-18 12:00:00;3717.5299341187924;3523.302;['wind_speed', 'pressure', 'temperature']
2026-02-18 13:00:00;3624.3526158146424;3065.7345000000005;['wind_speed', 'pressure', 'temperature']
2026-02-18 14:00:00;3764.9673024634762;3746.467;['wind_speed', 'pressure', 'temperature']
2026-02-18 15:00:00;3522.6613071236707;3357.258;['wind_speed', 'pressure', 'temperature']
2026-02-18 16:00:00;3764.134714912733;3739.85675;['wind_speed', 'pressure', 'temperature']
2026-02-18 17:00:00;4780.585043299181;5383.882;['wind_speed', 'pressure', 'temperature']
2026-02-18 18:00:00;4132.404028357734;5460.044;['wind_speed', 'pressure', 'temperature']
2026-02-18 19:00:00;3475.0212236807233;3423.06;['wind_speed', 'pressure', 'temperature']
2026-02-18 20:00:00;3643.7847067942075;4988.140666666666;['wind_speed', 'pressure', 'temperature']
2026-02-18 21:00:00;3516.500609714396;3943.082;['wind_speed', 'pressure', 'temperature']
2026-02-18 22:00:00;3499.280038597361;3280.73875;['wind_speed', 'pressure', 'temperature']
2026-02-18 23:00:00;4201.856646893125;4189.85225;['wind_speed', 'pressure', 'temperature']
2026-02-19 00:00:00;3646.760971438875;3798.69625;['wind_speed', 'pressure', 'temperature']
2026-02-19 01:00:00;3999.4090644028356;3470.1565;['wind_speed', 'pressure', 'temperature']
2026-02-19 02:00:00;3484.20521504602;3887.978;['wind_speed', 'pressure', 'temperature']
2026-02-19 03:00:00;3581.359963519065;3463.55225;['wind_speed', 'pressure', 'temperature']
2026-02-19 04:00:00;3543.3552011420243;3694.54025;['wind_speed', 'pressure', 'temperature']
2026-02-19 05:00:00;3539.410892153288;4024.671;['wind_speed', 'pressure', 'temperature']
2026-02-19 06:00:00;4189.626725229862;3976.81075;['wind_speed', 'pressure', 'temperature']
2026-02-19 07:00:00;3952.805780368988;4254.63175;['wind_speed', 'pressure', 'temperature']
2026-02-19 08:00:00;4198.911182908201;5451.65625;['wind_speed', 'pressure', 'temperature']
2026-02-19 09:00:00;4228.216056107867;4617.72725;['wind_speed', 'pressure', 'temperature']
2026-02-19 10:00:00;3850.24163878345;4048.07275;['wind_speed', 'pressure', 'temperature']
2026-02-19 11:00:00;3945.7840333641984;4006.33275;['wind_speed', 'pressure', 'temperature']
2026-02-19 12:00:00;3630.6290128068867;2886.07425;['wind_speed', 'pressure', 'temperature']
2026-02-19 13:00:00;3458.5915432538004;3151.84075;['wind_speed', 'pressure', 'temperature']
2026-02-19 14:00:00;3750.5847683479215;2118.81075;['wind_speed', 'pressure', 'temperature']
2026-02-19 15:00:00;3891.20256593459;2872.442;['wind_speed', 'pressure', 'temperature']
2026-02-19 16:00:00;3668.0319291383194;3774.00675;['wind_speed', 'pressure', 'temperature']
2026-02-19 17:00:00;4845.781279314771;5136.79725;['wind_speed', 'pressure', 'temperature']
2026-02-19 18:00:00;5176.0648516126475;5757.4375;['wind_speed', 'pressure', 'temperature']
2026-02-19 19:00:00;4074.4913518347703;2808.28475;['wind_speed', 'pressure', 'temperature']
2026-02-19 20:00:00;4265.911314894336;4316.30025;['wind_speed', 'pressure', 'temperature']
2026-02-19 21:00:00;3934.286866913109;4116.61075;['wind_speed', 'pressure', 'temperature']
2026-02-19 22:00:00;4065.833002008644;3227.96925;['wind_speed', 'pressure', 'temperature']
2026-02-19 23:00:00;3764.8706473427123;3393.52525;['wind_speed', 'pressure', 'temperature']
2026-02-20 00:00:00;3534.9050015361922;3867.99625;['wind_speed', 'pressure', 'temperature']
2026-02-20 01:00:00;3824.4418669541424;3100.64225;['wind_speed', 'pressure', 'temperature']
2026-02-20 02:00:00;3303.5962731719274;2828.1715;['wind_speed', 'pressure', 'temperature']
2026-02-20 03:00:00;3235.8783957924625;4158.9235;['wind_speed', 'pressure', 'temperature']
2026-02-20 04:00:00;3348.818600063074;3933.11075;['wind_speed', 'pressure', 'temperature']
2026-02-20 05:00:00;3470.009712871677;3965.08175;['wind_speed', 'pressure', 'temperature']
2026-02-20 06:00:00;3573.0759742405626;3080.9115;['wind_speed', 'pressure', 'temperature']
2026-02-20 07:00:00;3887.343603435102;4425.24725;['wind_speed', 'pressure', 'temperature']
2026-02-20 08:00:00;3749.135122631237;5264.822999999999;['wind_speed', 'pressure', 'temperature']
2026-02-20 09:00:00;4061.874409088693;3476.0955;['wind_speed', 'pressure', 'temperature']
2026-02-20 10:00:00;4334.564884611407;3282.589;['wind_speed', 'pressure', 'temperature']
2026-02-20 11:00:00;3871.3035401640645;3600.80525;['wind_speed', 'pressure', 'temperature']
2026-02-20 12:00:00;3715.5716697038756;4432.64325;['wind_speed', 'pressure', 'temperature']
2026-02-20 13:00:00;3676.9374922012025;2361.1320000000005;['wind_speed', 'pressure', 'temperature']
2026-02-20 14:00:00;3793.884589635677;1551.0443333333333;['wind_speed', 'pressure', 'temperature']
2026-02-20 15:00:00;3568.0405763692033;2872.442;['wind_speed', 'pressure', 'temperature']
2026-02-20 16:00:00;4008.3772368414384;3774.00675;['wind_speed', 'pressure', 'temperature']
2026-02-20 17:00:00;4572.995519647828;5136.79725;['wind_speed', 'pressure', 'temperature']
2026-02-20 18:00:00;5339.358386304157;5177.334;['wind_speed', 'pressure', 'temperature']
2026-02-20 19:00:00;3769.679159574694;5452.91475;['wind_speed', 'pressure', 'temperature']
2026-02-20 20:00:00;4276.990962369066;5548.0960000000005;['wind_speed', 'pressure', 'temperature']
2026-02-20 21:00:00;3879.0479559424425;4351.4605;['wind_speed', 'pressure', 'temperature']
2026-02-20 22:00:00;3502.0952384937736;4562.4445;['wind_speed', 'pressure', 'temperature']
2026-02-20 23:00:00;3646.4444962072143;3240.04275;['wind_speed', 'pressure', 'temperature']
2026-01-20 00:00:00;3339.1840353444004;3324.11425;['wind_speed', 'precipitation', 'temperature']
2026-01-20 01:00:00;3235.3332727008383;3196.69175;['wind_speed', 'precipitation', 'temperature']
2026-01-20 02:00:00;3113.563591476222;3564.13325;['wind_speed', 'precipitation', 'temperature']
2026-01-20 03:00:00;2869.756296409225;2707.383;['wind_speed', 'precipitation', 'temperature']
2026-01-20 04:00:00;3371.623425702538;2789.41325;['wind_speed', 'precipitation', 'temperature']
2026-01-20 05:00:00;2993.471965096086;2898.3705;['wind_speed', 'precipitation', 'temperature']
2026-01-20 06:00:00;3135.662306188882;3033.4665;['wind_speed', 'precipitation', 'temperature']
2026-01-20 07:00:00;3537.5598677113867;3828.01275;['wind_speed', 'precipitation', 'temperature']
2026-01-20 08:00:00;3382.2795516339;3828.861;['wind_speed', 'precipitation', 'temperature']
2026-01-20 09:00:00;3153.192686485497;3481.7545;['wind_speed', 'precipitation', 'temperature']
2026-01-20 10:00:00;3059.5421109027084;3349.58575;['wind_speed', 'precipitation', 'temperature']
2026-01-20 11:00:00;3079.414683875111;2320.389;['wind_speed', 'precipitation', 'temperature']
2026-01-20 12:00:00;3455.612927632848;1065.9830000000002;['wind_speed', 'precipitation', 'temperature']
2026-01-20 13:00:00;3458.3181416788907;2686.33025;['wind_speed', 'precipitation', 'temperature']
2026-01-20 14:00:00;3523.4044421607327;3281.29675;['wind_speed', 'precipitation', 'temperature']
2026-01-20 15:00:00;3527.6009907143216;2185.54725;['wind_speed', 'precipitation', 'temperature']
2026-01-20 16:00:00;3648.519491370118;3583.29175;['wind_speed', 'precipitation', 'temperature']
2026-01-20 17:00:00;3537.2968565985266;5103.80775;['wind_speed', 'precipitation', 'temperature']
2026-01-20 18:00:00;3265.277949397532;5433.498250000001;['wind_speed', 'precipitation', 'temperature']
2026-01-20 19:00:00;3643.061893048785;3254.337;['wind_speed', 'precipitation', 'temperature']
2026-01-20 20:00:00;3625.872225271629;4163.027;['wind_speed', 'precipitation', 'temperature']
2026-01-20 21:00:00;3434.1712330269984;3972.6565;['wind_speed', 'precipitation', 'temperature']
2026-01-20 22:00:00;3244.4043859839458;3771.60525;['wind_speed', 'precipitation', 'temperature']
2026-01-20 23:00:00;3147.0815839511333;3864.2335;['wind_speed', 'precipitation', 'temperature']
2026-01-21 00:00:00;3822.6513432020834;3600.33125;['wind_speed', 'precipitation', 'temperature']
2026-01-21 01:00:00;3482.803173366473;3360.08675;['wind_speed', 'precipitation', 'temperature']
2026-01-21 02:00:00;3513.678371401535;3005.55825;['wind_speed', 'precipitation', 'temperature']
2026-01-21 03:00:00;3184.863813087377;3117.1915;['wind_speed', 'precipitation', 'temperature']
2026-01-21 04:00:00;3258.2594776154697;3537.741;['wind_speed', 'precipitation', 'temperature']
2026-01-21 05:00:00;3196.9236698037416;3386.89575;['wind_speed', 'precipitation', 'temperature']
2026-01-21 06:00:00;3355.748036688301;2914.7335;['wind_speed', 'precipitation', 'temperature']
2026-01-21 07:00:00;3539.1505836966826;4593.3165;['wind_speed', 'precipitation', 'temperature']
2026-01-21 08:00:00;3447.386760666285;4870.53275;['wind_speed', 'precipitation', 'temperature']
2026-01-21 09:00:00;3421.009095112531;2633.8055;['wind_speed', 'precipitation', 'temperature']
2026-01-21 10:00:00;3374.1473823466467;1883.37975;['wind_speed', 'precipitation', 'temperature']
2026-01-21 11:00:00;3288.583822080287;1246.6372500000002;['wind_speed', 'precipitation', 'temperature']
2026-01-21 12:00:00;2939.035272989748;3255.17325;['wind_speed', 'precipitation', 'temperature']
2026-01-21 13:00:00;3359.596008199781;3642.69175;['wind_speed', 'precipitation', 'temperature']
2026-01-21 14:00:00;3404.2270591164047;3443.1165;['wind_speed', 'precipitation', 'temperature']
2026-01-21 15:00:00;3520.781105087017;2767.1085000000003;['wind_speed', 'precipitation', 'temperature']
2026-01-21 16:00:00;4024.9170363554667;2878.73225;['wind_speed', 'precipitation', 'temperature']
2026-01-21 17:00:00;3570.8621918673125;5212.20875;['wind_speed', 'precipitation', 'temperature']
2026-01-21 18:00:00;4085.2306310553167;5884.1085;['wind_speed', 'precipitation', 'temperature']
2026-01-21 19:00:00;3442.774698018716;5043.75125;['wind_speed', 'precipitation', 'temperature']
2026-01-21 20:00:00;3866.7860248839684;4514.99425;['wind_speed', 'precipitation', 'temperature']
2026-01-21 21:00:00;4001.410363067904;3905.21425;['wind_speed', 'precipitation', 'temperature']
2026-01-21 22:00:00;3846.0967761926145;4084.417;['wind_speed', 'precipitation', 'temperature']
2026-01-21 23:00:00;3624.5411126276267;3505.25175;['wind_speed', 'precipitation', 'temperature']
2026-01-22 00:00:00;3742.5352866617595;4382.88325;['wind_speed', 'precipitation', 'temperature']
2026-01-22 01:00:00;3697.2418442763606;3667.35;['wind_speed', 'precipitation', 'temperature']
2026-01-22 02:00:00;3497.3410809928955;3949.475;['wind_speed', 'precipitation', 'temperature']
2026-01-22 03:00:00;3588.081845524233;3619.1745;['wind_speed', 'precipitation', 'temperature']
2026-01-22 04:00:00;3816.8725381935296;3195.02325;['wind_speed', 'precipitation', 'temperature']
2026-01-22 05:00:00;3527.4551331618864;3207.64475;['wind_speed', 'precipitation', 'temperature']
2026-01-22 06:00:00;3518.9060262839184;3834.892;['wind_speed', 'precipitation', 'temperature']
2026-01-22 07:00:00;3987.3867848390496;3332.436;['wind_speed', 'precipitation', 'temperature']
2026-01-22 08:00:00;4166.284920835132;4101.32475;['wind_speed', 'precipitation', 'temperature']
2026-01-22 09:00:00;3100.932512733967;2792.25975;['wind_speed', 'precipitation', 'temperature']
2026-01-22 10:00:00;2885.254233698126;3343.5355;['wind_speed', 'precipitation', 'temperature']
2026-01-22 11:00:00;3341.6207628165034;1024.81275;['wind_speed', 'precipitation', 'temperature']
2026-01-22 12:00:00;3302.8897930474614;2345.626;['wind_speed', 'precipitation', 'temperature']
2026-01-22 13:00:00;3799.452168075579;4000.7015;['wind_speed', 'precipitation', 'temperature']
2026-01-22 14:00:00;3979.0377168598607;3066.969;['wind_speed', 'precipitation', 'temperature']
2026-01-22 15:00:00;3456.1390321089375;2576.49325;['wind_speed', 'precipitation', 'temperature']
2026-01-22 16:00:00;3764.6840977135735;4892.4605;['wind_speed', 'precipitation', 'temperature']
2026-01-22 17:00:00;4032.7067141026037;4693.0;['wind_speed', 'precipitation', 'temperature']
2026-01-22 18:00:00;4822.5308955300325;5675.33575;['wind_speed', 'precipitation', 'temperature']
2026-01-22 19:00:00;5164.127268622311;5423.83425;['wind_speed', 'precipitation', 'temperature']
2026-01-22 20:00:00;4287.191432129162;5436.4;['wind_speed', 'precipitation', 'temperature']
2026-01-22 21:00:00;4071.0680609888022;3945.58875;['wind_speed', 'precipitation', 'temperature']
2026-01-22 22:00:00;4097.5883463971;3972.6965;['wind_speed', 'precipitation', 'temperature']
2026-01-22 23:00:00;3485.5396860417677;2663.9855;['wind_speed', 'precipitation', 'temperature']
2026-01-23 00:00:00;3697.3348629904312;3361.307;['wind_speed', 'precipitation', 'temperature']
2026-01-23 01:00:00;3670.560274302623;3379.777;['wind_speed', 'precipitation', 'temperature']
2026-01-23 02:00:00;3802.030396924292;3830.91175;['wind_speed', 'precipitation', 'temperature']
2026-01-23 03:00:00;3532.177130506279;3616.4825;['wind_speed', 'precipitation', 'temperature']
2026-01-23 04:00:00;3586.5002802615577;3049.29125;['wind_speed', 'precipitation', 'temperature']
2026-01-23 05:00:00;3416.2010196785263;3813.81625;['wind_speed', 'precipitation', 'temperature']
2026-01-23 06:00:00;3715.437711962947;2841.50725;['wind_speed', 'precipitation', 'temperature']
2026-01-23 07:00:00;3759.2912416365643;3103.87025;['wind_speed', 'precipitation', 'temperature']
2026-01-23 08:00:00;4073.125085756057;769.03125;['wind_speed', 'precipitation', 'temperature']
2026-01-23 09:00:00;3146.3011893355424;1197.06775;['wind_speed', 'precipitation', 'temperature']
2026-01-23 10:00:00;3311.9357964772917;2176.22575;['wind_speed', 'precipitation', 'temperature']
2026-01-23 11:00:00;2554.8913416289774;2017.9665;['wind_speed', 'precipitation', 'temperature']
2026-01-23 12:00:00;2883.673556111583;3823.25725;['wind_speed', 'precipitation', 'temperature']
2026-01-23 13:00:00;3745.4805514898576;2267.88875;['wind_speed', 'precipitation', 'temperature']
2026-01-23 14:00:00;3619.0275662741938;3227.23325;['wind_speed', 'precipitation', 'temperature']
2026-01-23 15:00:00;3210.086007245808;2640.10975;['wind_speed', 'precipitation', 'temperature']
2026-01-23 16:00:00;4429.700929480408;4200.918250000001;['wind_speed', 'precipitation', 'temperature']
2026-01-23 17:00:00;4626.433440339697;4261.9315;['wind_speed', 'precipitation', 'temperature']
2026-01-23 18:00:00;4436.191887269584;3950.993750000001;['wind_speed', 'precipitation', 'temperature']
2026-01-23 19:00:00;3652.4863414357815;3119.8;['wind_speed', 'precipitation', 'temperature']
2026-01-23 20:00:00;4087.156105972208;3737.94975;['wind_speed', 'precipitation', 'temperature']
2026-01-23 21:00:00;4168.947520312604;3837.417;['wind_speed', 'precipitation', 'temperature']
2026-01-23 22:00:00;4198.857233054854;3223.48975;['wind_speed', 'precipitation', 'temperature']
2026-01-23 23:00:00;3709.826346607886;2826.59125;['wind_speed', 'precipitation', 'temperature']
2026-01-24 00:00:00;3417.481019543296;2617.28325;['wind_speed', 'precipitation', 'temperature']
2026-01-24 01:00:00;3198.1296586962876;3046.392;['wind_speed', 'precipitation', 'temperature']
2026-01-24 02:00:00;3319.4678432792753;3411.9126666666666;['wind_speed', 'precipitation', 'temperature']
2026-01-24 03:00:00;3077.2464858464127;2343.45825;['wind_speed', 'precipitation', 'temperature']
2026-01-24 04:00:00;3011.7010249778136;2843.999;['wind_speed', 'precipitation', 'temperature']
2026-01-24 05:00:00;3146.004104570359;2873.38325;['wind_speed', 'precipitation', 'temperature']
2026-01-24 06:00:00;3073.1641008784513;2907.02775;['wind_speed', 'precipitation', 'temperature']
2026-01-24 07:00:00;3081.4330442019677;2334.60825;['wind_speed', 'precipitation', 'temperature']
2026-01-24 08:00:00;2919.4804973039627;2823.44275;['wind_speed', 'precipitation', 'temperature']
2026-01-24 09:00:00;2155.5806578178854;2442.53925;['wind_speed', 'precipitation', 'temperature']
2026-01-24 10:00:00;2502.271980928064;2516.7375;['wind_speed', 'precipitation', 'temperature']
2026-01-24 11:00:00;2299.9103889611456;3611.406;['wind_speed', 'precipitation', 'temperature']
2026-01-24 12:00:00;2915.398354131727;4243.43825;['wind_speed', 'precipitation', 'temperature']
2026-01-24 13:00:00;2693.708886432397;2192.474;['wind_speed', 'precipitation', 'temperature']
2026-01-24 14:00:00;3063.96526985031;3156.505;['wind_speed', 'precipitation', 'temperature']
2026-01-24 15:00:00;2636.234084686832;2829.875;['wind_speed', 'precipitation', 'temperature']
2026-01-24 16:00:00;3549.6025447305283;4099.4695;['wind_speed', 'precipitation', 'temperature']
2026-01-24 17:00:00;3745.482833107039;5198.8237500000005;['wind_speed', 'precipitation', 'temperature']
2026-01-24 18:00:00;4128.813724611804;4884.75125;['wind_speed', 'precipitation', 'temperature']
2026-01-24 19:00:00;3315.200175998958;2075.6825;['wind_speed', 'precipitation', 'temperature']
2026-01-24 20:00:00;3585.504492481665;4323.9585;['wind_speed', 'precipitation', 'temperature']
2026-01-24 21:00:00;3459.0654993271523;3607.17925;['wind_speed', 'precipitation', 'temperature']
2026-01-24 22:00:00;3229.9159153838727;3738.1285;['wind_speed', 'precipitation', 'temperature']
2026-01-24 23:00:00;2556.55446078032;3432.4435;['wind_speed', 'precipitation', 'temperature']
2026-01-25 00:00:00;3296.174750896477;3474.86325;['wind_speed', 'precipitation', 'temperature']
2026-01-25 01:00:00;3226.5619304013126;3669.751;['wind_speed', 'precipitation', 'temperature']
2026-01-25 02:00:00;3410.7610666475343;4048.164;['wind_speed', 'precipitation', 'temperature']
2026-01-25 03:00:00;2839.3764677137137;2848.222;['wind_speed', 'precipitation', 'temperature']
2026-01-25 04:00:00;3071.8373456237127;2863.81;['wind_speed', 'precipitation', 'temperature']
2026-01-25 05:00:00;3001.5345778367805;3194.791;['wind_speed', 'precipitation', 'temperature']
2026-01-25 06:00:00;3035.4123750489266;3292.455;['wind_speed', 'precipitation', 'temperature']
2026-01-25 07:00:00;2949.1782623012755;2925.93075;['wind_speed', 'precipitation', 'temperature']
2026-01-25 08:00:00;3283.201222381467;2567.88425;['wind_speed', 'precipitation', 'temperature']
2026-01-25 09:00:00;2516.5859754142507;2779.9095;['wind_speed', 'precipitation', 'temperature']
2026-01-25 10:00:00;2681.352767481018;4691.433;['wind_speed', 'precipitation', 'temperature']
2026-01-25 11:00:00;2996.561401802097;4666.953;['wind_speed', 'precipitation', 'temperature']
2026-01-25 12:00:00;3420.8334408016262;4243.43825;['wind_speed', 'precipitation', 'temperature']
2026-01-25 13:00:00;2747.7750345051736;2192.474;['wind_speed', 'precipitation', 'temperature']
2026-01-25 14:00:00;3251.4000662220824;3354.488666666666;['wind_speed', 'precipitation', 'temperature']
2026-01-25 15:00:00;2982.123294104428;2592.30825;['wind_speed', 'precipitation', 'temperature']
2026-01-25 16:00:00;3788.779486561221;2440.2725;['wind_speed', 'precipitation', 'temperature']
2026-01-25 17:00:00;4151.465389457311;4202.912;['wind_speed', 'precipitation', 'temperature']
2026-01-25 18:00:00;4683.773239461536;1737.12275;['wind_speed', 'precipitation', 'temperature']
2026-01-25 19:00:00;3745.756172934142;958.94425;['wind_speed', 'precipitation', 'temperature']
2026-01-25 20:00:00;4094.275671397667;3723.2195;['wind_speed', 'precipitation', 'temperature']
2026-01-25 21:00:00;3472.2476130334635;2804.4895;['wind_speed', 'precipitation', 'temperature']
2026-01-25 22:00:00;3798.8672567780736;3094.9155;['wind_speed', 'precipitation', 'temperature']
2026-01-25 23:00:00;3303.12936789626;2390.568;['wind_speed', 'precipitation', 'temperature']
2026-01-26 00:00:00;2720.928657710161;3275.88325;['wind_speed', 'precipitation', 'temperature']
2026-01-26 01:00:00;3016.7225293545794;2851.27575;['wind_speed', 'precipitation', 'temperature']
2026-01-26 02:00:00;3268.4918251077092;2314.45425;['wind_speed', 'precipitation', 'temperature']
2026-01-26 03:00:00;2576.3056201988747;2804.119;['wind_speed', 'precipitation', 'temperature']
2026-01-26 04:00:00;2761.1428475771227;1930.60775;['wind_speed', 'precipitation', 'temperature']
2026-01-26 05:00:00;2861.9759738680036;2723.21625;['wind_speed', 'precipitation', 'temperature']
2026-01-26 06:00:00;2931.9355300815737;2888.58725;['wind_speed', 'precipitation', 'temperature']
2026-01-26 07:00:00;2878.5518822761433;2713.859;['wind_speed', 'precipitation', 'temperature']
2026-01-26 08:00:00;2612.9134640099396;4417.67925;['wind_speed', 'precipitation', 'temperature']
2026-01-26 09:00:00;2554.3149581679595;3356.1275;['wind_speed', 'precipitation', 'temperature']
2026-01-26 10:00:00;3298.773756386224;3438.948;['wind_speed', 'precipitation', 'temperature']
2026-01-26 11:00:00;3311.9765135282973;3563.75175;['wind_speed', 'precipitation', 'temperature']
2026-01-26 12:00:00;3373.770529726242;2427.02325;['wind_speed', 'precipitation', 'temperature']
2026-01-26 13:00:00;2409.5090104464225;2582.1835;['wind_speed', 'precipitation', 'temperature']
2026-01-26 14:00:00;3043.5556614106536;2928.6145;['wind_speed', 'precipitation', 'temperature']
2026-01-26 15:00:00;2703.861188170898;3789.735;['wind_speed', 'precipitation', 'temperature']
2026-01-26 16:00:00;2937.939931922255;4572.9445;['wind_speed', 'precipitation', 'temperature']
2026-01-26 17:00:00;3398.309087892635;5266.107;['wind_speed', 'precipitation', 'temperature']
2026-01-26 18:00:00;2690.134297732172;4283.08325;['wind_speed', 'precipitation', 'temperature']
2026-01-26 19:00:00;2317.4300853971245;2424.01675;['wind_speed', 'precipitation', 'temperature']
2026-01-26 20:00:00;3449.069520203631;4279.203;['wind_speed', 'precipitation', 'temperature']
2026-01-26 21:00:00;3170.840133077467;3742.166;['wind_speed', 'precipitation', 'temperature']
2026-01-26 22:00:00;3205.3837004218576;4314.9745;['wind_speed', 'precipitation', 'temperature']
2026-01-26 23:00:00;2766.7113105265316;2969.2475;['wind_speed', 'precipitation', 'temperature']
2026-01-27 00:00:00;3465.671131391775;2830.22625;['wind_speed', 'precipitation', 'temperature']
2026-01-27 01:00:00;3250.5354229704226;2744.937;['wind_speed', 'precipitation', 'temperature']
2026-01-27 02:00:00;3165.2813825068333;3257.3167500000004;['wind_speed', 'precipitation', 'temperature']
2026-01-27 03:00:00;3023.534864296776;2912.7870000000003;['wind_speed', 'precipitation', 'temperature']
2026-01-27 04:00:00;2888.8562962773476;2666.22525;['wind_speed', 'precipitation', 'temperature']
2026-01-27 05:00:00;3103.04368457072;2944.02975;['wind_speed', 'precipitation', 'temperature']
2026-01-27 06:00:00;3195.0704009858327;3157.67;['wind_speed', 'precipitation', 'temperature']
2026-01-27 07:00:00;3140.0402191129765;4838.0755;['wind_speed', 'precipitation', 'temperature']
2026-01-27 08:00:00;3724.865472051707;4393.29025;['wind_speed', 'precipitation', 'temperature']
2026-01-27 09:00:00;3077.9342830615183;5051.76225;['wind_speed', 'precipitation', 'temperature']
2026-01-27 10:00:00;3266.416661707817;2729.127;['wind_speed', 'precipitation', 'temperature']
2026-01-27 11:00:00;3259.9004755673673;5356.0235;['wind_speed', 'precipitation', 'temperature']
2026-01-27 12:00:00;2849.6305811683987;4141.3775000000005;['wind_speed', 'precipitation', 'temperature']
2026-01-27 13:00:00;2684.3749003794646;5016.7125;['wind_speed', 'precipitation', 'temperature']
2026-01-27 14:00:00;3395.9544308649165;4572.88175;['wind_speed', 'precipitation', 'temperature']
2026-01-27 15:00:00;3481.688741879693;5905.1945;['wind_speed', 'precipitation', 'temperature']
2026-01-27 16:00:00;4269.569061334045;3749.44675;['wind_speed', 'precipitation', 'temperature']
2026-01-27 17:00:00;3871.5179818730076;4949.617;['wind_speed', 'precipitation', 'temperature']
2026-01-27 18:00:00;4528.309299213856;4155.69975;['wind_speed', 'precipitation', 'temperature']
2026-01-27 19:00:00;3660.3297520241845;2501.7875;['wind_speed', 'precipitation', 'temperature']
2026-01-27 20:00:00;4194.404198289914;4555.15975;['wind_speed', 'precipitation', 'temperature']
2026-01-27 21:00:00;3828.354247944817;4213.807;['wind_speed', 'precipitation', 'temperature']
2026-01-27 22:00:00;4020.335998042736;3972.591;['wind_speed', 'precipitation', 'temperature']
2026-01-27 23:00:00;3175.8460548448547;2477.69175;['wind_speed', 'precipitation', 'temperature']
2026-01-28 00:00:00;3160.0625205509396;2930.86175;['wind_speed', 'precipitation', 'temperature']
2026-01-28 01:00:00;3491.2865214847716;2799.0625;['wind_speed', 'precipitation', 'temperature']
2026-01-28 02:00:00;3639.6474530182677;2599.72025;['wind_speed', 'precipitation', 'temperature']
2026-01-28 03:00:00;3342.7369965410207;2659.1175000000003;['wind_speed', 'precipitation', 'temperature']
2026-01-28 04:00:00;3504.254464032591;2997.5885;['wind_speed', 'precipitation', 'temperature']
2026-01-28 05:00:00;3436.1021594090644;3240.1315;['wind_speed', 'precipitation', 'temperature']
2026-01-28 06:00:00;3587.5070790865157;3348.08375;['wind_speed', 'precipitation', 'temperature']
2026-01-28 07:00:00;4334.181801258523;2768.882;['wind_speed', 'precipitation', 'temperature']
2026-01-28 08:00:00;4044.718602070606;3758.438;['wind_speed', 'precipitation', 'temperature']
2026-01-28 09:00:00;4381.763765497584;4153.29825;['wind_speed', 'precipitation', 'temperature']
2026-01-28 10:00:00;3383.944804547298;3485.40875;['wind_speed', 'precipitation', 'temperature']
2026-01-28 11:00:00;4276.568621262529;2457.739;['wind_speed', 'precipitation', 'temperature']
2026-01-28 12:00:00;3937.789937224992;2199.971;['wind_speed', 'precipitation', 'temperature']
2026-01-28 13:00:00;4340.09873651262;2714.47975;['wind_speed', 'precipitation', 'temperature']
2026-01-28 14:00:00;4194.849581668345;2314.87675;['wind_speed', 'precipitation', 'temperature']
2026-01-28 15:00:00;4406.374841978543;2226.03375;['wind_speed', 'precipitation', 'temperature']
2026-01-28 16:00:00;4290.426103527605;2161.29975;['wind_speed', 'precipitation', 'temperature']
2026-01-28 17:00:00;4657.383750838516;4241.76125;['wind_speed', 'precipitation', 'temperature']
2026-01-28 18:00:00;4545.852210032902;4462.1295;['wind_speed', 'precipitation', 'temperature']
2026-01-28 19:00:00;3470.2746646939445;3273.2575;['wind_speed', 'precipitation', 'temperature']
2026-01-28 20:00:00;4594.117628960328;4066.16375;['wind_speed', 'precipitation', 'temperature']
2026-01-28 21:00:00;4328.940358946208;3350.293;['wind_speed', 'precipitation', 'temperature']
2026-01-28 22:00:00;4145.620176695317;3015.4385;['wind_speed', 'precipitation', 'temperature']
2026-01-28 23:00:00;3370.9300344533326;2959.08775;['wind_speed', 'precipitation', 'temperature']
2026-01-29 00:00:00;3125.6147854459527;3130.11525;['wind_speed', 'precipitation', 'temperature']
2026-01-29 01:00:00;2937.743567671185;2990.9015;['wind_speed', 'precipitation', 'temperature']
2026-01-29 02:00:00;2956.0227649546855;3271.22725;['wind_speed', 'precipitation', 'temperature']
2026-01-29 03:00:00;2732.4048526357005;3629.855;['wind_speed', 'precipitation', 'temperature']
2026-01-29 04:00:00;2793.0137052182627;2829.71625;['wind_speed', 'precipitation', 'temperature']
2026-01-29 05:00:00;2956.281978682421;3074.8425;['wind_speed', 'precipitation', 'temperature']
2026-01-29 06:00:00;3043.707521534585;2983.11375;['wind_speed', 'precipitation', 'temperature']
2026-01-29 07:00:00;2967.8548171255015;2818.86525;['wind_speed', 'precipitation', 'temperature']
2026-01-29 08:00:00;3424.1118784614664;2361.08125;['wind_speed', 'precipitation', 'temperature']
2026-01-29 09:00:00;3509.4969298512806;3292.206;['wind_speed', 'precipitation', 'temperature']
2026-01-29 10:00:00;3073.0203176108243;3860.7405;['wind_speed', 'precipitation', 'temperature']
2026-01-29 11:00:00;2837.7424195938765;4322.213;['wind_speed', 'precipitation', 'temperature']
2026-01-29 12:00:00;3060.7743565911987;3233.9055;['wind_speed', 'precipitation', 'temperature']
2026-01-29 13:00:00;2813.48014581814;3161.515;['wind_speed', 'precipitation', 'temperature']
2026-01-29 14:00:00;2878.9945914421305;3518.00425;['wind_speed', 'precipitation', 'temperature']
2026-01-29 15:00:00;2882.3039328386735;3397.26675;['wind_speed', 'precipitation', 'temperature']
2026-01-29 16:00:00;3264.719981371529;3804.59875;['wind_speed', 'precipitation', 'temperature']
2026-01-29 17:00:00;4343.243853494715;3048.346;['wind_speed', 'precipitation', 'temperature']
2026-01-29 18:00:00;4201.030733946332;3831.81075;['wind_speed', 'precipitation', 'temperature']
2026-01-29 19:00:00;2920.971212927371;4592.51725;['wind_speed', 'precipitation', 'temperature']
2026-01-29 20:00:00;3644.5413086141302;3198.797;['wind_speed', 'precipitation', 'temperature']
2026-01-29 21:00:00;3078.2368750219175;3905.9085;['wind_speed', 'precipitation', 'temperature']
2026-01-29 22:00:00;3003.2203322527575;2584.36575;['wind_speed', 'precipitation', 'temperature']
2026-01-29 23:00:00;2682.197168324614;2977.50875;['wind_speed', 'precipitation', 'temperature']
2026-01-30 00:00:00;3227.5313258970164;2930.24125;['wind_speed', 'precipitation', 'temperature']
2026-01-30 01:00:00;3138.255593411093;3045.52575;['wind_speed', 'precipitation', 'temperature']
2026-01-30 02:00:00;3305.893407919804;3382.778;['wind_speed', 'precipitation', 'temperature']
2026-01-30 03:00:00;3123.4374636801667;2108.5750000000003;['wind_speed', 'precipitation', 'temperature']
2026-01-30 04:00:00;3032.4786575602006;2711.36825;['wind_speed', 'precipitation', 'temperature']
2026-01-30 05:00:00;3068.6360807504;2823.3405;['wind_speed', 'precipitation', 'temperature']
2026-01-30 06:00:00;3164.25280762444;2810.056;['wind_speed', 'precipitation', 'temperature']
2026-01-30 07:00:00;3222.8549688606704;2569.47575;['wind_speed', 'precipitation', 'temperature']
2026-01-30 08:00:00;3045.2952230047576;3011.00925;['wind_speed', 'precipitation', 'temperature']
2026-01-30 09:00:00;3336.7148612780484;3970.83225;['wind_speed', 'precipitation', 'temperature']
2026-01-30 10:00:00;3369.089246120188;4316.86625;['wind_speed', 'precipitation', 'temperature']
2026-01-30 11:00:00;3452.10393953907;3255.9585;['wind_speed', 'precipitation', 'temperature']
2026-01-30 12:00:00;3215.571687568556;3856.16275;['wind_speed', 'precipitation', 'temperature']
2026-01-30 13:00:00;3210.6188866961384;5804.923;['wind_speed', 'precipitation', 'temperature']
2026-01-30 14:00:00;3313.29760495904;3518.00425;['wind_speed', 'precipitation', 'temperature']
2026-01-30 15:00:00;3598.598253910171;3397.26675;['wind_speed', 'precipitation', 'temperature']
2026-01-30 16:00:00;3540.8863948590265;2872.316;['wind_speed', 'precipitation', 'temperature']
2026-01-30 17:00:00;3439.409845615466;4624.5915;['wind_speed', 'precipitation', 'temperature']
2026-01-30 18:00:00;3794.664875727766;3331.67425;['wind_speed', 'precipitation', 'temperature']
2026-01-30 19:00:00;3613.667299939868;2540.943;['wind_speed', 'precipitation', 'temperature']
2026-01-30 20:00:00;3606.5020245534847;3665.77125;['wind_speed', 'precipitation', 'temperature']
2026-01-30 21:00:00;3781.6979993521477;2802.63575;['wind_speed', 'precipitation', 'temperature']
2026-01-30 22:00:00;3526.1954300004604;3011.39175;['wind_speed', 'precipitation', 'temperature']
2026-01-30 23:00:00;3014.3261575912857;2593.54575;['wind_speed', 'precipitation', 'temperature']
2026-01-31 00:00:00;2931.1609077366948;3173.0025;['wind_speed', 'precipitation', 'temperature']
2026-01-31 01:00:00;2936.547133280957;3842.7335;['wind_speed', 'precipitation', 'temperature']
2026-01-31 02:00:00;3179.0309655428505;3099.48925;['wind_speed', 'precipitation', 'temperature']
2026-01-31 03:00:00;2652.2001739970788;3333.14125;['wind_speed', 'precipitation', 'temperature']
2026-01-31 04:00:00;2939.7542107007816;2831.7290000000003;['wind_speed', 'precipitation', 'temperature']
2026-01-31 05:00:00;2851.674698494255;2721.9165000000003;['wind_speed', 'precipitation', 'temperature']
2026-01-31 06:00:00;2912.45471704427;3373.83025;['wind_speed', 'precipitation', 'temperature']
2026-01-31 07:00:00;2864.2118740881474;3361.293;['wind_speed', 'precipitation', 'temperature']
2026-01-31 08:00:00;2967.1892277549873;3424.02625;['wind_speed', 'precipitation', 'temperature']
2026-01-31 09:00:00;3195.028437855687;3892.46575;['wind_speed', 'precipitation', 'temperature']
2026-01-31 10:00:00;3376.5422011137052;4093.56525;['wind_speed', 'precipitation', 'temperature']
2026-01-31 11:00:00;3121.1534314438445;3468.38725;['wind_speed', 'precipitation', 'temperature']
2026-01-31 12:00:00;2971.699474266131;3645.032;['wind_speed', 'precipitation', 'temperature']
2026-01-31 13:00:00;3445.5023354061495;3006.9835;['wind_speed', 'precipitation', 'temperature']
2026-01-31 14:00:00;3096.733555394156;3079.298;['wind_speed', 'precipitation', 'temperature']
2026-01-31 15:00:00;3143.429662136138;3843.243;['wind_speed', 'precipitation', 'temperature']
2026-01-31 16:00:00;3299.0169218385295;2761.37025;['wind_speed', 'precipitation', 'temperature']
2026-01-31 17:00:00;3931.9736537968056;2594.62925;['wind_speed', 'precipitation', 'temperature']
2026-01-31 18:00:00;3797.9729740655503;5439.38975;['wind_speed', 'precipitation', 'temperature']
2026-01-31 19:00:00;3163.448110558758;4224.091;['wind_speed', 'precipitation', 'temperature']
2026-01-31 20:00:00;3716.5890104656714;3178.35475;['wind_speed', 'precipitation', 'temperature']
2026-01-31 21:00:00;3274.1001120490982;4102.47225;['wind_speed', 'precipitation', 'temperature']
2026-01-31 22:00:00;3251.808396379359;4452.82625;['wind_speed', 'precipitation', 'temperature']
2026-01-31 23:00:00;2863.1183337702355;1587.8345;['wind_speed', 'precipitation', 'temperature']
2026-02-01 00:00:00;2736.9964306444367;1227.2925;['wind_speed', 'precipitation', 'temperature']
2026-02-01 01:00:00;3339.3280837077573;986.55825;['wind_speed', 'precipitation', 'temperature']
2026-02-01 02:00:00;3328.8780288655316;523.318;['wind_speed', 'precipitation', 'temperature']
2026-02-01 03:00:00;2863.1422781646247;419.4962499999999;['wind_speed', 'precipitation', 'temperature']
2026-02-01 04:00:00;3099.5776784644354;809.1597499999999;['wind_speed', 'precipitation', 'temperature']
2026-02-01 05:00:00;3129.9824289224757;879.83475;['wind_speed', 'precipitation', 'temperature']
2026-02-01 06:00:00;3044.4446281935734;644.55125;['wind_speed', 'precipitation', 'temperature']
2026-02-01 07:00:00;3040.4084220218856;2779.7565000000004;['wind_speed', 'precipitation', 'temperature']
2026-02-01 08:00:00;3177.6372251437624;4242.7392500000005;['wind_speed', 'precipitation', 'temperature']
2026-02-01 09:00:00;3453.2152854046603;4539.58225;['wind_speed', 'precipitation', 'temperature']
2026-02-01 10:00:00;3402.3465351520895;3902.5285;['wind_speed', 'precipitation', 'temperature']
2026-02-01 11:00:00;3144.801310835373;3690.70825;['wind_speed', 'precipitation', 'temperature']
2026-02-01 12:00:00;3165.7621097260985;3770.9095;['wind_speed', 'precipitation', 'temperature']
2026-02-01 13:00:00;3103.826816894229;3929.826;['wind_speed', 'precipitation', 'temperature']
2026-02-01 14:00:00;3711.212959794035;2997.2215;['wind_speed', 'precipitation', 'temperature']
2026-02-01 15:00:00;3273.1599488053357;3139.48325;['wind_speed', 'precipitation', 'temperature']
2026-02-01 16:00:00;3306.2917246126112;4010.29575;['wind_speed', 'precipitation', 'temperature']
2026-02-01 17:00:00;3235.093859021211;3188.33075;['wind_speed', 'precipitation', 'temperature']
2026-02-01 18:00:00;4140.274826102936;4498.370000000001;['wind_speed', 'precipitation', 'temperature']
2026-02-01 19:00:00;3573.62805626189;5959.908;['wind_speed', 'precipitation', 'temperature']
2026-02-01 20:00:00;3703.440863089867;2655.0615;['wind_speed', 'precipitation', 'temperature']
2026-02-01 21:00:00;3636.839289150775;4070.45725;['wind_speed', 'precipitation', 'temperature']
2026-02-01 22:00:00;3533.4098697594563;3704.6875;['wind_speed', 'precipitation', 'temperature']
2026-02-01 23:00:00;2816.9836474057847;4307.6215;['wind_speed', 'precipitation', 'temperature']
2026-02-02 00:00:00;3282.415697941939;4194.2355;['wind_speed', 'precipitation', 'temperature']
2026-02-02 01:00:00;3070.5805743731207;3838.329;['wind_speed', 'precipitation', 'temperature']
2026-02-02 02:00:00;3019.340914609365;3883.407;['wind_speed', 'precipitation', 'temperature']
2026-02-02 03:00:00;2413.3403549491672;2908.932;['wind_speed', 'precipitation', 'temperature']
2026-02-02 04:00:00;2961.220606647778;3679.78875;['wind_speed', 'precipitation', 'temperature']
2026-02-02 05:00:00;2585.3872152136546;2860.6365;['wind_speed', 'precipitation', 'temperature']
2026-02-02 06:00:00;2476.286736993209;3718.30325;['wind_speed', 'precipitation', 'temperature']
2026-02-02 07:00:00;3115.1503843314717;4196.75575;['wind_speed', 'precipitation', 'temperature']
2026-02-02 08:00:00;3629.9991693959055;3431.86475;['wind_speed', 'precipitation', 'temperature']
2026-02-02 09:00:00;3574.8309130253315;3188.44575;['wind_speed', 'precipitation', 'temperature']
2026-02-02 10:00:00;3372.6245000708914;3551.37525;['wind_speed', 'precipitation', 'temperature']
2026-02-02 11:00:00;3303.8816682682755;3092.7580000000003;['wind_speed', 'precipitation', 'temperature']
2026-02-02 12:00:00;3288.5768974504826;2944.382;['wind_speed', 'precipitation', 'temperature']
2026-02-02 13:00:00;3418.1851071942174;3419.67125;['wind_speed', 'precipitation', 'temperature']
2026-02-02 14:00:00;3247.615635336154;2483.34625;['wind_speed', 'precipitation', 'temperature']
2026-02-02 15:00:00;3216.89831291596;3997.7985;['wind_speed', 'precipitation', 'temperature']
2026-02-02 16:00:00;3595.81109288522;3957.9355;['wind_speed', 'precipitation', 'temperature']
2026-02-02 17:00:00;3663.231235512734;6156.93275;['wind_speed', 'precipitation', 'temperature']
2026-02-02 18:00:00;4085.451564729384;5374.7855;['wind_speed', 'precipitation', 'temperature']
2026-02-02 19:00:00;4492.2893520309435;4602.8735;['wind_speed', 'precipitation', 'temperature']
2026-02-02 20:00:00;3474.3973232520766;4762.261;['wind_speed', 'precipitation', 'temperature']
2026-02-02 21:00:00;3742.0522981518684;2763.79025;['wind_speed', 'precipitation', 'temperature']
2026-02-02 22:00:00;3359.5570324661903;3169.481;['wind_speed', 'precipitation', 'temperature']
2026-02-02 23:00:00;3124.2062819864686;2885.26125;['wind_speed', 'precipitation', 'temperature']
2026-02-03 00:00:00;3278.8115586214194;3208.07325;['wind_speed', 'precipitation', 'temperature']
2026-02-03 01:00:00;3267.4548327696766;2903.31075;['wind_speed', 'precipitation', 'temperature']
2026-02-03 02:00:00;3156.6740689817116;2636.27025;['wind_speed', 'precipitation', 'temperature']
2026-02-03 03:00:00;2913.477066864857;3501.708;['wind_speed', 'precipitation', 'temperature']
2026-02-03 04:00:00;3195.9282307590006;3136.13775;['wind_speed', 'precipitation', 'temperature']
2026-02-03 05:00:00;2959.278242002286;3059.192;['wind_speed', 'precipitation', 'temperature']
2026-02-03 06:00:00;3448.388890285067;3381.67525;['wind_speed', 'precipitation', 'temperature']
2026-02-03 07:00:00;3527.1343257042067;2936.9875;['wind_speed', 'precipitation', 'temperature']
2026-02-03 08:00:00;3331.252952469419;2881.34175;['wind_speed', 'precipitation', 'temperature']
2026-02-03 09:00:00;3531.2046332319787;3689.56575;['wind_speed', 'precipitation', 'temperature']
2026-02-03 10:00:00;3748.8937464985784;4700.9365;['wind_speed', 'precipitation', 'temperature']
2026-02-03 11:00:00;3915.691234441578;4837.66625;['wind_speed', 'precipitation', 'temperature']
2026-02-03 12:00:00;3198.772227679483;3223.52525;['wind_speed', 'precipitation', 'temperature']
2026-02-03 13:00:00;3708.868386617244;3071.254;['wind_speed', 'precipitation', 'temperature']
2026-02-03 14:00:00;3213.2981164268817;4405.00475;['wind_speed', 'precipitation', 'temperature']
2026-02-03 15:00:00;3653.7188532995997;3237.20825;['wind_speed', 'precipitation', 'temperature']
2026-02-03 16:00:00;3309.582352942017;4089.68875;['wind_speed', 'precipitation', 'temperature']
2026-02-03 17:00:00;4684.334285420449;5304.03325;['wind_speed', 'precipitation', 'temperature']
2026-02-03 18:00:00;4317.591219603902;5559.15675;['wind_speed', 'precipitation', 'temperature']
2026-02-03 19:00:00;4399.125381593599;3708.947;['wind_speed', 'precipitation', 'temperature']
2026-02-03 20:00:00;4025.721345490728;3665.57175;['wind_speed', 'precipitation', 'temperature']
2026-02-03 21:00:00;3405.804663440856;3451.28325;['wind_speed', 'precipitation', 'temperature']
2026-02-03 22:00:00;3596.411675556975;3417.2;['wind_speed', 'precipitation', 'temperature']
2026-02-03 23:00:00;3214.0116617773506;4015.31775;['wind_speed', 'precipitation', 'temperature']
2026-02-04 00:00:00;3820.6976665708576;3004.00075;['wind_speed', 'precipitation', 'temperature']
2026-02-04 01:00:00;3474.982393292886;3396.32175;['wind_speed', 'precipitation', 'temperature']
2026-02-04 02:00:00;3332.8884501117504;3114.4585;['wind_speed', 'precipitation', 'temperature']
2026-02-04 03:00:00;3305.5922795699025;2805.3185;['wind_speed', 'precipitation', 'temperature']
2026-02-04 04:00:00;3247.142728642317;2795.15475;['wind_speed', 'precipitation', 'temperature']
2026-02-04 05:00:00;3103.2202867895453;2969.17225;['wind_speed', 'precipitation', 'temperature']
2026-02-04 06:00:00;3270.4088434287673;3460.06175;['wind_speed', 'precipitation', 'temperature']
2026-02-04 07:00:00;3566.116369290211;3189.5730000000003;['wind_speed', 'precipitation', 'temperature']
2026-02-04 08:00:00;3391.27457111549;3796.666;['wind_speed', 'precipitation', 'temperature']
2026-02-04 09:00:00;3469.3761354479598;3479.20375;['wind_speed', 'precipitation', 'temperature']
2026-02-04 10:00:00;3602.509070384558;4332.7065;['wind_speed', 'precipitation', 'temperature']
2026-02-04 11:00:00;3494.6257977824225;2879.26525;['wind_speed', 'precipitation', 'temperature']
2026-02-04 12:00:00;3418.029555149294;2504.1825;['wind_speed', 'precipitation', 'temperature']
2026-02-04 13:00:00;3309.939654714829;2285.1665;['wind_speed', 'precipitation', 'temperature']
2026-02-04 14:00:00;3749.1485819254076;1426.6965;['wind_speed', 'precipitation', 'temperature']
2026-02-04 15:00:00;3649.3354882710228;1973.97525;['wind_speed', 'precipitation', 'temperature']
2026-02-04 16:00:00;3938.196822029621;3078.4485;['wind_speed', 'precipitation', 'temperature']
2026-02-04 17:00:00;4292.672215682942;3131.75175;['wind_speed', 'precipitation', 'temperature']
2026-02-04 18:00:00;4615.848062128134;3145.325;['wind_speed', 'precipitation', 'temperature']
2026-02-04 19:00:00;3716.226085455159;2937.0585;['wind_speed', 'precipitation', 'temperature']
2026-02-04 20:00:00;3776.9907981931956;2372.80775;['wind_speed', 'precipitation', 'temperature']
2026-02-04 21:00:00;3961.617487399424;2626.7202500000003;['wind_speed', 'precipitation', 'temperature']
2026-02-04 22:00:00;3688.8453880195516;3097.12075;['wind_speed', 'precipitation', 'temperature']
2026-02-04 23:00:00;3358.8982254278426;2309.46375;['wind_speed', 'precipitation', 'temperature']
2026-02-05 00:00:00;2575.12409737043;2383.21975;['wind_speed', 'precipitation', 'temperature']
2026-02-05 01:00:00;2768.170694524575;2960.2615;['wind_speed', 'precipitation', 'temperature']
2026-02-05 02:00:00;2868.17228501421;2172.40875;['wind_speed', 'precipitation', 'temperature']
2026-02-05 03:00:00;2705.1828293530293;2315.36425;['wind_speed', 'precipitation', 'temperature']
2026-02-05 04:00:00;2710.0032135455913;2231.8865;['wind_speed', 'precipitation', 'temperature']
2026-02-05 05:00:00;2723.750403997765;2299.616;['wind_speed', 'precipitation', 'temperature']
2026-02-05 06:00:00;3022.16214954184;2751.74825;['wind_speed', 'precipitation', 'temperature']
2026-02-05 07:00:00;3134.3731345262067;2285.11125;['wind_speed', 'precipitation', 'temperature']
2026-02-05 08:00:00;3498.1401081789318;2690.5555;['wind_speed', 'precipitation', 'temperature']
2026-02-05 09:00:00;3298.718501841079;2209.523;['wind_speed', 'precipitation', 'temperature']
2026-02-05 10:00:00;3069.4530903803943;2035.103;['wind_speed', 'precipitation', 'temperature']
2026-02-05 11:00:00;2442.5222596091253;3871.413;['wind_speed', 'precipitation', 'temperature']
2026-02-05 12:00:00;3034.7712177094327;2481.76625;['wind_speed', 'precipitation', 'temperature']
2026-02-05 13:00:00;2819.0704203062814;2475.083;['wind_speed', 'precipitation', 'temperature']
2026-02-05 14:00:00;2476.584516387634;2266.7945;['wind_speed', 'precipitation', 'temperature']
2026-02-05 15:00:00;2632.8312202334932;3025.16625;['wind_speed', 'precipitation', 'temperature']
2026-02-05 16:00:00;3138.1907499017602;3120.888;['wind_speed', 'precipitation', 'temperature']
2026-02-05 17:00:00;4070.529491823593;5058.1865;['wind_speed', 'precipitation', 'temperature']
2026-02-05 18:00:00;3656.4572037690205;4388.71075;['wind_speed', 'precipitation', 'temperature']
2026-02-05 19:00:00;3716.6534455345222;2322.8345;['wind_speed', 'precipitation', 'temperature']
2026-02-05 20:00:00;3359.800698507842;2892.934;['wind_speed', 'precipitation', 'temperature']
2026-02-05 21:00:00;3596.0394094724134;2691.11;['wind_speed', 'precipitation', 'temperature']
2026-02-05 22:00:00;3518.0441882137584;2040.70725;['wind_speed', 'precipitation', 'temperature']
2026-02-05 23:00:00;2814.810782050512;2318.614;['wind_speed', 'precipitation', 'temperature']
2026-02-06 00:00:00;2380.784220896081;2417.388;['wind_speed', 'precipitation', 'temperature']
2026-02-06 01:00:00;2458.443073184887;3028.649;['wind_speed', 'precipitation', 'temperature']
2026-02-06 02:00:00;2381.943743648908;2456.4425;['wind_speed', 'precipitation', 'temperature']
2026-02-06 03:00:00;2373.327210192143;1991.96825;['wind_speed', 'precipitation', 'temperature']
2026-02-06 04:00:00;2390.0302439942425;2168.60175;['wind_speed', 'precipitation', 'temperature']
2026-02-06 05:00:00;2445.582574476564;2554.5777500000004;['wind_speed', 'precipitation', 'temperature']
2026-02-06 06:00:00;2606.1591601556484;2480.9035;['wind_speed', 'precipitation', 'temperature']
2026-02-06 07:00:00;2685.995036622435;2516.1095;['wind_speed', 'precipitation', 'temperature']
2026-02-06 08:00:00;2942.645148575766;2358.27875;['wind_speed', 'precipitation', 'temperature']
2026-02-06 09:00:00;2946.974764106906;3043.82875;['wind_speed', 'precipitation', 'temperature']
2026-02-06 10:00:00;3216.0107554185042;1863.571;['wind_speed', 'precipitation', 'temperature']
2026-02-06 11:00:00;2934.7495827992097;1953.389;['wind_speed', 'precipitation', 'temperature']
2026-02-06 12:00:00;2995.304663740393;2709.674;['wind_speed', 'precipitation', 'temperature']
2026-02-06 13:00:00;2321.420585869202;2834.37725;['wind_speed', 'precipitation', 'temperature']
2026-02-06 14:00:00;2468.9243847286343;3653.3685;['wind_speed', 'precipitation', 'temperature']
2026-02-06 15:00:00;2761.3510682867673;3025.16625;['wind_speed', 'precipitation', 'temperature']
2026-02-06 16:00:00;3243.2232960644196;3120.888;['wind_speed', 'precipitation', 'temperature']
2026-02-06 17:00:00;3411.225428199058;5058.1865;['wind_speed', 'precipitation', 'temperature']
2026-02-06 18:00:00;4051.3069111214245;4388.71075;['wind_speed', 'precipitation', 'temperature']
2026-02-06 19:00:00;3221.0997120842676;2322.8345;['wind_speed', 'precipitation', 'temperature']
2026-02-06 20:00:00;3250.2061762790686;2892.934;['wind_speed', 'precipitation', 'temperature']
2026-02-06 21:00:00;3227.514288745233;2691.11;['wind_speed', 'precipitation', 'temperature']
2026-02-06 22:00:00;3262.9879832746647;2040.70725;['wind_speed', 'precipitation', 'temperature']
2026-02-06 23:00:00;2497.028074085033;2318.614;['wind_speed', 'precipitation', 'temperature']
2026-02-07 00:00:00;2366.9891802303246;2417.388;['wind_speed', 'precipitation', 'temperature']
2026-02-07 01:00:00;2455.3559359520277;3028.649;['wind_speed', 'precipitation', 'temperature']
2026-02-07 02:00:00;2385.4219604478544;2456.4425;['wind_speed', 'precipitation', 'temperature']
2026-02-07 03:00:00;2263.8816046690167;1991.96825;['wind_speed', 'precipitation', 'temperature']
2026-02-07 04:00:00;2260.1058038313904;2168.60175;['wind_speed', 'precipitation', 'temperature']
2026-02-07 05:00:00;2412.043477551185;2554.5777500000004;['wind_speed', 'precipitation', 'temperature']
2026-02-07 06:00:00;2402.834291427782;2480.9035;['wind_speed', 'precipitation', 'temperature']
2026-02-07 07:00:00;2621.871264248884;2516.1095;['wind_speed', 'precipitation', 'temperature']
2026-02-07 08:00:00;2681.000651849955;2358.27875;['wind_speed', 'precipitation', 'temperature']
2026-02-07 09:00:00;2651.8204834214093;3043.82875;['wind_speed', 'precipitation', 'temperature']
2026-02-07 10:00:00;2582.6888532192684;1863.571;['wind_speed', 'precipitation', 'temperature']
2026-02-07 11:00:00;2655.836262216768;1953.389;['wind_speed', 'precipitation', 'temperature']
2026-02-07 12:00:00;2680.7311526879976;2709.674;['wind_speed', 'precipitation', 'temperature']
2026-02-07 13:00:00;2580.96555499282;2834.37725;['wind_speed', 'precipitation', 'temperature']
2026-02-07 14:00:00;2653.4299093240234;3653.3685;['wind_speed', 'precipitation', 'temperature']
2026-02-07 15:00:00;2627.139043355349;2864.2456666666667;['wind_speed', 'precipitation', 'temperature']
2026-02-07 16:00:00;3053.477333515359;2075.1228333333333;['wind_speed', 'precipitation', 'temperature']
2026-02-07 17:00:00;4032.6401961212996;1286.0;['wind_speed', 'precipitation', 'temperature']
2026-02-07 18:00:00;4155.8091246062195;1953.83375;['wind_speed', 'precipitation', 'temperature']
2026-02-07 19:00:00;2999.8382302044197;1765.97475;['wind_speed', 'precipitation', 'temperature']
2026-02-07 20:00:00;3149.761905737401;4467.39375;['wind_speed', 'precipitation', 'temperature']
2026-02-07 21:00:00;2858.213712707613;4289.70725;['wind_speed', 'precipitation', 'temperature']
2026-02-07 22:00:00;3144.549616848005;2769.21075;['wind_speed', 'precipitation', 'temperature']
2026-02-07 23:00:00;2403.5376231651117;2518.1585;['wind_speed', 'precipitation', 'temperature']
2026-02-08 00:00:00;2664.388569289722;2938.06875;['wind_speed', 'precipitation', 'temperature']
2026-02-08 01:00:00;2735.20083275223;2957.5335;['wind_speed', 'precipitation', 'temperature']
2026-02-08 02:00:00;2536.8927486064326;1970.80175;['wind_speed', 'precipitation', 'temperature']
2026-02-08 03:00:00;2216.8987297556723;2352.781;['wind_speed', 'precipitation', 'temperature']
2026-02-08 04:00:00;2306.3072520679702;2566.9445;['wind_speed', 'precipitation', 'temperature']
2026-02-08 05:00:00;2387.2525195005114;2694.618;['wind_speed', 'precipitation', 'temperature']
2026-02-08 06:00:00;2717.9195554943;3327.3340000000003;['wind_speed', 'precipitation', 'temperature']
2026-02-08 07:00:00;2610.111674879724;2645.92225;['wind_speed', 'precipitation', 'temperature']
2026-02-08 08:00:00;2690.614111388291;2682.03925;['wind_speed', 'precipitation', 'temperature']
2026-02-08 09:00:00;2936.5319773809215;2049.55625;['wind_speed', 'precipitation', 'temperature']
2026-02-08 10:00:00;2399.6780186155;3419.758;['wind_speed', 'precipitation', 'temperature']
2026-02-08 11:00:00;2344.2522796980115;3716.1535;['wind_speed', 'precipitation', 'temperature']
2026-02-08 12:00:00;2543.2699409621423;3340.28175;['wind_speed', 'precipitation', 'temperature']
2026-02-08 13:00:00;2623.5343814546604;2959.019;['wind_speed', 'precipitation', 'temperature']
2026-02-08 14:00:00;2827.487376619225;2486.248;['wind_speed', 'precipitation', 'temperature']
2026-02-08 15:00:00;2679.29186009317;2433.7925;['wind_speed', 'precipitation', 'temperature']
2026-02-08 16:00:00;2834.0935737486398;3127.31125;['wind_speed', 'precipitation', 'temperature']
2026-02-08 17:00:00;3182.8680201480934;2999.37275;['wind_speed', 'precipitation', 'temperature']
2026-02-08 18:00:00;3712.3028613592023;5183.34525;['wind_speed', 'precipitation', 'temperature']
2026-02-08 19:00:00;2638.1496881012818;3736.658;['wind_speed', 'precipitation', 'temperature']
2026-02-08 20:00:00;3705.0294363246835;2797.79775;['wind_speed', 'precipitation', 'temperature']
2026-02-08 21:00:00;3193.980011771431;4569.61725;['wind_speed', 'precipitation', 'temperature']
2026-02-08 22:00:00;2806.666893586839;3223.9255000000003;['wind_speed', 'precipitation', 'temperature']
2026-02-08 23:00:00;2343.5002402986493;2572.21625;['wind_speed', 'precipitation', 'temperature']
2026-02-09 00:00:00;2765.2803075135485;2426.5875;['wind_speed', 'precipitation', 'temperature']
2026-02-09 01:00:00;2779.6087538942925;2814.69075;['wind_speed', 'precipitation', 'temperature']
2026-02-09 02:00:00;2559.4868248590346;2158.1762500000004;['wind_speed', 'precipitation', 'temperature']
2026-02-09 03:00:00;2356.439139109265;2665.0825;['wind_speed', 'precipitation', 'temperature']
2026-02-09 04:00:00;2406.147732696305;2046.7645;['wind_speed', 'precipitation', 'temperature']
2026-02-09 05:00:00;2419.628702819454;3459.894;['wind_speed', 'precipitation', 'temperature']
2026-02-09 06:00:00;2676.4756567894133;2796.855;['wind_speed', 'precipitation', 'temperature']
2026-02-09 07:00:00;2718.388437494562;2588.22925;['wind_speed', 'precipitation', 'temperature']
2026-02-09 08:00:00;2762.101699623592;2782.715;['wind_speed', 'precipitation', 'temperature']
2026-02-09 09:00:00;2749.6715900479844;2941.144;['wind_speed', 'precipitation', 'temperature']
2026-02-09 10:00:00;2818.240294842505;2378.2555;['wind_speed', 'precipitation', 'temperature']
2026-02-09 11:00:00;2991.3831352431707;1645.005;['wind_speed', 'precipitation', 'temperature']
2026-02-09 12:00:00;2795.8055641927235;2864.45375;['wind_speed', 'precipitation', 'temperature']
2026-02-09 13:00:00;2656.627231514061;3099.12325;['wind_speed', 'precipitation', 'temperature']
2026-02-09 14:00:00;2461.0151081941767;2231.92525;['wind_speed', 'precipitation', 'temperature']
2026-02-09 15:00:00;2891.493313805144;1882.14975;['wind_speed', 'precipitation', 'temperature']
2026-02-09 16:00:00;3071.9547227345843;2290.892;['wind_speed', 'precipitation', 'temperature']
2026-02-09 17:00:00;3613.265985697862;3762.23375;['wind_speed', 'precipitation', 'temperature']
2026-02-09 18:00:00;4425.368090572127;3246.77025;['wind_speed', 'precipitation', 'temperature']
2026-02-09 19:00:00;3250.5795528987255;3761.3245;['wind_speed', 'precipitation', 'temperature']
2026-02-09 20:00:00;3281.215644133401;3345.93475;['wind_speed', 'precipitation', 'temperature']
2026-02-09 21:00:00;3371.3395388376293;3058.4565;['wind_speed', 'precipitation', 'temperature']
2026-02-09 22:00:00;3187.0955434644;3274.3425;['wind_speed', 'precipitation', 'temperature']
2026-02-09 23:00:00;2562.3253528958767;3204.72675;['wind_speed', 'precipitation', 'temperature']
2026-02-10 00:00:00;2876.9331901693904;2312.257;['wind_speed', 'precipitation', 'temperature']
2026-02-10 01:00:00;2875.08989781709;2445.75475;['wind_speed', 'precipitation', 'temperature']
2026-02-10 02:00:00;2624.531357220567;2738.38875;['wind_speed', 'precipitation', 'temperature']
2026-02-10 03:00:00;2440.787499541767;2507.56425;['wind_speed', 'precipitation', 'temperature']
2026-02-10 04:00:00;2352.6232282361766;2972.28575;['wind_speed', 'precipitation', 'temperature']
2026-02-10 05:00:00;2619.5626216382707;2894.95425;['wind_speed', 'precipitation', 'temperature']
2026-02-10 06:00:00;2592.9884665264562;3762.406;['wind_speed', 'precipitation', 'temperature']
2026-02-10 07:00:00;2778.2552082359443;2580.2795;['wind_speed', 'precipitation', 'temperature']
2026-02-10 08:00:00;2909.303633009262;4036.3455;['wind_speed', 'precipitation', 'temperature']
2026-02-10 09:00:00;2726.318658728873;3671.19375;['wind_speed', 'precipitation', 'temperature']
2026-02-10 10:00:00;2952.423177250144;2416.94175;['wind_speed', 'precipitation', 'temperature']
2026-02-10 11:00:00;2759.997209562541;2677.89175;['wind_speed', 'precipitation', 'temperature']
2026-02-10 12:00:00;2461.052174230862;1806.73475;['wind_speed', 'precipitation', 'temperature']
2026-02-10 13:00:00;2696.901636646542;3154.1665;['wind_speed', 'precipitation', 'temperature']
2026-02-10 14:00:00;2668.6754360705654;2227.19575;['wind_speed', 'precipitation', 'temperature']
2026-02-10 15:00:00;2461.7774418107274;2543.43525;['wind_speed', 'precipitation', 'temperature']
2026-02-10 16:00:00;2939.664119701343;2576.265;['wind_speed', 'precipitation', 'temperature']
2026-02-10 17:00:00;4129.786802581648;5342.617;['wind_speed', 'precipitation', 'temperature']
2026-02-10 18:00:00;4289.488168760831;5926.32475;['wind_speed', 'precipitation', 'temperature']
2026-02-10 19:00:00;3119.5515859585194;3875.02825;['wind_speed', 'precipitation', 'temperature']
2026-02-10 20:00:00;3352.147989642359;4273.53175;['wind_speed', 'precipitation', 'temperature']
2026-02-10 21:00:00;3196.5755335060985;2881.09475;['wind_speed', 'precipitation', 'temperature']
2026-02-10 22:00:00;2916.8482538351445;2286.139;['wind_speed', 'precipitation', 'temperature']
2026-02-10 23:00:00;2583.1600565824842;3057.192;['wind_speed', 'precipitation', 'temperature']
2026-02-11 00:00:00;2747.4210669858594;2366.50825;['wind_speed', 'precipitation', 'temperature']
2026-02-11 01:00:00;2757.526822428089;2711.8525;['wind_speed', 'precipitation', 'temperature']
2026-02-11 02:00:00;2645.2249514724176;2083.15775;['wind_speed', 'precipitation', 'temperature']
2026-02-11 03:00:00;2358.8188662296952;2465.2165000000005;['wind_speed', 'precipitation', 'temperature']
2026-02-11 04:00:00;2433.2838444203326;2897.0037500000003;['wind_speed', 'precipitation', 'temperature']
2026-02-11 05:00:00;2619.81267247628;2676.7915000000003;['wind_speed', 'precipitation', 'temperature']
2026-02-11 06:00:00;2767.353018327495;2365.58925;['wind_speed', 'precipitation', 'temperature']
2026-02-11 07:00:00;2760.0409154946065;3238.81225;['wind_speed', 'precipitation', 'temperature']
2026-02-11 08:00:00;3049.599706275275;2706.17225;['wind_speed', 'precipitation', 'temperature']
2026-02-11 09:00:00;2951.187909105926;3475.922;['wind_speed', 'precipitation', 'temperature']
2026-02-11 10:00:00;2717.951072437173;2244.5915;['wind_speed', 'precipitation', 'temperature']
2026-02-11 11:00:00;2877.8004278866806;2952.637;['wind_speed', 'precipitation', 'temperature']
2026-02-11 12:00:00;2970.6324621573135;1686.3925;['wind_speed', 'precipitation', 'temperature']
2026-02-11 13:00:00;3217.945947621323;3154.1665;['wind_speed', 'precipitation', 'temperature']
2026-02-11 14:00:00;3107.0417649444507;2227.19575;['wind_speed', 'precipitation', 'temperature']
2026-02-11 15:00:00;2801.47125241475;2543.43525;['wind_speed', 'precipitation', 'temperature']
2026-02-11 16:00:00;3046.059678380036;2576.265;['wind_speed', 'precipitation', 'temperature']
2026-02-11 17:00:00;3867.63639755981;1333.5;['wind_speed', 'precipitation', 'temperature']
2026-02-11 18:00:00;3821.568359066504;3750.33275;['wind_speed', 'precipitation', 'temperature']
2026-02-11 19:00:00;2926.6977249821666;3982.69175;['wind_speed', 'precipitation', 'temperature']
2026-02-11 20:00:00;3201.6926454311106;3578.161;['wind_speed', 'precipitation', 'temperature']
2026-02-11 21:00:00;2700.8387643613332;2482.21025;['wind_speed', 'precipitation', 'temperature']
2026-02-11 22:00:00;2691.80522375654;2358.59375;['wind_speed', 'precipitation', 'temperature']
2026-02-11 23:00:00;2187.408966250491;2322.409;['wind_speed', 'precipitation', 'temperature']
2026-02-12 00:00:00;2332.199576316326;2297.366;['wind_speed', 'precipitation', 'temperature']
2026-02-12 01:00:00;2472.0628782294843;2377.4665;['wind_speed', 'precipitation', 'temperature']
2026-02-12 02:00:00;2173.437406124129;1861.1955;['wind_speed', 'precipitation', 'temperature']
2026-02-12 03:00:00;2179.0362693862976;1835.98825;['wind_speed', 'precipitation', 'temperature']
2026-02-12 04:00:00;2273.881526392719;1987.42975;['wind_speed', 'precipitation', 'temperature']
2026-02-12 05:00:00;2389.1957866708913;2928.504;['wind_speed', 'precipitation', 'temperature']
2026-02-12 06:00:00;2384.287236322303;2122.81;['wind_speed', 'precipitation', 'temperature']
2026-02-12 07:00:00;2483.1407458368717;2338.194;['wind_speed', 'precipitation', 'temperature']
2026-02-12 08:00:00;2547.824200851541;1348.37875;['wind_speed', 'precipitation', 'temperature']
2026-02-12 09:00:00;2626.306881260808;928.61625;['wind_speed', 'precipitation', 'temperature']
2026-02-12 10:00:00;2243.3682971377343;2329.8340000000003;['wind_speed', 'precipitation', 'temperature']
2026-02-12 11:00:00;2679.4218158152144;1817.92825;['wind_speed', 'precipitation', 'temperature']
2026-02-12 12:00:00;2381.4524578209057;3735.537;['wind_speed', 'precipitation', 'temperature']
2026-02-12 13:00:00;2571.3187049596363;2596.203;['wind_speed', 'precipitation', 'temperature']
2026-02-12 14:00:00;2189.2314120924357;2194.61975;['wind_speed', 'precipitation', 'temperature']
2026-02-12 15:00:00;2539.935254431252;1834.60225;['wind_speed', 'precipitation', 'temperature']
2026-02-12 16:00:00;2804.5795471594574;2180.3565;['wind_speed', 'precipitation', 'temperature']
2026-02-12 17:00:00;3546.335167875768;3746.30075;['wind_speed', 'precipitation', 'temperature']
2026-02-12 18:00:00;3683.142872323382;4982.87875;['wind_speed', 'precipitation', 'temperature']
2026-02-12 19:00:00;2984.356237042821;3386.71775;['wind_speed', 'precipitation', 'temperature']
2026-02-12 20:00:00;3402.513423787351;3613.59775;['wind_speed', 'precipitation', 'temperature']
2026-02-12 21:00:00;2755.124510624681;3065.22725;['wind_speed', 'precipitation', 'temperature']
2026-02-12 22:00:00;2805.724456253222;2475.28875;['wind_speed', 'precipitation', 'temperature']
2026-02-12 23:00:00;2351.9523495705052;2045.159;['wind_speed', 'precipitation', 'temperature']
2026-02-13 00:00:00;2166.1356449876466;2855.48325;['wind_speed', 'precipitation', 'temperature']
2026-02-13 01:00:00;2316.531222375151;2102.1375;['wind_speed', 'precipitation', 'temperature']
2026-02-13 02:00:00;2399.876135797405;2721.5535;['wind_speed', 'precipitation', 'temperature']
2026-02-13 03:00:00;2032.1308792692394;2265.05425;['wind_speed', 'precipitation', 'temperature']
2026-02-13 04:00:00;1882.0439062465343;2724.386;['wind_speed', 'precipitation', 'temperature']
2026-02-13 05:00:00;2345.9095640430287;1950.27;['wind_speed', 'precipitation', 'temperature']
2026-02-13 06:00:00;2228.395350919467;2676.27525;['wind_speed', 'precipitation', 'temperature']
2026-02-13 07:00:00;2409.671705827396;1876.716;['wind_speed', 'precipitation', 'temperature']
2026-02-13 08:00:00;2566.847246570285;3155.0185;['wind_speed', 'precipitation', 'temperature']
2026-02-13 09:00:00;2428.4046798735376;3419.00525;['wind_speed', 'precipitation', 'temperature']
2026-02-13 10:00:00;2492.249587287727;2633.61775;['wind_speed', 'precipitation', 'temperature']
2026-02-13 11:00:00;2184.7245323808042;3832.5985;['wind_speed', 'precipitation', 'temperature']
2026-02-13 12:00:00;3199.456390363455;2113.4985;['wind_speed', 'precipitation', 'temperature']
2026-02-13 13:00:00;2572.6593620362532;2406.8145;['wind_speed', 'precipitation', 'temperature']
2026-02-13 14:00:00;2409.9425810779658;2225.23925;['wind_speed', 'precipitation', 'temperature']
2026-02-13 15:00:00;2389.9301987398503;2112.819;['wind_speed', 'precipitation', 'temperature']
2026-02-13 16:00:00;2541.599978899161;2119.783;['wind_speed', 'precipitation', 'temperature']
2026-02-13 17:00:00;4331.291458213433;2762.934;['wind_speed', 'precipitation', 'temperature']
2026-02-13 18:00:00;3386.362886221297;3519.851;['wind_speed', 'precipitation', 'temperature']
2026-02-13 19:00:00;2863.253153191005;3490.8465;['wind_speed', 'precipitation', 'temperature']
2026-02-13 20:00:00;3252.6630559621985;3538.6712499999994;['wind_speed', 'precipitation', 'temperature']
2026-02-13 21:00:00;2902.871046421032;3449.1785;['wind_speed', 'precipitation', 'temperature']
2026-02-13 22:00:00;2722.774065514725;2324.8065;['wind_speed', 'precipitation', 'temperature']
2026-02-13 23:00:00;2302.2612401557076;3431.5795;['wind_speed', 'precipitation', 'temperature']
2026-02-14 00:00:00;2757.404968144489;2411.443;['wind_speed', 'precipitation', 'temperature']
2026-02-14 01:00:00;2659.7616150953577;2943.3845;['wind_speed', 'precipitation', 'temperature']
2026-02-14 02:00:00;2678.681615558763;2579.4275;['wind_speed', 'precipitation', 'temperature']
2026-02-14 03:00:00;2529.668794092283;2204.52425;['wind_speed', 'precipitation', 'temperature']
2026-02-14 04:00:00;2533.173985761975;2660.8965000000003;['wind_speed', 'precipitation', 'temperature']
2026-02-14 05:00:00;2451.825958277827;3597.15675;['wind_speed', 'precipitation', 'temperature']
2026-02-14 06:00:00;2486.3653574489845;2461.59075;['wind_speed', 'precipitation', 'temperature']
2026-02-14 07:00:00;2503.2519675965655;2936.82475;['wind_speed', 'precipitation', 'temperature']
2026-02-14 08:00:00;3049.879021179837;2971.81825;['wind_speed', 'precipitation', 'temperature']
2026-02-14 09:00:00;2828.746953720221;2900.61125;['wind_speed', 'precipitation', 'temperature']
2026-02-14 10:00:00;2734.1346998191148;2713.67975;['wind_speed', 'precipitation', 'temperature']
2026-02-14 11:00:00;3205.7905727391794;2756.77525;['wind_speed', 'precipitation', 'temperature']
2026-02-14 12:00:00;2582.5699660517816;3727.64475;['wind_speed', 'precipitation', 'temperature']
2026-02-14 13:00:00;2851.7076268739347;2757.3445;['wind_speed', 'precipitation', 'temperature']
2026-02-14 14:00:00;2483.4702431777673;3371.52475;['wind_speed', 'precipitation', 'temperature']
2026-02-14 15:00:00;2754.9849718578025;3231.48225;['wind_speed', 'precipitation', 'temperature']
2026-02-14 16:00:00;2684.180688649085;4488.084;['wind_speed', 'precipitation', 'temperature']
2026-02-14 17:00:00;3565.2654611493745;5352.45;['wind_speed', 'precipitation', 'temperature']
2026-02-14 18:00:00;3893.781955360586;6210.828;['wind_speed', 'precipitation', 'temperature']
2026-02-14 19:00:00;3190.4052250291998;1903.77525;['wind_speed', 'precipitation', 'temperature']
2026-02-14 20:00:00;3062.155766749671;2630.102;['wind_speed', 'precipitation', 'temperature']
2026-02-14 21:00:00;2838.1629858883125;4245.20475;['wind_speed', 'precipitation', 'temperature']
2026-02-14 22:00:00;2851.1157861730735;3723.198;['wind_speed', 'precipitation', 'temperature']
2026-02-14 23:00:00;2758.124390487635;3729.623;['wind_speed', 'precipitation', 'temperature']
2026-02-15 00:00:00;3238.454696590177;3933.857;['wind_speed', 'precipitation', 'temperature']
2026-02-15 01:00:00;3195.6537567513146;3709.625;['wind_speed', 'precipitation', 'temperature']
2026-02-15 02:00:00;3024.398233876503;3698.68875;['wind_speed', 'precipitation', 'temperature']
2026-02-15 03:00:00;2789.1214356294154;3668.341;['wind_speed', 'precipitation', 'temperature']
2026-02-15 04:00:00;2765.199062234359;3783.91125;['wind_speed', 'precipitation', 'temperature']
2026-02-15 05:00:00;2886.4948329301837;3444.12875;['wind_speed', 'precipitation', 'temperature']
2026-02-15 06:00:00;2928.0081031820323;4090.44675;['wind_speed', 'precipitation', 'temperature']
2026-02-15 07:00:00;2999.2368581061705;4660.0415;['wind_speed', 'precipitation', 'temperature']
2026-02-15 08:00:00;3158.6802812164324;3879.998;['wind_speed', 'precipitation', 'temperature']
2026-02-15 09:00:00;3410.248556246893;4359.39175;['wind_speed', 'precipitation', 'temperature']
2026-02-15 10:00:00;3230.685830151;5136.501;['wind_speed', 'precipitation', 'temperature']
2026-02-15 11:00:00;2985.289782687645;4608.921;['wind_speed', 'precipitation', 'temperature']
2026-02-15 12:00:00;3310.938872936301;3958.311;['wind_speed', 'precipitation', 'temperature']
2026-02-15 13:00:00;3358.7976550505136;2757.3445;['wind_speed', 'precipitation', 'temperature']
2026-02-15 14:00:00;3302.004105810247;3371.52475;['wind_speed', 'precipitation', 'temperature']
2026-02-15 15:00:00;3499.596766238282;3231.48225;['wind_speed', 'precipitation', 'temperature']
2026-02-15 16:00:00;3283.781267568518;5022.667;['wind_speed', 'precipitation', 'temperature']
2026-02-15 17:00:00;3958.8653157838203;3789.986;['wind_speed', 'precipitation', 'temperature']
2026-02-15 18:00:00;4380.685905509769;1972.2715;['wind_speed', 'precipitation', 'temperature']
2026-02-15 19:00:00;3662.0865525590416;1211.72575;['wind_speed', 'precipitation', 'temperature']
2026-02-15 20:00:00;3517.910050385346;2768.893;['wind_speed', 'precipitation', 'temperature']
2026-02-15 21:00:00;3379.574802138294;4284.85;['wind_speed', 'precipitation', 'temperature']
2026-02-15 22:00:00;3277.322183191227;3674.49175;['wind_speed', 'precipitation', 'temperature']
2026-02-15 23:00:00;2837.172684847403;3857.04075;['wind_speed', 'precipitation', 'temperature']
2026-02-16 00:00:00;2810.8959743142095;4270.74175;['wind_speed', 'precipitation', 'temperature']
2026-02-16 01:00:00;3287.8873016675825;4172.0475;['wind_speed', 'precipitation', 'temperature']
2026-02-16 02:00:00;2905.0588482478943;4192.84925;['wind_speed', 'precipitation', 'temperature']
2026-02-16 03:00:00;2952.439320266513;4297.218;['wind_speed', 'precipitation', 'temperature']
2026-02-16 04:00:00;2832.6162696649308;3792.167;['wind_speed', 'precipitation', 'temperature']
2026-02-16 05:00:00;2839.944442485795;3905.2105;['wind_speed', 'precipitation', 'temperature']
2026-02-16 06:00:00;3028.15331833606;4322.625;['wind_speed', 'precipitation', 'temperature']
2026-02-16 07:00:00;2804.253034652723;5897.072;['wind_speed', 'precipitation', 'temperature']
2026-02-16 08:00:00;3284.781723447843;2816.22675;['wind_speed', 'precipitation', 'temperature']
2026-02-16 09:00:00;3755.5070733202983;3726.25825;['wind_speed', 'precipitation', 'temperature']
2026-02-16 10:00:00;3137.7496016326704;3709.35825;['wind_speed', 'precipitation', 'temperature']
2026-02-16 11:00:00;3251.857643293535;4097.0225;['wind_speed', 'precipitation', 'temperature']
2026-02-16 12:00:00;3311.4543697196714;4383.431500000001;['wind_speed', 'precipitation', 'temperature']
2026-02-16 13:00:00;3529.8393416270324;3789.0565;['wind_speed', 'precipitation', 'temperature']
2026-02-16 14:00:00;3045.144190493157;4607.666;['wind_speed', 'precipitation', 'temperature']
2026-02-16 15:00:00;3279.1543529026026;4367.22325;['wind_speed', 'precipitation', 'temperature']
2026-02-16 16:00:00;2697.7240773830863;3437.96925;['wind_speed', 'precipitation', 'temperature']
2026-02-16 17:00:00;3722.3236093447413;5117.6485;['wind_speed', 'precipitation', 'temperature']
2026-02-16 18:00:00;4051.6694792040053;5031.2195;['wind_speed', 'precipitation', 'temperature']
2026-02-16 19:00:00;3411.386913888018;5013.32925;['wind_speed', 'precipitation', 'temperature']
2026-02-16 20:00:00;3925.9079240700794;3950.84225;['wind_speed', 'precipitation', 'temperature']
2026-02-16 21:00:00;4017.5100564448694;3260.27925;['wind_speed', 'precipitation', 'temperature']
2026-02-16 22:00:00;3085.3988628282113;3727.6415;['wind_speed', 'precipitation', 'temperature']
2026-02-16 23:00:00;3037.4642316561385;2914.66625;['wind_speed', 'precipitation', 'temperature']
2026-02-17 00:00:00;3457.4705431103785;3134.171;['wind_speed', 'precipitation', 'temperature']
2026-02-17 01:00:00;3493.3728214380963;2905.419;['wind_speed', 'precipitation', 'temperature']
2026-02-17 02:00:00;3326.209530078532;3407.01775;['wind_speed', 'precipitation', 'temperature']
2026-02-17 03:00:00;3221.686757713208;2895.731;['wind_speed', 'precipitation', 'temperature']
2026-02-17 04:00:00;3285.2244788163907;3551.5375;['wind_speed', 'precipitation', 'temperature']
2026-02-17 05:00:00;3436.177989528548;3038.49075;['wind_speed', 'precipitation', 'temperature']
2026-02-17 06:00:00;3556.5710548314205;2865.9880000000003;['wind_speed', 'precipitation', 'temperature']
2026-02-17 07:00:00;3577.437357487194;4217.9155;['wind_speed', 'precipitation', 'temperature']
2026-02-17 08:00:00;3645.020296684732;4631.85375;['wind_speed', 'precipitation', 'temperature']
2026-02-17 09:00:00;3617.1162218755776;5666.0205000000005;['wind_speed', 'precipitation', 'temperature']
2026-02-17 10:00:00;3662.593856204574;3033.71925;['wind_speed', 'precipitation', 'temperature']
2026-02-17 11:00:00;3953.470774759404;3668.54275;['wind_speed', 'precipitation', 'temperature']
2026-02-17 12:00:00;3451.7024331529083;3205.1977500000003;['wind_speed', 'precipitation', 'temperature']
2026-02-17 13:00:00;3943.8490673097813;3569.85825;['wind_speed', 'precipitation', 'temperature']
2026-02-17 14:00:00;3608.6997435844887;4546.28325;['wind_speed', 'precipitation', 'temperature']
2026-02-17 15:00:00;3686.141230658021;3355.98275;['wind_speed', 'precipitation', 'temperature']
2026-02-17 16:00:00;3966.109291482295;3155.60275;['wind_speed', 'precipitation', 'temperature']
2026-02-17 17:00:00;4554.641331834491;3948.281;['wind_speed', 'precipitation', 'temperature']
2026-02-17 18:00:00;4624.7137009641265;6586.86025;['wind_speed', 'precipitation', 'temperature']
2026-02-17 19:00:00;3638.7173081241963;2688.89675;['wind_speed', 'precipitation', 'temperature']
2026-02-17 20:00:00;4274.142181649373;4654.51275;['wind_speed', 'precipitation', 'temperature']
2026-02-17 21:00:00;4295.465156733531;3142.6025;['wind_speed', 'precipitation', 'temperature']
2026-02-17 22:00:00;3918.560435893627;2652.804;['wind_speed', 'precipitation', 'temperature']
2026-02-17 23:00:00;3636.6770674510126;2618.7905;['wind_speed', 'precipitation', 'temperature']
2026-02-18 00:00:00;3022.7907371010515;3148.755;['wind_speed', 'precipitation', 'temperature']
2026-02-18 01:00:00;3259.6074188395833;3693.88525;['wind_speed', 'precipitation', 'temperature']
2026-02-18 02:00:00;2657.2064423317206;2656.90925;['wind_speed', 'precipitation', 'temperature']
2026-02-18 03:00:00;2909.5748674813512;2022.2365;['wind_speed', 'precipitation', 'temperature']
2026-02-18 04:00:00;3136.907854304445;2714.6582499999995;['wind_speed', 'precipitation', 'temperature']
2026-02-18 05:00:00;3306.40416521186;3138.4825;['wind_speed', 'precipitation', 'temperature']
2026-02-18 06:00:00;3590.234657248295;3251.8665;['wind_speed', 'precipitation', 'temperature']
2026-02-18 07:00:00;3267.7815025882624;3767.39;['wind_speed', 'precipitation', 'temperature']
2026-02-18 08:00:00;3256.6708998354416;3704.433;['wind_speed', 'precipitation', 'temperature']
2026-02-18 09:00:00;3684.3697348811356;4502.9775;['wind_speed', 'precipitation', 'temperature']
2026-02-18 10:00:00;3850.4987613503527;2839.84175;['wind_speed', 'precipitation', 'temperature']
2026-02-18 11:00:00;3765.3999969063343;3027.432;['wind_speed', 'precipitation', 'temperature']
2026-02-18 12:00:00;3738.8827173219174;3523.302;['wind_speed', 'precipitation', 'temperature']
2026-02-18 13:00:00;3657.3389382175965;3065.7345000000005;['wind_speed', 'precipitation', 'temperature']
2026-02-18 14:00:00;3837.6814748267575;3746.467;['wind_speed', 'precipitation', 'temperature']
2026-02-18 15:00:00;3487.618513849745;3357.258;['wind_speed', 'precipitation', 'temperature']
2026-02-18 16:00:00;3762.763201546034;3739.85675;['wind_speed', 'precipitation', 'temperature']
2026-02-18 17:00:00;5034.402853357775;5383.882;['wind_speed', 'precipitation', 'temperature']
2026-02-18 18:00:00;4157.804907263984;5460.044;['wind_speed', 'precipitation', 'temperature']
2026-02-18 19:00:00;3592.393934862364;3423.06;['wind_speed', 'precipitation', 'temperature']
2026-02-18 20:00:00;3626.433449469989;4988.140666666666;['wind_speed', 'precipitation', 'temperature']
2026-02-18 21:00:00;3647.7719720190835;3943.082;['wind_speed', 'precipitation', 'temperature']
2026-02-18 22:00:00;3826.531144859568;3280.73875;['wind_speed', 'precipitation', 'temperature']
2026-02-18 23:00:00;4190.173053143125;4189.85225;['wind_speed', 'precipitation', 'temperature']
2026-02-19 00:00:00;3807.145331037035;3798.69625;['wind_speed', 'precipitation', 'temperature']
2026-02-19 01:00:00;4108.170935740726;3470.1565;['wind_speed', 'precipitation', 'temperature']
2026-02-19 02:00:00;3605.42982442102;3887.978;['wind_speed', 'precipitation', 'temperature']
2026-02-19 03:00:00;3695.846566302268;3463.55225;['wind_speed', 'precipitation', 'temperature']
2026-02-19 04:00:00;3134.574378388118;3694.54025;['wind_speed', 'precipitation', 'temperature']
2026-02-19 05:00:00;3363.4352299218426;4024.671;['wind_speed', 'precipitation', 'temperature']
2026-02-19 06:00:00;4196.048295054081;3976.81075;['wind_speed', 'precipitation', 'temperature']
2026-02-19 07:00:00;3616.650949436371;4254.63175;['wind_speed', 'precipitation', 'temperature']
2026-02-19 08:00:00;3717.789492158079;5451.65625;['wind_speed', 'precipitation', 'temperature']
2026-02-19 09:00:00;4423.68459248482;4617.72725;['wind_speed', 'precipitation', 'temperature']
2026-02-19 10:00:00;3940.673149708743;4048.07275;['wind_speed', 'precipitation', 'temperature']
2026-02-19 11:00:00;3873.171229905031;4006.33275;['wind_speed', 'precipitation', 'temperature']
2026-02-19 12:00:00;3571.274913533205;2886.07425;['wind_speed', 'precipitation', 'temperature']
2026-02-19 13:00:00;3446.253042277238;3151.84075;['wind_speed', 'precipitation', 'temperature']
2026-02-19 14:00:00;3769.125577979269;2118.81075;['wind_speed', 'precipitation', 'temperature']
2026-02-19 15:00:00;3763.485555436543;2872.442;['wind_speed', 'precipitation', 'temperature']
2026-02-19 16:00:00;3755.9155255586074;3774.00675;['wind_speed', 'precipitation', 'temperature']
2026-02-19 17:00:00;4822.265410174146;5136.79725;['wind_speed', 'precipitation', 'temperature']
2026-02-19 18:00:00;5103.048921436866;5757.4375;['wind_speed', 'precipitation', 'temperature']
2026-02-19 19:00:00;4099.4861485877;2808.28475;['wind_speed', 'precipitation', 'temperature']
2026-02-19 20:00:00;4090.272368361133;4316.30025;['wind_speed', 'precipitation', 'temperature']
2026-02-19 21:00:00;3978.8954854109575;4116.61075;['wind_speed', 'precipitation', 'temperature']
2026-02-19 22:00:00;4013.890375055519;3227.96925;['wind_speed', 'precipitation', 'temperature']
2026-02-19 23:00:00;3755.957713993103;3393.52525;['wind_speed', 'precipitation', 'temperature']
2026-02-20 00:00:00;3516.4344586284774;3867.99625;['wind_speed', 'precipitation', 'temperature']
2026-02-20 01:00:00;3719.207415660197;3100.64225;['wind_speed', 'precipitation', 'temperature']
2026-02-20 02:00:00;3376.484889733817;2828.1715;['wind_speed', 'precipitation', 'temperature']
2026-02-20 03:00:00;3299.2699668373843;4158.9235;['wind_speed', 'precipitation', 'temperature']
2026-02-20 04:00:00;3404.759060268152;3933.11075;['wind_speed', 'precipitation', 'temperature']
2026-02-20 05:00:00;3539.713326152927;3965.08175;['wind_speed', 'precipitation', 'temperature']
2026-02-20 06:00:00;3590.572256818077;3080.9115;['wind_speed', 'precipitation', 'temperature']
2026-02-20 07:00:00;3920.904997172895;4425.24725;['wind_speed', 'precipitation', 'temperature']
2026-02-20 08:00:00;3667.4582770807;5264.822999999999;['wind_speed', 'precipitation', 'temperature']
2026-02-20 09:00:00;3788.4785655828337;3476.0955;['wind_speed', 'precipitation', 'temperature']
2026-02-20 10:00:00;4245.0114788496885;3282.589;['wind_speed', 'precipitation', 'temperature']
2026-02-20 11:00:00;3773.6780671416036;3600.80525;['wind_speed', 'precipitation', 'temperature']
2026-02-20 12:00:00;3601.864848262225;4432.64325;['wind_speed', 'precipitation', 'temperature']
2026-02-20 13:00:00;3612.454695532196;2361.1320000000005;['wind_speed', 'precipitation', 'temperature']
2026-02-20 14:00:00;3736.975249730892;1551.0443333333333;['wind_speed', 'precipitation', 'temperature']
2026-02-20 15:00:00;3561.7124542302263;2872.442;['wind_speed', 'precipitation', 'temperature']
2026-02-20 16:00:00;3825.537991998909;3774.00675;['wind_speed', 'precipitation', 'temperature']
2026-02-20 17:00:00;4525.615150461426;5136.79725;['wind_speed', 'precipitation', 'temperature']
2026-02-20 18:00:00;5228.035723950641;5177.334;['wind_speed', 'precipitation', 'temperature']
2026-02-20 19:00:00;3912.0024265577263;5452.91475;['wind_speed', 'precipitation', 'temperature']
2026-02-20 20:00:00;4400.885554654223;5548.0960000000005;['wind_speed', 'precipitation', 'temperature']
2026-02-20 21:00:00;4038.4998850348497;4351.4605;['wind_speed', 'precipitation', 'temperature']
2026-02-20 22:00:00;3642.6902206409904;4562.4445;['wind_speed', 'precipitation', 'temperature']
2026-02-20 23:00:00;3716.6646576452026;3240.04275;['wind_speed', 'precipitation', 'temperature']
2026-01-20 00:00:00;3424.4133596852207;3324.11425;['pressure', 'precipitation', 'temperature']
2026-01-20 01:00:00;3281.718004947237;3196.69175;['pressure', 'precipitation', 'temperature']
2026-01-20 02:00:00;3189.5189671476087;3564.13325;['pressure', 'precipitation', 'temperature']
2026-01-20 03:00:00;3064.3016970287317;2707.383;['pressure', 'precipitation', 'temperature']
2026-01-20 04:00:00;3311.619241933312;2789.41325;['pressure', 'precipitation', 'temperature']
2026-01-20 05:00:00;3112.4214203573165;2898.3705;['pressure', 'precipitation', 'temperature']
2026-01-20 06:00:00;3220.6986688368925;3033.4665;['pressure', 'precipitation', 'temperature']
2026-01-20 07:00:00;3330.4362715199804;3828.01275;['pressure', 'precipitation', 'temperature']
2026-01-20 08:00:00;3444.3917914715466;3828.861;['pressure', 'precipitation', 'temperature']
2026-01-20 09:00:00;3177.364393638817;3481.7545;['pressure', 'precipitation', 'temperature']
2026-01-20 10:00:00;3244.0854267901595;3349.58575;['pressure', 'precipitation', 'temperature']
2026-01-20 11:00:00;3205.7116590109144;2320.389;['pressure', 'precipitation', 'temperature']
2026-01-20 12:00:00;3424.763997273961;1065.9830000000002;['pressure', 'precipitation', 'temperature']
2026-01-20 13:00:00;3581.0363538065762;2686.33025;['pressure', 'precipitation', 'temperature']
2026-01-20 14:00:00;3364.8615306311917;3281.29675;['pressure', 'precipitation', 'temperature']
2026-01-20 15:00:00;3691.4058918373685;2185.54725;['pressure', 'precipitation', 'temperature']
2026-01-20 16:00:00;3428.376165564454;3583.29175;['pressure', 'precipitation', 'temperature']
2026-01-20 17:00:00;3076.18750448671;5103.80775;['pressure', 'precipitation', 'temperature']
2026-01-20 18:00:00;3312.758662288157;5433.498250000001;['pressure', 'precipitation', 'temperature']
2026-01-20 19:00:00;3657.558459821246;3254.337;['pressure', 'precipitation', 'temperature']
2026-01-20 20:00:00;3635.7420067657695;4163.027;['pressure', 'precipitation', 'temperature']
2026-01-20 21:00:00;3619.099654047506;3972.6565;['pressure', 'precipitation', 'temperature']
2026-01-20 22:00:00;3291.620080411436;3771.60525;['pressure', 'precipitation', 'temperature']
2026-01-20 23:00:00;3157.1653699618755;3864.2335;['pressure', 'precipitation', 'temperature']
2026-01-21 00:00:00;3776.5435245985677;3600.33125;['pressure', 'precipitation', 'temperature']
2026-01-21 01:00:00;3431.0210841330745;3360.08675;['pressure', 'precipitation', 'temperature']
2026-01-21 02:00:00;3460.983417483078;3005.55825;['pressure', 'precipitation', 'temperature']
2026-01-21 03:00:00;3127.091787025365;3117.1915;['pressure', 'precipitation', 'temperature']
2026-01-21 04:00:00;3218.935099601859;3537.741;['pressure', 'precipitation', 'temperature']
2026-01-21 05:00:00;3203.665117252472;3386.89575;['pressure', 'precipitation', 'temperature']
2026-01-21 06:00:00;3361.09335071418;2914.7335;['pressure', 'precipitation', 'temperature']
2026-01-21 07:00:00;3524.985946607907;4593.3165;['pressure', 'precipitation', 'temperature']
2026-01-21 08:00:00;3402.2445964359385;4870.53275;['pressure', 'precipitation', 'temperature']
2026-01-21 09:00:00;3403.6751031081367;2633.8055;['pressure', 'precipitation', 'temperature']
2026-01-21 10:00:00;3441.0732408442664;1883.37975;['pressure', 'precipitation', 'temperature']
2026-01-21 11:00:00;3401.023492643031;1246.6372500000002;['pressure', 'precipitation', 'temperature']
2026-01-21 12:00:00;3072.2926429848653;3255.17325;['pressure', 'precipitation', 'temperature']
2026-01-21 13:00:00;3490.8080176297126;3642.69175;['pressure', 'precipitation', 'temperature']
2026-01-21 14:00:00;3466.1874778175766;3443.1165;['pressure', 'precipitation', 'temperature']
2026-01-21 15:00:00;3438.6130447842825;2767.1085000000003;['pressure', 'precipitation', 'temperature']
2026-01-21 16:00:00;3842.361761392088;2878.73225;['pressure', 'precipitation', 'temperature']
2026-01-21 17:00:00;3665.8923432345;5212.20875;['pressure', 'precipitation', 'temperature']
2026-01-21 18:00:00;4054.7017919439886;5884.1085;['pressure', 'precipitation', 'temperature']
2026-01-21 19:00:00;3401.179898976968;5043.75125;['pressure', 'precipitation', 'temperature']
2026-01-21 20:00:00;3797.414480999691;4514.99425;['pressure', 'precipitation', 'temperature']
2026-01-21 21:00:00;3852.819496979037;3905.21425;['pressure', 'precipitation', 'temperature']
2026-01-21 22:00:00;3740.6092883996457;4084.417;['pressure', 'precipitation', 'temperature']
2026-01-21 23:00:00;3588.1241738458884;3505.25175;['pressure', 'precipitation', 'temperature']
2026-01-22 00:00:00;3841.0907371012127;4382.88325;['pressure', 'precipitation', 'temperature']
2026-01-22 01:00:00;3698.4628068007746;3667.35;['pressure', 'precipitation', 'temperature']
2026-01-22 02:00:00;3494.236363738257;3949.475;['pressure', 'precipitation', 'temperature']
2026-01-22 03:00:00;3376.1681110881977;3619.1745;['pressure', 'precipitation', 'temperature']
2026-01-22 04:00:00;3796.725367173022;3195.02325;['pressure', 'precipitation', 'temperature']
2026-01-22 05:00:00;3505.8326508620817;3207.64475;['pressure', 'precipitation', 'temperature']
2026-01-22 06:00:00;3470.06347409886;3834.892;['pressure', 'precipitation', 'temperature']
2026-01-22 07:00:00;3982.267726230041;3332.436;['pressure', 'precipitation', 'temperature']
2026-01-22 08:00:00;4174.769860410327;4101.32475;['pressure', 'precipitation', 'temperature']
2026-01-22 09:00:00;3237.829828712971;2792.25975;['pressure', 'precipitation', 'temperature']
2026-01-22 10:00:00;2968.8243516485654;3343.5355;['pressure', 'precipitation', 'temperature']
2026-01-22 11:00:00;3369.2059678946284;1024.81275;['pressure', 'precipitation', 'temperature']
2026-01-22 12:00:00;3250.608071932349;2345.626;['pressure', 'precipitation', 'temperature']
2026-01-22 13:00:00;3606.5557676239187;4000.7015;['pressure', 'precipitation', 'temperature']
2026-01-22 14:00:00;3759.4322023334935;3066.969;['pressure', 'precipitation', 'temperature']
2026-01-22 15:00:00;3519.16303799883;2576.49325;['pressure', 'precipitation', 'temperature']
2026-01-22 16:00:00;3790.5292286339836;4892.4605;['pressure', 'precipitation', 'temperature']
2026-01-22 17:00:00;3986.5167726963537;4693.0;['pressure', 'precipitation', 'temperature']
2026-01-22 18:00:00;4776.3409541237825;5675.33575;['pressure', 'precipitation', 'temperature']
2026-01-22 19:00:00;5199.5988262394985;5423.83425;['pressure', 'precipitation', 'temperature']
2026-01-22 20:00:00;4300.9398108828245;5436.4;['pressure', 'precipitation', 'temperature']
2026-01-22 21:00:00;4067.0132743066733;3945.58875;['pressure', 'precipitation', 'temperature']
2026-01-22 22:00:00;4111.3367251507625;3972.6965;['pressure', 'precipitation', 'temperature']
2026-01-22 23:00:00;3660.40211279958;2663.9855;['pressure', 'precipitation', 'temperature']
2026-01-23 00:00:00;3684.7165062857193;3361.307;['pressure', 'precipitation', 'temperature']
2026-01-23 01:00:00;3681.192842661998;3379.777;['pressure', 'precipitation', 'temperature']
2026-01-23 02:00:00;3773.975366101538;3830.91175;['pressure', 'precipitation', 'temperature']
2026-01-23 03:00:00;3505.250590131523;3616.4825;['pressure', 'precipitation', 'temperature']
2026-01-23 04:00:00;3591.497114062827;3049.29125;['pressure', 'precipitation', 'temperature']
2026-01-23 05:00:00;3426.8335880379013;3813.81625;['pressure', 'precipitation', 'temperature']
2026-01-23 06:00:00;3687.382681140193;2841.50725;['pressure', 'precipitation', 'temperature']
2026-01-23 07:00:00;3771.4250459578534;3103.87025;['pressure', 'precipitation', 'temperature']
2026-01-23 08:00:00;4051.646738931411;769.03125;['pressure', 'precipitation', 'temperature']
2026-01-23 09:00:00;3097.246495159822;1197.06775;['pressure', 'precipitation', 'temperature']
2026-01-23 10:00:00;3256.1639434475637;2176.22575;['pressure', 'precipitation', 'temperature']
2026-01-23 11:00:00;2573.8593592071024;2017.9665;['pressure', 'precipitation', 'temperature']
2026-01-23 12:00:00;2830.3996474964706;3823.25725;['pressure', 'precipitation', 'temperature']
2026-01-23 13:00:00;3767.798538931874;2267.88875;['pressure', 'precipitation', 'temperature']
2026-01-23 14:00:00;3579.657941182641;3227.23325;['pressure', 'precipitation', 'temperature']
2026-01-23 15:00:00;3180.489812501698;2640.10975;['pressure', 'precipitation', 'temperature']
2026-01-23 16:00:00;4662.719987707947;4200.918250000001;['pressure', 'precipitation', 'temperature']
2026-01-23 17:00:00;4755.820464265478;4261.9315;['pressure', 'precipitation', 'temperature']
2026-01-23 18:00:00;4402.010002503959;3950.993750000001;['pressure', 'precipitation', 'temperature']
2026-01-23 19:00:00;3688.824842412344;3119.8;['pressure', 'precipitation', 'temperature']
2026-01-23 20:00:00;4066.359658218302;3737.94975;['pressure', 'precipitation', 'temperature']
2026-01-23 21:00:00;4334.822566088971;3837.417;['pressure', 'precipitation', 'temperature']
2026-01-23 22:00:00;4364.732278831221;3223.48975;['pressure', 'precipitation', 'temperature']
2026-01-23 23:00:00;3549.406668873511;2826.59125;['pressure', 'precipitation', 'temperature']
2026-01-24 00:00:00;3382.486909435874;2617.28325;['pressure', 'precipitation', 'temperature']
2026-01-24 01:00:00;3165.341992375487;3046.392;['pressure', 'precipitation', 'temperature']
2026-01-24 02:00:00;3323.0049297660917;3411.9126666666666;['pressure', 'precipitation', 'temperature']
2026-01-24 03:00:00;2929.9173537663346;2343.45825;['pressure', 'precipitation', 'temperature']
2026-01-24 04:00:00;3000.8885974570617;2843.999;['pressure', 'precipitation', 'temperature']
2026-01-24 05:00:00;3150.758529619187;2873.38325;['pressure', 'precipitation', 'temperature']
2026-01-24 06:00:00;2788.1016256739836;2907.02775;['pressure', 'precipitation', 'temperature']
2026-01-24 07:00:00;3131.35645080292;2334.60825;['pressure', 'precipitation', 'temperature']
2026-01-24 08:00:00;2958.7272624406814;2823.44275;['pressure', 'precipitation', 'temperature']
2026-01-24 09:00:00;1873.5824965019676;2442.53925;['pressure', 'precipitation', 'temperature']
2026-01-24 10:00:00;2397.5262724624877;2516.7375;['pressure', 'precipitation', 'temperature']
2026-01-24 11:00:00;2192.787876143763;3611.406;['pressure', 'precipitation', 'temperature']
2026-01-24 12:00:00;2865.005727369337;4243.43825;['pressure', 'precipitation', 'temperature']
2026-01-24 13:00:00;2514.2575772282953;2192.474;['pressure', 'precipitation', 'temperature']
2026-01-24 14:00:00;2979.314406202849;3156.505;['pressure', 'precipitation', 'temperature']
2026-01-24 15:00:00;2784.782144150333;2829.875;['pressure', 'precipitation', 'temperature']
2026-01-24 16:00:00;3751.1793651040634;4099.4695;['pressure', 'precipitation', 'temperature']
2026-01-24 17:00:00;4009.6311485367264;5198.8237500000005;['pressure', 'precipitation', 'temperature']
2026-01-24 18:00:00;4386.1759072289915;4884.75125;['pressure', 'precipitation', 'temperature']
2026-01-24 19:00:00;3437.7057349665483;2075.6825;['pressure', 'precipitation', 'temperature']
2026-01-24 20:00:00;3759.80161162229;4323.9585;['pressure', 'precipitation', 'temperature']
2026-01-24 21:00:00;3582.8059396958047;3607.17925;['pressure', 'precipitation', 'temperature']
2026-01-24 22:00:00;3429.801543130455;3738.1285;['pressure', 'precipitation', 'temperature']
2026-01-24 23:00:00;2777.3624136611793;3432.4435;['pressure', 'precipitation', 'temperature']
2026-01-25 00:00:00;3290.0803595952025;3474.86325;['pressure', 'precipitation', 'temperature']
2026-01-25 01:00:00;3218.492856485831;3669.751;['pressure', 'precipitation', 'temperature']
2026-01-25 02:00:00;3400.5968324861574;4048.164;['pressure', 'precipitation', 'temperature']
2026-01-25 03:00:00;2834.8661680310965;2848.222;['pressure', 'precipitation', 'temperature']
2026-01-25 04:00:00;3065.7429543224384;2863.81;['pressure', 'precipitation', 'temperature']
2026-01-25 05:00:00;2993.2776739499855;3194.791;['pressure', 'precipitation', 'temperature']
2026-01-25 06:00:00;3027.343301133445;3292.455;['pressure', 'precipitation', 'temperature']
2026-01-25 07:00:00;2936.0038231094572;2925.93075;['pressure', 'precipitation', 'temperature']
2026-01-25 08:00:00;3259.625782928342;2567.88425;['pressure', 'precipitation', 'temperature']
2026-01-25 09:00:00;2714.5731656608327;2779.9095;['pressure', 'precipitation', 'temperature']
2026-01-25 10:00:00;2669.5333087579497;4691.433;['pressure', 'precipitation', 'temperature']
2026-01-25 11:00:00;2995.892691093479;4666.953;['pressure', 'precipitation', 'temperature']
2026-01-25 12:00:00;3496.8937797756253;4243.43825;['pressure', 'precipitation', 'temperature']
2026-01-25 13:00:00;2684.8145013630838;2192.474;['pressure', 'precipitation', 'temperature']
2026-01-25 14:00:00;3194.1252640141356;3354.488666666666;['pressure', 'precipitation', 'temperature']
2026-01-25 15:00:00;3136.6331722629975;2592.30825;['pressure', 'precipitation', 'temperature']
2026-01-25 16:00:00;3757.200072193545;2440.2725;['pressure', 'precipitation', 'temperature']
2026-01-25 17:00:00;4247.4041864543815;4202.912;['pressure', 'precipitation', 'temperature']
2026-01-25 18:00:00;4556.454025594348;1737.12275;['pressure', 'precipitation', 'temperature']
2026-01-25 19:00:00;3385.725716391173;958.94425;['pressure', 'precipitation', 'temperature']
2026-01-25 20:00:00;4029.8630088915634;3723.2195;['pressure', 'precipitation', 'temperature']
2026-01-25 21:00:00;3568.9594584314127;2804.4895;['pressure', 'precipitation', 'temperature']
2026-01-25 22:00:00;3711.2605787690404;3094.9155;['pressure', 'precipitation', 'temperature']
2026-01-25 23:00:00;3162.6436043464555;2390.568;['pressure', 'precipitation', 'temperature']
2026-01-26 00:00:00;2725.999870478716;3275.88325;['pressure', 'precipitation', 'temperature']
2026-01-26 01:00:00;3069.494118633754;2851.27575;['pressure', 'precipitation', 'temperature']
2026-01-26 02:00:00;3323.963220600263;2314.45425;['pressure', 'precipitation', 'temperature']
2026-01-26 03:00:00;2571.766244893699;2804.119;['pressure', 'precipitation', 'temperature']
2026-01-26 04:00:00;4191.149504223851;1930.60775;['pressure', 'precipitation', 'temperature']
2026-01-26 05:00:00;4262.715177321068;2723.21625;['pressure', 'precipitation', 'temperature']
2026-01-26 06:00:00;2868.0039876850283;2888.58725;['pressure', 'precipitation', 'temperature']
2026-01-26 07:00:00;2788.880423078145;2713.859;['pressure', 'precipitation', 'temperature']
2026-01-26 08:00:00;2497.6773075463166;4417.67925;['pressure', 'precipitation', 'temperature']
2026-01-26 09:00:00;2464.2079101332915;3356.1275;['pressure', 'precipitation', 'temperature']
2026-01-26 10:00:00;3471.916853310052;3438.948;['pressure', 'precipitation', 'temperature']
2026-01-26 11:00:00;3373.904484414528;3563.75175;['pressure', 'precipitation', 'temperature']
2026-01-26 12:00:00;3410.135165193771;2427.02325;['pressure', 'precipitation', 'temperature']
2026-01-26 13:00:00;2229.3585740450553;2582.1835;['pressure', 'precipitation', 'temperature']
2026-01-26 14:00:00;2981.4635479157805;2928.6145;['pressure', 'precipitation', 'temperature']
2026-01-26 15:00:00;2590.114825484741;3789.735;['pressure', 'precipitation', 'temperature']
2026-01-26 16:00:00;2784.032705359755;4572.9445;['pressure', 'precipitation', 'temperature']
2026-01-26 17:00:00;3462.1858502827718;5266.107;['pressure', 'precipitation', 'temperature']
2026-01-26 18:00:00;2904.7509893215274;4283.08325;['pressure', 'precipitation', 'temperature']
2026-01-26 19:00:00;1856.7375347379448;2424.01675;['pressure', 'precipitation', 'temperature']
2026-01-26 20:00:00;3322.9044677896904;4279.203;['pressure', 'precipitation', 'temperature']
2026-01-26 21:00:00;2990.603896505201;3742.166;['pressure', 'precipitation', 'temperature']
2026-01-26 22:00:00;3114.5239458594797;4314.9745;['pressure', 'precipitation', 'temperature']
2026-01-26 23:00:00;2372.551779886883;2969.2475;['pressure', 'precipitation', 'temperature']
2026-01-27 00:00:00;3445.4807703688257;2830.22625;['pressure', 'precipitation', 'temperature']
2026-01-27 01:00:00;3219.812942196497;2744.937;['pressure', 'precipitation', 'temperature']
2026-01-27 02:00:00;3337.5549268183568;3257.3167500000004;['pressure', 'precipitation', 'temperature']
2026-01-27 03:00:00;2970.005308022362;2912.7870000000003;['pressure', 'precipitation', 'temperature']
2026-01-27 04:00:00;3076.5933415654335;2666.22525;['pressure', 'precipitation', 'temperature']
2026-01-27 05:00:00;3039.8841844486496;2944.02975;['pressure', 'precipitation', 'temperature']
2026-01-27 06:00:00;3130.5677688447195;3157.67;['pressure', 'precipitation', 'temperature']
2026-01-27 07:00:00;3099.4749458280644;4838.0755;['pressure', 'precipitation', 'temperature']
2026-01-27 08:00:00;3680.357472631541;4393.29025;['pressure', 'precipitation', 'temperature']
2026-01-27 09:00:00;3050.778054936423;5051.76225;['pressure', 'precipitation', 'temperature']
2026-01-27 10:00:00;3318.256413905083;2729.127;['pressure', 'precipitation', 'temperature']
2026-01-27 11:00:00;3350.0141277966763;5356.0235;['pressure', 'precipitation', 'temperature']
2026-01-27 12:00:00;3227.083080558047;4141.3775000000005;['pressure', 'precipitation', 'temperature']
2026-01-27 13:00:00;2723.33640245466;5016.7125;['pressure', 'precipitation', 'temperature']
2026-01-27 14:00:00;3332.2250226007563;4572.88175;['pressure', 'precipitation', 'temperature']
2026-01-27 15:00:00;3428.2696592380917;5905.1945;['pressure', 'precipitation', 'temperature']
2026-01-27 16:00:00;4147.7529373716425;3749.44675;['pressure', 'precipitation', 'temperature']
2026-01-27 17:00:00;4392.279616699668;4949.617;['pressure', 'precipitation', 'temperature']
2026-01-27 18:00:00;4407.228854877919;4155.69975;['pressure', 'precipitation', 'temperature']
2026-01-27 19:00:00;2872.734964426528;2501.7875;['pressure', 'precipitation', 'temperature']
2026-01-27 20:00:00;4245.7906576405;4555.15975;['pressure', 'precipitation', 'temperature']
2026-01-27 21:00:00;3833.0710524492115;4213.807;['pressure', 'precipitation', 'temperature']
2026-01-27 22:00:00;4065.015387996349;3972.591;['pressure', 'precipitation', 'temperature']
2026-01-27 23:00:00;3138.216278843878;2477.69175;['pressure', 'precipitation', 'temperature']
2026-01-28 00:00:00;3116.6949801914425;2930.86175;['pressure', 'precipitation', 'temperature']
2026-01-28 01:00:00;3434.1439281009825;2799.0625;['pressure', 'precipitation', 'temperature']
2026-01-28 02:00:00;3608.7295796356993;2599.72025;['pressure', 'precipitation', 'temperature']
2026-01-28 03:00:00;3312.999779591558;2659.1175000000003;['pressure', 'precipitation', 'temperature']
2026-01-28 04:00:00;3334.0393837713605;2997.5885;['pressure', 'precipitation', 'temperature']
2026-01-28 05:00:00;3390.3069552464667;3240.1315;['pressure', 'precipitation', 'temperature']
2026-01-28 06:00:00;3511.2305211641524;3348.08375;['pressure', 'precipitation', 'temperature']
2026-01-28 07:00:00;4236.121728359658;2768.882;['pressure', 'precipitation', 'temperature']
2026-01-28 08:00:00;3882.7051572296978;3758.438;['pressure', 'precipitation', 'temperature']
2026-01-28 09:00:00;4264.006136103053;4153.29825;['pressure', 'precipitation', 'temperature']
2026-01-28 10:00:00;3421.8447526674154;3485.40875;['pressure', 'precipitation', 'temperature']
2026-01-28 11:00:00;3896.565706833818;2457.739;['pressure', 'precipitation', 'temperature']
2026-01-28 12:00:00;3872.052924361833;2199.971;['pressure', 'precipitation', 'temperature']
2026-01-28 13:00:00;4262.7495620131085;2714.47975;['pressure', 'precipitation', 'temperature']
2026-01-28 14:00:00;4106.87968153712;2314.87675;['pressure', 'precipitation', 'temperature']
2026-01-28 15:00:00;3948.9541876816684;2226.03375;['pressure', 'precipitation', 'temperature']
2026-01-28 16:00:00;4145.209405834734;2161.29975;['pressure', 'precipitation', 'temperature']
2026-01-28 17:00:00;4658.166511458633;4241.76125;['pressure', 'precipitation', 'temperature']
2026-01-28 18:00:00;4370.3745641588785;4462.1295;['pressure', 'precipitation', 'temperature']
2026-01-28 19:00:00;3524.8515689908195;3273.2575;['pressure', 'precipitation', 'temperature']
2026-01-28 20:00:00;4587.909179358201;4066.16375;['pressure', 'precipitation', 'temperature']
2026-01-28 21:00:00;4207.774625608806;3350.293;['pressure', 'precipitation', 'temperature']
2026-01-28 22:00:00;4136.065652273625;3015.4385;['pressure', 'precipitation', 'temperature']
2026-01-28 23:00:00;3428.787059599817;2959.08775;['pressure', 'precipitation', 'temperature']
2026-01-29 00:00:00;3088.926248801971;3130.11525;['pressure', 'precipitation', 'temperature']
2026-01-29 01:00:00;2882.447052206402;2990.9015;['pressure', 'precipitation', 'temperature']
2026-01-29 02:00:00;3101.0145633555644;3271.22725;['pressure', 'precipitation', 'temperature']
2026-01-29 03:00:00;3002.240038640339;3629.855;['pressure', 'precipitation', 'temperature']
2026-01-29 04:00:00;2766.943674052186;2829.71625;['pressure', 'precipitation', 'temperature']
2026-01-29 05:00:00;2922.937535361193;3074.8425;['pressure', 'precipitation', 'temperature']
2026-01-29 06:00:00;3010.363078213357;2983.11375;['pressure', 'precipitation', 'temperature']
2026-01-29 07:00:00;2760.674684259596;2818.86525;['pressure', 'precipitation', 'temperature']
2026-01-29 08:00:00;3341.418629712687;2361.08125;['pressure', 'precipitation', 'temperature']
2026-01-29 09:00:00;3361.7182299764027;3292.206;['pressure', 'precipitation', 'temperature']
2026-01-29 10:00:00;3046.5632749167326;3860.7405;['pressure', 'precipitation', 'temperature']
2026-01-29 11:00:00;2653.284829490727;4322.213;['pressure', 'precipitation', 'temperature']
2026-01-29 12:00:00;2917.017383324597;3233.9055;['pressure', 'precipitation', 'temperature']
2026-01-29 13:00:00;2658.631808644678;3161.515;['pressure', 'precipitation', 'temperature']
2026-01-29 14:00:00;2865.0136706505045;3518.00425;['pressure', 'precipitation', 'temperature']
2026-01-29 15:00:00;2617.085091285939;3397.26675;['pressure', 'precipitation', 'temperature']
2026-01-29 16:00:00;3108.9127914301225;3804.59875;['pressure', 'precipitation', 'temperature']
2026-01-29 17:00:00;4286.130129739832;3048.346;['pressure', 'precipitation', 'temperature']
2026-01-29 18:00:00;4143.869614485272;3831.81075;['pressure', 'precipitation', 'temperature']
2026-01-29 19:00:00;3021.2272630372345;4592.51725;['pressure', 'precipitation', 'temperature']
2026-01-29 20:00:00;3911.2241470540716;3198.797;['pressure', 'precipitation', 'temperature']
2026-01-29 21:00:00;3480.4267859105894;3905.9085;['pressure', 'precipitation', 'temperature']
2026-01-29 22:00:00;3463.1959029314685;2584.36575;['pressure', 'precipitation', 'temperature']
2026-01-29 23:00:00;2793.211488698149;2977.50875;['pressure', 'precipitation', 'temperature']
2026-01-30 00:00:00;3207.5142970884226;2930.24125;['pressure', 'precipitation', 'temperature']
2026-01-30 01:00:00;3118.238564602499;3045.52575;['pressure', 'precipitation', 'temperature']
2026-01-30 02:00:00;3264.1712666539347;3382.778;['pressure', 'precipitation', 'temperature']
2026-01-30 03:00:00;3166.569204250235;2108.5750000000003;['pressure', 'precipitation', 'temperature']
2026-01-30 04:00:00;3001.0582779215288;2711.36825;['pressure', 'precipitation', 'temperature']
2026-01-30 05:00:00;3048.1044759835545;2823.3405;['pressure', 'precipitation', 'temperature']
2026-01-30 06:00:00;3138.2360000682875;2810.056;['pressure', 'precipitation', 'temperature']
2026-01-30 07:00:00;3109.409175708815;2569.47575;['pressure', 'precipitation', 'temperature']
2026-01-30 08:00:00;3001.0977284979217;3011.00925;['pressure', 'precipitation', 'temperature']
2026-01-30 09:00:00;3112.9493545336636;3970.83225;['pressure', 'precipitation', 'temperature']
2026-01-30 10:00:00;3350.110791530344;4316.86625;['pressure', 'precipitation', 'temperature']
2026-01-30 11:00:00;3550.403256898994;3255.9585;['pressure', 'precipitation', 'temperature']
2026-01-30 12:00:00;3137.04566370381;3856.16275;['pressure', 'precipitation', 'temperature']
2026-01-30 13:00:00;3133.623615013399;5804.923;['pressure', 'precipitation', 'temperature']
2026-01-30 14:00:00;3462.736295144587;3518.00425;['pressure', 'precipitation', 'temperature']
2026-01-30 15:00:00;3327.5558144494166;3397.26675;['pressure', 'precipitation', 'temperature']
2026-01-30 16:00:00;3658.12926137514;2872.316;['pressure', 'precipitation', 'temperature']
2026-01-30 17:00:00;3421.8523447762327;4624.5915;['pressure', 'precipitation', 'temperature']
2026-01-30 18:00:00;3876.553448420637;3331.67425;['pressure', 'precipitation', 'temperature']
2026-01-30 19:00:00;3798.871166898486;2540.943;['pressure', 'precipitation', 'temperature']
2026-01-30 20:00:00;3568.8748692495296;3665.77125;['pressure', 'precipitation', 'temperature']
2026-01-30 21:00:00;3723.2454408346916;2802.63575;['pressure', 'precipitation', 'temperature']
2026-01-30 22:00:00;3406.080867012179;3011.39175;['pressure', 'precipitation', 'temperature']
2026-01-30 23:00:00;3012.707669279518;2593.54575;['pressure', 'precipitation', 'temperature']
2026-01-31 00:00:00;2999.727531901276;3173.0025;['pressure', 'precipitation', 'temperature']
2026-01-31 01:00:00;3026.648768260205;3842.7335;['pressure', 'precipitation', 'temperature']
2026-01-31 02:00:00;3185.295780873356;3099.48925;['pressure', 'precipitation', 'temperature']
2026-01-31 03:00:00;2642.3196159831627;3333.14125;['pressure', 'precipitation', 'temperature']
2026-01-31 04:00:00;3033.2646934888676;2831.7290000000003;['pressure', 'precipitation', 'temperature']
2026-01-31 05:00:00;2941.776333473503;2721.9165000000003;['pressure', 'precipitation', 'temperature']
2026-01-31 06:00:00;3002.5563520235182;3373.83025;['pressure', 'precipitation', 'temperature']
2026-01-31 07:00:00;2919.70045526872;3361.293;['pressure', 'precipitation', 'temperature']
2026-01-31 08:00:00;3113.6879650901924;3424.02625;['pressure', 'precipitation', 'temperature']
2026-01-31 09:00:00;3520.594340565648;3892.46575;['pressure', 'precipitation', 'temperature']
2026-01-31 10:00:00;3622.8834410429045;4093.56525;['pressure', 'precipitation', 'temperature']
2026-01-31 11:00:00;3033.0142560288054;3468.38725;['pressure', 'precipitation', 'temperature']
2026-01-31 12:00:00;3259.237928321917;3645.032;['pressure', 'precipitation', 'temperature']
2026-01-31 13:00:00;3889.8444298275363;3006.9835;['pressure', 'precipitation', 'temperature']
2026-01-31 14:00:00;3363.4261403856112;3079.298;['pressure', 'precipitation', 'temperature']
2026-01-31 15:00:00;3292.28522625357;3843.243;['pressure', 'precipitation', 'temperature']
2026-01-31 16:00:00;3319.766368707426;2761.37025;['pressure', 'precipitation', 'temperature']
2026-01-31 17:00:00;4182.485397342338;2594.62925;['pressure', 'precipitation', 'temperature']
2026-01-31 18:00:00;3816.1320434844574;5439.38975;['pressure', 'precipitation', 'temperature']
2026-01-31 19:00:00;3142.465185143719;4224.091;['pressure', 'precipitation', 'temperature']
2026-01-31 20:00:00;3748.520966280033;3178.35475;['pressure', 'precipitation', 'temperature']
2026-01-31 21:00:00;3348.0375471992447;4102.47225;['pressure', 'precipitation', 'temperature']
2026-01-31 22:00:00;3353.6224871081185;4452.82625;['pressure', 'precipitation', 'temperature']
2026-01-31 23:00:00;2908.5513400568566;1587.8345;['pressure', 'precipitation', 'temperature']
2026-02-01 00:00:00;2821.589068660184;1227.2925;['pressure', 'precipitation', 'temperature']
2026-02-01 01:00:00;3111.9914023417905;986.55825;['pressure', 'precipitation', 'temperature']
2026-02-01 02:00:00;3189.430351253227;523.318;['pressure', 'precipitation', 'temperature']
2026-02-01 03:00:00;3017.3273443877692;419.4962499999999;['pressure', 'precipitation', 'temperature']
2026-02-01 04:00:00;3013.6113317237127;809.1597499999999;['pressure', 'precipitation', 'temperature']
2026-02-01 05:00:00;2932.3689607523097;879.83475;['pressure', 'precipitation', 'temperature']
2026-02-01 06:00:00;3196.910330250458;644.55125;['pressure', 'precipitation', 'temperature']
2026-02-01 07:00:00;3215.9136481571395;2779.7565000000004;['pressure', 'precipitation', 'temperature']
2026-02-01 08:00:00;3459.020518295618;4242.7392500000005;['pressure', 'precipitation', 'temperature']
2026-02-01 09:00:00;3606.743331058957;4539.58225;['pressure', 'precipitation', 'temperature']
2026-02-01 10:00:00;3473.2762684284567;3902.5285;['pressure', 'precipitation', 'temperature']
2026-02-01 11:00:00;3191.998904524338;3690.70825;['pressure', 'precipitation', 'temperature']
2026-02-01 12:00:00;3175.590158432153;3770.9095;['pressure', 'precipitation', 'temperature']
2026-02-01 13:00:00;3331.3584483639556;3929.826;['pressure', 'precipitation', 'temperature']
2026-02-01 14:00:00;3308.039402512541;2997.2215;['pressure', 'precipitation', 'temperature']
2026-02-01 15:00:00;3699.6633057389295;3139.48325;['pressure', 'precipitation', 'temperature']
2026-02-01 16:00:00;3307.3644403718886;4010.29575;['pressure', 'precipitation', 'temperature']
2026-02-01 17:00:00;3314.817720715547;3188.33075;['pressure', 'precipitation', 'temperature']
2026-02-01 18:00:00;4250.727767997467;4498.370000000001;['pressure', 'precipitation', 'temperature']
2026-02-01 19:00:00;3454.420391772144;5959.908;['pressure', 'precipitation', 'temperature']
2026-02-01 20:00:00;3751.258161979027;2655.0615;['pressure', 'precipitation', 'temperature']
2026-02-01 21:00:00;3912.8868279080993;4070.45725;['pressure', 'precipitation', 'temperature']
2026-02-01 22:00:00;4001.773761361019;3704.6875;['pressure', 'precipitation', 'temperature']
2026-02-01 23:00:00;2577.448193609398;4307.6215;['pressure', 'precipitation', 'temperature']
2026-02-02 00:00:00;3381.1129101611773;4194.2355;['pressure', 'precipitation', 'temperature']
2026-02-02 01:00:00;3196.788856843824;3838.329;['pressure', 'precipitation', 'temperature']
2026-02-02 02:00:00;3104.2802761816306;3883.407;['pressure', 'precipitation', 'temperature']
2026-02-02 03:00:00;2594.245239287546;2908.932;['pressure', 'precipitation', 'temperature']
2026-02-02 04:00:00;2796.1245983469967;3679.78875;['pressure', 'precipitation', 'temperature']
2026-02-02 05:00:00;2585.967339115022;2860.6365;['pressure', 'precipitation', 'temperature']
2026-02-02 06:00:00;2664.726357964889;3718.30325;['pressure', 'precipitation', 'temperature']
2026-02-02 07:00:00;3102.400433922536;4196.75575;['pressure', 'precipitation', 'temperature']
2026-02-02 08:00:00;3452.790879295808;3431.86475;['pressure', 'precipitation', 'temperature']
2026-02-02 09:00:00;3558.107683497858;3188.44575;['pressure', 'precipitation', 'temperature']
2026-02-02 10:00:00;3355.597215806327;3551.37525;['pressure', 'precipitation', 'temperature']
2026-02-02 11:00:00;3266.427736459804;3092.7580000000003;['pressure', 'precipitation', 'temperature']
2026-02-02 12:00:00;3377.8144310198186;2944.382;['pressure', 'precipitation', 'temperature']
2026-02-02 13:00:00;3433.1861142742955;3419.67125;['pressure', 'precipitation', 'temperature']
2026-02-02 14:00:00;3240.032700002902;2483.34625;['pressure', 'precipitation', 'temperature']
2026-02-02 15:00:00;3180.5633948938043;3997.7985;['pressure', 'precipitation', 'temperature']
2026-02-02 16:00:00;3522.4864583332183;3957.9355;['pressure', 'precipitation', 'temperature']
2026-02-02 17:00:00;3823.398296364785;6156.93275;['pressure', 'precipitation', 'temperature']
2026-02-02 18:00:00;4009.098354280165;5374.7855;['pressure', 'precipitation', 'temperature']
2026-02-02 19:00:00;4564.652938456725;4602.8735;['pressure', 'precipitation', 'temperature']
2026-02-02 20:00:00;3432.821040750856;4762.261;['pressure', 'precipitation', 'temperature']
2026-02-02 21:00:00;3734.4470843905387;2763.79025;['pressure', 'precipitation', 'temperature']
2026-02-02 22:00:00;3399.162440181034;3169.481;['pressure', 'precipitation', 'temperature']
2026-02-02 23:00:00;3064.5914443399843;2885.26125;['pressure', 'precipitation', 'temperature']
2026-02-03 00:00:00;3018.1804551057944;3208.07325;['pressure', 'precipitation', 'temperature']
2026-02-03 01:00:00;2807.173430181786;2903.31075;['pressure', 'precipitation', 'temperature']
2026-02-03 02:00:00;3208.526211315696;2636.27025;['pressure', 'precipitation', 'temperature']
2026-02-03 03:00:00;2770.167439331898;3501.708;['pressure', 'precipitation', 'temperature']
2026-02-03 04:00:00;3103.5781063998697;3136.13775;['pressure', 'precipitation', 'temperature']
2026-02-03 05:00:00;2820.4629381997956;3059.192;['pressure', 'precipitation', 'temperature']
2026-02-03 06:00:00;3204.956891078524;3381.67525;['pressure', 'precipitation', 'temperature']
2026-02-03 07:00:00;3309.724417409529;2936.9875;['pressure', 'precipitation', 'temperature']
2026-02-03 08:00:00;3393.223474396299;2881.34175;['pressure', 'precipitation', 'temperature']
2026-02-03 09:00:00;3533.929517265182;3689.56575;['pressure', 'precipitation', 'temperature']
2026-02-03 10:00:00;3615.675439003461;4700.9365;['pressure', 'precipitation', 'temperature']
2026-02-03 11:00:00;3372.9964559991954;4837.66625;['pressure', 'precipitation', 'temperature']
2026-02-03 12:00:00;3131.2646097290435;3223.52525;['pressure', 'precipitation', 'temperature']
2026-02-03 13:00:00;3500.345925679744;3071.254;['pressure', 'precipitation', 'temperature']
2026-02-03 14:00:00;3183.6711752228107;4405.00475;['pressure', 'precipitation', 'temperature']
2026-02-03 15:00:00;3397.0910075354395;3237.20825;['pressure', 'precipitation', 'temperature']
2026-02-03 16:00:00;3260.729783361939;4089.68875;['pressure', 'precipitation', 'temperature']
2026-02-03 17:00:00;4335.24052016166;5304.03325;['pressure', 'precipitation', 'temperature']
2026-02-03 18:00:00;4356.87477368105;5559.15675;['pressure', 'precipitation', 'temperature']
2026-02-03 19:00:00;4536.867904786958;3708.947;['pressure', 'precipitation', 'temperature']
2026-02-03 20:00:00;3909.030015534673;3665.57175;['pressure', 'precipitation', 'temperature']
2026-02-03 21:00:00;3572.909785053405;3451.28325;['pressure', 'precipitation', 'temperature']
2026-02-03 22:00:00;3570.169337376433;3417.2;['pressure', 'precipitation', 'temperature']
2026-02-03 23:00:00;3157.5640223120186;4015.31775;['pressure', 'precipitation', 'temperature']
2026-02-04 00:00:00;3609.0775608274494;3004.00075;['pressure', 'precipitation', 'temperature']
2026-02-04 01:00:00;3512.133409647447;3396.32175;['pressure', 'precipitation', 'temperature']
2026-02-04 02:00:00;3361.7076182025708;3114.4585;['pressure', 'precipitation', 'temperature']
2026-02-04 03:00:00;3448.0553151533986;2805.3185;['pressure', 'precipitation', 'temperature']
2026-02-04 04:00:00;3248.276946858259;2795.15475;['pressure', 'precipitation', 'temperature']
2026-02-04 05:00:00;3034.88972801269;2969.17225;['pressure', 'precipitation', 'temperature']
2026-02-04 06:00:00;3185.6307252952224;3460.06175;['pressure', 'precipitation', 'temperature']
2026-02-04 07:00:00;3699.4619656036875;3189.5730000000003;['pressure', 'precipitation', 'temperature']
2026-02-04 08:00:00;3325.9760004825553;3796.666;['pressure', 'precipitation', 'temperature']
2026-02-04 09:00:00;3398.172651866417;3479.20375;['pressure', 'precipitation', 'temperature']
2026-02-04 10:00:00;3498.3240499377807;4332.7065;['pressure', 'precipitation', 'temperature']
2026-02-04 11:00:00;3656.358046088697;2879.26525;['pressure', 'precipitation', 'temperature']
2026-02-04 12:00:00;3470.601317234255;2504.1825;['pressure', 'precipitation', 'temperature']
2026-02-04 13:00:00;3346.8478835890355;2285.1665;['pressure', 'precipitation', 'temperature']
2026-02-04 14:00:00;3843.5458292398607;1426.6965;['pressure', 'precipitation', 'temperature']
2026-02-04 15:00:00;3857.6306237690696;1973.97525;['pressure', 'precipitation', 'temperature']
2026-02-04 16:00:00;4482.6535557332345;3078.4485;['pressure', 'precipitation', 'temperature']
2026-02-04 17:00:00;4235.2448780364575;3131.75175;['pressure', 'precipitation', 'temperature']
2026-02-04 18:00:00;4580.721322626181;3145.325;['pressure', 'precipitation', 'temperature']
2026-02-04 19:00:00;3578.1568410703935;2937.0585;['pressure', 'precipitation', 'temperature']
2026-02-04 20:00:00;3889.3589317381175;2372.80775;['pressure', 'precipitation', 'temperature']
2026-02-04 21:00:00;3702.8502297089944;2626.7202500000003;['pressure', 'precipitation', 'temperature']
2026-02-04 22:00:00;3707.2533851508992;3097.12075;['pressure', 'precipitation', 'temperature']
2026-02-04 23:00:00;3455.0175625097518;2309.46375;['pressure', 'precipitation', 'temperature']
2026-02-05 00:00:00;2540.033856891914;2383.21975;['pressure', 'precipitation', 'temperature']
2026-02-05 01:00:00;2777.0205861871727;2960.2615;['pressure', 'precipitation', 'temperature']
2026-02-05 02:00:00;2808.319065028248;2172.40875;['pressure', 'precipitation', 'temperature']
2026-02-05 03:00:00;2615.6663918225117;2315.36425;['pressure', 'precipitation', 'temperature']
2026-02-05 04:00:00;2657.869149824888;2231.8865;['pressure', 'precipitation', 'temperature']
2026-02-05 05:00:00;2703.463798162804;2299.616;['pressure', 'precipitation', 'temperature']
2026-02-05 06:00:00;2964.8011494808047;2751.74825;['pressure', 'precipitation', 'temperature']
2026-02-05 07:00:00;3110.488574894859;2285.11125;['pressure', 'precipitation', 'temperature']
2026-02-05 08:00:00;3365.49454696067;2690.5555;['pressure', 'precipitation', 'temperature']
2026-02-05 09:00:00;3075.3823898186793;2209.523;['pressure', 'precipitation', 'temperature']
2026-02-05 10:00:00;3349.4941365229724;2035.103;['pressure', 'precipitation', 'temperature']
2026-02-05 11:00:00;3009.349072353266;3871.413;['pressure', 'precipitation', 'temperature']
2026-02-05 12:00:00;3125.5825237091885;2481.76625;['pressure', 'precipitation', 'temperature']
2026-02-05 13:00:00;2796.777085345344;2475.083;['pressure', 'precipitation', 'temperature']
2026-02-05 14:00:00;2653.209607940368;2266.7945;['pressure', 'precipitation', 'temperature']
2026-02-05 15:00:00;2774.53016432529;3025.16625;['pressure', 'precipitation', 'temperature']
2026-02-05 16:00:00;3573.0428617181665;3120.888;['pressure', 'precipitation', 'temperature']
2026-02-05 17:00:00;3796.3411792930756;5058.1865;['pressure', 'precipitation', 'temperature']
2026-02-05 18:00:00;4111.224125766091;4388.71075;['pressure', 'precipitation', 'temperature']
2026-02-05 19:00:00;3936.5664361045906;2322.8345;['pressure', 'precipitation', 'temperature']
2026-02-05 20:00:00;3535.1683285127247;2892.934;['pressure', 'precipitation', 'temperature']
2026-02-05 21:00:00;3464.2867582578137;2691.11;['pressure', 'precipitation', 'temperature']
2026-02-05 22:00:00;3587.367327404432;2040.70725;['pressure', 'precipitation', 'temperature']
2026-02-05 23:00:00;2863.4676881784417;2318.614;['pressure', 'precipitation', 'temperature']
2026-02-06 00:00:00;2403.576701364831;2417.388;['pressure', 'precipitation', 'temperature']
2026-02-06 01:00:00;2502.491802127758;3028.649;['pressure', 'precipitation', 'temperature']
2026-02-06 02:00:00;2497.8749608425114;2456.4425;['pressure', 'precipitation', 'temperature']
2026-02-06 03:00:00;2295.4047277016034;1991.96825;['pressure', 'precipitation', 'temperature']
2026-02-06 04:00:00;2397.1336909546917;2168.60175;['pressure', 'precipitation', 'temperature']
2026-02-06 05:00:00;2411.3533798354506;2554.5777500000004;['pressure', 'precipitation', 'temperature']
2026-02-06 06:00:00;2620.4831195062343;2480.9035;['pressure', 'precipitation', 'temperature']
2026-02-06 07:00:00;2724.5500674451887;2516.1095;['pressure', 'precipitation', 'temperature']
2026-02-06 08:00:00;2928.832045853598;2358.27875;['pressure', 'precipitation', 'temperature']
2026-02-06 09:00:00;3176.3834326249726;3043.82875;['pressure', 'precipitation', 'temperature']
2026-02-06 10:00:00;3173.3247202622542;1863.571;['pressure', 'precipitation', 'temperature']
2026-02-06 11:00:00;2840.8316521961824;1953.389;['pressure', 'precipitation', 'temperature']
2026-02-06 12:00:00;3052.897864423987;2709.674;['pressure', 'precipitation', 'temperature']
2026-02-06 13:00:00;2433.069450615296;2834.37725;['pressure', 'precipitation', 'temperature']
2026-02-06 14:00:00;2648.2954632198453;3653.3685;['pressure', 'precipitation', 'temperature']
2026-02-06 15:00:00;2866.521386890283;3025.16625;['pressure', 'precipitation', 'temperature']
2026-02-06 16:00:00;3246.705077070279;3120.888;['pressure', 'precipitation', 'temperature']
2026-02-06 17:00:00;3497.519800757652;5058.1865;['pressure', 'precipitation', 'temperature']
2026-02-06 18:00:00;4033.3274799690807;4388.71075;['pressure', 'precipitation', 'temperature']
2026-02-06 19:00:00;3186.5531079277735;2322.8345;['pressure', 'precipitation', 'temperature']
2026-02-06 20:00:00;3209.853530405045;2892.934;['pressure', 'precipitation', 'temperature']
2026-02-06 21:00:00;3049.510882220575;2691.11;['pressure', 'precipitation', 'temperature']
2026-02-06 22:00:00;3001.1760097028873;2040.70725;['pressure', 'precipitation', 'temperature']
2026-02-06 23:00:00;2278.0023019903065;2318.614;['pressure', 'precipitation', 'temperature']
2026-02-07 00:00:00;2337.1219660274437;2417.388;['pressure', 'precipitation', 'temperature']
2026-02-07 01:00:00;2501.0777873009047;3028.649;['pressure', 'precipitation', 'temperature']
2026-02-07 02:00:00;2387.5339790330595;2456.4425;['pressure', 'precipitation', 'temperature']
2026-02-07 03:00:00;2001.1793341612042;1991.96825;['pressure', 'precipitation', 'temperature']
2026-02-07 04:00:00;2185.211850508026;2168.60175;['pressure', 'precipitation', 'temperature']
2026-02-07 05:00:00;2293.0442328612435;2554.5777500000004;['pressure', 'precipitation', 'temperature']
2026-02-07 06:00:00;2413.3965701753405;2480.9035;['pressure', 'precipitation', 'temperature']
2026-02-07 07:00:00;2567.869736462629;2516.1095;['pressure', 'precipitation', 'temperature']
2026-02-07 08:00:00;2677.4626345770057;2358.27875;['pressure', 'precipitation', 'temperature']
2026-02-07 09:00:00;2730.787022804344;3043.82875;['pressure', 'precipitation', 'temperature']
2026-02-07 10:00:00;2745.8653974087215;1863.571;['pressure', 'precipitation', 'temperature']
2026-02-07 11:00:00;2679.4354748632522;1953.389;['pressure', 'precipitation', 'temperature']
2026-02-07 12:00:00;2565.9637195214937;2709.674;['pressure', 'precipitation', 'temperature']
2026-02-07 13:00:00;2558.6025331422343;2834.37725;['pressure', 'precipitation', 'temperature']
2026-02-07 14:00:00;2705.4001241677734;3653.3685;['pressure', 'precipitation', 'temperature']
2026-02-07 15:00:00;2691.395810628298;2864.2456666666667;['pressure', 'precipitation', 'temperature']
2026-02-07 16:00:00;2963.6116718942653;2075.1228333333333;['pressure', 'precipitation', 'temperature']
2026-02-07 17:00:00;4015.4241984253767;1286.0;['pressure', 'precipitation', 'temperature']
2026-02-07 18:00:00;4116.197611468402;1953.83375;['pressure', 'precipitation', 'temperature']
2026-02-07 19:00:00;3079.1568775890632;1765.97475;['pressure', 'precipitation', 'temperature']
2026-02-07 20:00:00;3171.5186958985337;4467.39375;['pressure', 'precipitation', 'temperature']
2026-02-07 21:00:00;3009.8313503418904;4289.70725;['pressure', 'precipitation', 'temperature']
2026-02-07 22:00:00;3414.066248928083;2769.21075;['pressure', 'precipitation', 'temperature']
2026-02-07 23:00:00;2084.127015350323;2518.1585;['pressure', 'precipitation', 'temperature']
2026-02-08 00:00:00;2680.468559676685;2938.06875;['pressure', 'precipitation', 'temperature']
2026-02-08 01:00:00;2697.593836692812;2957.5335;['pressure', 'precipitation', 'temperature']
2026-02-08 02:00:00;2525.6278407695186;1970.80175;['pressure', 'precipitation', 'temperature']
2026-02-08 03:00:00;2242.5463814280356;2352.781;['pressure', 'precipitation', 'temperature']
2026-02-08 04:00:00;2282.6929942554702;2566.9445;['pressure', 'precipitation', 'temperature']
2026-02-08 05:00:00;2375.9876116635974;2694.618;['pressure', 'precipitation', 'temperature']
2026-02-08 06:00:00;2476.394050428382;3327.3340000000003;['pressure', 'precipitation', 'temperature']
2026-02-08 07:00:00;2600.452984486753;2645.92225;['pressure', 'precipitation', 'temperature']
2026-02-08 08:00:00;2699.738129103745;2682.03925;['pressure', 'precipitation', 'temperature']
2026-02-08 09:00:00;2977.94004317682;2049.55625;['pressure', 'precipitation', 'temperature']
2026-02-08 10:00:00;2461.7299137571017;3419.758;['pressure', 'precipitation', 'temperature']
2026-02-08 11:00:00;2374.2573074690076;3716.1535;['pressure', 'precipitation', 'temperature']
2026-02-08 12:00:00;2597.8012729781335;3340.28175;['pressure', 'precipitation', 'temperature']
2026-02-08 13:00:00;2652.6587253267307;2959.019;['pressure', 'precipitation', 'temperature']
2026-02-08 14:00:00;2700.6797403582386;2486.248;['pressure', 'precipitation', 'temperature']
2026-02-08 15:00:00;2686.2645125284726;2433.7925;['pressure', 'precipitation', 'temperature']
2026-02-08 16:00:00;2863.5408088560616;3127.31125;['pressure', 'precipitation', 'temperature']
2026-02-08 17:00:00;3223.4712763736793;2999.37275;['pressure', 'precipitation', 'temperature']
2026-02-08 18:00:00;4011.3776141668195;5183.34525;['pressure', 'precipitation', 'temperature']
2026-02-08 19:00:00;2685.9289697174927;3736.658;['pressure', 'precipitation', 'temperature']
2026-02-08 20:00:00;3475.9802343593515;2797.79775;['pressure', 'precipitation', 'temperature']
2026-02-08 21:00:00;3102.529099295845;4569.61725;['pressure', 'precipitation', 'temperature']
2026-02-08 22:00:00;2726.0627142045146;3223.9255000000003;['pressure', 'precipitation', 'temperature']
2026-02-08 23:00:00;2353.6338615144696;2572.21625;['pressure', 'precipitation', 'temperature']
2026-02-09 00:00:00;2678.443862658812;2426.5875;['pressure', 'precipitation', 'temperature']
2026-02-09 01:00:00;2656.3543927416436;2814.69075;['pressure', 'precipitation', 'temperature']
2026-02-09 02:00:00;2748.700623381984;2158.1762500000004;['pressure', 'precipitation', 'temperature']
2026-02-09 03:00:00;2776.9868209177366;2665.0825;['pressure', 'precipitation', 'temperature']
2026-02-09 04:00:00;2926.226387939225;2046.7645;['pressure', 'precipitation', 'temperature']
2026-02-09 05:00:00;2406.214152038204;3459.894;['pressure', 'precipitation', 'temperature']
2026-02-09 06:00:00;2576.515085500351;2796.855;['pressure', 'precipitation', 'temperature']
2026-02-09 07:00:00;2728.986139520929;2588.22925;['pressure', 'precipitation', 'temperature']
2026-02-09 08:00:00;2766.5905301899984;2782.715;['pressure', 'precipitation', 'temperature']
2026-02-09 09:00:00;2862.4452182828477;2941.144;['pressure', 'precipitation', 'temperature']
2026-02-09 10:00:00;3103.9887384460208;2378.2555;['pressure', 'precipitation', 'temperature']
2026-02-09 11:00:00;2906.316873951667;1645.005;['pressure', 'precipitation', 'temperature']
2026-02-09 12:00:00;2732.2407801427357;2864.45375;['pressure', 'precipitation', 'temperature']
2026-02-09 13:00:00;2748.0772265549544;3099.12325;['pressure', 'precipitation', 'temperature']
2026-02-09 14:00:00;2532.0782490633173;2231.92525;['pressure', 'precipitation', 'temperature']
2026-02-09 15:00:00;2761.4901943364553;1882.14975;['pressure', 'precipitation', 'temperature']
2026-02-09 16:00:00;3331.117793413295;2290.892;['pressure', 'precipitation', 'temperature']
2026-02-09 17:00:00;3695.5591509047713;3762.23375;['pressure', 'precipitation', 'temperature']
2026-02-09 18:00:00;4300.994185390242;3246.77025;['pressure', 'precipitation', 'temperature']
2026-02-09 19:00:00;3256.351825008711;3761.3245;['pressure', 'precipitation', 'temperature']
2026-02-09 20:00:00;3414.308951628518;3345.93475;['pressure', 'precipitation', 'temperature']
2026-02-09 21:00:00;3293.534910465437;3058.4565;['pressure', 'precipitation', 'temperature']
2026-02-09 22:00:00;3078.2568822705525;3274.3425;['pressure', 'precipitation', 'temperature']
2026-02-09 23:00:00;2798.615208852908;3204.72675;['pressure', 'precipitation', 'temperature']
2026-02-10 00:00:00;2906.587666335162;2312.257;['pressure', 'precipitation', 'temperature']
2026-02-10 01:00:00;2886.4690710958985;2445.75475;['pressure', 'precipitation', 'temperature']
2026-02-10 02:00:00;2599.2970890320903;2738.38875;['pressure', 'precipitation', 'temperature']
2026-02-10 03:00:00;2408.6417094416693;2507.56425;['pressure', 'precipitation', 'temperature']
2026-02-10 04:00:00;2381.6112682065746;2972.28575;['pressure', 'precipitation', 'temperature']
2026-02-10 05:00:00;2510.0278182477678;2894.95425;['pressure', 'precipitation', 'temperature']
2026-02-10 06:00:00;2555.39607837338;3762.406;['pressure', 'precipitation', 'temperature']
2026-02-10 07:00:00;2776.792126876081;2580.2795;['pressure', 'precipitation', 'temperature']
2026-02-10 08:00:00;2919.398531233139;4036.3455;['pressure', 'precipitation', 'temperature']
2026-02-10 09:00:00;2789.771026451861;3671.19375;['pressure', 'precipitation', 'temperature']
2026-02-10 10:00:00;3025.6454825479955;2416.94175;['pressure', 'precipitation', 'temperature']
2026-02-10 11:00:00;2792.5847950117595;2677.89175;['pressure', 'precipitation', 'temperature']
2026-02-10 12:00:00;2545.1905409300807;1806.73475;['pressure', 'precipitation', 'temperature']
2026-02-10 13:00:00;2804.5807404978605;3154.1665;['pressure', 'precipitation', 'temperature']
2026-02-10 14:00:00;2798.9041443377773;2227.19575;['pressure', 'precipitation', 'temperature']
2026-02-10 15:00:00;2519.9382980576756;2543.43525;['pressure', 'precipitation', 'temperature']
2026-02-10 16:00:00;2856.1596050071294;2576.265;['pressure', 'precipitation', 'temperature']
2026-02-10 17:00:00;3780.57846384416;5342.617;['pressure', 'precipitation', 'temperature']
2026-02-10 18:00:00;4188.500040098722;5926.32475;['pressure', 'precipitation', 'temperature']
2026-02-10 19:00:00;3097.1930196743397;3875.02825;['pressure', 'precipitation', 'temperature']
2026-02-10 20:00:00;3476.936174761988;4273.53175;['pressure', 'precipitation', 'temperature']
2026-02-10 21:00:00;3064.9809328286083;2881.09475;['pressure', 'precipitation', 'temperature']
2026-02-10 22:00:00;2856.0490995535283;2286.139;['pressure', 'precipitation', 'temperature']
2026-02-10 23:00:00;2644.683120242152;3057.192;['pressure', 'precipitation', 'temperature']
2026-02-11 00:00:00;2722.9259650571485;2366.50825;['pressure', 'precipitation', 'temperature']
2026-02-11 01:00:00;2726.4318622153814;2711.8525;['pressure', 'precipitation', 'temperature']
2026-02-11 02:00:00;2621.7876040603082;2083.15775;['pressure', 'precipitation', 'temperature']
2026-02-11 03:00:00;2400.534389949483;2465.2165000000005;['pressure', 'precipitation', 'temperature']
2026-02-11 04:00:00;2476.123084017653;2897.0037500000003;['pressure', 'precipitation', 'temperature']
2026-02-11 05:00:00;2584.2633999390487;2676.7915000000003;['pressure', 'precipitation', 'temperature']
2026-02-11 06:00:00;2736.185408159038;2365.58925;['pressure', 'precipitation', 'temperature']
2026-02-11 07:00:00;2735.0538368279194;3238.81225;['pressure', 'precipitation', 'temperature']
2026-02-11 08:00:00;3145.852444512656;2706.17225;['pressure', 'precipitation', 'temperature']
2026-02-11 09:00:00;2920.020298937469;3475.922;['pressure', 'precipitation', 'temperature']
2026-02-11 10:00:00;2828.641372424966;2244.5915;['pressure', 'precipitation', 'temperature']
2026-02-11 11:00:00;2816.851315948204;2952.637;['pressure', 'precipitation', 'temperature']
2026-02-11 12:00:00;2661.0298506155655;1686.3925;['pressure', 'precipitation', 'temperature']
2026-02-11 13:00:00;2938.463327382065;3154.1665;['pressure', 'precipitation', 'temperature']
2026-02-11 14:00:00;2732.699712484734;2227.19575;['pressure', 'precipitation', 'temperature']
2026-02-11 15:00:00;2950.239074680375;2543.43525;['pressure', 'precipitation', 'temperature']
2026-02-11 16:00:00;3022.5608151598212;2576.265;['pressure', 'precipitation', 'temperature']
2026-02-11 17:00:00;3746.0813743664507;1333.5;['pressure', 'precipitation', 'temperature']
2026-02-11 18:00:00;3953.646239925879;3750.33275;['pressure', 'precipitation', 'temperature']
2026-02-11 19:00:00;2898.637788458729;3982.69175;['pressure', 'precipitation', 'temperature']
2026-02-11 20:00:00;3153.3134340053293;3578.161;['pressure', 'precipitation', 'temperature']
2026-02-11 21:00:00;2809.4211618222707;2482.21025;['pressure', 'precipitation', 'temperature']
2026-02-11 22:00:00;2709.926653199899;2358.59375;['pressure', 'precipitation', 'temperature']
2026-02-11 23:00:00;2312.243408389163;2322.409;['pressure', 'precipitation', 'temperature']
2026-02-12 00:00:00;2240.617756782024;2297.366;['pressure', 'precipitation', 'temperature']
2026-02-12 01:00:00;2474.902474024162;2377.4665;['pressure', 'precipitation', 'temperature']
2026-02-12 02:00:00;2221.9594092979573;1861.1955;['pressure', 'precipitation', 'temperature']
2026-02-12 03:00:00;2162.0763504104675;1835.98825;['pressure', 'precipitation', 'temperature']
2026-02-12 04:00:00;2183.29295102956;1987.42975;['pressure', 'precipitation', 'temperature']
2026-02-12 05:00:00;2312.3756076852956;2928.504;['pressure', 'precipitation', 'temperature']
2026-02-12 06:00:00;2383.9889727724985;2122.81;['pressure', 'precipitation', 'temperature']
2026-02-12 07:00:00;2606.3834063593326;2338.194;['pressure', 'precipitation', 'temperature']
2026-02-12 08:00:00;2613.3167698212674;1348.37875;['pressure', 'precipitation', 'temperature']
2026-02-12 09:00:00;2698.9971736192065;928.61625;['pressure', 'precipitation', 'temperature']
2026-02-12 10:00:00;2486.396571673867;2329.8340000000003;['pressure', 'precipitation', 'temperature']
2026-02-12 11:00:00;2644.350790562872;1817.92825;['pressure', 'precipitation', 'temperature']
2026-02-12 12:00:00;2337.3096508140698;3735.537;['pressure', 'precipitation', 'temperature']
2026-02-12 13:00:00;2572.5560249059254;2596.203;['pressure', 'precipitation', 'temperature']
2026-02-12 14:00:00;2321.881131330717;2194.61975;['pressure', 'precipitation', 'temperature']
2026-02-12 15:00:00;2588.1567948823017;1834.60225;['pressure', 'precipitation', 'temperature']
2026-02-12 16:00:00;2891.718350641513;2180.3565;['pressure', 'precipitation', 'temperature']
2026-02-12 17:00:00;3713.9213604836477;3746.30075;['pressure', 'precipitation', 'temperature']
2026-02-12 18:00:00;3829.277004708636;4982.87875;['pressure', 'precipitation', 'temperature']
2026-02-12 19:00:00;3036.092897046483;3386.71775;['pressure', 'precipitation', 'temperature']
2026-02-12 20:00:00;3410.0081022846653;3613.59775;['pressure', 'precipitation', 'temperature']
2026-02-12 21:00:00;2803.0062702682358;3065.22725;['pressure', 'precipitation', 'temperature']
2026-02-12 22:00:00;2841.049464645556;2475.28875;['pressure', 'precipitation', 'temperature']
2026-02-12 23:00:00;2351.49093141865;2045.159;['pressure', 'precipitation', 'temperature']
2026-02-13 00:00:00;2142.38566787583;2855.48325;['pressure', 'precipitation', 'temperature']
2026-02-13 01:00:00;2323.3732939083543;2102.1375;['pressure', 'precipitation', 'temperature']
2026-02-13 02:00:00;2722.098578424358;2721.5535;['pressure', 'precipitation', 'temperature']
2026-02-13 03:00:00;1974.301686154005;2265.05425;['pressure', 'precipitation', 'temperature']
2026-02-13 04:00:00;1991.977652584425;2724.386;['pressure', 'precipitation', 'temperature']
2026-02-13 05:00:00;2340.063906694396;1950.27;['pressure', 'precipitation', 'temperature']
2026-02-13 06:00:00;2297.964412198764;2676.27525;['pressure', 'precipitation', 'temperature']
2026-02-13 07:00:00;2400.772085771244;1876.716;['pressure', 'precipitation', 'temperature']
2026-02-13 08:00:00;2557.414213580783;3155.0185;['pressure', 'precipitation', 'temperature']
2026-02-13 09:00:00;2381.843019106936;3419.00525;['pressure', 'precipitation', 'temperature']
2026-02-13 10:00:00;2474.0576088331372;2633.61775;['pressure', 'precipitation', 'temperature']
2026-02-13 11:00:00;2320.1152641923277;3832.5985;['pressure', 'precipitation', 'temperature']
2026-02-13 12:00:00;2630.9759635751248;2113.4985;['pressure', 'precipitation', 'temperature']
2026-02-13 13:00:00;2526.890387732054;2406.8145;['pressure', 'precipitation', 'temperature']
2026-02-13 14:00:00;2343.7195052112666;2225.23925;['pressure', 'precipitation', 'temperature']
2026-02-13 15:00:00;2309.7879944551823;2112.819;['pressure', 'precipitation', 'temperature']
2026-02-13 16:00:00;2572.1550020925206;2119.783;['pressure', 'precipitation', 'temperature']
2026-02-13 17:00:00;3904.438552939995;2762.934;['pressure', 'precipitation', 'temperature']
2026-02-13 18:00:00;3333.131501943953;3519.851;['pressure', 'precipitation', 'temperature']
2026-02-13 19:00:00;2669.2965034107315;3490.8465;['pressure', 'precipitation', 'temperature']
2026-02-13 20:00:00;3171.686141556376;3538.6712499999994;['pressure', 'precipitation', 'temperature']
2026-02-13 21:00:00;2929.8435929984857;3449.1785;['pressure', 'precipitation', 'temperature']
2026-02-13 22:00:00;2652.126779099625;2324.8065;['pressure', 'precipitation', 'temperature']
2026-02-13 23:00:00;2188.7049218726265;3431.5795;['pressure', 'precipitation', 'temperature']
2026-02-14 00:00:00;2679.3646956702;2411.443;['pressure', 'precipitation', 'temperature']
2026-02-14 01:00:00;2669.9708092787073;2943.3845;['pressure', 'precipitation', 'temperature']
2026-02-14 02:00:00;2579.734121051927;2579.4275;['pressure', 'precipitation', 'temperature']
2026-02-14 03:00:00;2602.5946668950173;2204.52425;['pressure', 'precipitation', 'temperature']
2026-02-14 04:00:00;2602.760930342053;2660.8965000000003;['pressure', 'precipitation', 'temperature']
2026-02-14 05:00:00;2509.8705444594675;3597.15675;['pressure', 'precipitation', 'temperature']
2026-02-14 06:00:00;2856.9694033169044;2461.59075;['pressure', 'precipitation', 'temperature']
2026-02-14 07:00:00;2566.8412086243975;2936.82475;['pressure', 'precipitation', 'temperature']
2026-02-14 08:00:00;3026.567528259915;2971.81825;['pressure', 'precipitation', 'temperature']
2026-02-14 09:00:00;2809.5791375581116;2900.61125;['pressure', 'precipitation', 'temperature']
2026-02-14 10:00:00;2396.179915425804;2713.67975;['pressure', 'precipitation', 'temperature']
2026-02-14 11:00:00;3331.296767807539;2756.77525;['pressure', 'precipitation', 'temperature']
2026-02-14 12:00:00;2866.6783022620325;3727.64475;['pressure', 'precipitation', 'temperature']
2026-02-14 13:00:00;2947.551712567294;2757.3445;['pressure', 'precipitation', 'temperature']
2026-02-14 14:00:00;2456.7255398849206;3371.52475;['pressure', 'precipitation', 'temperature']
2026-02-14 15:00:00;2699.417268610732;3231.48225;['pressure', 'precipitation', 'temperature']
2026-02-14 16:00:00;2979.8595063981084;4488.084;['pressure', 'precipitation', 'temperature']
2026-02-14 17:00:00;3867.283245268027;5352.45;['pressure', 'precipitation', 'temperature']
2026-02-14 18:00:00;4102.687175392324;6210.828;['pressure', 'precipitation', 'temperature']
2026-02-14 19:00:00;3276.6979038622076;1903.77525;['pressure', 'precipitation', 'temperature']
2026-02-14 20:00:00;3028.517155909827;2630.102;['pressure', 'precipitation', 'temperature']
2026-02-14 21:00:00;2910.3891211422188;4245.20475;['pressure', 'precipitation', 'temperature']
2026-02-14 22:00:00;2912.8030725500266;3723.198;['pressure', 'precipitation', 'temperature']
2026-02-14 23:00:00;2754.4155281829476;3729.623;['pressure', 'precipitation', 'temperature']
2026-02-15 00:00:00;3086.5214690511143;3933.857;['pressure', 'precipitation', 'temperature']
2026-02-15 01:00:00;3045.6615120308556;3709.625;['pressure', 'precipitation', 'temperature']
2026-02-15 02:00:00;2761.9843773701555;3698.68875;['pressure', 'precipitation', 'temperature']
2026-02-15 03:00:00;2491.34108589797;3668.341;['pressure', 'precipitation', 'temperature']
2026-02-15 04:00:00;2696.8417013945154;3783.91125;['pressure', 'precipitation', 'temperature']
2026-02-15 05:00:00;2978.225088057137;3444.12875;['pressure', 'precipitation', 'temperature']
2026-02-15 06:00:00;2460.3924568197276;4090.44675;['pressure', 'precipitation', 'temperature']
2026-02-15 07:00:00;3165.331157422577;4660.0415;['pressure', 'precipitation', 'temperature']
2026-02-15 08:00:00;2924.415249401857;3879.998;['pressure', 'precipitation', 'temperature']
2026-02-15 09:00:00;3234.4095822478694;4359.39175;['pressure', 'precipitation', 'temperature']
2026-02-15 10:00:00;3110.688416515746;5136.501;['pressure', 'precipitation', 'temperature']
2026-02-15 11:00:00;2553.8301727022936;4608.921;['pressure', 'precipitation', 'temperature']
2026-02-15 12:00:00;3178.594863536887;3958.311;['pressure', 'precipitation', 'temperature']
2026-02-15 13:00:00;3299.1633471891855;2757.3445;['pressure', 'precipitation', 'temperature']
2026-02-15 14:00:00;3198.2498333493095;3371.52475;['pressure', 'precipitation', 'temperature']
2026-02-15 15:00:00;3473.824793582032;3231.48225;['pressure', 'precipitation', 'temperature']
2026-02-15 16:00:00;3417.612551137854;5022.667;['pressure', 'precipitation', 'temperature']
2026-02-15 17:00:00;4318.062460292182;3789.986;['pressure', 'precipitation', 'temperature']
2026-02-15 18:00:00;4420.299873405277;1972.2715;['pressure', 'precipitation', 'temperature']
2026-02-15 19:00:00;2672.1080674516197;1211.72575;['pressure', 'precipitation', 'temperature']
2026-02-15 20:00:00;3320.973969452729;2768.893;['pressure', 'precipitation', 'temperature']
2026-02-15 21:00:00;3518.5809600133553;4284.85;['pressure', 'precipitation', 'temperature']
2026-02-15 22:00:00;3009.4291487330665;3674.49175;['pressure', 'precipitation', 'temperature']
2026-02-15 23:00:00;2642.1177265038973;3857.04075;['pressure', 'precipitation', 'temperature']
2026-02-16 00:00:00;2818.773607408997;4270.74175;['pressure', 'precipitation', 'temperature']
2026-02-16 01:00:00;3281.8888572892065;4172.0475;['pressure', 'precipitation', 'temperature']
2026-02-16 02:00:00;2856.531931743988;4192.84925;['pressure', 'precipitation', 'temperature']
2026-02-16 03:00:00;2894.9763299825468;4297.218;['pressure', 'precipitation', 'temperature']
2026-02-16 04:00:00;2784.0893531610245;3792.167;['pressure', 'precipitation', 'temperature']
2026-02-16 05:00:00;2666.509780620561;3905.2105;['pressure', 'precipitation', 'temperature']
2026-02-16 06:00:00;2908.034925391724;4322.625;['pressure', 'precipitation', 'temperature']
2026-02-16 07:00:00;3054.1230755462775;5897.072;['pressure', 'precipitation', 'temperature']
2026-02-16 08:00:00;3343.9221653423742;2816.22675;['pressure', 'precipitation', 'temperature']
2026-02-16 09:00:00;3731.309685624986;3726.25825;['pressure', 'precipitation', 'temperature']
2026-02-16 10:00:00;2948.7790968719282;3709.35825;['pressure', 'precipitation', 'temperature']
2026-02-16 11:00:00;3148.137397932207;4097.0225;['pressure', 'precipitation', 'temperature']
2026-02-16 12:00:00;3247.939141448187;4383.431500000001;['pressure', 'precipitation', 'temperature']
2026-02-16 13:00:00;3529.9657912119933;3789.0565;['pressure', 'precipitation', 'temperature']
2026-02-16 14:00:00;3135.073745432427;4607.666;['pressure', 'precipitation', 'temperature']
2026-02-16 15:00:00;3374.408434628677;4367.22325;['pressure', 'precipitation', 'temperature']
2026-02-16 16:00:00;2811.225664297149;3437.96925;['pressure', 'precipitation', 'temperature']
2026-02-16 17:00:00;3745.766907684585;5117.6485;['pressure', 'precipitation', 'temperature']
2026-02-16 18:00:00;3957.474838090724;5031.2195;['pressure', 'precipitation', 'temperature']
2026-02-16 19:00:00;3575.059840790789;5013.32925;['pressure', 'precipitation', 'temperature']
2026-02-16 20:00:00;3833.1714128396106;3950.84225;['pressure', 'precipitation', 'temperature']
2026-02-16 21:00:00;3927.1704568354944;3260.27925;['pressure', 'precipitation', 'temperature']
2026-02-16 22:00:00;3094.3381481065317;3727.6415;['pressure', 'precipitation', 'temperature']
2026-02-16 23:00:00;3031.3285505037948;2914.66625;['pressure', 'precipitation', 'temperature']
2026-02-17 00:00:00;3438.9437639355738;3134.171;['pressure', 'precipitation', 'temperature']
2026-02-17 01:00:00;3581.644868480943;2905.419;['pressure', 'precipitation', 'temperature']
2026-02-17 02:00:00;3359.9843716255446;3407.01775;['pressure', 'precipitation', 'temperature']
2026-02-17 03:00:00;3266.010543018231;2895.731;['pressure', 'precipitation', 'temperature']
2026-02-17 04:00:00;3237.1449309343107;3551.5375;['pressure', 'precipitation', 'temperature']
2026-02-17 05:00:00;3489.3696170309895;3038.49075;['pressure', 'precipitation', 'temperature']
2026-02-17 06:00:00;3541.9796775731197;2865.9880000000003;['pressure', 'precipitation', 'temperature']
2026-02-17 07:00:00;3955.8864999432485;4217.9155;['pressure', 'precipitation', 'temperature']
2026-02-17 08:00:00;3521.4267145314116;4631.85375;['pressure', 'precipitation', 'temperature']
2026-02-17 09:00:00;3524.2367968267495;5666.0205000000005;['pressure', 'precipitation', 'temperature']
2026-02-17 10:00:00;3843.7277825961755;3033.71925;['pressure', 'precipitation', 'temperature']
2026-02-17 11:00:00;3987.6008711949507;3668.54275;['pressure', 'precipitation', 'temperature']
2026-02-17 12:00:00;3724.595911546463;3205.1977500000003;['pressure', 'precipitation', 'temperature']
2026-02-17 13:00:00;4005.402602771207;3569.85825;['pressure', 'precipitation', 'temperature']
2026-02-17 14:00:00;3856.2845137871254;4546.28325;['pressure', 'precipitation', 'temperature']
2026-02-17 15:00:00;3852.4135428223276;3355.98275;['pressure', 'precipitation', 'temperature']
2026-02-17 16:00:00;4130.315727639521;3155.60275;['pressure', 'precipitation', 'temperature']
2026-02-17 17:00:00;4436.604069871601;3948.281;['pressure', 'precipitation', 'temperature']
2026-02-17 18:00:00;4927.799081518326;6586.86025;['pressure', 'precipitation', 'temperature']
2026-02-17 19:00:00;3824.2385407291767;2688.89675;['pressure', 'precipitation', 'temperature']
2026-02-17 20:00:00;4445.902694955037;4654.51275;['pressure', 'precipitation', 'temperature']
2026-02-17 21:00:00;4305.816047846813;3142.6025;['pressure', 'precipitation', 'temperature']
2026-02-17 22:00:00;3955.369243266674;2652.804;['pressure', 'precipitation', 'temperature']
2026-02-17 23:00:00;3801.0669447703485;2618.7905;['pressure', 'precipitation', 'temperature']
2026-02-18 00:00:00;2949.6551398720476;3148.755;['pressure', 'precipitation', 'temperature']
2026-02-18 01:00:00;3429.1057708903645;3693.88525;['pressure', 'precipitation', 'temperature']
2026-02-18 02:00:00;2732.3218903297675;2656.90925;['pressure', 'precipitation', 'temperature']
2026-02-18 03:00:00;2699.228843921781;2022.2365;['pressure', 'precipitation', 'temperature']
2026-02-18 04:00:00;3234.102306590212;2714.6582499999995;['pressure', 'precipitation', 'temperature']
2026-02-18 05:00:00;3421.8434180652534;3138.4825;['pressure', 'precipitation', 'temperature']
2026-02-18 06:00:00;3707.816383322514;3251.8665;['pressure', 'precipitation', 'temperature']
2026-02-18 07:00:00;3493.9772804813288;3767.39;['pressure', 'precipitation', 'temperature']
2026-02-18 08:00:00;2798.8298353823166;3704.433;['pressure', 'precipitation', 'temperature']
2026-02-18 09:00:00;3643.5391532160966;4502.9775;['pressure', 'precipitation', 'temperature']
2026-02-18 10:00:00;3868.0752155129503;2839.84175;['pressure', 'precipitation', 'temperature']
2026-02-18 11:00:00;3988.3805963097157;3027.432;['pressure', 'precipitation', 'temperature']
2026-02-18 12:00:00;3832.0792505250424;3523.302;['pressure', 'precipitation', 'temperature']
2026-02-18 13:00:00;3826.115869980292;3065.7345000000005;['pressure', 'precipitation', 'temperature']
2026-02-18 14:00:00;3694.403490207617;3746.467;['pressure', 'precipitation', 'temperature']
2026-02-18 15:00:00;3791.120383051405;3357.258;['pressure', 'precipitation', 'temperature']
2026-02-18 16:00:00;3522.551749061903;3739.85675;['pressure', 'precipitation', 'temperature']
2026-02-18 17:00:00;4767.263876306994;5383.882;['pressure', 'precipitation', 'temperature']
2026-02-18 18:00:00;4685.1060451881785;5460.044;['pressure', 'precipitation', 'temperature']
2026-02-18 19:00:00;3567.59760917877;3423.06;['pressure', 'precipitation', 'temperature']
2026-02-18 20:00:00;3683.877571784442;4988.140666666666;['pressure', 'precipitation', 'temperature']
2026-02-18 21:00:00;3604.8442681616616;3943.082;['pressure', 'precipitation', 'temperature']
2026-02-18 22:00:00;3650.5329301378883;3280.73875;['pressure', 'precipitation', 'temperature']
2026-02-18 23:00:00;4206.490924236875;4189.85225;['pressure', 'precipitation', 'temperature']
2026-02-19 00:00:00;3728.558851850023;3798.69625;['pressure', 'precipitation', 'temperature']
2026-02-19 01:00:00;3894.4087592270544;3470.1565;['pressure', 'precipitation', 'temperature']
2026-02-19 02:00:00;3510.243590900512;3887.978;['pressure', 'precipitation', 'temperature']
2026-02-19 03:00:00;3537.036049944846;3463.55225;['pressure', 'precipitation', 'temperature']
2026-02-19 04:00:00;3503.1070321967118;3694.54025;['pressure', 'precipitation', 'temperature']
2026-02-19 05:00:00;3418.44158806851;4024.671;['pressure', 'precipitation', 'temperature']
2026-02-19 06:00:00;3775.3832712503695;3976.81075;['pressure', 'precipitation', 'temperature']
2026-02-19 07:00:00;3972.035989719574;4254.63175;['pressure', 'precipitation', 'temperature']
2026-02-19 08:00:00;4068.888660935545;5451.65625;['pressure', 'precipitation', 'temperature']
2026-02-19 09:00:00;4341.092948197711;4617.72725;['pressure', 'precipitation', 'temperature']
2026-02-19 10:00:00;3621.719780568118;4048.07275;['pressure', 'precipitation', 'temperature']
2026-02-19 11:00:00;3906.7983079613664;4006.33275;['pressure', 'precipitation', 'temperature']
2026-02-19 12:00:00;3594.3737828569356;2886.07425;['pressure', 'precipitation', 'temperature']
2026-02-19 13:00:00;3397.9431057538004;3151.84075;['pressure', 'precipitation', 'temperature']
2026-02-19 14:00:00;3783.264753394308;2118.81075;['pressure', 'precipitation', 'temperature']
2026-02-19 15:00:00;3810.0855615400587;2872.442;['pressure', 'precipitation', 'temperature']
2026-02-19 16:00:00;3840.715202453749;3774.00675;['pressure', 'precipitation', 'temperature']
2026-02-19 17:00:00;4751.651060808912;5136.79725;['pressure', 'precipitation', 'temperature']
2026-02-19 18:00:00;4939.216420979103;5757.4375;['pressure', 'precipitation', 'temperature']
2026-02-19 19:00:00;4137.802081815239;2808.28475;['pressure', 'precipitation', 'temperature']
2026-02-19 20:00:00;4228.441054274219;4316.30025;['pressure', 'precipitation', 'temperature']
2026-02-19 21:00:00;3716.1015145876695;4116.61075;['pressure', 'precipitation', 'temperature']
2026-02-19 22:00:00;4095.380060114113;3227.96925;['pressure', 'precipitation', 'temperature']
2026-02-19 23:00:00;3925.8295096474;3393.52525;['pressure', 'precipitation', 'temperature']
2026-02-20 00:00:00;3591.4443081768172;3867.99625;['pressure', 'precipitation', 'temperature']
2026-02-20 01:00:00;3680.0644102891033;3100.64225;['pressure', 'precipitation', 'temperature']
2026-02-20 02:00:00;3318.414281594779;2828.1715;['pressure', 'precipitation', 'temperature']
2026-02-20 03:00:00;3209.1808040108463;4158.9235;['pressure', 'precipitation', 'temperature']
2026-02-20 04:00:00;3354.477918987024;3933.11075;['pressure', 'precipitation', 'temperature']
2026-02-20 05:00:00;3469.1286131707493;3965.08175;['pressure', 'precipitation', 'temperature']
2026-02-20 06:00:00;3555.6349837925645;3080.9115;['pressure', 'precipitation', 'temperature']
2026-02-20 07:00:00;3864.2260344653755;4425.24725;['pressure', 'precipitation', 'temperature']
2026-02-20 08:00:00;3475.4191306573603;5264.822999999999;['pressure', 'precipitation', 'temperature']
2026-02-20 09:00:00;4268.396351227365;3476.0955;['pressure', 'precipitation', 'temperature']
2026-02-20 10:00:00;3931.6842236006646;3282.589;['pressure', 'precipitation', 'temperature']
2026-02-20 11:00:00;3928.530941897463;3600.80525;['pressure', 'precipitation', 'temperature']
2026-02-20 12:00:00;3805.1807967485533;4432.64325;['pressure', 'precipitation', 'temperature']
2026-02-20 13:00:00;3476.2249897216493;2361.1320000000005;['pressure', 'precipitation', 'temperature']
2026-02-20 14:00:00;3790.700736486263;1551.0443333333333;['pressure', 'precipitation', 'temperature']
2026-02-20 15:00:00;3559.6922487324846;2872.442;['pressure', 'precipitation', 'temperature']
2026-02-20 16:00:00;3879.8249907476884;3774.00675;['pressure', 'precipitation', 'temperature']
2026-02-20 17:00:00;4517.239486704102;5136.79725;['pressure', 'precipitation', 'temperature']
2026-02-20 18:00:00;5458.325656201618;5177.334;['pressure', 'precipitation', 'temperature']
2026-02-20 19:00:00;3729.103506498522;5452.91475;['pressure', 'precipitation', 'temperature']
2026-02-20 20:00:00;4179.894374234301;5548.0960000000005;['pressure', 'precipitation', 'temperature']
2026-02-20 21:00:00;3926.9283957007433;4351.4605;['pressure', 'precipitation', 'temperature']
2026-02-20 22:00:00;3443.496613310668;4562.4445;['pressure', 'precipitation', 'temperature']
2026-02-20 23:00:00;3587.6142328309784;3240.04275;['pressure', 'precipitation', 'temperature']
2026-01-20 00:00:00;3404.4242697194004;3324.11425;['wind_speed', 'pressure', 'precipitation', 'temperature']
2026-01-20 01:00:00;3331.431467776827;3196.69175;['wind_speed', 'pressure', 'precipitation', 'temperature']
2026-01-20 02:00:00;3186.8344120938978;3564.13325;['wind_speed', 'pressure', 'precipitation', 'temperature']
2026-01-20 03:00:00;2902.2318365703577;2707.383;['wind_speed', 'pressure', 'precipitation', 'temperature']
2026-01-20 04:00:00;3380.253302792992;2789.41325;['wind_speed', 'pressure', 'precipitation', 'temperature']
2026-01-20 05:00:00;3114.8912079549727;2898.3705;['wind_speed', 'pressure', 'precipitation', 'temperature']
2026-01-20 06:00:00;3186.344272016824;3033.4665;['wind_speed', 'pressure', 'precipitation', 'temperature']
2026-01-20 07:00:00;3411.7232664540625;3828.01275;['wind_speed', 'pressure', 'precipitation', 'temperature']
2026-01-20 08:00:00;3434.4916564312634;3828.861;['wind_speed', 'pressure', 'precipitation', 'temperature']
2026-01-20 09:00:00;3249.684103416649;3481.7545;['wind_speed', 'pressure', 'precipitation', 'temperature']
2026-01-20 10:00:00;3127.6561016864;3349.58575;['wind_speed', 'pressure', 'precipitation', 'temperature']
2026-01-20 11:00:00;3119.205002364186;2320.389;['wind_speed', 'pressure', 'precipitation', 'temperature']
2026-01-20 12:00:00;3504.598996358434;1065.9830000000002;['wind_speed', 'pressure', 'precipitation', 'temperature']
2026-01-20 13:00:00;3499.678735474667;2686.33025;['wind_speed', 'pressure', 'precipitation', 'temperature']
2026-01-20 14:00:00;3404.6766227179837;3281.29675;['wind_speed', 'pressure', 'precipitation', 'temperature']
2026-01-20 15:00:00;3706.5022968666653;2185.54725;['wind_speed', 'pressure', 'precipitation', 'temperature']
2026-01-20 16:00:00;3490.1598274068;3583.29175;['wind_speed', 'pressure', 'precipitation', 'temperature']
2026-01-20 17:00:00;3362.912487702042;5103.80775;['wind_speed', 'pressure', 'precipitation', 'temperature']
2026-01-20 18:00:00;3417.790400569407;5433.498250000001;['wind_speed', 'pressure', 'precipitation', 'temperature']
2026-01-20 19:00:00;3813.4731631903865;3254.337;['wind_speed', 'pressure', 'precipitation', 'temperature']
2026-01-20 20:00:00;3661.274012075828;4163.027;['wind_speed', 'pressure', 'precipitation', 'temperature']
2026-01-20 21:00:00;3564.20448955776;3972.6565;['wind_speed', 'pressure', 'precipitation', 'temperature']
2026-01-20 22:00:00;3293.376967847349;3771.60525;['wind_speed', 'pressure', 'precipitation', 'temperature']
2026-01-20 23:00:00;3205.849299405235;3864.2335;['wind_speed', 'pressure', 'precipitation', 'temperature']
2026-01-21 00:00:00;3809.928740357845;3600.33125;['wind_speed', 'pressure', 'precipitation', 'temperature']
2026-01-21 01:00:00;3472.5811427268245;3360.08675;['wind_speed', 'pressure', 'precipitation', 'temperature']
2026-01-21 02:00:00;3494.3686332423554;3005.55825;['wind_speed', 'pressure', 'precipitation', 'temperature']
2026-01-21 03:00:00;3169.6435372084707;3117.1915;['wind_speed', 'pressure', 'precipitation', 'temperature']
2026-01-21 04:00:00;3234.9786496163547;3537.741;['wind_speed', 'pressure', 'precipitation', 'temperature']
2026-01-21 05:00:00;3296.3631076699526;3386.89575;['wind_speed', 'pressure', 'precipitation', 'temperature']
2026-01-21 06:00:00;3364.048734014961;2914.7335;['wind_speed', 'pressure', 'precipitation', 'temperature']
2026-01-21 07:00:00;3543.973130029757;4593.3165;['wind_speed', 'pressure', 'precipitation', 'temperature']
2026-01-21 08:00:00;3427.2375781976325;4870.53275;['wind_speed', 'pressure', 'precipitation', 'temperature']
2026-01-21 09:00:00;3432.156395832746;2633.8055;['wind_speed', 'pressure', 'precipitation', 'temperature']
2026-01-21 10:00:00;3448.2249513545203;1883.37975;['wind_speed', 'pressure', 'precipitation', 'temperature']
2026-01-21 11:00:00;3402.404519864711;1246.6372500000002;['wind_speed', 'pressure', 'precipitation', 'temperature']
2026-01-21 12:00:00;3119.9669899086934;3255.17325;['wind_speed', 'pressure', 'precipitation', 'temperature']
2026-01-21 13:00:00;3515.118167776197;3642.69175;['wind_speed', 'pressure', 'precipitation', 'temperature']
2026-01-21 14:00:00;3470.4948623085434;3443.1165;['wind_speed', 'pressure', 'precipitation', 'temperature']
2026-01-21 15:00:00;3341.0440826871145;2767.1085000000003;['wind_speed', 'pressure', 'precipitation', 'temperature']
2026-01-21 16:00:00;3862.891966165037;2878.73225;['wind_speed', 'pressure', 'precipitation', 'temperature']
2026-01-21 17:00:00;3629.41626901575;5212.20875;['wind_speed', 'pressure', 'precipitation', 'temperature']
2026-01-21 18:00:00;4039.71088618227;5884.1085;['wind_speed', 'pressure', 'precipitation', 'temperature']
2026-01-21 19:00:00;3485.4187028404936;5043.75125;['wind_speed', 'pressure', 'precipitation', 'temperature']
2026-01-21 20:00:00;3881.231032208187;4514.99425;['wind_speed', 'pressure', 'precipitation', 'temperature']
2026-01-21 21:00:00;3931.371254791537;3905.21425;['wind_speed', 'pressure', 'precipitation', 'temperature']
2026-01-21 22:00:00;3847.6519977502317;4084.417;['wind_speed', 'pressure', 'precipitation', 'temperature']
2026-01-21 23:00:00;3753.423299517275;3505.25175;['wind_speed', 'pressure', 'precipitation', 'temperature']
2026-01-22 00:00:00;3767.7042472330486;4382.88325;['wind_speed', 'pressure', 'precipitation', 'temperature']
2026-01-22 01:00:00;3727.071556190423;3667.35;['wind_speed', 'pressure', 'precipitation', 'temperature']
2026-01-22 02:00:00;3521.4014142448486;3949.475;['wind_speed', 'pressure', 'precipitation', 'temperature']
2026-01-22 03:00:00;3566.310422184389;3619.1745;['wind_speed', 'pressure', 'precipitation', 'temperature']
2026-01-22 04:00:00;3786.17453251726;3195.02325;['wind_speed', 'pressure', 'precipitation', 'temperature']
2026-01-22 05:00:00;3501.531762800558;3207.64475;['wind_speed', 'pressure', 'precipitation', 'temperature']
2026-01-22 06:00:00;3479.308377663313;3834.892;['wind_speed', 'pressure', 'precipitation', 'temperature']
2026-01-22 07:00:00;4010.8026769632256;3332.436;['wind_speed', 'pressure', 'precipitation', 'temperature']
2026-01-22 08:00:00;4180.786423825854;4101.32475;['wind_speed', 'pressure', 'precipitation', 'temperature']
2026-01-22 09:00:00;3083.237101051838;2792.25975;['wind_speed', 'pressure', 'precipitation', 'temperature']
2026-01-22 10:00:00;2915.0332635443174;3343.5355;['wind_speed', 'pressure', 'precipitation', 'temperature']
2026-01-22 11:00:00;3281.742039671972;1024.81275;['wind_speed', 'pressure', 'precipitation', 'temperature']
2026-01-22 12:00:00;3272.5938640923832;2345.626;['wind_speed', 'pressure', 'precipitation', 'temperature']
2026-01-22 13:00:00;3728.062809555071;4000.7015;['wind_speed', 'pressure', 'precipitation', 'temperature']
2026-01-22 14:00:00;3939.549984926267;3066.969;['wind_speed', 'pressure', 'precipitation', 'temperature']
2026-01-22 15:00:00;3325.1473901106465;2576.49325;['wind_speed', 'pressure', 'precipitation', 'temperature']
2026-01-22 16:00:00;3776.6111454430657;4892.4605;['wind_speed', 'pressure', 'precipitation', 'temperature']
2026-01-22 17:00:00;4040.753222891666;4693.0;['wind_speed', 'pressure', 'precipitation', 'temperature']
2026-01-22 18:00:00;4830.577404319095;5675.33575;['wind_speed', 'pressure', 'precipitation', 'temperature']
2026-01-22 19:00:00;5153.721934149655;5423.83425;['wind_speed', 'pressure', 'precipitation', 'temperature']
2026-01-22 20:00:00;4283.474113594311;5436.4;['wind_speed', 'pressure', 'precipitation', 'temperature']
2026-01-22 21:00:00;4072.701327437777;3945.58875;['wind_speed', 'pressure', 'precipitation', 'temperature']
2026-01-22 22:00:00;4093.8710278622493;3972.6965;['wind_speed', 'pressure', 'precipitation', 'temperature']
2026-01-22 23:00:00;3452.221372443135;2663.9855;['wind_speed', 'pressure', 'precipitation', 'temperature']
2026-01-23 00:00:00;3689.4704935980362;3361.307;['wind_speed', 'pressure', 'precipitation', 'temperature']
2026-01-23 01:00:00;3654.221765696666;3379.777;['wind_speed', 'pressure', 'precipitation', 'temperature']
2026-01-23 02:00:00;3780.605695233618;3830.91175;['wind_speed', 'pressure', 'precipitation', 'temperature']
2026-01-23 03:00:00;3507.524905011894;3616.4825;['wind_speed', 'pressure', 'precipitation', 'temperature']
2026-01-23 04:00:00;3581.264917254966;3049.29125;['wind_speed', 'pressure', 'precipitation', 'temperature']
2026-01-23 05:00:00;3399.8625110725693;3813.81625;['wind_speed', 'pressure', 'precipitation', 'temperature']
2026-01-23 06:00:00;3694.0130102722733;2841.50725;['wind_speed', 'pressure', 'precipitation', 'temperature']
2026-01-23 07:00:00;3757.210049619963;3103.87025;['wind_speed', 'pressure', 'precipitation', 'temperature']
2026-01-23 08:00:00;4067.8870562760767;769.03125;['wind_speed', 'pressure', 'precipitation', 'temperature']
2026-01-23 09:00:00;3136.2086419188554;1197.06775;['wind_speed', 'pressure', 'precipitation', 'temperature']
2026-01-23 10:00:00;3283.6549374837614;2176.22575;['wind_speed', 'pressure', 'precipitation', 'temperature']
2026-01-23 11:00:00;2485.6313928985087;2017.9665;['wind_speed', 'pressure', 'precipitation', 'temperature']
2026-01-23 12:00:00;2907.4394424183456;3823.25725;['wind_speed', 'pressure', 'precipitation', 'temperature']
2026-01-23 13:00:00;3724.68148303893;2267.88875;['wind_speed', 'pressure', 'precipitation', 'temperature']
2026-01-23 14:00:00;3588.6439297995844;3227.23325;['wind_speed', 'pressure', 'precipitation', 'temperature']
2026-01-23 15:00:00;3239.696644910603;2640.10975;['wind_speed', 'pressure', 'precipitation', 'temperature']
2026-01-23 16:00:00;4492.956376868104;4200.918250000001;['wind_speed', 'pressure', 'precipitation', 'temperature']
2026-01-23 17:00:00;4646.728118074072;4261.9315;['wind_speed', 'pressure', 'precipitation', 'temperature']
2026-01-23 18:00:00;4452.839226136772;3950.993750000001;['wind_speed', 'pressure', 'precipitation', 'temperature']
2026-01-23 19:00:00;3665.7505015920315;3119.8;['wind_speed', 'pressure', 'precipitation', 'temperature']
2026-01-23 20:00:00;4087.307900405802;3737.94975;['wind_speed', 'pressure', 'precipitation', 'temperature']
2026-01-23 21:00:00;4206.131617602643;3837.417;['wind_speed', 'pressure', 'precipitation', 'temperature']
2026-01-23 22:00:00;4236.041330344893;3223.48975;['wind_speed', 'pressure', 'precipitation', 'temperature']
2026-01-23 23:00:00;3590.0369484145267;2826.59125;['wind_speed', 'pressure', 'precipitation', 'temperature']
2026-01-24 00:00:00;3404.147996472007;2617.28325;['wind_speed', 'pressure', 'precipitation', 'temperature']
2026-01-24 01:00:00;3191.3267106982407;3046.392;['wind_speed', 'pressure', 'precipitation', 'temperature']
2026-01-24 02:00:00;3317.24755214158;3411.9126666666666;['wind_speed', 'pressure', 'precipitation', 'temperature']
2026-01-24 03:00:00;2899.9331618718033;2343.45825;['wind_speed', 'pressure', 'precipitation', 'temperature']
2026-01-24 04:00:00;2979.351739852081;2843.999;['wind_speed', 'pressure', 'precipitation', 'temperature']
2026-01-24 05:00:00;3131.707809404343;2873.38325;['wind_speed', 'pressure', 'precipitation', 'temperature']
2026-01-24 06:00:00;2798.3974125315885;2907.02775;['wind_speed', 'pressure', 'precipitation', 'temperature']
2026-01-24 07:00:00;3082.552610165713;2334.60825;['wind_speed', 'pressure', 'precipitation', 'temperature']
2026-01-24 08:00:00;3010.057950917244;2823.44275;['wind_speed', 'pressure', 'precipitation', 'temperature']
2026-01-24 09:00:00;1956.7425917168114;2442.53925;['wind_speed', 'pressure', 'precipitation', 'temperature']
2026-01-24 10:00:00;2372.6799265609984;2516.7375;['wind_speed', 'pressure', 'precipitation', 'temperature']
2026-01-24 11:00:00;2271.0587501672003;3611.406;['wind_speed', 'pressure', 'precipitation', 'temperature']
2026-01-24 12:00:00;2870.193704206495;4243.43825;['wind_speed', 'pressure', 'precipitation', 'temperature']
2026-01-24 13:00:00;2542.5848172185297;2192.474;['wind_speed', 'pressure', 'precipitation', 'temperature']
2026-01-24 14:00:00;2977.9432285295093;3156.505;['wind_speed', 'pressure', 'precipitation', 'temperature']
2026-01-24 15:00:00;2562.037087997989;2829.875;['wind_speed', 'pressure', 'precipitation', 'temperature']
2026-01-24 16:00:00;3532.698202079161;4099.4695;['wind_speed', 'pressure', 'precipitation', 'temperature']
2026-01-24 17:00:00;3722.233737190291;5198.8237500000005;['wind_speed', 'pressure', 'precipitation', 'temperature']
2026-01-24 18:00:00;4163.498424624011;4884.75125;['wind_speed', 'pressure', 'precipitation', 'temperature']
2026-01-24 19:00:00;3260.977145908626;2075.6825;['wind_speed', 'pressure', 'precipitation', 'temperature']
2026-01-24 20:00:00;3517.8692080578367;4323.9585;['wind_speed', 'pressure', 'precipitation', 'temperature']
2026-01-24 21:00:00;3404.049736998051;3607.17925;['wind_speed', 'pressure', 'precipitation', 'temperature']
2026-01-24 22:00:00;3201.9435986419294;3738.1285;['wind_speed', 'pressure', 'precipitation', 'temperature']
2026-01-24 23:00:00;2626.036943690476;3432.4435;['wind_speed', 'pressure', 'precipitation', 'temperature']
2026-01-25 00:00:00;3303.918250175499;3474.86325;['wind_speed', 'pressure', 'precipitation', 'temperature']
2026-01-25 01:00:00;3228.4439589810245;3669.751;['wind_speed', 'pressure', 'precipitation', 'temperature']
2026-01-25 02:00:00;3429.855110379224;4048.164;['wind_speed', 'pressure', 'precipitation', 'temperature']
2026-01-25 03:00:00;2851.1854429334403;2848.222;['wind_speed', 'pressure', 'precipitation', 'temperature']
2026-01-25 04:00:00;3079.580844902735;2863.81;['wind_speed', 'pressure', 'precipitation', 'temperature']
2026-01-25 05:00:00;3017.8798556230354;3194.791;['wind_speed', 'pressure', 'precipitation', 'temperature']
2026-01-25 06:00:00;3037.2944036286385;3292.455;['wind_speed', 'pressure', 'precipitation', 'temperature']
2026-01-25 07:00:00;2944.5362477977965;2925.93075;['wind_speed', 'pressure', 'precipitation', 'temperature']
2026-01-25 08:00:00;3233.907292327756;2567.88425;['wind_speed', 'pressure', 'precipitation', 'temperature']
2026-01-25 09:00:00;2720.9152066764577;2779.9095;['wind_speed', 'pressure', 'precipitation', 'temperature']
2026-01-25 10:00:00;2679.484411253143;4691.433;['wind_speed', 'pressure', 'precipitation', 'temperature']
2026-01-25 11:00:00;2992.5683292923313;4666.953;['wind_speed', 'pressure', 'precipitation', 'temperature']
2026-01-25 12:00:00;3493.161609670645;4243.43825;['wind_speed', 'pressure', 'precipitation', 'temperature']
2026-01-25 13:00:00;2710.199873524949;2192.474;['wind_speed', 'pressure', 'precipitation', 'temperature']
2026-01-25 14:00:00;3222.1713283909667;3354.488666666666;['wind_speed', 'pressure', 'precipitation', 'temperature']
2026-01-25 15:00:00;3129.4229519260834;2592.30825;['wind_speed', 'pressure', 'precipitation', 'temperature']
2026-01-25 16:00:00;3860.6768855098903;2440.2725;['wind_speed', 'pressure', 'precipitation', 'temperature']
2026-01-25 17:00:00;4125.020672050085;4202.912;['wind_speed', 'pressure', 'precipitation', 'temperature']
2026-01-25 18:00:00;4633.871372548694;1737.12275;['wind_speed', 'pressure', 'precipitation', 'temperature']
2026-01-25 19:00:00;3690.160713949767;958.94425;['wind_speed', 'pressure', 'precipitation', 'temperature']
2026-01-25 20:00:00;4033.6429905047225;3723.2195;['wind_speed', 'pressure', 'precipitation', 'temperature']
2026-01-25 21:00:00;3522.4803095666666;2804.4895;['wind_speed', 'pressure', 'precipitation', 'temperature']
2026-01-25 22:00:00;3788.44731201489;3094.9155;['wind_speed', 'pressure', 'precipitation', 'temperature']
2026-01-25 23:00:00;3285.7499047004594;2390.568;['wind_speed', 'pressure', 'precipitation', 'temperature']
2026-01-26 00:00:00;2717.504020869341;3275.88325;['wind_speed', 'pressure', 'precipitation', 'temperature']
2026-01-26 01:00:00;3035.402659359462;2851.27575;['wind_speed', 'pressure', 'precipitation', 'temperature']
2026-01-26 02:00:00;3277.999286655561;2314.45425;['wind_speed', 'pressure', 'precipitation', 'temperature']
2026-01-26 03:00:00;2579.5927982384255;2804.119;['wind_speed', 'pressure', 'precipitation', 'temperature']
2026-01-26 04:00:00;4167.747892895726;1930.60775;['wind_speed', 'pressure', 'precipitation', 'temperature']
2026-01-26 05:00:00;4239.313565992943;2723.21625;['wind_speed', 'pressure', 'precipitation', 'temperature']
2026-01-26 06:00:00;2879.289975539032;2888.58725;['wind_speed', 'pressure', 'precipitation', 'temperature']
2026-01-26 07:00:00;2823.003445157613;2713.859;['wind_speed', 'pressure', 'precipitation', 'temperature']
2026-01-26 08:00:00;2561.2535690667023;4417.67925;['wind_speed', 'pressure', 'precipitation', 'temperature']
2026-01-26 09:00:00;2503.432574821402;3356.1275;['wind_speed', 'pressure', 'precipitation', 'temperature']
2026-01-26 10:00:00;3347.4406036152277;3438.948;['wind_speed', 'pressure', 'precipitation', 'temperature']
2026-01-26 11:00:00;3184.828327798317;3563.75175;['wind_speed', 'pressure', 'precipitation', 'temperature']
2026-01-26 12:00:00;3241.3047742635954;2427.02325;['wind_speed', 'pressure', 'precipitation', 'temperature']
2026-01-26 13:00:00;2158.0729447725944;2582.1835;['wind_speed', 'pressure', 'precipitation', 'temperature']
2026-01-26 14:00:00;2945.0506603425383;2928.6145;['wind_speed', 'pressure', 'precipitation', 'temperature']
2026-01-26 15:00:00;2635.124121901977;3789.735;['wind_speed', 'pressure', 'precipitation', 'temperature']
2026-01-26 16:00:00;2711.8001537850478;4572.9445;['wind_speed', 'pressure', 'precipitation', 'temperature']
2026-01-26 17:00:00;3461.0065595112874;5266.107;['wind_speed', 'pressure', 'precipitation', 'temperature']
2026-01-26 18:00:00;2816.413251284418;4283.08325;['wind_speed', 'pressure', 'precipitation', 'temperature']
2026-01-26 19:00:00;2077.2962429288627;2424.01675;['wind_speed', 'pressure', 'precipitation', 'temperature']
2026-01-26 20:00:00;3420.327716080706;4279.203;['wind_speed', 'pressure', 'precipitation', 'temperature']
2026-01-26 21:00:00;3099.472113973463;3742.166;['wind_speed', 'pressure', 'precipitation', 'temperature']
2026-01-26 22:00:00;3139.0424604926584;4314.9745;['wind_speed', 'pressure', 'precipitation', 'temperature']
2026-01-26 23:00:00;2551.139935633343;2969.2475;['wind_speed', 'pressure', 'precipitation', 'temperature']
2026-01-27 00:00:00;3449.4828036024683;2830.22625;['wind_speed', 'pressure', 'precipitation', 'temperature']
2026-01-27 01:00:00;3233.985419918665;2744.937;['wind_speed', 'pressure', 'precipitation', 'temperature']
2026-01-27 02:00:00;3157.5956830439427;3257.3167500000004;['wind_speed', 'pressure', 'precipitation', 'temperature']
2026-01-27 03:00:00;3036.152669777733;2912.7870000000003;['wind_speed', 'pressure', 'precipitation', 'temperature']
2026-01-27 04:00:00;2910.9766118291054;2666.22525;['wind_speed', 'pressure', 'precipitation', 'temperature']
2026-01-27 05:00:00;3080.660559265544;2944.02975;['wind_speed', 'pressure', 'precipitation', 'temperature']
2026-01-27 06:00:00;3175.79790190136;3157.67;['wind_speed', 'pressure', 'precipitation', 'temperature']
2026-01-27 07:00:00;3140.900463863953;4838.0755;['wind_speed', 'pressure', 'precipitation', 'temperature']
2026-01-27 08:00:00;3736.435368749705;4393.29025;['wind_speed', 'pressure', 'precipitation', 'temperature']
2026-01-27 09:00:00;3104.6332157092234;5051.76225;['wind_speed', 'pressure', 'precipitation', 'temperature']
2026-01-27 10:00:00;3308.7964605969773;2729.127;['wind_speed', 'pressure', 'precipitation', 'temperature']
2026-01-27 11:00:00;3325.786615437057;5356.0235;['wind_speed', 'pressure', 'precipitation', 'temperature']
2026-01-27 12:00:00;2797.0941889564847;4141.3775000000005;['wind_speed', 'pressure', 'precipitation', 'temperature']
2026-01-27 13:00:00;2699.501700916574;5016.7125;['wind_speed', 'pressure', 'precipitation', 'temperature']
2026-01-27 14:00:00;3352.5635159479243;4572.88175;['wind_speed', 'pressure', 'precipitation', 'temperature']
2026-01-27 15:00:00;3487.086111264459;5905.1945;['wind_speed', 'pressure', 'precipitation', 'temperature']
2026-01-27 16:00:00;4220.502975518615;3749.44675;['wind_speed', 'pressure', 'precipitation', 'temperature']
2026-01-27 17:00:00;4105.909095154258;4949.617;['wind_speed', 'pressure', 'precipitation', 'temperature']
2026-01-27 18:00:00;4478.256564838856;4155.69975;['wind_speed', 'pressure', 'precipitation', 'temperature']
2026-01-27 19:00:00;3613.9416294655907;2501.7875;['wind_speed', 'pressure', 'precipitation', 'temperature']
2026-01-27 20:00:00;4199.026611925168;4555.15975;['wind_speed', 'pressure', 'precipitation', 'temperature']
2026-01-27 21:00:00;3831.3151244096607;4213.807;['wind_speed', 'pressure', 'precipitation', 'temperature']
2026-01-27 22:00:00;4034.678359492931;3972.591;['wind_speed', 'pressure', 'precipitation', 'temperature']
2026-01-27 23:00:00;3098.2656715440735;2477.69175;['wind_speed', 'pressure', 'precipitation', 'temperature']
2026-01-28 00:00:00;3144.4877448551388;2930.86175;['wind_speed', 'pressure', 'precipitation', 'temperature']
2026-01-28 01:00:00;3475.989036133209;2799.0625;['wind_speed', 'pressure', 'precipitation', 'temperature']
2026-01-28 02:00:00;3626.9999157868224;2599.72025;['wind_speed', 'pressure', 'precipitation', 'temperature']
2026-01-28 03:00:00;3316.7922715043997;2659.1175000000003;['wind_speed', 'pressure', 'precipitation', 'temperature']
2026-01-28 04:00:00;3451.842354657591;2997.5885;['wind_speed', 'pressure', 'precipitation', 'temperature']
2026-01-28 05:00:00;3408.7262858433905;3240.1315;['wind_speed', 'pressure', 'precipitation', 'temperature']
2026-01-28 06:00:00;3542.003893814299;3348.08375;['wind_speed', 'pressure', 'precipitation', 'temperature']
2026-01-28 07:00:00;4188.30321925779;2768.882;['wind_speed', 'pressure', 'precipitation', 'temperature']
2026-01-28 08:00:00;3905.6201352570415;3758.438;['wind_speed', 'pressure', 'precipitation', 'temperature']
2026-01-28 09:00:00;4391.636415644069;4153.29825;['wind_speed', 'pressure', 'precipitation', 'temperature']
2026-01-28 10:00:00;3473.0840867738607;3485.40875;['wind_speed', 'pressure', 'precipitation', 'temperature']
2026-01-28 11:00:00;4402.807551011064;2457.739;['wind_speed', 'pressure', 'precipitation', 'temperature']
2026-01-28 12:00:00;3845.882674422868;2199.971;['wind_speed', 'pressure', 'precipitation', 'temperature']
2026-01-28 13:00:00;4314.203457581956;2714.47975;['wind_speed', 'pressure', 'precipitation', 'temperature']
2026-01-28 14:00:00;4115.403798053233;2314.87675;['wind_speed', 'pressure', 'precipitation', 'temperature']
2026-01-28 15:00:00;4703.139177610868;2226.03375;['wind_speed', 'pressure', 'precipitation', 'temperature']
2026-01-28 16:00:00;4172.317682201921;2161.29975;['wind_speed', 'pressure', 'precipitation', 'temperature']
2026-01-28 17:00:00;4664.393173140762;4241.76125;['wind_speed', 'pressure', 'precipitation', 'temperature']
2026-01-28 18:00:00;4359.614073741398;4462.1295;['wind_speed', 'pressure', 'precipitation', 'temperature']
2026-01-28 19:00:00;3529.0520237027335;3273.2575;['wind_speed', 'pressure', 'precipitation', 'temperature']
2026-01-28 20:00:00;4541.058617500978;4066.16375;['wind_speed', 'pressure', 'precipitation', 'temperature']
2026-01-28 21:00:00;4237.8985517715255;3350.293;['wind_speed', 'pressure', 'precipitation', 'temperature']
2026-01-28 22:00:00;4111.668206594914;3015.4385;['wind_speed', 'pressure', 'precipitation', 'temperature']
2026-01-28 23:00:00;3391.09397488302;2959.08775;['wind_speed', 'pressure', 'precipitation', 'temperature']
2026-01-29 00:00:00;3114.633063091064;3130.11525;['wind_speed', 'pressure', 'precipitation', 'temperature']
2026-01-29 01:00:00;2922.4153005737116;2990.9015;['wind_speed', 'pressure', 'precipitation', 'temperature']
2026-01-29 02:00:00;3188.982718262791;3271.22725;['wind_speed', 'pressure', 'precipitation', 'temperature']
2026-01-29 03:00:00;2936.300005681355;3629.855;['wind_speed', 'pressure', 'precipitation', 'temperature']
2026-01-29 04:00:00;2778.7086639050913;2829.71625;['wind_speed', 'pressure', 'precipitation', 'temperature']
2026-01-29 05:00:00;2941.9769373692498;3074.8425;['wind_speed', 'pressure', 'precipitation', 'temperature']
2026-01-29 06:00:00;3032.725799179696;2983.11375;['wind_speed', 'pressure', 'precipitation', 'temperature']
2026-01-29 07:00:00;2969.854508135023;2818.86525;['wind_speed', 'pressure', 'precipitation', 'temperature']
2026-01-29 08:00:00;3365.2840054699045;2361.08125;['wind_speed', 'pressure', 'precipitation', 'temperature']
2026-01-29 09:00:00;3464.0573622853626;3292.206;['wind_speed', 'pressure', 'precipitation', 'temperature']
2026-01-29 10:00:00;3027.7720034983995;3860.7405;['wind_speed', 'pressure', 'precipitation', 'temperature']
2026-01-29 11:00:00;2839.778041236943;4322.213;['wind_speed', 'pressure', 'precipitation', 'temperature']
2026-01-29 12:00:00;3026.7039220208862;3233.9055;['wind_speed', 'pressure', 'precipitation', 'temperature']
2026-01-29 13:00:00;2843.839541798975;3161.515;['wind_speed', 'pressure', 'precipitation', 'temperature']
2026-01-29 14:00:00;2906.9503867302165;3518.00425;['wind_speed', 'pressure', 'precipitation', 'temperature']
2026-01-29 15:00:00;2858.127739601369;3397.26675;['wind_speed', 'pressure', 'precipitation', 'temperature']
2026-01-29 16:00:00;3130.231486498482;3804.59875;['wind_speed', 'pressure', 'precipitation', 'temperature']
2026-01-29 17:00:00;4333.94446079452;3048.346;['wind_speed', 'pressure', 'precipitation', 'temperature']
2026-01-29 18:00:00;4206.0689190659605;3831.81075;['wind_speed', 'pressure', 'precipitation', 'temperature']
2026-01-29 19:00:00;2921.5131974854767;4592.51725;['wind_speed', 'pressure', 'precipitation', 'temperature']
2026-01-29 20:00:00;3585.6993286336615;3198.797;['wind_speed', 'pressure', 'precipitation', 'temperature']
2026-01-29 21:00:00;3050.884183371527;3905.9085;['wind_speed', 'pressure', 'precipitation', 'temperature']
2026-01-29 22:00:00;2958.89965354182;2584.36575;['wind_speed', 'pressure', 'precipitation', 'temperature']
2026-01-29 23:00:00;2685.9256915790083;2977.50875;['wind_speed', 'pressure', 'precipitation', 'temperature']
2026-01-30 00:00:00;3265.1368938291453;2930.24125;['wind_speed', 'pressure', 'precipitation', 'temperature']
2026-01-30 01:00:00;3175.8611613432217;3045.52575;['wind_speed', 'pressure', 'precipitation', 'temperature']
2026-01-30 02:00:00;3349.436636069218;3382.778;['wind_speed', 'pressure', 'precipitation', 'temperature']
2026-01-30 03:00:00;3136.0122813376374;2108.5750000000003;['wind_speed', 'pressure', 'precipitation', 'temperature']
2026-01-30 04:00:00;3080.6920364664506;2711.36825;['wind_speed', 'pressure', 'precipitation', 'temperature']
2026-01-30 05:00:00;3069.048701294834;2823.3405;['wind_speed', 'pressure', 'precipitation', 'temperature']
2026-01-30 06:00:00;3165.2524185253187;2810.056;['wind_speed', 'pressure', 'precipitation', 'temperature']
2026-01-30 07:00:00;3209.4624670296157;2569.47575;['wind_speed', 'pressure', 'precipitation', 'temperature']
2026-01-30 08:00:00;3083.5334889959686;3011.00925;['wind_speed', 'pressure', 'precipitation', 'temperature']
2026-01-30 09:00:00;3378.6030143542202;3970.83225;['wind_speed', 'pressure', 'precipitation', 'temperature']
2026-01-30 10:00:00;3399.0782521626684;4316.86625;['wind_speed', 'pressure', 'precipitation', 'temperature']
2026-01-30 11:00:00;3461.6380276738355;3255.9585;['wind_speed', 'pressure', 'precipitation', 'temperature']
2026-01-30 12:00:00;3170.965654243361;3856.16275;['wind_speed', 'pressure', 'precipitation', 'temperature']
2026-01-30 13:00:00;3163.679353462496;5804.923;['wind_speed', 'pressure', 'precipitation', 'temperature']
2026-01-30 14:00:00;3293.4925054717355;3518.00425;['wind_speed', 'pressure', 'precipitation', 'temperature']
2026-01-30 15:00:00;3488.2572962685695;3397.26675;['wind_speed', 'pressure', 'precipitation', 'temperature']
2026-01-30 16:00:00;3559.2854112393366;2872.316;['wind_speed', 'pressure', 'precipitation', 'temperature']
2026-01-30 17:00:00;3457.0649688790636;4624.5915;['wind_speed', 'pressure', 'precipitation', 'temperature']
2026-01-30 18:00:00;3821.729519587629;3331.67425;['wind_speed', 'pressure', 'precipitation', 'temperature']
2026-01-30 19:00:00;3561.571413709399;2540.943;['wind_speed', 'pressure', 'precipitation', 'temperature']
2026-01-30 20:00:00;3614.505078218646;3665.77125;['wind_speed', 'pressure', 'precipitation', 'temperature']
2026-01-30 21:00:00;3804.457742088964;2802.63575;['wind_speed', 'pressure', 'precipitation', 'temperature']
2026-01-30 22:00:00;3396.756648262179;3011.39175;['wind_speed', 'pressure', 'precipitation', 'temperature']
2026-01-30 23:00:00;3023.041213056984;2593.54575;['wind_speed', 'pressure', 'precipitation', 'temperature']
2026-01-31 00:00:00;2947.6901469143986;3173.0025;['wind_speed', 'pressure', 'precipitation', 'temperature']
2026-01-31 01:00:00;2964.4439452430847;3842.7335;['wind_speed', 'pressure', 'precipitation', 'temperature']
2026-01-31 02:00:00;3186.9500338793373;3099.48925;['wind_speed', 'pressure', 'precipitation', 'temperature']
2026-01-31 03:00:00;2577.829587601815;3333.14125;['wind_speed', 'pressure', 'precipitation', 'temperature']
2026-01-31 04:00:00;2851.416941871436;2831.7290000000003;['wind_speed', 'pressure', 'precipitation', 'temperature']
2026-01-31 05:00:00;2886.717929504692;2721.9165000000003;['wind_speed', 'pressure', 'precipitation', 'temperature']
2026-01-31 06:00:00;2947.497948054707;3373.83025;['wind_speed', 'pressure', 'precipitation', 'temperature']
2026-01-31 07:00:00;2761.9850407446415;3361.293;['wind_speed', 'pressure', 'precipitation', 'temperature']
2026-01-31 08:00:00;3026.6554486107;3424.02625;['wind_speed', 'pressure', 'precipitation', 'temperature']
2026-01-31 09:00:00;3215.9647934465074;3892.46575;['wind_speed', 'pressure', 'precipitation', 'temperature']
2026-01-31 10:00:00;3386.2764616727873;4093.56525;['wind_speed', 'pressure', 'precipitation', 'temperature']
2026-01-31 11:00:00;3021.185535936032;3468.38725;['wind_speed', 'pressure', 'precipitation', 'temperature']
2026-01-31 12:00:00;2966.840404441912;3645.032;['wind_speed', 'pressure', 'precipitation', 'temperature']
2026-01-31 13:00:00;3540.621872759665;3006.9835;['wind_speed', 'pressure', 'precipitation', 'temperature']
2026-01-31 14:00:00;3135.5136152086093;3079.298;['wind_speed', 'pressure', 'precipitation', 'temperature']
2026-01-31 15:00:00;3168.9675268211968;3843.243;['wind_speed', 'pressure', 'precipitation', 'temperature']
2026-01-31 16:00:00;3313.291515191801;2761.37025;['wind_speed', 'pressure', 'precipitation', 'temperature']
2026-01-31 17:00:00;3923.8333034550087;2594.62925;['wind_speed', 'pressure', 'precipitation', 'temperature']
2026-01-31 18:00:00;3805.2353031671128;5439.38975;['wind_speed', 'pressure', 'precipitation', 'temperature']
2026-01-31 19:00:00;3102.630559899578;4224.091;['wind_speed', 'pressure', 'precipitation', 'temperature']
2026-01-31 20:00:00;3741.7099478130835;3178.35475;['wind_speed', 'pressure', 'precipitation', 'temperature']
2026-01-31 21:00:00;3290.3319731636;4102.47225;['wind_speed', 'pressure', 'precipitation', 'temperature']
2026-01-31 22:00:00;3297.9855559271646;4452.82625;['wind_speed', 'pressure', 'precipitation', 'temperature']
2026-01-31 23:00:00;2766.9198379053673;1587.8345;['wind_speed', 'pressure', 'precipitation', 'temperature']
2026-02-01 00:00:00;2719.8753178209504;1227.2925;['wind_speed', 'pressure', 'precipitation', 'temperature']
2026-02-01 01:00:00;3258.4413573283628;986.55825;['wind_speed', 'pressure', 'precipitation', 'temperature']
2026-02-01 02:00:00;3318.72066497393;523.318;['wind_speed', 'pressure', 'precipitation', 'temperature']
2026-02-01 03:00:00;2840.8327078521247;419.4962499999999;['wind_speed', 'pressure', 'precipitation', 'temperature']
2026-02-01 04:00:00;3088.314601682209;809.1597499999999;['wind_speed', 'pressure', 'precipitation', 'temperature']
2026-02-01 05:00:00;3096.2038339517726;879.83475;['wind_speed', 'pressure', 'precipitation', 'temperature']
2026-02-01 06:00:00;3097.1662697341008;644.55125;['wind_speed', 'pressure', 'precipitation', 'temperature']
2026-02-01 07:00:00;3104.2377524662215;2779.7565000000004;['wind_speed', 'pressure', 'precipitation', 'temperature']
2026-02-01 08:00:00;3226.891522400232;4242.7392500000005;['wind_speed', 'pressure', 'precipitation', 'temperature']
2026-02-01 09:00:00;3477.721213444211;4539.58225;['wind_speed', 'pressure', 'precipitation', 'temperature']
2026-02-01 10:00:00;3323.9104885517477;3902.5285;['wind_speed', 'pressure', 'precipitation', 'temperature']
2026-02-01 11:00:00;3090.7482712845917;3690.70825;['wind_speed', 'pressure', 'precipitation', 'temperature']
2026-02-01 12:00:00;3218.980710952905;3770.9095;['wind_speed', 'pressure', 'precipitation', 'temperature']
2026-02-01 13:00:00;3147.8972819821197;3929.826;['wind_speed', 'pressure', 'precipitation', 'temperature']
2026-02-01 14:00:00;3639.3346333780196;2997.2215;['wind_speed', 'pressure', 'precipitation', 'temperature']
2026-02-01 15:00:00;3371.0507111344373;3139.48325;['wind_speed', 'pressure', 'precipitation', 'temperature']
2026-02-01 16:00:00;3260.388451983827;4010.29575;['wind_speed', 'pressure', 'precipitation', 'temperature']
2026-02-01 17:00:00;3170.8003409548046;3188.33075;['wind_speed', 'pressure', 'precipitation', 'temperature']
2026-02-01 18:00:00;4225.470291190826;4498.370000000001;['wind_speed', 'pressure', 'precipitation', 'temperature']
2026-02-01 19:00:00;3558.7649810055423;5959.908;['wind_speed', 'pressure', 'precipitation', 'temperature']
2026-02-01 20:00:00;3694.641516166039;2655.0615;['wind_speed', 'pressure', 'precipitation', 'temperature']
2026-02-01 21:00:00;3713.1667885404236;4070.45725;['wind_speed', 'pressure', 'precipitation', 'temperature']
2026-02-01 22:00:00;3653.0452152184407;3704.6875;['wind_speed', 'pressure', 'precipitation', 'temperature']
2026-02-01 23:00:00;2659.625020086449;4307.6215;['wind_speed', 'pressure', 'precipitation', 'temperature']
2026-02-02 00:00:00;3400.683333287398;4194.2355;['wind_speed', 'pressure', 'precipitation', 'temperature']
2026-02-02 01:00:00;3141.3164142168707;3838.329;['wind_speed', 'pressure', 'precipitation', 'temperature']
2026-02-02 02:00:00;2954.673663022451;3883.407;['wind_speed', 'pressure', 'precipitation', 'temperature']
2026-02-02 03:00:00;2538.3885956107883;2908.932;['wind_speed', 'pressure', 'precipitation', 'temperature']
2026-02-02 04:00:00;2884.1648815501217;3679.78875;['wind_speed', 'pressure', 'precipitation', 'temperature']
2026-02-02 05:00:00;2700.419762210725;2860.6365;['wind_speed', 'pressure', 'precipitation', 'temperature']
2026-02-02 06:00:00;2503.435143975631;3718.30325;['wind_speed', 'pressure', 'precipitation', 'temperature']
2026-02-02 07:00:00;3220.7161687858174;4196.75575;['wind_speed', 'pressure', 'precipitation', 'temperature']
2026-02-02 08:00:00;3611.490601585847;3431.86475;['wind_speed', 'pressure', 'precipitation', 'temperature']
2026-02-02 09:00:00;3584.2408613743305;3188.44575;['wind_speed', 'pressure', 'precipitation', 'temperature']
2026-02-02 10:00:00;3384.859319483123;3551.37525;['wind_speed', 'pressure', 'precipitation', 'temperature']
2026-02-02 11:00:00;3316.52527254684;3092.7580000000003;['wind_speed', 'pressure', 'precipitation', 'temperature']
2026-02-02 12:00:00;3307.5731209001897;2944.382;['wind_speed', 'pressure', 'precipitation', 'temperature']
2026-02-02 13:00:00;3444.7591733563268;3419.67125;['wind_speed', 'pressure', 'precipitation', 'temperature']
2026-02-02 14:00:00;3224.70607036423;2483.34625;['wind_speed', 'pressure', 'precipitation', 'temperature']
2026-02-02 15:00:00;3225.013453830877;3997.7985;['wind_speed', 'pressure', 'precipitation', 'temperature']
2026-02-02 16:00:00;3560.594390662396;3957.9355;['wind_speed', 'pressure', 'precipitation', 'temperature']
2026-02-02 17:00:00;3617.140182503701;6156.93275;['wind_speed', 'pressure', 'precipitation', 'temperature']
2026-02-02 18:00:00;4087.254245698622;5374.7855;['wind_speed', 'pressure', 'precipitation', 'temperature']
2026-02-02 19:00:00;4579.22349509735;4602.8735;['wind_speed', 'pressure', 'precipitation', 'temperature']
2026-02-02 20:00:00;3601.7319103492446;4762.261;['wind_speed', 'pressure', 'precipitation', 'temperature']
2026-02-02 21:00:00;3757.502471529859;2763.79025;['wind_speed', 'pressure', 'precipitation', 'temperature']
2026-02-02 22:00:00;3387.955607295292;3169.481;['wind_speed', 'pressure', 'precipitation', 'temperature']
2026-02-02 23:00:00;3244.3297866251405;2885.26125;['wind_speed', 'pressure', 'precipitation', 'temperature']
2026-02-03 00:00:00;3300.2175797395835;3208.07325;['wind_speed', 'pressure', 'precipitation', 'temperature']
2026-02-03 01:00:00;3246.386595464989;2903.31075;['wind_speed', 'pressure', 'precipitation', 'temperature']
2026-02-03 02:00:00;3115.381252819602;2636.27025;['wind_speed', 'pressure', 'precipitation', 'temperature']
2026-02-03 03:00:00;2918.290627350697;3501.708;['wind_speed', 'pressure', 'precipitation', 'temperature']
2026-02-03 04:00:00;3220.4029126132486;3136.13775;['wind_speed', 'pressure', 'precipitation', 'temperature']
2026-02-03 05:00:00;2968.5861262185945;3059.192;['wind_speed', 'pressure', 'precipitation', 'temperature']
2026-02-03 06:00:00;3419.9378252215906;3381.67525;['wind_speed', 'pressure', 'precipitation', 'temperature']
2026-02-03 07:00:00;3554.112314900984;2936.9875;['wind_speed', 'pressure', 'precipitation', 'temperature']
2026-02-03 08:00:00;3447.391261948179;2881.34175;['wind_speed', 'pressure', 'precipitation', 'temperature']
2026-02-03 09:00:00;3765.8735327681115;3689.56575;['wind_speed', 'pressure', 'precipitation', 'temperature']
2026-02-03 10:00:00;3599.870247963422;4700.9365;['wind_speed', 'pressure', 'precipitation', 'temperature']
2026-02-03 11:00:00;3971.403087468922;4837.66625;['wind_speed', 'pressure', 'precipitation', 'temperature']
2026-02-03 12:00:00;3113.3702043640533;3223.52525;['wind_speed', 'pressure', 'precipitation', 'temperature']
2026-02-03 13:00:00;3795.539285054744;3071.254;['wind_speed', 'pressure', 'precipitation', 'temperature']
2026-02-03 14:00:00;3340.997556429323;4405.00475;['wind_speed', 'pressure', 'precipitation', 'temperature']
2026-02-03 15:00:00;3684.1696665930567;3237.20825;['wind_speed', 'pressure', 'precipitation', 'temperature']
2026-02-03 16:00:00;3265.0399335084235;4089.68875;['wind_speed', 'pressure', 'precipitation', 'temperature']
2026-02-03 17:00:00;4549.103660267861;5304.03325;['wind_speed', 'pressure', 'precipitation', 'temperature']
2026-02-03 18:00:00;4338.1983668206985;5559.15675;['wind_speed', 'pressure', 'precipitation', 'temperature']
2026-02-03 19:00:00;4563.715194826021;3708.947;['wind_speed', 'pressure', 'precipitation', 'temperature']
2026-02-03 20:00:00;4044.889588898931;3665.57175;['wind_speed', 'pressure', 'precipitation', 'temperature']
2026-02-03 21:00:00;3289.4846866342154;3451.28325;['wind_speed', 'pressure', 'precipitation', 'temperature']
2026-02-03 22:00:00;3541.586658581572;3417.2;['wind_speed', 'pressure', 'precipitation', 'temperature']
2026-02-03 23:00:00;3189.2387278173896;4015.31775;['wind_speed', 'pressure', 'precipitation', 'temperature']
2026-02-04 00:00:00;3851.1283764097248;3004.00075;['wind_speed', 'pressure', 'precipitation', 'temperature']
2026-02-04 01:00:00;3623.5979749245466;3396.32175;['wind_speed', 'pressure', 'precipitation', 'temperature']
2026-02-04 02:00:00;3539.1055483478344;3114.4585;['wind_speed', 'pressure', 'precipitation', 'temperature']
2026-02-04 03:00:00;3426.942369596758;2805.3185;['wind_speed', 'pressure', 'precipitation', 'temperature']
2026-02-04 04:00:00;3392.9858778274975;2795.15475;['wind_speed', 'pressure', 'precipitation', 'temperature']
2026-02-04 05:00:00;3123.679454270014;2969.17225;['wind_speed', 'pressure', 'precipitation', 'temperature']
2026-02-04 06:00:00;3272.5952714988357;3460.06175;['wind_speed', 'pressure', 'precipitation', 'temperature']
2026-02-04 07:00:00;3532.4038601349375;3189.5730000000003;['wind_speed', 'pressure', 'precipitation', 'temperature']
2026-02-04 08:00:00;3391.1745898075064;3796.666;['wind_speed', 'pressure', 'precipitation', 'temperature']
2026-02-04 09:00:00;3486.882658580284;3479.20375;['wind_speed', 'pressure', 'precipitation', 'temperature']
2026-02-04 10:00:00;3616.2898778796753;4332.7065;['wind_speed', 'pressure', 'precipitation', 'temperature']
2026-02-04 11:00:00;3545.9905743937506;2879.26525;['wind_speed', 'pressure', 'precipitation', 'temperature']
2026-02-04 12:00:00;3410.1764515115988;2504.1825;['wind_speed', 'pressure', 'precipitation', 'temperature']
2026-02-04 13:00:00;3318.6377958128514;2285.1665;['wind_speed', 'pressure', 'precipitation', 'temperature']
2026-02-04 14:00:00;3781.2233271036303;1426.6965;['wind_speed', 'pressure', 'precipitation', 'temperature']
2026-02-04 15:00:00;3886.090889882351;1973.97525;['wind_speed', 'pressure', 'precipitation', 'temperature']
2026-02-04 16:00:00;4385.637137276203;3078.4485;['wind_speed', 'pressure', 'precipitation', 'temperature']
2026-02-04 17:00:00;4246.660863143879;3131.75175;['wind_speed', 'pressure', 'precipitation', 'temperature']
2026-02-04 18:00:00;4569.170297235556;3145.325;['wind_speed', 'pressure', 'precipitation', 'temperature']
2026-02-04 19:00:00;3705.5574758360185;2937.0585;['wind_speed', 'pressure', 'precipitation', 'temperature']
2026-02-04 20:00:00;3739.715514379719;2372.80775;['wind_speed', 'pressure', 'precipitation', 'temperature']
2026-02-04 21:00:00;3992.297861544932;2626.7202500000003;['wind_speed', 'pressure', 'precipitation', 'temperature']
2026-02-04 22:00:00;3699.4432369117635;3097.12075;['wind_speed', 'pressure', 'precipitation', 'temperature']
2026-02-04 23:00:00;3435.4337459814315;2309.46375;['wind_speed', 'pressure', 'precipitation', 'temperature']
2026-02-05 00:00:00;2401.3070349925;2383.21975;['wind_speed', 'pressure', 'precipitation', 'temperature']
2026-02-05 01:00:00;2795.182871038247;2960.2615;['wind_speed', 'pressure', 'precipitation', 'temperature']
2026-02-05 02:00:00;2732.4946250258067;2172.40875;['wind_speed', 'pressure', 'precipitation', 'temperature']
2026-02-05 03:00:00;2633.757299873049;2315.36425;['wind_speed', 'pressure', 'precipitation', 'temperature']
2026-02-05 04:00:00;2674.861077925474;2231.8865;['wind_speed', 'pressure', 'precipitation', 'temperature']
2026-02-05 05:00:00;2685.0672908996203;2299.616;['wind_speed', 'pressure', 'precipitation', 'temperature']
2026-02-05 06:00:00;3015.5897351436465;2751.74825;['wind_speed', 'pressure', 'precipitation', 'temperature']
2026-02-05 07:00:00;3142.880374821617;2285.11125;['wind_speed', 'pressure', 'precipitation', 'temperature']
2026-02-05 08:00:00;3519.855714868385;2690.5555;['wind_speed', 'pressure', 'precipitation', 'temperature']
2026-02-05 09:00:00;3296.664986406814;2209.523;['wind_speed', 'pressure', 'precipitation', 'temperature']
2026-02-05 10:00:00;2893.7782856928943;2035.103;['wind_speed', 'pressure', 'precipitation', 'temperature']
2026-02-05 11:00:00;2373.2910584372503;3871.413;['wind_speed', 'pressure', 'precipitation', 'temperature']
2026-02-05 12:00:00;3022.5105708893643;2481.76625;['wind_speed', 'pressure', 'precipitation', 'temperature']
2026-02-05 13:00:00;2818.517350237922;2475.083;['wind_speed', 'pressure', 'precipitation', 'temperature']
2026-02-05 14:00:00;2464.300824981384;2266.7945;['wind_speed', 'pressure', 'precipitation', 'temperature']
2026-02-05 15:00:00;2636.3125434756807;3025.16625;['wind_speed', 'pressure', 'precipitation', 'temperature']
2026-02-05 16:00:00;3057.447524804104;3120.888;['wind_speed', 'pressure', 'precipitation', 'temperature']
2026-02-05 17:00:00;4012.7223819908295;5058.1865;['wind_speed', 'pressure', 'precipitation', 'temperature']
2026-02-05 18:00:00;3750.3830460541767;4388.71075;['wind_speed', 'pressure', 'precipitation', 'temperature']
2026-02-05 19:00:00;3729.883323006446;2322.8345;['wind_speed', 'pressure', 'precipitation', 'temperature']
2026-02-05 20:00:00;3402.1077053437793;2892.934;['wind_speed', 'pressure', 'precipitation', 'temperature']
2026-02-05 21:00:00;3579.3709829587415;2691.11;['wind_speed', 'pressure', 'precipitation', 'temperature']
2026-02-05 22:00:00;3524.6156527523326;2040.70725;['wind_speed', 'pressure', 'precipitation', 'temperature']
2026-02-05 23:00:00;2801.7794404977776;2318.614;['wind_speed', 'pressure', 'precipitation', 'temperature']
2026-02-06 00:00:00;2351.313845835046;2417.388;['wind_speed', 'pressure', 'precipitation', 'temperature']
2026-02-06 01:00:00;2470.688938053051;3028.649;['wind_speed', 'pressure', 'precipitation', 'temperature']
2026-02-06 02:00:00;2419.405703487775;2456.4425;['wind_speed', 'pressure', 'precipitation', 'temperature']
2026-02-06 03:00:00;2301.754817728459;1991.96825;['wind_speed', 'pressure', 'precipitation', 'temperature']
2026-02-06 04:00:00;2384.0952540650433;2168.60175;['wind_speed', 'pressure', 'precipitation', 'temperature']
2026-02-06 05:00:00;2413.250039686525;2554.5777500000004;['wind_speed', 'pressure', 'precipitation', 'temperature']
2026-02-06 06:00:00;2645.6798739618007;2480.9035;['wind_speed', 'pressure', 'precipitation', 'temperature']
2026-02-06 07:00:00;2797.021434327513;2516.1095;['wind_speed', 'pressure', 'precipitation', 'temperature']
2026-02-06 08:00:00;2940.6980469827486;2358.27875;['wind_speed', 'pressure', 'precipitation', 'temperature']
2026-02-06 09:00:00;3055.168695686496;3043.82875;['wind_speed', 'pressure', 'precipitation', 'temperature']
2026-02-06 10:00:00;2972.5534723984847;1863.571;['wind_speed', 'pressure', 'precipitation', 'temperature']
2026-02-06 11:00:00;2889.622347386612;1953.389;['wind_speed', 'pressure', 'precipitation', 'temperature']
2026-02-06 12:00:00;2805.898673139807;2709.674;['wind_speed', 'pressure', 'precipitation', 'temperature']
2026-02-06 13:00:00;2399.146171806702;2834.37725;['wind_speed', 'pressure', 'precipitation', 'temperature']
2026-02-06 14:00:00;2517.108192101681;3653.3685;['wind_speed', 'pressure', 'precipitation', 'temperature']
2026-02-06 15:00:00;2792.7141359137204;3025.16625;['wind_speed', 'pressure', 'precipitation', 'temperature']
2026-02-06 16:00:00;3207.4758900585603;3120.888;['wind_speed', 'pressure', 'precipitation', 'temperature']
2026-02-06 17:00:00;3508.6456552498394;5058.1865;['wind_speed', 'pressure', 'precipitation', 'temperature']
2026-02-06 18:00:00;3990.170360218104;4388.71075;['wind_speed', 'pressure', 'precipitation', 'temperature']
2026-02-06 19:00:00;3132.199599932168;2322.8345;['wind_speed', 'pressure', 'precipitation', 'temperature']
2026-02-06 20:00:00;3275.067626474381;2892.934;['wind_speed', 'pressure', 'precipitation', 'temperature']
2026-02-06 21:00:00;3163.498019061395;2691.11;['wind_speed', 'pressure', 'precipitation', 'temperature']
2026-02-06 22:00:00;3003.1669917585514;2040.70725;['wind_speed', 'pressure', 'precipitation', 'temperature']
2026-02-06 23:00:00;2392.150571643627;2318.614;['wind_speed', 'pressure', 'precipitation', 'temperature']
2026-02-07 00:00:00;2371.3593279354027;2417.388;['wind_speed', 'pressure', 'precipitation', 'temperature']
2026-02-07 01:00:00;2512.828378578981;3028.649;['wind_speed', 'pressure', 'precipitation', 'temperature']
2026-02-07 02:00:00;2369.4119125352568;2456.4425;['wind_speed', 'pressure', 'precipitation', 'temperature']
2026-02-07 03:00:00;2113.151036736888;1991.96825;['wind_speed', 'pressure', 'precipitation', 'temperature']
2026-02-07 04:00:00;2230.9044507582703;2168.60175;['wind_speed', 'pressure', 'precipitation', 'temperature']
2026-02-07 05:00:00;2339.381564633094;2554.5777500000004;['wind_speed', 'pressure', 'precipitation', 'temperature']
2026-02-07 06:00:00;2433.4704265291;2480.9035;['wind_speed', 'pressure', 'precipitation', 'temperature']
2026-02-07 07:00:00;2582.2528846559885;2516.1095;['wind_speed', 'pressure', 'precipitation', 'temperature']
2026-02-07 08:00:00;2688.22444487974;2358.27875;['wind_speed', 'pressure', 'precipitation', 'temperature']
2026-02-07 09:00:00;2716.651205276573;3043.82875;['wind_speed', 'pressure', 'precipitation', 'temperature']
2026-02-07 10:00:00;2640.432556107757;1863.571;['wind_speed', 'pressure', 'precipitation', 'temperature']
2026-02-07 11:00:00;2713.3679242040726;1953.389;['wind_speed', 'pressure', 'precipitation', 'temperature']
2026-02-07 12:00:00;2612.3723107919404;2709.674;['wind_speed', 'pressure', 'precipitation', 'temperature']
2026-02-07 13:00:00;2582.953187744285;2834.37725;['wind_speed', 'pressure', 'precipitation', 'temperature']
2026-02-07 14:00:00;2617.7228475564452;3653.3685;['wind_speed', 'pressure', 'precipitation', 'temperature']
2026-02-07 15:00:00;2678.954305196169;2864.2456666666667;['wind_speed', 'pressure', 'precipitation', 'temperature']
2026-02-07 16:00:00;3016.003441303445;2075.1228333333333;['wind_speed', 'pressure', 'precipitation', 'temperature']
2026-02-07 17:00:00;3905.064890182579;1286.0;['wind_speed', 'pressure', 'precipitation', 'temperature']
2026-02-07 18:00:00;4114.766689913837;1953.83375;['wind_speed', 'pressure', 'precipitation', 'temperature']
2026-02-07 19:00:00;2874.5677967785164;1765.97475;['wind_speed', 'pressure', 'precipitation', 'temperature']
2026-02-07 20:00:00;3107.8338814454087;4467.39375;['wind_speed', 'pressure', 'precipitation', 'temperature']
2026-02-07 21:00:00;2906.2596645508747;4289.70725;['wind_speed', 'pressure', 'precipitation', 'temperature']
2026-02-07 22:00:00;3449.0584974632393;2769.21075;['wind_speed', 'pressure', 'precipitation', 'temperature']
2026-02-07 23:00:00;2215.9499828796197;2518.1585;['wind_speed', 'pressure', 'precipitation', 'temperature']
2026-02-08 00:00:00;2529.904751235523;2938.06875;['wind_speed', 'pressure', 'precipitation', 'temperature']
2026-02-08 01:00:00;2595.5287479438803;2957.5335;['wind_speed', 'pressure', 'precipitation', 'temperature']
2026-02-08 02:00:00;2402.4089305522334;1970.80175;['wind_speed', 'pressure', 'precipitation', 'temperature']
2026-02-08 03:00:00;2054.970987751278;2352.781;['wind_speed', 'pressure', 'precipitation', 'temperature']
2026-02-08 04:00:00;2168.7097560352554;2566.9445;['wind_speed', 'pressure', 'precipitation', 'temperature']
2026-02-08 05:00:00;2252.768701446312;2694.618;['wind_speed', 'pressure', 'precipitation', 'temperature']
2026-02-08 06:00:00;2948.7648924083624;3327.3340000000003;['wind_speed', 'pressure', 'precipitation', 'temperature']
2026-02-08 07:00:00;2605.8257070528807;2645.92225;['wind_speed', 'pressure', 'precipitation', 'temperature']
2026-02-08 08:00:00;2700.106323683823;2682.03925;['wind_speed', 'pressure', 'precipitation', 'temperature']
2026-02-08 09:00:00;3082.1979777471324;2049.55625;['wind_speed', 'pressure', 'precipitation', 'temperature']
2026-02-08 10:00:00;2413.232400939719;3419.758;['wind_speed', 'pressure', 'precipitation', 'temperature']
2026-02-08 11:00:00;2354.3275284162733;3716.1535;['wind_speed', 'pressure', 'precipitation', 'temperature']
2026-02-08 12:00:00;2523.881717314071;3340.28175;['wind_speed', 'pressure', 'precipitation', 'temperature']
2026-02-08 13:00:00;2647.7017627412815;2959.019;['wind_speed', 'pressure', 'precipitation', 'temperature']
2026-02-08 14:00:00;2754.06867544735;2486.248;['wind_speed', 'pressure', 'precipitation', 'temperature']
2026-02-08 15:00:00;2705.043758858734;2433.7925;['wind_speed', 'pressure', 'precipitation', 'temperature']
2026-02-08 16:00:00;2874.4073631163155;3127.31125;['wind_speed', 'pressure', 'precipitation', 'temperature']
2026-02-08 17:00:00;3483.99730786782;2999.37275;['wind_speed', 'pressure', 'precipitation', 'temperature']
2026-02-08 18:00:00;3778.2771731878156;5183.34525;['wind_speed', 'pressure', 'precipitation', 'temperature']
2026-02-08 19:00:00;3157.9340966706177;3736.658;['wind_speed', 'pressure', 'precipitation', 'temperature']
2026-02-08 20:00:00;3734.9154531703866;2797.79775;['wind_speed', 'pressure', 'precipitation', 'temperature']
2026-02-08 21:00:00;2914.972290824165;4569.61725;['wind_speed', 'pressure', 'precipitation', 'temperature']
2026-02-08 22:00:00;2856.167231187547;3223.9255000000003;['wind_speed', 'pressure', 'precipitation', 'temperature']
2026-02-08 23:00:00;2296.6401843751873;2572.21625;['wind_speed', 'pressure', 'precipitation', 'temperature']
2026-02-09 00:00:00;2183.5057065308824;2426.5875;['wind_speed', 'pressure', 'precipitation', 'temperature']
2026-02-09 01:00:00;2764.854837153875;2814.69075;['wind_speed', 'pressure', 'precipitation', 'temperature']
2026-02-09 02:00:00;2675.7293709405776;2158.1762500000004;['wind_speed', 'pressure', 'precipitation', 'temperature']
2026-02-09 03:00:00;2224.6301162058226;2665.0825;['wind_speed', 'pressure', 'precipitation', 'temperature']
2026-02-09 04:00:00;2714.6361779782874;2046.7645;['wind_speed', 'pressure', 'precipitation', 'temperature']
2026-02-09 05:00:00;2503.2542960048786;3459.894;['wind_speed', 'pressure', 'precipitation', 'temperature']
2026-02-09 06:00:00;2756.8987296043547;2796.855;['wind_speed', 'pressure', 'precipitation', 'temperature']
2026-02-09 07:00:00;2152.5622618048646;2588.22925;['wind_speed', 'pressure', 'precipitation', 'temperature']
2026-02-09 08:00:00;2255.3051908345296;2782.715;['wind_speed', 'pressure', 'precipitation', 'temperature']
2026-02-09 09:00:00;2761.9216358243516;2941.144;['wind_speed', 'pressure', 'precipitation', 'temperature']
2026-02-09 10:00:00;3057.592574505591;2378.2555;['wind_speed', 'pressure', 'precipitation', 'temperature']
2026-02-09 11:00:00;2981.155916615241;1645.005;['wind_speed', 'pressure', 'precipitation', 'temperature']
2026-02-09 12:00:00;2667.759411124181;2864.45375;['wind_speed', 'pressure', 'precipitation', 'temperature']
2026-02-09 13:00:00;2602.9666709061507;3099.12325;['wind_speed', 'pressure', 'precipitation', 'temperature']
2026-02-09 14:00:00;2629.3649159334345;2231.92525;['wind_speed', 'pressure', 'precipitation', 'temperature']
2026-02-09 15:00:00;2671.6371736684255;1882.14975;['wind_speed', 'pressure', 'precipitation', 'temperature']
2026-02-09 16:00:00;3262.8711579762835;2290.892;['wind_speed', 'pressure', 'precipitation', 'temperature']
2026-02-09 17:00:00;3513.785341471788;3762.23375;['wind_speed', 'pressure', 'precipitation', 'temperature']
2026-02-09 18:00:00;4158.753947200545;3246.77025;['wind_speed', 'pressure', 'precipitation', 'temperature']
2026-02-09 19:00:00;3198.629361400923;3761.3245;['wind_speed', 'pressure', 'precipitation', 'temperature']
2026-02-09 20:00:00;3402.99291921885;3345.93475;['wind_speed', 'pressure', 'precipitation', 'temperature']
2026-02-09 21:00:00;3142.2199614297924;3058.4565;['wind_speed', 'pressure', 'precipitation', 'temperature']
2026-02-09 22:00:00;3021.8156743848103;3274.3425;['wind_speed', 'pressure', 'precipitation', 'temperature']
2026-02-09 23:00:00;2643.2014362699;3204.72675;['wind_speed', 'pressure', 'precipitation', 'temperature']
2026-02-10 00:00:00;2895.0630376959407;2312.257;['wind_speed', 'pressure', 'precipitation', 'temperature']
2026-02-10 01:00:00;2897.6083495077637;2445.75475;['wind_speed', 'pressure', 'precipitation', 'temperature']
2026-02-10 02:00:00;2638.568939618028;2738.38875;['wind_speed', 'pressure', 'precipitation', 'temperature']
2026-02-10 03:00:00;2427.16472732497;2507.56425;['wind_speed', 'pressure', 'precipitation', 'temperature']
2026-02-10 04:00:00;2379.5243818006297;2972.28575;['wind_speed', 'pressure', 'precipitation', 'temperature']
2026-02-10 05:00:00;2543.1300940961564;2894.95425;['wind_speed', 'pressure', 'precipitation', 'temperature']
2026-02-10 06:00:00;2557.3758604778723;3762.406;['wind_speed', 'pressure', 'precipitation', 'temperature']
2026-02-10 07:00:00;2761.4811680137764;2580.2795;['wind_speed', 'pressure', 'precipitation', 'temperature']
2026-02-10 08:00:00;2880.003391538925;4036.3455;['wind_speed', 'pressure', 'precipitation', 'temperature']
2026-02-10 09:00:00;2772.8179186776033;3671.19375;['wind_speed', 'pressure', 'precipitation', 'temperature']
2026-02-10 10:00:00;3026.155644901511;2416.94175;['wind_speed', 'pressure', 'precipitation', 'temperature']
2026-02-10 11:00:00;2861.820238126994;2677.89175;['wind_speed', 'pressure', 'precipitation', 'temperature']
2026-02-10 12:00:00;2442.1101118529323;1806.73475;['wind_speed', 'pressure', 'precipitation', 'temperature']
2026-02-10 13:00:00;2662.1977563364835;3154.1665;['wind_speed', 'pressure', 'precipitation', 'temperature']
2026-02-10 14:00:00;2710.6319485217373;2227.19575;['wind_speed', 'pressure', 'precipitation', 'temperature']
2026-02-10 15:00:00;2469.2182338944676;2543.43525;['wind_speed', 'pressure', 'precipitation', 'temperature']
2026-02-10 16:00:00;2920.9363436507756;2576.265;['wind_speed', 'pressure', 'precipitation', 'temperature']
2026-02-10 17:00:00;3875.614599517683;5342.617;['wind_speed', 'pressure', 'precipitation', 'temperature']
2026-02-10 18:00:00;4033.560030027921;5926.32475;['wind_speed', 'pressure', 'precipitation', 'temperature']
2026-02-10 19:00:00;3120.3067739468006;3875.02825;['wind_speed', 'pressure', 'precipitation', 'temperature']
2026-02-10 20:00:00;3378.7134994385015;4273.53175;['wind_speed', 'pressure', 'precipitation', 'temperature']
2026-02-10 21:00:00;3031.4862619606884;2881.09475;['wind_speed', 'pressure', 'precipitation', 'temperature']
2026-02-10 22:00:00;2879.455242742005;2286.139;['wind_speed', 'pressure', 'precipitation', 'temperature']
2026-02-10 23:00:00;2578.4222044859266;3057.192;['wind_speed', 'pressure', 'precipitation', 'temperature']
2026-02-11 00:00:00;2771.009125457539;2366.50825;['wind_speed', 'pressure', 'precipitation', 'temperature']
2026-02-11 01:00:00;2767.557500223499;2711.8525;['wind_speed', 'pressure', 'precipitation', 'temperature']
2026-02-11 02:00:00;2682.5465571547907;2083.15775;['wind_speed', 'pressure', 'precipitation', 'temperature']
2026-02-11 03:00:00;2411.770790553731;2465.2165000000005;['wind_speed', 'pressure', 'precipitation', 'temperature']
2026-02-11 04:00:00;2502.4568738430926;2897.0037500000003;['wind_speed', 'pressure', 'precipitation', 'temperature']
2026-02-11 05:00:00;2632.0856560273055;2676.7915000000003;['wind_speed', 'pressure', 'precipitation', 'temperature']
2026-02-11 06:00:00;2769.6427064378468;2365.58925;['wind_speed', 'pressure', 'precipitation', 'temperature']
2026-02-11 07:00:00;2770.0715932900166;3238.81225;['wind_speed', 'pressure', 'precipitation', 'temperature']
2026-02-11 08:00:00;3089.601395470908;2706.17225;['wind_speed', 'pressure', 'precipitation', 'temperature']
2026-02-11 09:00:00;2953.4775972162774;3475.922;['wind_speed', 'pressure', 'precipitation', 'temperature']
2026-02-11 10:00:00;2846.4376370734035;2244.5915;['wind_speed', 'pressure', 'precipitation', 'temperature']
2026-02-11 11:00:00;2873.679883453087;2952.637;['wind_speed', 'pressure', 'precipitation', 'temperature']
2026-02-11 12:00:00;2850.8866278067276;1686.3925;['wind_speed', 'pressure', 'precipitation', 'temperature']
2026-02-11 13:00:00;3127.216272328354;3154.1665;['wind_speed', 'pressure', 'precipitation', 'temperature']
2026-02-11 14:00:00;3050.413621633904;2227.19575;['wind_speed', 'pressure', 'precipitation', 'temperature']
2026-02-11 15:00:00;2737.6496276588905;2543.43525;['wind_speed', 'pressure', 'precipitation', 'temperature']
2026-02-11 16:00:00;3072.387872044587;2576.265;['wind_speed', 'pressure', 'precipitation', 'temperature']
2026-02-11 17:00:00;3718.154921729732;1333.5;['wind_speed', 'pressure', 'precipitation', 'temperature']
2026-02-11 18:00:00;4106.101867367285;3750.33275;['wind_speed', 'pressure', 'precipitation', 'temperature']
2026-02-11 19:00:00;2943.536729498768;3982.69175;['wind_speed', 'pressure', 'precipitation', 'temperature']
2026-02-11 20:00:00;3182.7951539760325;3578.161;['wind_speed', 'pressure', 'precipitation', 'temperature']
2026-02-11 21:00:00;2820.3607980527395;2482.21025;['wind_speed', 'pressure', 'precipitation', 'temperature']
2026-02-11 22:00:00;2672.672716432321;2358.59375;['wind_speed', 'pressure', 'precipitation', 'temperature']
2026-02-11 23:00:00;2278.972442812991;2322.409;['wind_speed', 'pressure', 'precipitation', 'temperature']
2026-02-12 00:00:00;2256.2382249216726;2297.366;['wind_speed', 'pressure', 'precipitation', 'temperature']
2026-02-12 01:00:00;2456.981716730461;2377.4665;['wind_speed', 'pressure', 'precipitation', 'temperature']
2026-02-12 02:00:00;2296.053544582381;1861.1955;['wind_speed', 'pressure', 'precipitation', 'temperature']
2026-02-12 03:00:00;2219.3695785598816;1835.98825;['wind_speed', 'pressure', 'precipitation', 'temperature']
2026-02-12 04:00:00;2212.3814367473333;1987.42975;['wind_speed', 'pressure', 'precipitation', 'temperature']
2026-02-12 05:00:00;2370.8438541452565;2928.504;['wind_speed', 'pressure', 'precipitation', 'temperature']
2026-02-12 06:00:00;2327.3261614932017;2122.81;['wind_speed', 'pressure', 'precipitation', 'temperature']
2026-02-12 07:00:00;2595.3934161249576;2338.194;['wind_speed', 'pressure', 'precipitation', 'temperature']
2026-02-12 08:00:00;2596.9650547333767;1348.37875;['wind_speed', 'pressure', 'precipitation', 'temperature']
2026-02-12 09:00:00;2582.9458430528002;928.61625;['wind_speed', 'pressure', 'precipitation', 'temperature']
2026-02-12 10:00:00;2510.761012591836;2329.8340000000003;['wind_speed', 'pressure', 'precipitation', 'temperature']
2026-02-12 11:00:00;2570.732996526007;1817.92825;['wind_speed', 'pressure', 'precipitation', 'temperature']
2026-02-12 12:00:00;2361.436878597273;3735.537;['wind_speed', 'pressure', 'precipitation', 'temperature']
2026-02-12 13:00:00;2616.698252078777;2596.203;['wind_speed', 'pressure', 'precipitation', 'temperature']
2026-02-12 14:00:00;2339.329373518217;2194.61975;['wind_speed', 'pressure', 'precipitation', 'temperature']
2026-02-12 15:00:00;2565.944179869179;1834.60225;['wind_speed', 'pressure', 'precipitation', 'temperature']
2026-02-12 16:00:00;2879.2317373678925;2180.3565;['wind_speed', 'pressure', 'precipitation', 'temperature']
2026-02-12 17:00:00;3593.7981648354544;3746.30075;['wind_speed', 'pressure', 'precipitation', 'temperature']
2026-02-12 18:00:00;3835.1455044644954;4982.87875;['wind_speed', 'pressure', 'precipitation', 'temperature']
2026-02-12 19:00:00;2985.61601792661;3386.71775;['wind_speed', 'pressure', 'precipitation', 'temperature']
2026-02-12 20:00:00;3400.8970793354465;3613.59775;['wind_speed', 'pressure', 'precipitation', 'temperature']
2026-02-12 21:00:00;2820.891844609056;3065.22725;['wind_speed', 'pressure', 'precipitation', 'temperature']
2026-02-12 22:00:00;2799.573337021044;2475.28875;['wind_speed', 'pressure', 'precipitation', 'temperature']
2026-02-12 23:00:00;2363.0179013283177;2045.159;['wind_speed', 'pressure', 'precipitation', 'temperature']
2026-02-13 00:00:00;2146.134042814795;2855.48325;['wind_speed', 'pressure', 'precipitation', 'temperature']
2026-02-13 01:00:00;2300.320582421538;2102.1375;['wind_speed', 'pressure', 'precipitation', 'temperature']
2026-02-13 02:00:00;2483.092017145061;2721.5535;['wind_speed', 'pressure', 'precipitation', 'temperature']
2026-02-13 03:00:00;1998.1679504972667;2265.05425;['wind_speed', 'pressure', 'precipitation', 'temperature']
2026-02-13 04:00:00;2014.4875021327648;2724.386;['wind_speed', 'pressure', 'precipitation', 'temperature']
2026-02-13 05:00:00;2322.095576311095;1950.27;['wind_speed', 'pressure', 'precipitation', 'temperature']
2026-02-13 06:00:00;2309.8830904824554;2676.27525;['wind_speed', 'pressure', 'precipitation', 'temperature']
2026-02-13 07:00:00;2440.1118112656286;1876.716;['wind_speed', 'pressure', 'precipitation', 'temperature']
2026-02-13 08:00:00;2538.7816051670866;3155.0185;['wind_speed', 'pressure', 'precipitation', 'temperature']
2026-02-13 09:00:00;2401.91652069385;3419.00525;['wind_speed', 'pressure', 'precipitation', 'temperature']
2026-02-13 10:00:00;2537.1042549513013;2633.61775;['wind_speed', 'pressure', 'precipitation', 'temperature']
2026-02-13 11:00:00;2465.090064302191;3832.5985;['wind_speed', 'pressure', 'precipitation', 'temperature']
2026-02-13 12:00:00;3184.760101300955;2113.4985;['wind_speed', 'pressure', 'precipitation', 'temperature']
2026-02-13 13:00:00;2558.441283422972;2406.8145;['wind_speed', 'pressure', 'precipitation', 'temperature']
2026-02-13 14:00:00;2372.263915916833;2225.23925;['wind_speed', 'pressure', 'precipitation', 'temperature']
2026-02-13 15:00:00;2363.049064706647;2112.819;['wind_speed', 'pressure', 'precipitation', 'temperature']
2026-02-13 16:00:00;2609.1915392629307;2119.783;['wind_speed', 'pressure', 'precipitation', 'temperature']
2026-02-13 17:00:00;4127.240280234917;2762.934;['wind_speed', 'pressure', 'precipitation', 'temperature']
2026-02-13 18:00:00;3095.4591996978593;3519.851;['wind_speed', 'pressure', 'precipitation', 'temperature']
2026-02-13 19:00:00;2704.988001213466;3490.8465;['wind_speed', 'pressure', 'precipitation', 'temperature']
2026-02-13 20:00:00;3184.1464152990516;3538.6712499999994;['wind_speed', 'pressure', 'precipitation', 'temperature']
2026-02-13 21:00:00;2886.721529361706;3449.1785;['wind_speed', 'pressure', 'precipitation', 'temperature']
2026-02-13 22:00:00;2640.208422204178;2324.8065;['wind_speed', 'pressure', 'precipitation', 'temperature']
2026-02-13 23:00:00;2285.0812837195504;3431.5795;['wind_speed', 'pressure', 'precipitation', 'temperature']
2026-02-14 00:00:00;2707.3095999975926;2411.443;['wind_speed', 'pressure', 'precipitation', 'temperature']
2026-02-14 01:00:00;2671.8371804334924;2943.3845;['wind_speed', 'pressure', 'precipitation', 'temperature']
2026-02-14 02:00:00;2648.7498528634505;2579.4275;['wind_speed', 'pressure', 'precipitation', 'temperature']
2026-02-14 03:00:00;2483.7201704350564;2204.52425;['wind_speed', 'pressure', 'precipitation', 'temperature']
2026-02-14 04:00:00;2483.886433882092;2660.8965000000003;['wind_speed', 'pressure', 'precipitation', 'temperature']
2026-02-14 05:00:00;2489.6392975112253;3597.15675;['wind_speed', 'pressure', 'precipitation', 'temperature']
2026-02-14 06:00:00;2745.4141970180763;2461.59075;['wind_speed', 'pressure', 'precipitation', 'temperature']
2026-02-14 07:00:00;2630.6725379701006;2936.82475;['wind_speed', 'pressure', 'precipitation', 'temperature']
2026-02-14 08:00:00;2935.4026723028837;2971.81825;['wind_speed', 'pressure', 'precipitation', 'temperature']
2026-02-14 09:00:00;2799.1349122468323;2900.61125;['wind_speed', 'pressure', 'precipitation', 'temperature']
2026-02-14 10:00:00;2680.4338531470567;2713.67975;['wind_speed', 'pressure', 'precipitation', 'temperature']
2026-02-14 11:00:00;3420.763137436445;2756.77525;['wind_speed', 'pressure', 'precipitation', 'temperature']
2026-02-14 12:00:00;2737.010409805978;3727.64475;['wind_speed', 'pressure', 'precipitation', 'temperature']
2026-02-14 13:00:00;2882.1282506532316;2757.3445;['wind_speed', 'pressure', 'precipitation', 'temperature']
2026-02-14 14:00:00;2536.043933592196;3371.52475;['wind_speed', 'pressure', 'precipitation', 'temperature']
2026-02-14 15:00:00;2660.9405687816306;3231.48225;['wind_speed', 'pressure', 'precipitation', 'temperature']
2026-02-14 16:00:00;2802.639848500159;4488.084;['wind_speed', 'pressure', 'precipitation', 'temperature']
2026-02-14 17:00:00;3994.690715971152;5352.45;['wind_speed', 'pressure', 'precipitation', 'temperature']
2026-02-14 18:00:00;4220.040202736074;6210.828;['wind_speed', 'pressure', 'precipitation', 'temperature']
2026-02-14 19:00:00;3370.039517631739;1903.77525;['wind_speed', 'pressure', 'precipitation', 'temperature']
2026-02-14 20:00:00;3046.965657496741;2630.102;['wind_speed', 'pressure', 'precipitation', 'temperature']
2026-02-14 21:00:00;2958.199120608161;4245.20475;['wind_speed', 'pressure', 'precipitation', 'temperature']
2026-02-14 22:00:00;2908.508761026589;3723.198;['wind_speed', 'pressure', 'precipitation', 'temperature']
2026-02-14 23:00:00;2883.3093270110726;3729.623;['wind_speed', 'pressure', 'precipitation', 'temperature']
2026-02-15 00:00:00;3235.4801940267002;3933.857;['wind_speed', 'pressure', 'precipitation', 'temperature']
2026-02-15 01:00:00;3181.857904090182;3709.625;['wind_speed', 'pressure', 'precipitation', 'temperature']
2026-02-15 02:00:00;3008.8399910786516;3698.68875;['wind_speed', 'pressure', 'precipitation', 'temperature']
2026-02-15 03:00:00;2791.780523764181;3668.341;['wind_speed', 'pressure', 'precipitation', 'temperature']
2026-02-15 04:00:00;2791.064525491195;3783.91125;['wind_speed', 'pressure', 'precipitation', 'temperature']
2026-02-15 05:00:00;2849.5825480791095;3444.12875;['wind_speed', 'pressure', 'precipitation', 'temperature']
2026-02-15 06:00:00;2641.80680923672;4090.44675;['wind_speed', 'pressure', 'precipitation', 'temperature']
2026-02-15 07:00:00;3004.991557813202;4660.0415;['wind_speed', 'pressure', 'precipitation', 'temperature']
2026-02-15 08:00:00;3140.0934281890886;3879.998;['wind_speed', 'pressure', 'precipitation', 'temperature']
2026-02-15 09:00:00;3385.135793795721;4359.39175;['wind_speed', 'pressure', 'precipitation', 'temperature']
2026-02-15 10:00:00;3036.508493815818;5136.501;['wind_speed', 'pressure', 'precipitation', 'temperature']
2026-02-15 11:00:00;2976.1318999972154;4608.921;['wind_speed', 'pressure', 'precipitation', 'temperature']
2026-02-15 12:00:00;3103.0935665398165;3958.311;['wind_speed', 'pressure', 'precipitation', 'temperature']
2026-02-15 13:00:00;3380.1033191130136;2757.3445;['wind_speed', 'pressure', 'precipitation', 'temperature']
2026-02-15 14:00:00;3338.1680157223564;3371.52475;['wind_speed', 'pressure', 'precipitation', 'temperature']
2026-02-15 15:00:00;3506.909083132813;3231.48225;['wind_speed', 'pressure', 'precipitation', 'temperature']
2026-02-15 16:00:00;3609.789034292151;5022.667;['wind_speed', 'pressure', 'precipitation', 'temperature']
2026-02-15 17:00:00;4234.717611659369;3789.986;['wind_speed', 'pressure', 'precipitation', 'temperature']
2026-02-15 18:00:00;4366.860649162113;1972.2715;['wind_speed', 'pressure', 'precipitation', 'temperature']
2026-02-15 19:00:00;3630.8436631547447;1211.72575;['wind_speed', 'pressure', 'precipitation', 'temperature']
2026-02-15 20:00:00;3100.63655185019;2768.893;['wind_speed', 'pressure', 'precipitation', 'temperature']
2026-02-15 21:00:00;3244.4829604406013;4284.85;['wind_speed', 'pressure', 'precipitation', 'temperature']
2026-02-15 22:00:00;3329.478158533024;3674.49175;['wind_speed', 'pressure', 'precipitation', 'temperature']
2026-02-15 23:00:00;2395.9124347558504;3857.04075;['wind_speed', 'pressure', 'precipitation', 'temperature']
2026-02-16 00:00:00;2867.7806760430303;4270.74175;['wind_speed', 'pressure', 'precipitation', 'temperature']
2026-02-16 01:00:00;3347.396854802024;4172.0475;['wind_speed', 'pressure', 'precipitation', 'temperature']
2026-02-16 02:00:00;2930.470148907074;4192.84925;['wind_speed', 'pressure', 'precipitation', 'temperature']
2026-02-16 03:00:00;2943.8029257657804;4297.218;['wind_speed', 'pressure', 'precipitation', 'temperature']
2026-02-16 04:00:00;2858.0275703241105;3792.167;['wind_speed', 'pressure', 'precipitation', 'temperature']
2026-02-16 05:00:00;2870.16099522017;3905.2105;['wind_speed', 'pressure', 'precipitation', 'temperature']
2026-02-16 06:00:00;3001.188192298462;4322.625;['wind_speed', 'pressure', 'precipitation', 'temperature']
2026-02-16 07:00:00;3034.6148358001838;5897.072;['wind_speed', 'pressure', 'precipitation', 'temperature']
2026-02-16 08:00:00;3330.213623472257;2816.22675;['wind_speed', 'pressure', 'precipitation', 'temperature']
2026-02-16 09:00:00;3755.9029015673686;3726.25825;['wind_speed', 'pressure', 'precipitation', 'temperature']
2026-02-16 10:00:00;2879.2991469207564;3709.35825;['wind_speed', 'pressure', 'precipitation', 'temperature']
2026-02-16 11:00:00;3209.8533403150195;4097.0225;['wind_speed', 'pressure', 'precipitation', 'temperature']
2026-02-16 12:00:00;3358.146241362738;4383.431500000001;['wind_speed', 'pressure', 'precipitation', 'temperature']
2026-02-16 13:00:00;3515.1514296397277;3789.0565;['wind_speed', 'pressure', 'precipitation', 'temperature']
2026-02-16 14:00:00;3139.827506723931;4607.666;['wind_speed', 'pressure', 'precipitation', 'temperature']
2026-02-16 15:00:00;3375.581217526626;4367.22325;['wind_speed', 'pressure', 'precipitation', 'temperature']
2026-02-16 16:00:00;2855.9306508694144;3437.96925;['wind_speed', 'pressure', 'precipitation', 'temperature']
2026-02-16 17:00:00;3875.4471445009913;5117.6485;['wind_speed', 'pressure', 'precipitation', 'temperature']
2026-02-16 18:00:00;4130.320571733302;5031.2195;['wind_speed', 'pressure', 'precipitation', 'temperature']
2026-02-16 19:00:00;3541.1076999826837;5013.32925;['wind_speed', 'pressure', 'precipitation', 'temperature']
2026-02-16 20:00:00;3885.4294999978138;3950.84225;['wind_speed', 'pressure', 'precipitation', 'temperature']
2026-02-16 21:00:00;3974.185440966354;3260.27925;['wind_speed', 'pressure', 'precipitation', 'temperature']
2026-02-16 22:00:00;3075.9982890977426;3727.6415;['wind_speed', 'pressure', 'precipitation', 'temperature']
2026-02-16 23:00:00;3064.415769742076;2914.66625;['wind_speed', 'pressure', 'precipitation', 'temperature']
2026-02-17 00:00:00;3446.3397295117456;3134.171;['wind_speed', 'pressure', 'precipitation', 'temperature']
2026-02-17 01:00:00;3484.92726670482;2905.419;['wind_speed', 'pressure', 'precipitation', 'temperature']
2026-02-17 02:00:00;3298.1049520603437;3407.01775;['wind_speed', 'pressure', 'precipitation', 'temperature']
2026-02-17 03:00:00;3188.5151344832275;2895.731;['wind_speed', 'pressure', 'precipitation', 'temperature']
2026-02-17 04:00:00;3246.0425749772794;3551.5375;['wind_speed', 'pressure', 'precipitation', 'temperature']
2026-02-17 05:00:00;3483.36358980931;3038.49075;['wind_speed', 'pressure', 'precipitation', 'temperature']
2026-02-17 06:00:00;3620.873152151977;2865.9880000000003;['wind_speed', 'pressure', 'precipitation', 'temperature']
2026-02-17 07:00:00;3726.8376508374135;4217.9155;['wind_speed', 'pressure', 'precipitation', 'temperature']
2026-02-17 08:00:00;3578.741991631021;4631.85375;['wind_speed', 'pressure', 'precipitation', 'temperature']
2026-02-17 09:00:00;3648.5446581548745;5666.0205000000005;['wind_speed', 'pressure', 'precipitation', 'temperature']
2026-02-17 10:00:00;3776.232085574691;3033.71925;['wind_speed', 'pressure', 'precipitation', 'temperature']
2026-02-17 11:00:00;4010.7666846409957;3668.54275;['wind_speed', 'pressure', 'precipitation', 'temperature']
2026-02-17 12:00:00;3524.3717141587676;3205.1977500000003;['wind_speed', 'pressure', 'precipitation', 'temperature']
2026-02-17 13:00:00;4038.25297508566;3569.85825;['wind_speed', 'pressure', 'precipitation', 'temperature']
2026-02-17 14:00:00;3522.6638625420082;4546.28325;['wind_speed', 'pressure', 'precipitation', 'temperature']
2026-02-17 15:00:00;3783.617590979066;3355.98275;['wind_speed', 'pressure', 'precipitation', 'temperature']
2026-02-17 16:00:00;3977.5535625699413;3155.60275;['wind_speed', 'pressure', 'precipitation', 'temperature']
2026-02-17 17:00:00;4484.203969163593;3948.281;['wind_speed', 'pressure', 'precipitation', 'temperature']
2026-02-17 18:00:00;4752.74968881813;6586.86025;['wind_speed', 'pressure', 'precipitation', 'temperature']
2026-02-17 19:00:00;3686.953819354665;2688.89675;['wind_speed', 'pressure', 'precipitation', 'temperature']
2026-02-17 20:00:00;4412.031738534139;4654.51275;['wind_speed', 'pressure', 'precipitation', 'temperature']
2026-02-17 21:00:00;4302.111412226695;3142.6025;['wind_speed', 'pressure', 'precipitation', 'temperature']
2026-02-17 22:00:00;3981.4529072071036;2652.804;['wind_speed', 'pressure', 'precipitation', 'temperature']
2026-02-17 23:00:00;3703.1477553172235;2618.7905;['wind_speed', 'pressure', 'precipitation', 'temperature']
2026-02-18 00:00:00;2934.106258341286;3148.755;['wind_speed', 'pressure', 'precipitation', 'temperature']
2026-02-18 01:00:00;3245.9306381388997;3693.88525;['wind_speed', 'pressure', 'precipitation', 'temperature']
2026-02-18 02:00:00;2872.445089792658;2656.90925;['wind_speed', 'pressure', 'precipitation', 'temperature']
2026-02-18 03:00:00;2970.781479114652;2022.2365;['wind_speed', 'pressure', 'precipitation', 'temperature']
2026-02-18 04:00:00;3132.7828695632343;2714.6582499999995;['wind_speed', 'pressure', 'precipitation', 'temperature']
2026-02-18 05:00:00;3342.023076955024;3138.4825;['wind_speed', 'pressure', 'precipitation', 'temperature']
2026-02-18 06:00:00;3501.267278631962;3251.8665;['wind_speed', 'pressure', 'precipitation', 'temperature']
2026-02-18 07:00:00;3338.426384790411;3767.39;['wind_speed', 'pressure', 'precipitation', 'temperature']
2026-02-18 08:00:00;3284.0910353334884;3704.433;['wind_speed', 'pressure', 'precipitation', 'temperature']
2026-02-18 09:00:00;3863.3672171809403;4502.9775;['wind_speed', 'pressure', 'precipitation', 'temperature']
2026-02-18 10:00:00;3860.346608335216;2839.84175;['wind_speed', 'pressure', 'precipitation', 'temperature']
2026-02-18 11:00:00;3829.078659206444;3027.432;['wind_speed', 'pressure', 'precipitation', 'temperature']
2026-02-18 12:00:00;3750.649471472308;3523.302;['wind_speed', 'pressure', 'precipitation', 'temperature']
2026-02-18 13:00:00;3651.8032851032776;3065.7345000000005;['wind_speed', 'pressure', 'precipitation', 'temperature']
2026-02-18 14:00:00;3809.4961720923825;3746.467;['wind_speed', 'pressure', 'precipitation', 'temperature']
2026-02-18 15:00:00;3540.8351466927625;3357.258;['wind_speed', 'pressure', 'precipitation', 'temperature']
2026-02-18 16:00:00;3781.9561794513074;3739.85675;['wind_speed', 'pressure', 'precipitation', 'temperature']
2026-02-18 17:00:00;4892.597036707384;5383.882;['wind_speed', 'pressure', 'precipitation', 'temperature']
2026-02-18 18:00:00;4040.463537635078;5460.044;['wind_speed', 'pressure', 'precipitation', 'temperature']
2026-02-18 19:00:00;3405.2651812002546;3423.06;['wind_speed', 'pressure', 'precipitation', 'temperature']
2026-02-18 20:00:00;3623.5097739328794;4988.140666666666;['wind_speed', 'pressure', 'precipitation', 'temperature']
2026-02-18 21:00:00;3535.783843356974;3943.082;['wind_speed', 'pressure', 'precipitation', 'temperature']
2026-02-18 22:00:00;3711.474359276072;3280.73875;['wind_speed', 'pressure', 'precipitation', 'temperature']
2026-02-18 23:00:00;4187.893695232969;4189.85225;['wind_speed', 'pressure', 'precipitation', 'temperature']
2026-02-19 00:00:00;3666.927124631395;3798.69625;['wind_speed', 'pressure', 'precipitation', 'temperature']
2026-02-19 01:00:00;4093.414282908695;3470.1565;['wind_speed', 'pressure', 'precipitation', 'temperature']
2026-02-19 02:00:00;3487.2389598580316;3887.978;['wind_speed', 'pressure', 'precipitation', 'temperature']
2026-02-19 03:00:00;3630.3671656675024;3463.55225;['wind_speed', 'pressure', 'precipitation', 'temperature']
2026-02-19 04:00:00;3613.374396698665;3694.54025;['wind_speed', 'pressure', 'precipitation', 'temperature']
2026-02-19 05:00:00;3525.501552248503;4024.671;['wind_speed', 'pressure', 'precipitation', 'temperature']
2026-02-19 06:00:00;4167.4132242533;3976.81075;['wind_speed', 'pressure', 'precipitation', 'temperature']
2026-02-19 07:00:00;4133.723321872894;4254.63175;['wind_speed', 'pressure', 'precipitation', 'temperature']
2026-02-19 08:00:00;4204.712910203123;5451.65625;['wind_speed', 'pressure', 'precipitation', 'temperature']
2026-02-19 09:00:00;4382.273246049273;4617.72725;['wind_speed', 'pressure', 'precipitation', 'temperature']
2026-02-19 10:00:00;3806.47619498157;4048.07275;['wind_speed', 'pressure', 'precipitation', 'temperature']
2026-02-19 11:00:00;4047.8523393334367;4006.33275;['wind_speed', 'pressure', 'precipitation', 'temperature']
2026-02-19 12:00:00;3589.8048055009785;2886.07425;['wind_speed', 'pressure', 'precipitation', 'temperature']
2026-02-19 13:00:00;3441.9921475018473;3151.84075;['wind_speed', 'pressure', 'precipitation', 'temperature']
2026-02-19 14:00:00;3901.502759986105;2118.81075;['wind_speed', 'pressure', 'precipitation', 'temperature']
2026-02-19 15:00:00;3884.8961084150587;2872.442;['wind_speed', 'pressure', 'precipitation', 'temperature']
2026-02-19 16:00:00;3629.171341064589;3774.00675;['wind_speed', 'pressure', 'precipitation', 'temperature']
2026-02-19 17:00:00;4793.074827898756;5136.79725;['wind_speed', 'pressure', 'precipitation', 'temperature']
2026-02-19 18:00:00;5197.508897633155;5757.4375;['wind_speed', 'pressure', 'precipitation', 'temperature']
2026-02-19 19:00:00;4142.95262502813;2808.28475;['wind_speed', 'pressure', 'precipitation', 'temperature']
2026-02-19 20:00:00;4177.863127638477;4316.30025;['wind_speed', 'pressure', 'precipitation', 'temperature']
2026-02-19 21:00:00;3980.55887795475;4116.61075;['wind_speed', 'pressure', 'precipitation', 'temperature']
2026-02-19 22:00:00;4121.566400446144;3227.96925;['wind_speed', 'pressure', 'precipitation', 'temperature']
2026-02-19 23:00:00;3810.8477591591186;3393.52525;['wind_speed', 'pressure', 'precipitation', 'temperature']
2026-02-20 00:00:00;3532.9957531841414;3867.99625;['wind_speed', 'pressure', 'precipitation', 'temperature']
2026-02-20 01:00:00;3771.2472563584392;3100.64225;['wind_speed', 'pressure', 'precipitation', 'temperature']
2026-02-20 02:00:00;3318.4817921996373;2828.1715;['wind_speed', 'pressure', 'precipitation', 'temperature']
2026-02-20 03:00:00;3218.1448562111636;4158.9235;['wind_speed', 'pressure', 'precipitation', 'temperature']
2026-02-20 04:00:00;3354.5454295918826;3933.11075;['wind_speed', 'pressure', 'precipitation', 'temperature']
2026-02-20 05:00:00;3496.9181607333485;3965.08175;['wind_speed', 'pressure', 'precipitation', 'temperature']
2026-02-20 06:00:00;3584.0665366795274;3080.9115;['wind_speed', 'pressure', 'precipitation', 'temperature']
2026-02-20 07:00:00;3914.8238509326607;4425.24725;['wind_speed', 'pressure', 'precipitation', 'temperature']
2026-02-20 08:00:00;3851.3953269464228;5264.822999999999;['wind_speed', 'pressure', 'precipitation', 'temperature']
2026-02-20 09:00:00;3932.247440704904;3476.0955;['wind_speed', 'pressure', 'precipitation', 'temperature']
2026-02-20 10:00:00;4285.077274748126;3282.589;['wind_speed', 'pressure', 'precipitation', 'temperature']
2026-02-20 11:00:00;3868.6149453459493;3600.80525;['wind_speed', 'pressure', 'precipitation', 'temperature']
2026-02-20 12:00:00;3700.058394080554;4432.64325;['wind_speed', 'pressure', 'precipitation', 'temperature']
2026-02-20 13:00:00;3692.3356402610475;2361.1320000000005;['wind_speed', 'pressure', 'precipitation', 'temperature']
2026-02-20 14:00:00;3742.617545568294;1551.0443333333333;['wind_speed', 'pressure', 'precipitation', 'temperature']
2026-02-20 15:00:00;3572.5866531438005;2872.442;['wind_speed', 'pressure', 'precipitation', 'temperature']
2026-02-20 16:00:00;3982.9032073004228;3774.00675;['wind_speed', 'pressure', 'precipitation', 'temperature']
2026-02-20 17:00:00;4633.22788239502;5136.79725;['wind_speed', 'pressure', 'precipitation', 'temperature']
2026-02-20 18:00:00;5348.74440314986;5177.334;['wind_speed', 'pressure', 'precipitation', 'temperature']
2026-02-20 19:00:00;3798.2168487836784;5452.91475;['wind_speed', 'pressure', 'precipitation', 'temperature']
2026-02-20 20:00:00;4316.625361783129;5548.0960000000005;['wind_speed', 'pressure', 'precipitation', 'temperature']
2026-02-20 21:00:00;3918.5276770117785;4351.4605;['wind_speed', 'pressure', 'precipitation', 'temperature']
2026-02-20 22:00:00;3553.5055816639397;4562.4445;['wind_speed', 'pressure', 'precipitation', 'temperature']
2026-02-20 23:00:00;3678.2086563634643;3240.04275;['wind_speed', 'pressure', 'precipitation', 'temperature']
