date;forecast;actual;weather_combo
2026-02-10 00:00:00;3516.1411737706585;2312.257;['temperature']
2026-02-10 01:00:00;3273.368178770484;2445.75475;['temperature']
2026-02-10 02:00:00;2529.149815761755;2738.38875;['temperature']
2026-02-10 03:00:00;2691.9428370599358;2507.56425;['temperature']
2026-02-10 04:00:00;2472.5131266196813;2972.28575;['temperature']
2026-02-10 05:00:00;3461.785414715739;2894.95425;['temperature']
2026-02-10 06:00:00;3085.2277516407885;3762.406;['temperature']
2026-02-10 07:00:00;2960.5993823774043;2580.2795;['temperature']
2026-02-10 08:00:00;3219.813316749883;4036.3455;['temperature']
2026-02-10 09:00:00;2682.850856114019;3671.19375;['temperature']
2026-02-10 10:00:00;3740.717363689349;2416.94175;['temperature']
2026-02-10 11:00:00;3374.9144586271595;2677.89175;['temperature']
2026-02-10 12:00:00;3066.508116552917;1806.73475;['temperature']
2026-02-10 13:00:00;3225.614141720845;3154.1665;['temperature']
2026-02-10 14:00:00;2869.4751157002574;2227.19575;['temperature']
2026-02-10 15:00:00;2262.8930833595377;2543.43525;['temperature']
2026-02-10 16:00:00;3339.2826033530678;2576.265;['temperature']
2026-02-10 17:00:00;3524.867928515696;5342.617;['temperature']
2026-02-10 18:00:00;4503.158355432583;5926.32475;['temperature']
2026-02-10 19:00:00;3384.5152003396915;3875.02825;['temperature']
2026-02-10 20:00:00;3891.3842713253066;4273.53175;['temperature']
2026-02-10 21:00:00;3887.2300086659698;2881.09475;['temperature']
2026-02-10 22:00:00;3671.6248105229215;2286.139;['temperature']
2026-02-10 23:00:00;3706.16976489604;3057.192;['temperature']
2026-02-11 00:00:00;2557.06010521018;2366.50825;['temperature']
2026-02-11 01:00:00;2741.7031010486644;2711.8525;['temperature']
2026-02-11 02:00:00;2626.949541472936;2083.15775;['temperature']
2026-02-11 03:00:00;2711.1895589915725;2465.2165000000005;['temperature']
2026-02-11 04:00:00;2624.007207505917;2897.0037500000003;['temperature']
2026-02-11 05:00:00;3199.4803154861065;2676.7915000000003;['temperature']
2026-02-11 06:00:00;3197.213333882359;2365.58925;['temperature']
2026-02-11 07:00:00;2731.4627298750547;3238.81225;['temperature']
2026-02-11 08:00:00;3185.7423480953257;2706.17225;['temperature']
2026-02-11 09:00:00;3115.6142791088505;3475.922;['temperature']
2026-02-11 10:00:00;2502.815207136065;2244.5915;['temperature']
2026-02-11 11:00:00;2898.2476256038103;2952.637;['temperature']
2026-02-11 12:00:00;2548.202619319373;1686.3925;['temperature']
2026-02-11 13:00:00;3095.743953175619;3154.1665;['temperature']
2026-02-11 14:00:00;2477.127266509146;2227.19575;['temperature']
2026-02-11 15:00:00;2712.4143894833387;2543.43525;['temperature']
2026-02-11 16:00:00;2744.7382422104106;2576.265;['temperature']
2026-02-11 17:00:00;3638.8313785736063;1333.5;['temperature']
2026-02-11 18:00:00;3902.2983120897006;3750.33275;['temperature']
2026-02-11 19:00:00;3365.1352680438167;3982.69175;['temperature']
2026-02-11 20:00:00;3446.093752632388;3578.161;['temperature']
2026-02-11 21:00:00;2957.9451804861833;2482.21025;['temperature']
2026-02-11 22:00:00;2706.361771081665;2358.59375;['temperature']
2026-02-11 23:00:00;3044.806421533851;2322.409;['temperature']
2026-02-12 00:00:00;2020.7021470567859;2297.366;['temperature']
2026-02-12 01:00:00;2362.8384514192353;2377.4665;['temperature']
2026-02-12 02:00:00;2229.113206034324;1861.1955;['temperature']
2026-02-12 03:00:00;2346.047014276985;1835.98825;['temperature']
2026-02-12 04:00:00;2743.7541787215196;1987.42975;['temperature']
2026-02-12 05:00:00;2654.791475874021;2928.504;['temperature']
2026-02-12 06:00:00;2692.942003061494;2122.81;['temperature']
2026-02-12 07:00:00;2775.3092822736594;2338.194;['temperature']
2026-02-12 08:00:00;2975.2587040555577;1348.37875;['temperature']
2026-02-12 09:00:00;3211.830593216162;928.61625;['temperature']
2026-02-12 10:00:00;2197.4421285211156;2329.8340000000003;['temperature']
2026-02-12 11:00:00;2644.4415962356165;1817.92825;['temperature']
2026-02-12 12:00:00;1934.4375206076832;3735.537;['temperature']
2026-02-12 13:00:00;2829.1819146832163;2596.203;['temperature']
2026-02-12 14:00:00;2165.2719791676504;2194.61975;['temperature']
2026-02-12 15:00:00;2459.2436507650937;1834.60225;['temperature']
2026-02-12 16:00:00;2505.363316159279;2180.3565;['temperature']
2026-02-12 17:00:00;3064.0260849828555;3746.30075;['temperature']
2026-02-12 18:00:00;4322.498138507391;4982.87875;['temperature']
2026-02-12 19:00:00;3441.410364451457;3386.71775;['temperature']
2026-02-12 20:00:00;3586.547830162484;3613.59775;['temperature']
2026-02-12 21:00:00;2577.4159166992217;3065.22725;['temperature']
2026-02-12 22:00:00;2144.2907067846563;2475.28875;['temperature']
2026-02-12 23:00:00;2373.4547334827603;2045.159;['temperature']
2026-02-13 00:00:00;2093.6389940818126;2855.48325;['temperature']
2026-02-13 01:00:00;2321.9824232102837;2102.1375;['temperature']
2026-02-13 02:00:00;2134.056919146566;2721.5535;['temperature']
2026-02-13 03:00:00;2366.0799081890177;2265.05425;['temperature']
2026-02-13 04:00:00;2528.2298192497606;2724.386;['temperature']
2026-02-13 05:00:00;2670.541551315549;1950.27;['temperature']
2026-02-13 06:00:00;2288.59862550312;2676.27525;['temperature']
2026-02-13 07:00:00;2619.3529590221124;1876.716;['temperature']
2026-02-13 08:00:00;2323.953566377654;3155.0185;['temperature']
2026-02-13 09:00:00;2263.7392976326637;3419.00525;['temperature']
2026-02-13 10:00:00;2393.3578457404465;2633.61775;['temperature']
2026-02-13 11:00:00;2545.268743621121;3832.5985;['temperature']
2026-02-13 12:00:00;3059.0387202986667;2113.4985;['temperature']
2026-02-13 13:00:00;2667.0584541463386;2406.8145;['temperature']
2026-02-13 14:00:00;2291.116889854497;2225.23925;['temperature']
2026-02-13 15:00:00;2421.3829762922373;2112.819;['temperature']
2026-02-13 16:00:00;2477.961085879682;2119.783;['temperature']
2026-02-13 17:00:00;3496.216836013413;2762.934;['temperature']
2026-02-13 18:00:00;3496.76754677403;3519.851;['temperature']
2026-02-13 19:00:00;3231.428255027748;3490.8465;['temperature']
2026-02-13 20:00:00;3279.2951978843926;3538.6712499999994;['temperature']
2026-02-13 21:00:00;3067.955057103399;3449.1785;['temperature']
2026-02-13 22:00:00;2742.7848116083974;2324.8065;['temperature']
2026-02-13 23:00:00;2438.056207793361;3431.5795;['temperature']
2026-02-14 00:00:00;3171.7006417894436;2411.443;['temperature']
2026-02-14 01:00:00;2571.9135975100717;2943.3845;['temperature']
2026-02-14 02:00:00;2977.7198417950603;2579.4275;['temperature']
2026-02-14 03:00:00;3018.0649834383084;2204.52425;['temperature']
2026-02-14 04:00:00;2739.521911113911;2660.8965000000003;['temperature']
2026-02-14 05:00:00;2785.629725781902;3597.15675;['temperature']
2026-02-14 06:00:00;2722.430682234794;2461.59075;['temperature']
2026-02-14 07:00:00;2555.9361239712907;2936.82475;['temperature']
2026-02-14 08:00:00;3110.161886317468;2971.81825;['temperature']
2026-02-14 09:00:00;2734.621545827284;2900.61125;['temperature']
2026-02-14 10:00:00;2949.510749459034;2713.67975;['temperature']
2026-02-14 11:00:00;3428.986105336252;2756.77525;['temperature']
2026-02-14 12:00:00;3014.642545918309;3727.64475;['temperature']
2026-02-14 13:00:00;3047.5893017972244;2757.3445;['temperature']
2026-02-14 14:00:00;2695.124021249157;3371.52475;['temperature']
2026-02-14 15:00:00;3035.128982955912;3231.48225;['temperature']
2026-02-14 16:00:00;2970.2352838557863;4488.084;['temperature']
2026-02-14 17:00:00;3536.0630572472965;5352.45;['temperature']
2026-02-14 18:00:00;3934.2056327205046;6210.828;['temperature']
2026-02-14 19:00:00;3516.2122638394035;1903.77525;['temperature']
2026-02-14 20:00:00;3462.644320041506;2630.102;['temperature']
2026-02-14 21:00:00;3379.5011475143883;4245.20475;['temperature']
2026-02-14 22:00:00;2688.934798479464;3723.198;['temperature']
2026-02-14 23:00:00;2847.9900191579945;3729.623;['temperature']
2026-02-15 00:00:00;3270.3573864851523;3933.857;['temperature']
2026-02-15 01:00:00;3011.4614119701646;3709.625;['temperature']
2026-02-15 02:00:00;3232.5887949085045;3698.68875;['temperature']
2026-02-15 03:00:00;2965.5460294369104;3668.341;['temperature']
2026-02-15 04:00:00;3186.8859013034034;3783.91125;['temperature']
2026-02-15 05:00:00;3152.667218091716;3444.12875;['temperature']
2026-02-15 06:00:00;3070.6441695787817;4090.44675;['temperature']
2026-02-15 07:00:00;3256.5683578441103;4660.0415;['temperature']
2026-02-15 08:00:00;3707.1540981869375;3879.998;['temperature']
2026-02-15 09:00:00;3796.018283410819;4359.39175;['temperature']
2026-02-15 10:00:00;3727.342507597376;5136.501;['temperature']
2026-02-15 11:00:00;3918.1988265476293;4608.921;['temperature']
2026-02-15 12:00:00;3781.1110389255955;3958.311;['temperature']
2026-02-15 13:00:00;3594.47208947494;2757.3445;['temperature']
2026-02-15 14:00:00;3793.782833554641;3371.52475;['temperature']
2026-02-15 15:00:00;3821.5422736167266;3231.48225;['temperature']
2026-02-15 16:00:00;3844.021531482951;5022.667;['temperature']
2026-02-15 17:00:00;4873.6051190871685;3789.986;['temperature']
2026-02-15 18:00:00;5451.184620344893;1972.2715;['temperature']
2026-02-15 19:00:00;3618.081650065067;1211.72575;['temperature']
2026-02-15 20:00:00;3613.2152664168893;2768.893;['temperature']
2026-02-15 21:00:00;4390.323030395284;4284.85;['temperature']
2026-02-15 22:00:00;3929.893153878539;3674.49175;['temperature']
2026-02-15 23:00:00;4242.564893466777;3857.04075;['temperature']
2026-02-16 00:00:00;3400.7088733364208;4270.74175;['temperature']
2026-02-16 01:00:00;3508.332882852166;4172.0475;['temperature']
2026-02-16 02:00:00;3630.3677567900086;4192.84925;['temperature']
2026-02-16 03:00:00;3270.4198012327765;4297.218;['temperature']
2026-02-16 04:00:00;3574.804734769734;3792.167;['temperature']
2026-02-16 05:00:00;3437.7754410317257;3905.2105;['temperature']
2026-02-16 06:00:00;3532.1189670496988;4322.625;['temperature']
2026-02-16 07:00:00;3417.676896620317;5897.072;['temperature']
2026-02-16 08:00:00;3682.0663139501316;2816.22675;['temperature']
2026-02-16 09:00:00;3728.715826608877;3726.25825;['temperature']
2026-02-16 10:00:00;3761.4715921579736;3709.35825;['temperature']
2026-02-16 11:00:00;3626.4326757988706;4097.0225;['temperature']
2026-02-16 12:00:00;3926.955086245348;4383.431500000001;['temperature']
2026-02-16 13:00:00;3390.325220324321;3789.0565;['temperature']
2026-02-16 14:00:00;3810.4892732120975;4607.666;['temperature']
2026-02-16 15:00:00;3800.2087194120263;4367.22325;['temperature']
2026-02-16 16:00:00;4419.929862223338;3437.96925;['temperature']
2026-02-16 17:00:00;4712.933058002398;5117.6485;['temperature']
2026-02-16 18:00:00;4823.788414989;5031.2195;['temperature']
2026-02-16 19:00:00;2815.6107262501896;5013.32925;['temperature']
2026-02-16 20:00:00;3539.785239812507;3950.84225;['temperature']
2026-02-16 21:00:00;4308.22225642548;3260.27925;['temperature']
2026-02-16 22:00:00;3908.4314016927283;3727.6415;['temperature']
2026-02-16 23:00:00;3948.597734053491;2914.66625;['temperature']
2026-02-17 00:00:00;3717.5187640800877;3134.171;['temperature']
2026-02-17 01:00:00;3865.4654702760063;2905.419;['temperature']
2026-02-17 02:00:00;3950.1806073491516;3407.01775;['temperature']
2026-02-17 03:00:00;3992.8363334566066;2895.731;['temperature']
2026-02-17 04:00:00;3923.958229128887;3551.5375;['temperature']
2026-02-17 05:00:00;3731.524845340491;3038.49075;['temperature']
2026-02-17 06:00:00;4381.150342273144;2865.9880000000003;['temperature']
2026-02-17 07:00:00;4785.020021662125;4217.9155;['temperature']
2026-02-17 08:00:00;3678.4762481941943;4631.85375;['temperature']
2026-02-17 09:00:00;4212.667882223532;5666.0205000000005;['temperature']
2026-02-17 10:00:00;4650.03035455827;3033.71925;['temperature']
2026-02-17 11:00:00;4276.695552846914;3668.54275;['temperature']
2026-02-17 12:00:00;4079.4806336559304;3205.1977500000003;['temperature']
2026-02-17 13:00:00;3766.4048247926544;3569.85825;['temperature']
2026-02-17 14:00:00;3842.555338252817;4546.28325;['temperature']
2026-02-17 15:00:00;3860.443020894172;3355.98275;['temperature']
2026-02-17 16:00:00;4195.567976307676;3155.60275;['temperature']
2026-02-17 17:00:00;4033.8610769951038;3948.281;['temperature']
2026-02-17 18:00:00;3672.2888154120938;6586.86025;['temperature']
2026-02-17 19:00:00;3164.455769283705;2688.89675;['temperature']
2026-02-17 20:00:00;3949.9824706813906;4654.51275;['temperature']
2026-02-17 21:00:00;4112.376433897952;3142.6025;['temperature']
2026-02-17 22:00:00;3827.46238584235;2652.804;['temperature']
2026-02-17 23:00:00;3695.413015271154;2618.7905;['temperature']
2026-02-18 00:00:00;3352.088927384937;3148.755;['temperature']
2026-02-18 01:00:00;3362.2654045200834;3693.88525;['temperature']
2026-02-18 02:00:00;3667.708026142494;2656.90925;['temperature']
2026-02-18 03:00:00;3494.6044185736746;2022.2365;['temperature']
2026-02-18 04:00:00;3462.2662903520622;2714.6582499999995;['temperature']
2026-02-18 05:00:00;3345.8619198317683;3138.4825;['temperature']
2026-02-18 06:00:00;3520.380098866806;3251.8665;['temperature']
2026-02-18 07:00:00;4674.485615818663;3767.39;['temperature']
2026-02-18 08:00:00;3365.9254508078297;3704.433;['temperature']
2026-02-18 09:00:00;3913.6796738528783;4502.9775;['temperature']
2026-02-18 10:00:00;3260.7970496696407;2839.84175;['temperature']
2026-02-18 11:00:00;3659.513107100394;3027.432;['temperature']
2026-02-18 12:00:00;3707.3307323912018;3523.302;['temperature']
2026-02-18 13:00:00;3476.7971796636693;3065.7345000000005;['temperature']
2026-02-18 14:00:00;4049.609343704047;3746.467;['temperature']
2026-02-18 15:00:00;3742.7540556127806;3357.258;['temperature']
2026-02-18 16:00:00;3140.830591896354;3739.85675;['temperature']
2026-02-18 17:00:00;4261.146407698286;5383.882;['temperature']
2026-02-18 18:00:00;4960.834932542633;5460.044;['temperature']
2026-02-18 19:00:00;3747.3043198528258;3423.06;['temperature']
2026-02-18 20:00:00;3721.777080794591;4988.140666666666;['temperature']
2026-02-18 21:00:00;3074.2420343296185;3943.082;['temperature']
2026-02-18 22:00:00;3055.0120404726467;3280.73875;['temperature']
2026-02-18 23:00:00;2961.692176528617;4189.85225;['temperature']
2026-02-19 00:00:00;3538.8848590877283;3798.69625;['temperature']
2026-02-19 01:00:00;3476.924308341405;3470.1565;['temperature']
2026-02-19 02:00:00;3165.9775211156434;3887.978;['temperature']
2026-02-19 03:00:00;2771.69427044866;3463.55225;['temperature']
2026-02-19 04:00:00;3143.7246057023376;3694.54025;['temperature']
2026-02-19 05:00:00;2977.0756431925834;4024.671;['temperature']
2026-02-19 06:00:00;3154.4402752339615;3976.81075;['temperature']
2026-02-19 07:00:00;3787.2939232580334;4254.63175;['temperature']
2026-02-19 08:00:00;4074.376109151639;5451.65625;['temperature']
2026-02-19 09:00:00;4969.085475529546;4617.72725;['temperature']
2026-02-19 10:00:00;2985.7111216505564;4048.07275;['temperature']
2026-02-19 11:00:00;3206.8618383675102;4006.33275;['temperature']
2026-02-19 12:00:00;3237.6298465275227;2886.07425;['temperature']
2026-02-19 13:00:00;3155.09967979762;3151.84075;['temperature']
2026-02-19 14:00:00;3919.1145808304955;2118.81075;['temperature']
2026-02-19 15:00:00;3284.5469794245882;2872.442;['temperature']
2026-02-19 16:00:00;3374.81224932301;3774.00675;['temperature']
2026-02-19 17:00:00;4354.773792909662;5136.79725;['temperature']
2026-02-19 18:00:00;5950.179369838246;5757.4375;['temperature']
2026-02-19 19:00:00;3273.070113595726;2808.28475;['temperature']
2026-02-19 20:00:00;4527.18232024913;4316.30025;['temperature']
2026-02-19 21:00:00;3465.7870806963665;4116.61075;['temperature']
2026-02-19 22:00:00;3248.909766613435;3227.96925;['temperature']
2026-02-19 23:00:00;3632.194102901611;3393.52525;['temperature']
2026-02-20 00:00:00;3467.3366140587914;3867.99625;['temperature']
2026-02-20 01:00:00;3540.0053623158915;3100.64225;['temperature']
2026-02-20 02:00:00;3346.852092283452;2828.1715;['temperature']
2026-02-20 03:00:00;2909.7748139949454;4158.9235;['temperature']
2026-02-20 04:00:00;3310.3132283201103;3933.11075;['temperature']
2026-02-20 05:00:00;3636.1250816696306;3965.08175;['temperature']
2026-02-20 06:00:00;3646.272026897104;3080.9115;['temperature']
2026-02-20 07:00:00;3916.2621908733563;4425.24725;['temperature']
2026-02-20 08:00:00;4220.3905451367855;5264.822999999999;['temperature']
2026-02-20 09:00:00;4490.805820330146;3476.0955;['temperature']
2026-02-20 10:00:00;3351.2269922815717;3282.589;['temperature']
2026-02-20 11:00:00;3390.951543741812;3600.80525;['temperature']
2026-02-20 12:00:00;3229.6546577819718;4432.64325;['temperature']
2026-02-20 13:00:00;3141.925926746846;2361.1320000000005;['temperature']
2026-02-20 14:00:00;3193.2092612759016;1551.0443333333333;['temperature']
2026-02-20 15:00:00;3160.770414974616;2872.442;['temperature']
2026-02-20 16:00:00;3606.1854409688435;3774.00675;['temperature']
2026-02-20 17:00:00;4935.218309301381;5136.79725;['temperature']
2026-02-20 18:00:00;5242.330094249615;5177.334;['temperature']
2026-02-20 19:00:00;3153.3242188836207;5452.91475;['temperature']
2026-02-20 20:00:00;4480.632944567467;5548.0960000000005;['temperature']
2026-02-20 21:00:00;3943.5511416179397;4351.4605;['temperature']
2026-02-20 22:00:00;3346.905594655402;4562.4445;['temperature']
2026-02-20 23:00:00;3777.8384030250945;3240.04275;['temperature']
2026-02-10 00:00:00;3137.825118472807;2312.257;['temperature', 'wind_speed']
2026-02-10 01:00:00;3130.3373636459723;2445.75475;['temperature', 'wind_speed']
2026-02-10 02:00:00;2410.617406093786;2738.38875;['temperature', 'wind_speed']
2026-02-10 03:00:00;2794.4781916741936;2507.56425;['temperature', 'wind_speed']
2026-02-10 04:00:00;2600.8651926597204;2972.28575;['temperature', 'wind_speed']
2026-02-10 05:00:00;3176.180283566447;2894.95425;['temperature', 'wind_speed']
2026-02-10 06:00:00;3162.1737660450854;3762.406;['temperature', 'wind_speed']
2026-02-10 07:00:00;2935.6750812299433;2580.2795;['temperature', 'wind_speed']
2026-02-10 08:00:00;3024.1566089862113;4036.3455;['temperature', 'wind_speed']
2026-02-10 09:00:00;2744.184443760503;3671.19375;['temperature', 'wind_speed']
2026-02-10 10:00:00;3357.7717154959896;2416.94175;['temperature', 'wind_speed']
2026-02-10 11:00:00;3345.694304818566;2677.89175;['temperature', 'wind_speed']
2026-02-10 12:00:00;3263.4317539430535;1806.73475;['temperature', 'wind_speed']
2026-02-10 13:00:00;3162.242574948384;3154.1665;['temperature', 'wind_speed']
2026-02-10 14:00:00;2834.7605466084606;2227.19575;['temperature', 'wind_speed']
2026-02-10 15:00:00;2617.6436860817057;2543.43525;['temperature', 'wind_speed']
2026-02-10 16:00:00;3031.4366255698646;2576.265;['temperature', 'wind_speed']
2026-02-10 17:00:00;3607.4689836609596;5342.617;['temperature', 'wind_speed']
2026-02-10 18:00:00;4498.926528650357;5926.32475;['temperature', 'wind_speed']
2026-02-10 19:00:00;3570.2064082254337;3875.02825;['temperature', 'wind_speed']
2026-02-10 20:00:00;3420.064752282338;4273.53175;['temperature', 'wind_speed']
2026-02-10 21:00:00;3728.7822871846465;2881.09475;['temperature', 'wind_speed']
2026-02-10 22:00:00;3372.467591589816;2286.139;['temperature', 'wind_speed']
2026-02-10 23:00:00;3226.9496721226024;3057.192;['temperature', 'wind_speed']
2026-02-11 00:00:00;2562.744156723852;2366.50825;['temperature', 'wind_speed']
2026-02-11 01:00:00;2740.2513569690745;2711.8525;['temperature', 'wind_speed']
2026-02-11 02:00:00;2636.814821624303;2083.15775;['temperature', 'wind_speed']
2026-02-11 03:00:00;2722.9224691478225;2465.2165000000005;['temperature', 'wind_speed']
2026-02-11 04:00:00;2637.9418541123623;2897.0037500000003;['temperature', 'wind_speed']
2026-02-11 05:00:00;3216.122325221214;2676.7915000000003;['temperature', 'wind_speed']
2026-02-11 06:00:00;3251.187081135777;2365.58925;['temperature', 'wind_speed']
2026-02-11 07:00:00;2755.997229997125;3238.81225;['temperature', 'wind_speed']
2026-02-11 08:00:00;3226.6341022457163;2706.17225;['temperature', 'wind_speed']
2026-02-11 09:00:00;3141.1872771557255;3475.922;['temperature', 'wind_speed']
2026-02-11 10:00:00;2449.400515211016;2244.5915;['temperature', 'wind_speed']
2026-02-11 11:00:00;2680.5785277034197;2952.637;['temperature', 'wind_speed']
2026-02-11 12:00:00;2483.206540828162;1686.3925;['temperature', 'wind_speed']
2026-02-11 13:00:00;3066.455285496786;3154.1665;['temperature', 'wind_speed']
2026-02-11 14:00:00;2500.5199667044585;2227.19575;['temperature', 'wind_speed']
2026-02-11 15:00:00;2623.239462725526;2543.43525;['temperature', 'wind_speed']
2026-02-11 16:00:00;2686.41728884127;2576.265;['temperature', 'wind_speed']
2026-02-11 17:00:00;3828.5677066986063;1333.5;['temperature', 'wind_speed']
2026-02-11 18:00:00;4005.218050859232;3750.33275;['temperature', 'wind_speed']
2026-02-11 19:00:00;3403.550673317254;3982.69175;['temperature', 'wind_speed']
2026-02-11 20:00:00;3448.084780464419;3578.161;['temperature', 'wind_speed']
2026-02-11 21:00:00;2975.7538306221772;2482.21025;['temperature', 'wind_speed']
2026-02-11 22:00:00;2707.2188648927004;2358.59375;['temperature', 'wind_speed']
2026-02-11 23:00:00;3026.994783655433;2322.409;['temperature', 'wind_speed']
2026-02-12 00:00:00;2011.3692307970202;2297.366;['temperature', 'wind_speed']
2026-02-12 01:00:00;2347.6328468660126;2377.4665;['temperature', 'wind_speed']
2026-02-12 02:00:00;2245.907624369285;1861.1955;['temperature', 'wind_speed']
2026-02-12 03:00:00;2330.822923700813;1835.98825;['temperature', 'wind_speed']
2026-02-12 04:00:00;2745.9640786238633;1987.42975;['temperature', 'wind_speed']
2026-02-12 05:00:00;2648.5525842724587;2928.504;['temperature', 'wind_speed']
2026-02-12 06:00:00;2715.4338396093453;2122.81;['temperature', 'wind_speed']
2026-02-12 07:00:00;2772.915864915261;2338.194;['temperature', 'wind_speed']
2026-02-12 08:00:00;3042.2670162808995;1348.37875;['temperature', 'wind_speed']
2026-02-12 09:00:00;3157.197506057959;928.61625;['temperature', 'wind_speed']
2026-02-12 10:00:00;2240.639699321897;2329.8340000000003;['temperature', 'wind_speed']
2026-02-12 11:00:00;2639.3397895949915;1817.92825;['temperature', 'wind_speed']
2026-02-12 12:00:00;1922.3120628440113;3735.537;['temperature', 'wind_speed']
2026-02-12 13:00:00;2845.284491892689;2596.203;['temperature', 'wind_speed']
2026-02-12 14:00:00;2161.0029209401114;2194.61975;['temperature', 'wind_speed']
2026-02-12 15:00:00;2447.151228279742;1834.60225;['temperature', 'wind_speed']
2026-02-12 16:00:00;2494.9562727022476;2180.3565;['temperature', 'wind_speed']
2026-02-12 17:00:00;3236.2997666234805;3746.30075;['temperature', 'wind_speed']
2026-02-12 18:00:00;4285.596115191961;4982.87875;['temperature', 'wind_speed']
2026-02-12 19:00:00;3277.267771067668;3386.71775;['temperature', 'wind_speed']
2026-02-12 20:00:00;3548.0506797413414;3613.59775;['temperature', 'wind_speed']
2026-02-12 21:00:00;2595.9727709472686;3065.22725;['temperature', 'wind_speed']
2026-02-12 22:00:00;2227.7949182104376;2475.28875;['temperature', 'wind_speed']
2026-02-12 23:00:00;2463.476276985568;2045.159;['temperature', 'wind_speed']
2026-02-13 00:00:00;2077.023004396754;2855.48325;['temperature', 'wind_speed']
2026-02-13 01:00:00;2269.377431297442;2102.1375;['temperature', 'wind_speed']
2026-02-13 02:00:00;2136.425540972738;2721.5535;['temperature', 'wind_speed']
2026-02-13 03:00:00;2370.2663705913615;2265.05425;['temperature', 'wind_speed']
2026-02-13 04:00:00;2487.9524297233934;2724.386;['temperature', 'wind_speed']
2026-02-13 05:00:00;2581.4294373629123;1950.27;['temperature', 'wind_speed']
2026-02-13 06:00:00;2301.9499133449167;2676.27525;['temperature', 'wind_speed']
2026-02-13 07:00:00;2639.9352534862237;1876.716;['temperature', 'wind_speed']
2026-02-13 08:00:00;2450.4506977253104;3155.0185;['temperature', 'wind_speed']
2026-02-13 09:00:00;2316.2631623787574;3419.00525;['temperature', 'wind_speed']
2026-02-13 10:00:00;2442.5314907599777;2633.61775;['temperature', 'wind_speed']
2026-02-13 11:00:00;2714.9451657402615;3832.5985;['temperature', 'wind_speed']
2026-02-13 12:00:00;3140.428734947104;2113.4985;['temperature', 'wind_speed']
2026-02-13 13:00:00;2673.0960365437995;2406.8145;['temperature', 'wind_speed']
2026-02-13 14:00:00;2284.9782942734423;2225.23925;['temperature', 'wind_speed']
2026-02-13 15:00:00;2471.6589772688;2112.819;['temperature', 'wind_speed']
2026-02-13 16:00:00;2555.6775318025334;2119.783;['temperature', 'wind_speed']
2026-02-13 17:00:00;3632.5438623806003;2762.934;['temperature', 'wind_speed']
2026-02-13 18:00:00;3380.626372457624;3519.851;['temperature', 'wind_speed']
2026-02-13 19:00:00;3267.685335105873;3490.8465;['temperature', 'wind_speed']
2026-02-13 20:00:00;3313.278703133416;3538.6712499999994;['temperature', 'wind_speed']
2026-02-13 21:00:00;3134.6822299549617;3449.1785;['temperature', 'wind_speed']
2026-02-13 22:00:00;2748.4957491083974;2324.8065;['temperature', 'wind_speed']
2026-02-13 23:00:00;2435.4399358207047;3431.5795;['temperature', 'wind_speed']
2026-02-14 00:00:00;3191.568226017959;2411.443;['temperature', 'wind_speed']
2026-02-14 01:00:00;2560.1454395510873;2943.3845;['temperature', 'wind_speed']
2026-02-14 02:00:00;2960.2418754864666;2579.4275;['temperature', 'wind_speed']
2026-02-14 03:00:00;2940.1836968172147;2204.52425;['temperature', 'wind_speed']
2026-02-14 04:00:00;2696.9244379693796;2660.8965000000003;['temperature', 'wind_speed']
2026-02-14 05:00:00;2779.1571916022144;3597.15675;['temperature', 'wind_speed']
2026-02-14 06:00:00;2754.692370467216;2461.59075;['temperature', 'wind_speed']
2026-02-14 07:00:00;2530.602994088478;2936.82475;['temperature', 'wind_speed']
2026-02-14 08:00:00;2999.1917325088743;2971.81825;['temperature', 'wind_speed']
2026-02-14 09:00:00;2651.7237491964247;2900.61125;['temperature', 'wind_speed']
2026-02-14 10:00:00;2847.5595165488776;2713.67975;['temperature', 'wind_speed']
2026-02-14 11:00:00;3263.7494110003145;2756.77525;['temperature', 'wind_speed']
2026-02-14 12:00:00;2935.0918257034655;3727.64475;['temperature', 'wind_speed']
2026-02-14 13:00:00;2994.671760293318;2757.3445;['temperature', 'wind_speed']
2026-02-14 14:00:00;2670.83962793861;3371.52475;['temperature', 'wind_speed']
2026-02-14 15:00:00;2915.334854537943;3231.48225;['temperature', 'wind_speed']
2026-02-14 16:00:00;2734.964409832349;4488.084;['temperature', 'wind_speed']
2026-02-14 17:00:00;3274.5679400597965;5352.45;['temperature', 'wind_speed']
2026-02-14 18:00:00;3910.0730643611296;6210.828;['temperature', 'wind_speed']
2026-02-14 19:00:00;3468.743101852099;1903.77525;['temperature', 'wind_speed']
2026-02-14 20:00:00;3491.6489548986838;2630.102;['temperature', 'wind_speed']
2026-02-14 21:00:00;3390.1112854538414;4245.20475;['temperature', 'wind_speed']
2026-02-14 22:00:00;2764.9495995048546;3723.198;['temperature', 'wind_speed']
2026-02-14 23:00:00;3066.1296218191274;3729.623;['temperature', 'wind_speed']
2026-02-15 00:00:00;3386.2553967390586;3933.857;['temperature', 'wind_speed']
2026-02-15 01:00:00;3264.5915236645005;3709.625;['temperature', 'wind_speed']
2026-02-15 02:00:00;3369.415249071102;3698.68875;['temperature', 'wind_speed']
2026-02-15 03:00:00;3191.3007444027307;3668.341;['temperature', 'wind_speed']
2026-02-15 04:00:00;3271.4518803073097;3783.91125;['temperature', 'wind_speed']
2026-02-15 05:00:00;3489.7850846078295;3444.12875;['temperature', 'wind_speed']
2026-02-15 06:00:00;3214.304595718613;4090.44675;['temperature', 'wind_speed']
2026-02-15 07:00:00;3402.4590896556338;4660.0415;['temperature', 'wind_speed']
2026-02-15 08:00:00;3769.7650581936514;3879.998;['temperature', 'wind_speed']
2026-02-15 09:00:00;3803.250258966239;4359.39175;['temperature', 'wind_speed']
2026-02-15 10:00:00;3684.2787258590947;5136.501;['temperature', 'wind_speed']
2026-02-15 11:00:00;3804.3269317112035;4608.921;['temperature', 'wind_speed']
2026-02-15 12:00:00;3604.9599769138767;3958.311;['temperature', 'wind_speed']
2026-02-15 13:00:00;3570.444593137049;2757.3445;['temperature', 'wind_speed']
2026-02-15 14:00:00;3845.7986416601098;3371.52475;['temperature', 'wind_speed']
2026-02-15 15:00:00;3889.7412482261016;3231.48225;['temperature', 'wind_speed']
2026-02-15 16:00:00;3529.208232303874;5022.667;['temperature', 'wind_speed']
2026-02-15 17:00:00;4504.6444104690045;3789.986;['temperature', 'wind_speed']
2026-02-15 18:00:00;5383.516006911055;1972.2715;['temperature', 'wind_speed']
2026-02-15 19:00:00;3703.8566439615515;1211.72575;['temperature', 'wind_speed']
2026-02-15 20:00:00;3773.6850873931467;2768.893;['temperature', 'wind_speed']
2026-02-15 21:00:00;4521.2183283994345;4284.85;['temperature', 'wind_speed']
2026-02-15 22:00:00;3910.0587117398672;3674.49175;['temperature', 'wind_speed']
2026-02-15 23:00:00;4345.084344608134;3857.04075;['temperature', 'wind_speed']
2026-02-16 00:00:00;3235.448924605952;4270.74175;['temperature', 'wind_speed']
2026-02-16 01:00:00;3471.8144349761897;4172.0475;['temperature', 'wind_speed']
2026-02-16 02:00:00;3735.582020706024;4192.84925;['temperature', 'wind_speed']
2026-02-16 03:00:00;3310.4382443403815;4297.218;['temperature', 'wind_speed']
2026-02-16 04:00:00;3753.6663756999096;3792.167;['temperature', 'wind_speed']
2026-02-16 05:00:00;3349.065052848132;3905.2105;['temperature', 'wind_speed']
2026-02-16 06:00:00;3385.1673908167886;4322.625;['temperature', 'wind_speed']
2026-02-16 07:00:00;3357.766435194536;5897.072;['temperature', 'wind_speed']
2026-02-16 08:00:00;3529.8001396337254;2816.22675;['temperature', 'wind_speed']
2026-02-16 09:00:00;3697.255713083486;3726.25825;['temperature', 'wind_speed']
2026-02-16 10:00:00;3821.317112177505;3709.35825;['temperature', 'wind_speed']
2026-02-16 11:00:00;3858.052625139691;4097.0225;['temperature', 'wind_speed']
2026-02-16 12:00:00;3863.3646321437855;4383.431500000001;['temperature', 'wind_speed']
2026-02-16 13:00:00;3591.702417589946;3789.0565;['temperature', 'wind_speed']
2026-02-16 14:00:00;4005.979647777222;4607.666;['temperature', 'wind_speed']
2026-02-16 15:00:00;4198.43173424357;4367.22325;['temperature', 'wind_speed']
2026-02-16 16:00:00;4601.3102943522445;3437.96925;['temperature', 'wind_speed']
2026-02-16 17:00:00;4806.088636615679;5117.6485;['temperature', 'wind_speed']
2026-02-16 18:00:00;4661.984383616929;5031.2195;['temperature', 'wind_speed']
2026-02-16 19:00:00;3182.577095879096;5013.32925;['temperature', 'wind_speed']
2026-02-16 20:00:00;3689.7629314628975;3950.84225;['temperature', 'wind_speed']
2026-02-16 21:00:00;4289.15194392548;3260.27925;['temperature', 'wind_speed']
2026-02-16 22:00:00;3873.712315999369;3727.6415;['temperature', 'wind_speed']
2026-02-16 23:00:00;3960.5156112507566;2914.66625;['temperature', 'wind_speed']
2026-02-17 00:00:00;3809.482936443369;3134.171;['temperature', 'wind_speed']
2026-02-17 01:00:00;3979.5092019654594;2905.419;['temperature', 'wind_speed']
2026-02-17 02:00:00;4072.8404279057922;3407.01775;['temperature', 'wind_speed']
2026-02-17 03:00:00;4097.79412764606;2895.731;['temperature', 'wind_speed']
2026-02-17 04:00:00;4001.1919327421683;3551.5375;['temperature', 'wind_speed']
2026-02-17 05:00:00;3870.716465213538;3038.49075;['temperature', 'wind_speed']
2026-02-17 06:00:00;4360.490369128613;2865.9880000000003;['temperature', 'wind_speed']
2026-02-17 07:00:00;4964.115663751969;4217.9155;['temperature', 'wind_speed']
2026-02-17 08:00:00;3740.5947708382373;4631.85375;['temperature', 'wind_speed']
2026-02-17 09:00:00;4291.337956686422;5666.0205000000005;['temperature', 'wind_speed']
2026-02-17 10:00:00;4715.472004948895;3033.71925;['temperature', 'wind_speed']
2026-02-17 11:00:00;4524.000240346914;3668.54275;['temperature', 'wind_speed']
2026-02-17 12:00:00;4225.577191273118;3205.1977500000003;['temperature', 'wind_speed']
2026-02-17 13:00:00;3729.819522439749;3569.85825;['temperature', 'wind_speed']
2026-02-17 14:00:00;3924.6390174520357;4546.28325;['temperature', 'wind_speed']
2026-02-17 15:00:00;3992.2778597613597;3355.98275;['temperature', 'wind_speed']
2026-02-17 16:00:00;4516.9291976211525;3155.60275;['temperature', 'wind_speed']
2026-02-17 17:00:00;4278.46025912401;3948.281;['temperature', 'wind_speed']
2026-02-17 18:00:00;3732.031109723617;6586.86025;['temperature', 'wind_speed']
2026-02-17 19:00:00;3266.852970821791;2688.89675;['temperature', 'wind_speed']
2026-02-17 20:00:00;3861.0896789333437;4654.51275;['temperature', 'wind_speed']
2026-02-17 21:00:00;4152.557860899905;3142.6025;['temperature', 'wind_speed']
2026-02-17 22:00:00;3934.3132616968423;2652.804;['temperature', 'wind_speed']
2026-02-17 23:00:00;3740.8862360963494;2618.7905;['temperature', 'wind_speed']
2026-02-18 00:00:00;3348.379195329273;3148.755;['temperature', 'wind_speed']
2026-02-18 01:00:00;3357.9646843052396;3693.88525;['temperature', 'wind_speed']
2026-02-18 02:00:00;3669.346629352943;2656.90925;['temperature', 'wind_speed']
2026-02-18 03:00:00;3493.989062128362;2022.2365;['temperature', 'wind_speed']
2026-02-18 04:00:00;3465.9748474809685;2714.6582499999995;['temperature', 'wind_speed']
2026-02-18 05:00:00;3342.4215359206355;3138.4825;['temperature', 'wind_speed']
2026-02-18 06:00:00;3513.1915917867277;3251.8665;['temperature', 'wind_speed']
2026-02-18 07:00:00;4680.375660984679;3767.39;['temperature', 'wind_speed']
2026-02-18 08:00:00;3424.586156374236;3704.433;['temperature', 'wind_speed']
2026-02-18 09:00:00;3911.554063501316;4502.9775;['temperature', 'wind_speed']
2026-02-18 10:00:00;3250.8288260978634;2839.84175;['temperature', 'wind_speed']
2026-02-18 11:00:00;3656.4241788777376;3027.432;['temperature', 'wind_speed']
2026-02-18 12:00:00;3702.2972851255768;3523.302;['temperature', 'wind_speed']
2026-02-18 13:00:00;3473.786574805271;3065.7345000000005;['temperature', 'wind_speed']
2026-02-18 14:00:00;4052.621489700141;3746.467;['temperature', 'wind_speed']
2026-02-18 15:00:00;3738.867329233386;3357.258;['temperature', 'wind_speed']
2026-02-18 16:00:00;3136.9577739031897;3739.85675;['temperature', 'wind_speed']
2026-02-18 17:00:00;4269.795806501997;5383.882;['temperature', 'wind_speed']
2026-02-18 18:00:00;4934.723787523102;5460.044;['temperature', 'wind_speed']
2026-02-18 19:00:00;3749.7756943645445;3423.06;['temperature', 'wind_speed']
2026-02-18 20:00:00;3736.8856623375596;4988.140666666666;['temperature', 'wind_speed']
2026-02-18 21:00:00;3085.8910440342083;3943.082;['temperature', 'wind_speed']
2026-02-18 22:00:00;3062.681146002432;3280.73875;['temperature', 'wind_speed']
2026-02-18 23:00:00;2942.2628399807654;4189.85225;['temperature', 'wind_speed']
2026-02-19 00:00:00;3803.933023455404;3798.69625;['temperature', 'wind_speed']
2026-02-19 01:00:00;3564.892833274266;3470.1565;['temperature', 'wind_speed']
2026-02-19 02:00:00;3349.6261493505067;3887.978;['temperature', 'wind_speed']
2026-02-19 03:00:00;2939.958369569754;3463.55225;['temperature', 'wind_speed']
2026-02-19 04:00:00;3011.506969593939;3694.54025;['temperature', 'wind_speed']
2026-02-19 05:00:00;2854.792676578814;4024.671;['temperature', 'wind_speed']
2026-02-19 06:00:00;3164.2736416280045;3976.81075;['temperature', 'wind_speed']
2026-02-19 07:00:00;3667.884880899635;4254.63175;['temperature', 'wind_speed']
2026-02-19 08:00:00;4046.204463033475;5451.65625;['temperature', 'wind_speed']
2026-02-19 09:00:00;5028.5027347458545;4617.72725;['temperature', 'wind_speed']
2026-02-19 10:00:00;3168.2052355726755;4048.07275;['temperature', 'wind_speed']
2026-02-19 11:00:00;3109.608878162432;4006.33275;['temperature', 'wind_speed']
2026-02-19 12:00:00;3132.425722076839;2886.07425;['temperature', 'wind_speed']
2026-02-19 13:00:00;2988.5734194216434;3151.84075;['temperature', 'wind_speed']
2026-02-19 14:00:00;3766.129900654714;2118.81075;['temperature', 'wind_speed']
2026-02-19 15:00:00;3294.4341597529574;2872.442;['temperature', 'wind_speed']
2026-02-19 16:00:00;3406.5580111943477;3774.00675;['temperature', 'wind_speed']
2026-02-19 17:00:00;4485.187382387201;5136.79725;['temperature', 'wind_speed']
2026-02-19 18:00:00;5844.737620265492;5757.4375;['temperature', 'wind_speed']
2026-02-19 19:00:00;3406.5089105927964;2808.28475;['temperature', 'wind_speed']
2026-02-19 20:00:00;4221.5118795753015;4316.30025;['temperature', 'wind_speed']
2026-02-19 21:00:00;3525.02733128383;4116.61075;['temperature', 'wind_speed']
2026-02-19 22:00:00;3359.4477915157786;3227.96925;['temperature', 'wind_speed']
2026-02-19 23:00:00;3776.822932857666;3393.52525;['temperature', 'wind_speed']
2026-02-20 00:00:00;3505.370861457168;3867.99625;['temperature', 'wind_speed']
2026-02-20 01:00:00;3526.302534862278;3100.64225;['temperature', 'wind_speed']
2026-02-20 02:00:00;3354.171847837651;2828.1715;['temperature', 'wind_speed']
2026-02-20 03:00:00;2870.411425933422;4158.9235;['temperature', 'wind_speed']
2026-02-20 04:00:00;3285.749732684124;3933.11075;['temperature', 'wind_speed']
2026-02-20 05:00:00;3605.8296384924074;3965.08175;['temperature', 'wind_speed']
2026-02-20 06:00:00;3699.5733498341156;3080.9115;['temperature', 'wind_speed']
2026-02-20 07:00:00;3959.874861771794;4425.24725;['temperature', 'wind_speed']
2026-02-20 08:00:00;4354.537487275457;5264.822999999999;['temperature', 'wind_speed']
2026-02-20 09:00:00;4314.3466681084665;3476.0955;['temperature', 'wind_speed']
2026-02-20 10:00:00;3551.2793757044233;3282.589;['temperature', 'wind_speed']
2026-02-20 11:00:00;3543.6517581277985;3600.80525;['temperature', 'wind_speed']
2026-02-20 12:00:00;3233.5614532836807;4432.64325;['temperature', 'wind_speed']
2026-02-20 13:00:00;3176.0738926548966;2361.1320000000005;['temperature', 'wind_speed']
2026-02-20 14:00:00;3065.637434341087;1551.0443333333333;['temperature', 'wind_speed']
2026-02-20 15:00:00;3118.9577967190007;2872.442;['temperature', 'wind_speed']
2026-02-20 16:00:00;3631.133835744234;3774.00675;['temperature', 'wind_speed']
2026-02-20 17:00:00;5013.694383520131;5136.79725;['temperature', 'wind_speed']
2026-02-20 18:00:00;5434.542191417584;5177.334;['temperature', 'wind_speed']
2026-02-20 19:00:00;3132.494819774734;5452.91475;['temperature', 'wind_speed']
2026-02-20 20:00:00;4512.584040148522;5548.0960000000005;['temperature', 'wind_speed']
2026-02-20 21:00:00;3842.988656876729;4351.4605;['temperature', 'wind_speed']
2026-02-20 22:00:00;3421.59915239466;4562.4445;['temperature', 'wind_speed']
2026-02-20 23:00:00;3812.565316477243;3240.04275;['temperature', 'wind_speed']
2026-02-10 00:00:00;3127.8922113683147;2312.257;['temperature', 'pressure']
2026-02-10 01:00:00;3122.52310888523;2445.75475;['temperature', 'pressure']
2026-02-10 02:00:00;2381.5364124414423;2738.38875;['temperature', 'pressure']
2026-02-10 03:00:00;2776.706829369506;2507.56425;['temperature', 'pressure']
2026-02-10 04:00:00;2540.7058451255407;2972.28575;['temperature', 'pressure']
2026-02-10 05:00:00;3264.4151296815594;2894.95425;['temperature', 'pressure']
2026-02-10 06:00:00;3163.6358250660815;3762.406;['temperature', 'pressure']
2026-02-10 07:00:00;2883.999727226037;2580.2795;['temperature', 'pressure']
2026-02-10 08:00:00;2993.4384235614066;4036.3455;['temperature', 'pressure']
2026-02-10 09:00:00;2765.0979111677298;3671.19375;['temperature', 'pressure']
2026-02-10 10:00:00;3226.971544597552;2416.94175;['temperature', 'pressure']
2026-02-10 11:00:00;3119.137175912316;2677.89175;['temperature', 'pressure']
2026-02-10 12:00:00;3226.4051120973504;1806.73475;['temperature', 'pressure']
2026-02-10 13:00:00;3144.6953871432083;3154.1665;['temperature', 'pressure']
2026-02-10 14:00:00;2716.6311520772106;2227.19575;['temperature', 'pressure']
2026-02-10 15:00:00;2451.2012880104166;2543.43525;['temperature', 'pressure']
2026-02-10 16:00:00;2994.0315199790443;2576.265;['temperature', 'pressure']
2026-02-10 17:00:00;3520.1086473572486;5342.617;['temperature', 'pressure']
2026-02-10 18:00:00;4530.724395471646;5926.32475;['temperature', 'pressure']
2026-02-10 19:00:00;3632.5843379129337;3875.02825;['temperature', 'pressure']
2026-02-10 20:00:00;3337.492746056752;4273.53175;['temperature', 'pressure']
2026-02-10 21:00:00;3834.092307631424;2881.09475;['temperature', 'pressure']
2026-02-10 22:00:00;3330.2157242955045;2286.139;['temperature', 'pressure']
2026-02-10 23:00:00;3256.1882585483836;3057.192;['temperature', 'pressure']
2026-02-11 00:00:00;2616.0235146340083;2366.50825;['temperature', 'pressure']
2026-02-11 01:00:00;2797.7256535388988;2711.8525;['temperature', 'pressure']
2026-02-11 02:00:00;2681.394701385045;2083.15775;['temperature', 'pressure']
2026-02-11 03:00:00;2757.06053067126;2465.2165000000005;['temperature', 'pressure']
2026-02-11 04:00:00;2669.7728706528897;2897.0037500000003;['temperature', 'pressure']
2026-02-11 05:00:00;3189.016051570091;2676.7915000000003;['temperature', 'pressure']
2026-02-11 06:00:00;3246.149079121617;2365.58925;['temperature', 'pressure']
2026-02-11 07:00:00;2814.680869523492;3238.81225;['temperature', 'pressure']
2026-02-11 08:00:00;3196.3507007564585;2706.17225;['temperature', 'pressure']
2026-02-11 09:00:00;3154.194250422327;3475.922;['temperature', 'pressure']
2026-02-11 10:00:00;2559.64650596419;2244.5915;['temperature', 'pressure']
2026-02-11 11:00:00;2866.282720818654;2952.637;['temperature', 'pressure']
2026-02-11 12:00:00;2507.2325570635135;1686.3925;['temperature', 'pressure']
2026-02-11 13:00:00;3056.7889570666102;3154.1665;['temperature', 'pressure']
2026-02-11 14:00:00;2471.500527007193;2227.19575;['temperature', 'pressure']
2026-02-11 15:00:00;2682.5505589169325;2543.43525;['temperature', 'pressure']
2026-02-11 16:00:00;2721.5004797592387;2576.265;['temperature', 'pressure']
2026-02-11 17:00:00;3718.89674722595;1333.5;['temperature', 'pressure']
2026-02-11 18:00:00;3981.7232998826694;3750.33275;['temperature', 'pressure']
2026-02-11 19:00:00;3336.897322487176;3982.69175;['temperature', 'pressure']
2026-02-11 20:00:00;3387.528383980044;3578.161;['temperature', 'pressure']
2026-02-11 21:00:00;2942.8228260979463;2482.21025;['temperature', 'pressure']
2026-02-11 22:00:00;2697.769974206665;2358.59375;['temperature', 'pressure']
2026-02-11 23:00:00;3018.5240729010384;2322.409;['temperature', 'pressure']
2026-02-12 00:00:00;2079.449904014794;2297.366;['temperature', 'pressure']
2026-02-12 01:00:00;2350.1165886262665;2377.4665;['temperature', 'pressure']
2026-02-12 02:00:00;2287.570313578269;1861.1955;['temperature', 'pressure']
2026-02-12 03:00:00;2381.611986200813;1835.98825;['temperature', 'pressure']
2026-02-12 04:00:00;2827.5993783064805;1987.42975;['temperature', 'pressure']
2026-02-12 05:00:00;2628.3675790844704;2928.504;['temperature', 'pressure']
2026-02-12 06:00:00;2418.1023118993844;2122.81;['temperature', 'pressure']
2026-02-12 07:00:00;2975.812868089089;2338.194;['temperature', 'pressure']
2026-02-12 08:00:00;2771.48946272255;1348.37875;['temperature', 'pressure']
2026-02-12 09:00:00;3063.148937332373;928.61625;['temperature', 'pressure']
2026-02-12 10:00:00;2271.145375591428;2329.8340000000003;['temperature', 'pressure']
2026-02-12 11:00:00;2749.2513115066126;1817.92825;['temperature', 'pressure']
2026-02-12 12:00:00;2268.262502297136;3735.537;['temperature', 'pressure']
2026-02-12 13:00:00;2848.8684228619272;2596.203;['temperature', 'pressure']
2026-02-12 14:00:00;2385.101202800463;2194.61975;['temperature', 'pressure']
2026-02-12 15:00:00;2696.233198494586;1834.60225;['temperature', 'pressure']
2026-02-12 16:00:00;2690.23227367881;2180.3565;['temperature', 'pressure']
2026-02-12 17:00:00;3191.667518698676;3746.30075;['temperature', 'pressure']
2026-02-12 18:00:00;4221.616577228094;4982.87875;['temperature', 'pressure']
2026-02-12 19:00:00;3194.3281348371993;3386.71775;['temperature', 'pressure']
2026-02-12 20:00:00;3524.0679450611656;3613.59775;['temperature', 'pressure']
2026-02-12 21:00:00;2632.1553270996124;3065.22725;['temperature', 'pressure']
2026-02-12 22:00:00;2229.5699884008673;2475.28875;['temperature', 'pressure']
2026-02-12 23:00:00;2226.810608498019;2045.159;['temperature', 'pressure']
2026-02-13 00:00:00;2071.073354585963;2855.48325;['temperature', 'pressure']
2026-02-13 01:00:00;2268.2903493882623;2102.1375;['temperature', 'pressure']
2026-02-13 02:00:00;2070.8687325010583;2721.5535;['temperature', 'pressure']
2026-02-13 03:00:00;2255.0444009868693;2265.05425;['temperature', 'pressure']
2026-02-13 04:00:00;2416.9251012321824;2724.386;['temperature', 'pressure']
2026-02-13 05:00:00;2535.2809998629123;1950.27;['temperature', 'pressure']
2026-02-13 06:00:00;2250.8664325099558;2676.27525;['temperature', 'pressure']
2026-02-13 07:00:00;2561.7784122081475;1876.716;['temperature', 'pressure']
2026-02-13 08:00:00;2267.0056293659354;3155.0185;['temperature', 'pressure']
2026-02-13 09:00:00;2122.973661188572;3419.00525;['temperature', 'pressure']
2026-02-13 10:00:00;2380.6224941779465;2633.61775;['temperature', 'pressure']
2026-02-13 11:00:00;2380.452283965359;3832.5985;['temperature', 'pressure']
2026-02-13 12:00:00;3108.5386592635105;2113.4985;['temperature', 'pressure']
2026-02-13 13:00:00;2651.048894514991;2406.8145;['temperature', 'pressure']
2026-02-13 14:00:00;2299.1775893173876;2225.23925;['temperature', 'pressure']
2026-02-13 15:00:00;2195.333957432374;2112.819;['temperature', 'pressure']
2026-02-13 16:00:00;2385.9478565095646;2119.783;['temperature', 'pressure']
2026-02-13 17:00:00;3447.006447829819;2762.934;['temperature', 'pressure']
2026-02-13 18:00:00;3493.5456839810613;3519.851;['temperature', 'pressure']
2026-02-13 19:00:00;3161.184389060951;3490.8465;['temperature', 'pressure']
2026-02-13 20:00:00;3257.3341840904473;3538.6712499999994;['temperature', 'pressure']
2026-02-13 21:00:00;2954.749933202032;3449.1785;['temperature', 'pressure']
2026-02-13 22:00:00;2637.177572838866;2324.8065;['temperature', 'pressure']
2026-02-13 23:00:00;2303.6373845511735;3431.5795;['temperature', 'pressure']
2026-02-14 00:00:00;3194.782276310928;2411.443;['temperature', 'pressure']
2026-02-14 01:00:00;2561.8702930667123;2943.3845;['temperature', 'pressure']
2026-02-14 02:00:00;2913.156243162248;2579.4275;['temperature', 'pressure']
2026-02-14 03:00:00;2779.464092325027;2204.52425;['temperature', 'pressure']
2026-02-14 04:00:00;2742.0037531549265;2660.8965000000003;['temperature', 'pressure']
2026-02-14 05:00:00;2836.9887040533863;3597.15675;['temperature', 'pressure']
2026-02-14 06:00:00;2717.529620223075;2461.59075;['temperature', 'pressure']
2026-02-14 07:00:00;2549.9946872037126;2936.82475;['temperature', 'pressure']
2026-02-14 08:00:00;3100.6497403213743;2971.81825;['temperature', 'pressure']
2026-02-14 09:00:00;2731.645654714003;2900.61125;['temperature', 'pressure']
2026-02-14 10:00:00;2937.7660290000495;2713.67975;['temperature', 'pressure']
2026-02-14 11:00:00;3340.457540883127;2756.77525;['temperature', 'pressure']
2026-02-14 12:00:00;3015.5718061722155;3727.64475;['temperature', 'pressure']
2026-02-14 13:00:00;3113.0890576565994;2757.3445;['temperature', 'pressure']
2026-02-14 14:00:00;2648.882535653454;3371.52475;['temperature', 'pressure']
2026-02-14 15:00:00;2849.7589878387244;3231.48225;['temperature', 'pressure']
2026-02-14 16:00:00;2952.34459782063;4488.084;['temperature', 'pressure']
2026-02-14 17:00:00;3571.0908892785465;5352.45;['temperature', 'pressure']
2026-02-14 18:00:00;4033.305394683395;6210.828;['temperature', 'pressure']
2026-02-14 19:00:00;3627.71761204497;1903.77525;['temperature', 'pressure']
2026-02-14 20:00:00;3425.4902444189474;2630.102;['temperature', 'pressure']
2026-02-14 21:00:00;3195.455127006576;4245.20475;['temperature', 'pressure']
2026-02-14 22:00:00;2497.2550041679406;3723.198;['temperature', 'pressure']
2026-02-14 23:00:00;2845.87127526151;3729.623;['temperature', 'pressure']
2026-02-15 00:00:00;3500.6415509138633;3933.857;['temperature', 'pressure']
2026-02-15 01:00:00;3335.900224226024;3709.625;['temperature', 'pressure']
2026-02-15 02:00:00;3536.20158024786;3698.68875;['temperature', 'pressure']
2026-02-15 03:00:00;3251.7755063656214;3668.341;['temperature', 'pressure']
2026-02-15 04:00:00;3456.090582699888;3783.91125;['temperature', 'pressure']
2026-02-15 05:00:00;3568.5684479501147;3444.12875;['temperature', 'pressure']
2026-02-15 06:00:00;3341.4832809069067;4090.44675;['temperature', 'pressure']
2026-02-15 07:00:00;3413.6494277903994;4660.0415;['temperature', 'pressure']
2026-02-15 08:00:00;3893.9250313381826;3879.998;['temperature', 'pressure']
2026-02-15 09:00:00;3982.4153895814734;4359.39175;['temperature', 'pressure']
2026-02-15 10:00:00;3837.6051418747197;5136.501;['temperature', 'pressure']
2026-02-15 11:00:00;4005.9766070804662;4608.921;['temperature', 'pressure']
2026-02-15 12:00:00;3880.25615000958;3958.311;['temperature', 'pressure']
2026-02-15 13:00:00;3737.6738717015023;2757.3445;['temperature', 'pressure']
2026-02-15 14:00:00;3913.6350369237816;3371.52475;['temperature', 'pressure']
2026-02-15 15:00:00;3926.6365118979766;3231.48225;['temperature', 'pressure']
2026-02-15 16:00:00;4020.8965715372724;5022.667;['temperature', 'pressure']
2026-02-15 17:00:00;4929.306992866465;3789.986;['temperature', 'pressure']
2026-02-15 18:00:00;5401.675592863814;1972.2715;['temperature', 'pressure']
2026-02-15 19:00:00;3803.9848177896765;1211.72575;['temperature', 'pressure']
2026-02-15 20:00:00;3767.196949551922;2768.893;['temperature', 'pressure']
2026-02-15 21:00:00;4389.594324035421;4284.85;['temperature', 'pressure']
2026-02-15 22:00:00;4153.5609700406485;3674.49175;['temperature', 'pressure']
2026-02-15 23:00:00;4228.773402911967;3857.04075;['temperature', 'pressure']
2026-02-16 00:00:00;3289.0987659145458;4270.74175;['temperature', 'pressure']
2026-02-16 01:00:00;3423.7030305572443;4172.0475;['temperature', 'pressure']
2026-02-16 02:00:00;3517.1184949339295;4192.84925;['temperature', 'pressure']
2026-02-16 03:00:00;3229.544564721546;4297.218;['temperature', 'pressure']
2026-02-16 04:00:00;3570.8962264689526;3792.167;['temperature', 'pressure']
2026-02-16 05:00:00;3385.6684464028194;3905.2105;['temperature', 'pressure']
2026-02-16 06:00:00;3350.6199359828042;4322.625;['temperature', 'pressure']
2026-02-16 07:00:00;3511.441728163286;5897.072;['temperature', 'pressure']
2026-02-16 08:00:00;3629.20924302728;2816.22675;['temperature', 'pressure']
2026-02-16 09:00:00;3741.128912546377;3726.25825;['temperature', 'pressure']
2026-02-16 10:00:00;3813.8910562693018;3709.35825;['temperature', 'pressure']
2026-02-16 11:00:00;3899.06240602348;4097.0225;['temperature', 'pressure']
2026-02-16 12:00:00;3885.306190981676;4383.431500000001;['temperature', 'pressure']
2026-02-16 13:00:00;3553.1779119747116;3789.0565;['temperature', 'pressure']
2026-02-16 14:00:00;3965.2857238270267;4607.666;['temperature', 'pressure']
2026-02-16 15:00:00;3964.263704458413;4367.22325;['temperature', 'pressure']
2026-02-16 16:00:00;4438.183036051463;3437.96925;['temperature', 'pressure']
2026-02-16 17:00:00;4893.1856214789605;5117.6485;['temperature', 'pressure']
2026-02-16 18:00:00;4800.128136668687;5031.2195;['temperature', 'pressure']
2026-02-16 19:00:00;3093.991890800971;5013.32925;['temperature', 'pressure']
2026-02-16 20:00:00;3670.750541326179;3950.84225;['temperature', 'pressure']
2026-02-16 21:00:00;4272.008572343449;3260.27925;['temperature', 'pressure']
2026-02-16 22:00:00;3952.6206411946814;3727.6415;['temperature', 'pressure']
2026-02-16 23:00:00;4001.0543990925535;2914.66625;['temperature', 'pressure']
2026-02-17 00:00:00;3728.580104412119;3134.171;['temperature', 'pressure']
2026-02-17 01:00:00;3887.5400247193656;2905.419;['temperature', 'pressure']
2026-02-17 02:00:00;3980.8712506596985;3407.01775;['temperature', 'pressure']
2026-02-17 03:00:00;4023.4854423433253;2895.731;['temperature', 'pressure']
2026-02-17 04:00:00;3939.850349490215;3551.5375;['temperature', 'pressure']
2026-02-17 05:00:00;3750.473118045569;3038.49075;['temperature', 'pressure']
2026-02-17 06:00:00;4431.6441319459955;2865.9880000000003;['temperature', 'pressure']
2026-02-17 07:00:00;4927.161318048844;4217.9155;['temperature', 'pressure']
2026-02-17 08:00:00;3669.1302856697803;4631.85375;['temperature', 'pressure']
2026-02-17 09:00:00;4225.953252096579;5666.0205000000005;['temperature', 'pressure']
2026-02-17 10:00:00;4669.967671452801;3033.71925;['temperature', 'pressure']
2026-02-17 11:00:00;4344.956783315664;3668.54275;['temperature', 'pressure']
2026-02-17 12:00:00;4045.2513856090554;3205.1977500000003;['temperature', 'pressure']
2026-02-17 13:00:00;3786.302655755789;3569.85825;['temperature', 'pressure']
2026-02-17 14:00:00;3855.1819251668794;4546.28325;['temperature', 'pressure']
2026-02-17 15:00:00;3806.182004048469;3355.98275;['temperature', 'pressure']
2026-02-17 16:00:00;4188.517378163145;3155.60275;['temperature', 'pressure']
2026-02-17 17:00:00;4300.6608206474475;3948.281;['temperature', 'pressure']
2026-02-17 18:00:00;3746.1407059760586;6586.86025;['temperature', 'pressure']
2026-02-17 19:00:00;3187.617573482924;2688.89675;['temperature', 'pressure']
2026-02-17 20:00:00;3923.4234191677187;4654.51275;['temperature', 'pressure']
2026-02-17 21:00:00;4148.389419127444;3142.6025;['temperature', 'pressure']
2026-02-17 22:00:00;3862.3682696314127;2652.804;['temperature', 'pressure']
2026-02-17 23:00:00;3753.344091320959;2618.7905;['temperature', 'pressure']
2026-02-18 00:00:00;3332.5253821578863;3148.755;['temperature', 'pressure']
2026-02-18 01:00:00;3345.0906837559232;3693.88525;['temperature', 'pressure']
2026-02-18 02:00:00;3624.139666767494;2656.90925;['temperature', 'pressure']
2026-02-18 03:00:00;3449.9265544989676;2022.2365;['temperature', 'pressure']
2026-02-18 04:00:00;3525.544534370617;2714.6582499999995;['temperature', 'pressure']
2026-02-18 05:00:00;3296.155819367901;3138.4825;['temperature', 'pressure']
2026-02-18 06:00:00;3456.6883035176847;3251.8665;['temperature', 'pressure']
2026-02-18 07:00:00;4629.827046482726;3767.39;['temperature', 'pressure']
2026-02-18 08:00:00;3178.922826296111;3704.433;['temperature', 'pressure']
2026-02-18 09:00:00;3862.663926782566;4502.9775;['temperature', 'pressure']
2026-02-18 10:00:00;3209.11005320968;2839.84175;['temperature', 'pressure']
2026-02-18 11:00:00;3599.141326704886;3027.432;['temperature', 'pressure']
2026-02-18 12:00:00;3649.550848052823;3523.302;['temperature', 'pressure']
2026-02-18 13:00:00;3538.0917276983373;3065.7345000000005;['temperature', 'pressure']
2026-02-18 14:00:00;3835.0371391142035;3746.467;['temperature', 'pressure']
2026-02-18 15:00:00;3759.187840097644;3357.258;['temperature', 'pressure']
2026-02-18 16:00:00;3117.5750148089514;3739.85675;['temperature', 'pressure']
2026-02-18 17:00:00;4095.9868923174263;5383.882;['temperature', 'pressure']
2026-02-18 18:00:00;5113.330293870758;5460.044;['temperature', 'pressure']
2026-02-18 19:00:00;3663.423277372357;3423.06;['temperature', 'pressure']
2026-02-18 20:00:00;3523.246135970372;4988.140666666666;['temperature', 'pressure']
2026-02-18 21:00:00;3000.9990152256146;3943.082;['temperature', 'pressure']
2026-02-18 22:00:00;2977.503754950186;3280.73875;['temperature', 'pressure']
2026-02-18 23:00:00;3017.657279678031;4189.85225;['temperature', 'pressure']
2026-02-19 00:00:00;3577.838423254751;3798.69625;['temperature', 'pressure']
2026-02-19 01:00:00;3391.993098777196;3470.1565;['temperature', 'pressure']
2026-02-19 02:00:00;3152.127820187909;3887.978;['temperature', 'pressure']
2026-02-19 03:00:00;2736.721644716238;3463.55225;['temperature', 'pressure']
2026-02-19 04:00:00;3078.967231892523;3694.54025;['temperature', 'pressure']
2026-02-19 05:00:00;2973.5774818766654;4024.671;['temperature', 'pressure']
2026-02-19 06:00:00;3112.9062977254166;3976.81075;['temperature', 'pressure']
2026-02-19 07:00:00;3773.080162882057;4254.63175;['temperature', 'pressure']
2026-02-19 08:00:00;4037.5320768640413;5451.65625;['temperature', 'pressure']
2026-02-19 09:00:00;4997.916591252202;4617.72725;['temperature', 'pressure']
2026-02-19 10:00:00;2935.7847361286676;4048.07275;['temperature', 'pressure']
2026-02-19 11:00:00;3140.0567236214165;4006.33275;['temperature', 'pressure']
2026-02-19 12:00:00;3207.6326159977375;2886.07425;['temperature', 'pressure']
2026-02-19 13:00:00;3107.2811678347293;3151.84075;['temperature', 'pressure']
2026-02-19 14:00:00;3893.780291279714;2118.81075;['temperature', 'pressure']
2026-02-19 15:00:00;3280.7489294978304;2872.442;['temperature', 'pressure']
2026-02-19 16:00:00;3352.5221873723262;3774.00675;['temperature', 'pressure']
2026-02-19 17:00:00;4551.159336732904;5136.79725;['temperature', 'pressure']
2026-02-19 18:00:00;5934.5598172259415;5757.4375;['temperature', 'pressure']
2026-02-19 19:00:00;3249.972457345726;2808.28475;['temperature', 'pressure']
2026-02-19 20:00:00;4588.458977353622;4316.30025;['temperature', 'pressure']
2026-02-19 21:00:00;3647.1632327349407;4116.61075;['temperature', 'pressure']
2026-02-19 22:00:00;3276.9402536739817;3227.96925;['temperature', 'pressure']
2026-02-19 23:00:00;3750.72292675415;3393.52525;['temperature', 'pressure']
2026-02-20 00:00:00;3517.710932181655;3867.99625;['temperature', 'pressure']
2026-02-20 01:00:00;3636.982701106785;3100.64225;['temperature', 'pressure']
2026-02-20 02:00:00;3341.392364042485;2828.1715;['temperature', 'pressure']
2026-02-20 03:00:00;2908.610514983715;4158.9235;['temperature', 'pressure']
2026-02-20 04:00:00;3280.9485547056083;3933.11075;['temperature', 'pressure']
2026-02-20 05:00:00;3702.3721609228273;3965.08175;['temperature', 'pressure']
2026-02-20 06:00:00;3697.7457970387054;3080.9115;['temperature', 'pressure']
2026-02-20 07:00:00;4052.610467011662;4425.24725;['temperature', 'pressure']
2026-02-20 08:00:00;4403.378719575262;5264.822999999999;['temperature', 'pressure']
2026-02-20 09:00:00;4513.022258623603;3476.0955;['temperature', 'pressure']
2026-02-20 10:00:00;3475.9693094812787;3282.589;['temperature', 'pressure']
2026-02-20 11:00:00;3503.538915567984;3600.80525;['temperature', 'pressure']
2026-02-20 12:00:00;3303.945043981923;4432.64325;['temperature', 'pressure']
2026-02-20 13:00:00;3246.678600849629;2361.1320000000005;['temperature', 'pressure']
2026-02-20 14:00:00;3140.618463851585;1551.0443333333333;['temperature', 'pressure']
2026-02-20 15:00:00;3245.891382839606;2872.442;['temperature', 'pressure']
2026-02-20 16:00:00;3751.216713857027;3774.00675;['temperature', 'pressure']
2026-02-20 17:00:00;5075.562974828725;5136.79725;['temperature', 'pressure']
2026-02-20 18:00:00;5418.090531261334;5177.334;['temperature', 'pressure']
2026-02-20 19:00:00;3137.393188610183;5452.91475;['temperature', 'pressure']
2026-02-20 20:00:00;4607.91675804403;5548.0960000000005;['temperature', 'pressure']
2026-02-20 21:00:00;4145.945680497334;4351.4605;['temperature', 'pressure']
2026-02-20 22:00:00;3405.5175483907537;4562.4445;['temperature', 'pressure']
2026-02-20 23:00:00;3798.40586213154;3240.04275;['temperature', 'pressure']
2026-02-10 00:00:00;3148.049010684721;2312.257;['temperature', 'precipitation']
2026-02-10 01:00:00;3112.258086607398;2445.75475;['temperature', 'precipitation']
2026-02-10 02:00:00;2380.9485675928095;2738.38875;['temperature', 'precipitation']
2026-02-10 03:00:00;2766.8996241693108;2507.56425;['temperature', 'precipitation']
2026-02-10 04:00:00;2593.045994051322;2972.28575;['temperature', 'precipitation']
2026-02-10 05:00:00;3247.8672628602703;2894.95425;['temperature', 'precipitation']
2026-02-10 06:00:00;3130.6401347203173;3762.406;['temperature', 'precipitation']
2026-02-10 07:00:00;3021.0625781781855;2580.2795;['temperature', 'precipitation']
2026-02-10 08:00:00;3166.4186023944144;4036.3455;['temperature', 'precipitation']
2026-02-10 09:00:00;2691.1026185041555;3671.19375;['temperature', 'precipitation']
2026-02-10 10:00:00;3414.877062175677;2416.94175;['temperature', 'precipitation']
2026-02-10 11:00:00;3387.377471322472;2677.89175;['temperature', 'precipitation']
2026-02-10 12:00:00;3271.348967382995;1806.73475;['temperature', 'precipitation']
2026-02-10 13:00:00;3142.6358168307083;3154.1665;['temperature', 'precipitation']
2026-02-10 14:00:00;2726.076342506898;2227.19575;['temperature', 'precipitation']
2026-02-10 15:00:00;2554.2728364723307;2543.43525;['temperature', 'precipitation']
2026-02-10 16:00:00;3101.1409712729896;2576.265;['temperature', 'precipitation']
2026-02-10 17:00:00;3760.3439989197486;5342.617;['temperature', 'precipitation']
2026-02-10 18:00:00;4563.257323938443;5926.32475;['temperature', 'precipitation']
2026-02-10 19:00:00;3458.444308005707;3875.02825;['temperature', 'precipitation']
2026-02-10 20:00:00;3521.0283142940566;4273.53175;['temperature', 'precipitation']
2026-02-10 21:00:00;3639.1914363545684;2881.09475;['temperature', 'precipitation']
2026-02-10 22:00:00;3409.3523343266324;2286.139;['temperature', 'precipitation']
2026-02-10 23:00:00;3303.46712817729;3057.192;['temperature', 'precipitation']
2026-02-11 00:00:00;2585.126206284399;2366.50825;['temperature', 'precipitation']
2026-02-11 01:00:00;2743.6400288440745;2711.8525;['temperature', 'precipitation']
2026-02-11 02:00:00;2710.2095359797718;2083.15775;['temperature', 'precipitation']
2026-02-11 03:00:00;2821.6763601390335;2465.2165000000005;['temperature', 'precipitation']
2026-02-11 04:00:00;2629.23502122662;2897.0037500000003;['temperature', 'precipitation']
2026-02-11 05:00:00;3186.4515030776593;2676.7915000000003;['temperature', 'precipitation']
2026-02-11 06:00:00;3151.7890251055037;2365.58925;['temperature', 'precipitation']
2026-02-11 07:00:00;2766.302375260797;3238.81225;['temperature', 'precipitation']
2026-02-11 08:00:00;3116.208183666615;2706.17225;['temperature', 'precipitation']
2026-02-11 09:00:00;3121.0732482250614;3475.922;['temperature', 'precipitation']
2026-02-11 10:00:00;2422.1733271006647;2244.5915;['temperature', 'precipitation']
2026-02-11 11:00:00;2662.4732115413103;2952.637;['temperature', 'precipitation']
2026-02-11 12:00:00;2598.424146418982;1686.3925;['temperature', 'precipitation']
2026-02-11 13:00:00;3140.1333383990077;3154.1665;['temperature', 'precipitation']
2026-02-11 14:00:00;2490.4103780814116;2227.19575;['temperature', 'precipitation']
2026-02-11 15:00:00;2636.210562579042;2543.43525;['temperature', 'precipitation']
2026-02-11 16:00:00;2902.947623313926;2576.265;['temperature', 'precipitation']
2026-02-11 17:00:00;3791.605426425169;1333.5;['temperature', 'precipitation']
2026-02-11 18:00:00;4109.536654374857;3750.33275;['temperature', 'precipitation']
2026-02-11 19:00:00;3375.0431354754573;3982.69175;['temperature', 'precipitation']
2026-02-11 20:00:00;3463.8417079546534;3578.161;['temperature', 'precipitation']
2026-02-11 21:00:00;2832.796951960068;2482.21025;['temperature', 'precipitation']
2026-02-11 22:00:00;2627.3785214173586;2358.59375;['temperature', 'precipitation']
2026-02-11 23:00:00;2802.721231714515;2322.409;['temperature', 'precipitation']
2026-02-12 00:00:00;2026.3186021349109;2297.366;['temperature', 'precipitation']
2026-02-12 01:00:00;2474.317264590622;2377.4665;['temperature', 'precipitation']
2026-02-12 02:00:00;2441.9292613321754;1861.1955;['temperature', 'precipitation']
2026-02-12 03:00:00;2427.8701496529616;1835.98825;['temperature', 'precipitation']
2026-02-12 04:00:00;2904.6781746931993;1987.42975;['temperature', 'precipitation']
2026-02-12 05:00:00;2747.876146894529;2928.504;['temperature', 'precipitation']
2026-02-12 06:00:00;2602.2842271825875;2122.81;['temperature', 'precipitation']
2026-02-12 07:00:00;2918.235414475808;2338.194;['temperature', 'precipitation']
2026-02-12 08:00:00;3043.9679955136876;1348.37875;['temperature', 'precipitation']
2026-02-12 09:00:00;3061.9884453890136;928.61625;['temperature', 'precipitation']
2026-02-12 10:00:00;2375.1455281793187;2329.8340000000003;['temperature', 'precipitation']
2026-02-12 11:00:00;2667.6377708571986;1817.92825;['temperature', 'precipitation']
2026-02-12 12:00:00;2363.840871437761;3735.537;['temperature', 'precipitation']
2026-02-12 13:00:00;2834.113234873646;2596.203;['temperature', 'precipitation']
2026-02-12 14:00:00;2318.0632999684317;2194.61975;['temperature', 'precipitation']
2026-02-12 15:00:00;2636.0512221762265;1834.60225;['temperature', 'precipitation']
2026-02-12 16:00:00;2737.3329511690445;2180.3565;['temperature', 'precipitation']
2026-02-12 17:00:00;3195.205635153754;3746.30075;['temperature', 'precipitation']
2026-02-12 18:00:00;3931.386200030828;4982.87875;['temperature', 'precipitation']
2026-02-12 19:00:00;2982.0644629621993;3386.71775;['temperature', 'precipitation']
2026-02-12 20:00:00;3486.4484840015953;3613.59775;['temperature', 'precipitation']
2026-02-12 21:00:00;2911.559089916995;3065.22725;['temperature', 'precipitation']
2026-02-12 22:00:00;2469.7387048315313;2475.28875;['temperature', 'precipitation']
2026-02-12 23:00:00;2500.8802114643277;2045.159;['temperature', 'precipitation']
2026-02-13 00:00:00;2204.5978792746837;2855.48325;['temperature', 'precipitation']
2026-02-13 01:00:00;2297.964475059649;2102.1375;['temperature', 'precipitation']
2026-02-13 02:00:00;2113.718051959066;2721.5535;['temperature', 'precipitation']
2026-02-13 03:00:00;2310.324872788627;2265.05425;['temperature', 'precipitation']
2026-02-13 04:00:00;2527.751624059331;2724.386;['temperature', 'precipitation']
2026-02-13 05:00:00;2575.820535385373;1950.27;['temperature', 'precipitation']
2026-02-13 06:00:00;2307.185844741401;2676.27525;['temperature', 'precipitation']
2026-02-13 07:00:00;2619.0367663951592;1876.716;['temperature', 'precipitation']
2026-02-13 08:00:00;2274.73765451242;3155.0185;['temperature', 'precipitation']
2026-02-13 09:00:00;2175.3613221687965;3419.00525;['temperature', 'precipitation']
2026-02-13 10:00:00;2415.395031409392;2633.61775;['temperature', 'precipitation']
2026-02-13 11:00:00;2518.632742034207;3832.5985;['temperature', 'precipitation']
2026-02-13 12:00:00;3161.132348228354;2113.4985;['temperature', 'precipitation']
2026-02-13 13:00:00;2678.4455162190925;2406.8145;['temperature', 'precipitation']
2026-02-13 14:00:00;2399.40785970313;2225.23925;['temperature', 'precipitation']
2026-02-13 15:00:00;2326.780650852784;2112.819;['temperature', 'precipitation']
2026-02-13 16:00:00;2436.0337177156193;2119.783;['temperature', 'precipitation']
2026-02-13 17:00:00;3536.194619216538;2762.934;['temperature', 'precipitation']
2026-02-13 18:00:00;3551.626677633405;3519.851;['temperature', 'precipitation']
2026-02-13 19:00:00;3217.372804588295;3490.8465;['temperature', 'precipitation']
2026-02-13 20:00:00;3258.119767586541;3538.6712499999994;['temperature', 'precipitation']
2026-02-13 21:00:00;3061.5108127186336;3449.1785;['temperature', 'precipitation']
2026-02-13 22:00:00;2642.72292195996;2324.8065;['temperature', 'precipitation']
2026-02-13 23:00:00;2290.8217412406266;3431.5795;['temperature', 'precipitation']
2026-02-14 00:00:00;3131.013050236709;2411.443;['temperature', 'precipitation']
2026-02-14 01:00:00;2463.736717627259;2943.3845;['temperature', 'precipitation']
2026-02-14 02:00:00;2771.093102293107;2579.4275;['temperature', 'precipitation']
2026-02-14 03:00:00;2562.980144571121;2204.52425;['temperature', 'precipitation']
2026-02-14 04:00:00;2613.670653789692;2660.8965000000003;['temperature', 'precipitation']
2026-02-14 05:00:00;2593.5509751715504;3597.15675;['temperature', 'precipitation']
2026-02-14 06:00:00;2588.4399138021768;2461.59075;['temperature', 'precipitation']
2026-02-14 07:00:00;2270.8714267056657;2936.82475;['temperature', 'precipitation']
2026-02-14 08:00:00;2723.0255337784056;2971.81825;['temperature', 'precipitation']
2026-02-14 09:00:00;2482.7932987569716;2900.61125;['temperature', 'precipitation']
2026-02-14 10:00:00;2710.372352242237;2713.67975;['temperature', 'precipitation']
2026-02-14 11:00:00;3111.5116790667207;2756.77525;['temperature', 'precipitation']
2026-02-14 12:00:00;2981.554525593602;3727.64475;['temperature', 'precipitation']
2026-02-14 13:00:00;2943.752021523787;2757.3445;['temperature', 'precipitation']
2026-02-14 14:00:00;2516.0770241788446;3371.52475;['temperature', 'precipitation']
2026-02-14 15:00:00;2523.906570846537;3231.48225;['temperature', 'precipitation']
2026-02-14 16:00:00;2411.940239910474;4488.084;['temperature', 'precipitation']
2026-02-14 17:00:00;3410.657448116437;5352.45;['temperature', 'precipitation']
2026-02-14 18:00:00;4144.137448821579;6210.828;['temperature', 'precipitation']
2026-02-14 19:00:00;3469.2723224331535;1903.77525;['temperature', 'precipitation']
2026-02-14 20:00:00;3556.008385211794;2630.102;['temperature', 'precipitation']
2026-02-14 21:00:00;3373.713488822982;4245.20475;['temperature', 'precipitation']
2026-02-14 22:00:00;2656.465316057589;3723.198;['temperature', 'precipitation']
2026-02-14 23:00:00;3015.853681877721;3729.623;['temperature', 'precipitation']
2026-02-15 00:00:00;3002.1806439314414;3933.857;['temperature', 'precipitation']
2026-02-15 01:00:00;2952.0089736156724;3709.625;['temperature', 'precipitation']
2026-02-15 02:00:00;3142.383678636532;3698.68875;['temperature', 'precipitation']
2026-02-15 03:00:00;3050.6304563167932;3668.341;['temperature', 'precipitation']
2026-02-15 04:00:00;3116.3412540866066;3783.91125;['temperature', 'precipitation']
2026-02-15 05:00:00;3514.4702423837084;3444.12875;['temperature', 'precipitation']
2026-02-15 06:00:00;3044.6275222399145;4090.44675;['temperature', 'precipitation']
2026-02-15 07:00:00;3431.517286677118;4660.0415;['temperature', 'precipitation']
2026-02-15 08:00:00;3924.9012581448233;3879.998;['temperature', 'precipitation']
2026-02-15 09:00:00;3991.302947564872;4359.39175;['temperature', 'precipitation']
2026-02-15 10:00:00;3695.682809111048;5136.501;['temperature', 'precipitation']
2026-02-15 11:00:00;3809.4463469944067;4608.921;['temperature', 'precipitation']
2026-02-15 12:00:00;3560.2547957920506;3958.311;['temperature', 'precipitation']
2026-02-15 13:00:00;3568.291974728846;2757.3445;['temperature', 'precipitation']
2026-02-15 14:00:00;3842.997677304641;3371.52475;['temperature', 'precipitation']
2026-02-15 15:00:00;3904.4802008628203;3231.48225;['temperature', 'precipitation']
2026-02-15 16:00:00;3323.1101793253583;5022.667;['temperature', 'precipitation']
2026-02-15 17:00:00;4642.904033042857;3789.986;['temperature', 'precipitation']
2026-02-15 18:00:00;5526.865894758956;1972.2715;['temperature', 'precipitation']
2026-02-15 19:00:00;3712.793716715458;1211.72575;['temperature', 'precipitation']
2026-02-15 20:00:00;3757.347977827412;2768.893;['temperature', 'precipitation']
2026-02-15 21:00:00;4591.739992065206;4284.85;['temperature', 'precipitation']
2026-02-15 22:00:00;4065.1867634976797;3674.49175;['temperature', 'precipitation']
2026-02-15 23:00:00;4540.555825931377;3857.04075;['temperature', 'precipitation']
2026-02-16 00:00:00;3452.529388015376;4270.74175;['temperature', 'precipitation']
2026-02-16 01:00:00;3657.0797242828303;4172.0475;['temperature', 'precipitation']
2026-02-16 02:00:00;3556.0080613554383;4192.84925;['temperature', 'precipitation']
2026-02-16 03:00:00;3296.4011855101203;4297.218;['temperature', 'precipitation']
2026-02-16 04:00:00;3632.602339330586;3792.167;['temperature', 'precipitation']
2026-02-16 05:00:00;3746.660267691882;3905.2105;['temperature', 'precipitation']
2026-02-16 06:00:00;3572.4502887660074;4322.625;['temperature', 'precipitation']
2026-02-16 07:00:00;3784.7675338273484;5897.072;['temperature', 'precipitation']
2026-02-16 08:00:00;3803.4814102330906;2816.22675;['temperature', 'precipitation']
2026-02-16 09:00:00;3931.5531831762596;3726.25825;['temperature', 'precipitation']
2026-02-16 10:00:00;4012.557087153091;3709.35825;['temperature', 'precipitation']
2026-02-16 11:00:00;3865.280621965863;4097.0225;['temperature', 'precipitation']
2026-02-16 12:00:00;4162.406776919176;4383.431500000001;['temperature', 'precipitation']
2026-02-16 13:00:00;3392.1363165157272;3789.0565;['temperature', 'precipitation']
2026-02-16 14:00:00;3828.1559883572086;4607.666;['temperature', 'precipitation']
2026-02-16 15:00:00;3658.658998647866;4367.22325;['temperature', 'precipitation']
2026-02-16 16:00:00;4690.909232340526;3437.96925;['temperature', 'precipitation']
2026-02-16 17:00:00;4929.219740131304;5117.6485;['temperature', 'precipitation']
2026-02-16 18:00:00;4800.778710399156;5031.2195;['temperature', 'precipitation']
2026-02-16 19:00:00;2337.148903740424;5013.32925;['temperature', 'precipitation']
2026-02-16 20:00:00;3328.4001537529366;3950.84225;['temperature', 'precipitation']
2026-02-16 21:00:00;4547.362286332706;3260.27925;['temperature', 'precipitation']
2026-02-16 22:00:00;4007.1575827230017;3727.6415;['temperature', 'precipitation']
2026-02-16 23:00:00;4077.897279341577;2914.66625;['temperature', 'precipitation']
2026-02-17 00:00:00;3997.3052783623143;3134.171;['temperature', 'precipitation']
2026-02-17 01:00:00;4079.0712899781547;2905.419;['temperature', 'precipitation']
2026-02-17 02:00:00;4155.318638355011;3407.01775;['temperature', 'precipitation']
2026-02-17 03:00:00;4201.800887289614;2895.731;['temperature', 'precipitation']
2026-02-17 04:00:00;4041.4434586210746;3551.5375;['temperature', 'precipitation']
2026-02-17 05:00:00;3985.2729990270145;3038.49075;['temperature', 'precipitation']
2026-02-17 06:00:00;4504.152127551464;2865.9880000000003;['temperature', 'precipitation']
2026-02-17 07:00:00;5250.677553400406;4217.9155;['temperature', 'precipitation']
2026-02-17 08:00:00;3663.6327575936084;4631.85375;['temperature', 'precipitation']
2026-02-17 09:00:00;4170.374058981344;5666.0205000000005;['temperature', 'precipitation']
2026-02-17 10:00:00;4769.540272771161;3033.71925;['temperature', 'precipitation']
2026-02-17 11:00:00;4429.466182729727;3668.54275;['temperature', 'precipitation']
2026-02-17 12:00:00;4353.807873646165;3205.1977500000003;['temperature', 'precipitation']
2026-02-17 13:00:00;3735.067004739554;3569.85825;['temperature', 'precipitation']
2026-02-17 14:00:00;4188.692575801645;4546.28325;['temperature', 'precipitation']
2026-02-17 15:00:00;4080.346768452766;3355.98275;['temperature', 'precipitation']
2026-02-17 16:00:00;4505.104597401426;3155.60275;['temperature', 'precipitation']
2026-02-17 17:00:00;4943.401467009752;3948.281;['temperature', 'precipitation']
2026-02-17 18:00:00;3774.2859391303555;6586.86025;['temperature', 'precipitation']
2026-02-17 19:00:00;3312.4042708706193;2688.89675;['temperature', 'precipitation']
2026-02-17 20:00:00;3885.8599960109805;4654.51275;['temperature', 'precipitation']
2026-02-17 21:00:00;4153.878341246585;3142.6025;['temperature', 'precipitation']
2026-02-17 22:00:00;4060.3090121240884;2652.804;['temperature', 'precipitation']
2026-02-17 23:00:00;3761.901868725744;2618.7905;['temperature', 'precipitation']
2026-02-18 00:00:00;3339.441352006519;3148.755;['temperature', 'precipitation']
2026-02-18 01:00:00;3311.8770225620756;3693.88525;['temperature', 'precipitation']
2026-02-18 02:00:00;3970.5127517894666;2656.90925;['temperature', 'precipitation']
2026-02-18 03:00:00;3383.8942669013113;2022.2365;['temperature', 'precipitation']
2026-02-18 04:00:00;3296.8106018754997;2714.6582499999995;['temperature', 'precipitation']
2026-02-18 05:00:00;3287.289120149151;3138.4825;['temperature', 'precipitation']
2026-02-18 06:00:00;3622.1743321889494;3251.8665;['temperature', 'precipitation']
2026-02-18 07:00:00;4281.453053562804;3767.39;['temperature', 'precipitation']
2026-02-18 08:00:00;3277.7420401632985;3704.433;['temperature', 'precipitation']
2026-02-18 09:00:00;3227.793077173191;4502.9775;['temperature', 'precipitation']
2026-02-18 10:00:00;3295.6248389762814;2839.84175;['temperature', 'precipitation']
2026-02-18 11:00:00;3590.705001631644;3027.432;['temperature', 'precipitation']
2026-02-18 12:00:00;3949.5375881651275;3523.302;['temperature', 'precipitation']
2026-02-18 13:00:00;3438.050063574802;3065.7345000000005;['temperature', 'precipitation']
2026-02-18 14:00:00;3700.8565360868597;3746.467;['temperature', 'precipitation']
2026-02-18 15:00:00;3701.2791563207884;3357.258;['temperature', 'precipitation']
2026-02-18 16:00:00;3094.3309504778967;3739.85675;['temperature', 'precipitation']
2026-02-18 17:00:00;4384.8731685625435;5383.882;['temperature', 'precipitation']
2026-02-18 18:00:00;4362.28860685904;5460.044;['temperature', 'precipitation']
2026-02-18 19:00:00;3427.7175431194273;3423.06;['temperature', 'precipitation']
2026-02-18 20:00:00;3227.709759017247;4988.140666666666;['temperature', 'precipitation']
2026-02-18 21:00:00;3017.141715420927;3943.082;['temperature', 'precipitation']
2026-02-18 22:00:00;3054.629044867178;3280.73875;['temperature', 'precipitation']
2026-02-18 23:00:00;3178.2904278713904;4189.85225;['temperature', 'precipitation']
2026-02-19 00:00:00;3675.784639361166;3798.69625;['temperature', 'precipitation']
2026-02-19 01:00:00;3468.249549430272;3470.1565;['temperature', 'precipitation']
2026-02-19 02:00:00;3200.031583005292;3887.978;['temperature', 'precipitation']
2026-02-19 03:00:00;2956.6255448627226;3463.55225;['temperature', 'precipitation']
2026-02-19 04:00:00;2907.5053826798767;3694.54025;['temperature', 'precipitation']
2026-02-19 05:00:00;2875.816617618853;4024.671;['temperature', 'precipitation']
2026-02-19 06:00:00;3126.251836818434;3976.81075;['temperature', 'precipitation']
2026-02-19 07:00:00;3592.713555216041;4254.63175;['temperature', 'precipitation']
2026-02-19 08:00:00;3834.311007528104;5451.65625;['temperature', 'precipitation']
2026-02-19 09:00:00;4946.288325871343;4617.72725;['temperature', 'precipitation']
2026-02-19 10:00:00;2967.8533869703806;4048.07275;['temperature', 'precipitation']
2026-02-19 11:00:00;3135.4710455208306;4006.33275;['temperature', 'precipitation']
2026-02-19 12:00:00;3184.9961566471516;2886.07425;['temperature', 'precipitation']
2026-02-19 13:00:00;3060.6598146853153;3151.84075;['temperature', 'precipitation']
2026-02-19 14:00:00;3757.561541279714;2118.81075;['temperature', 'precipitation']
2026-02-19 15:00:00;3237.015927788846;2872.442;['temperature', 'precipitation']
2026-02-19 16:00:00;3386.264973779797;3774.00675;['temperature', 'precipitation']
2026-02-19 17:00:00;4084.1412855854433;5136.79725;['temperature', 'precipitation']
2026-02-19 18:00:00;5740.399989039906;5757.4375;['temperature', 'precipitation']
2026-02-19 19:00:00;3306.200499948265;2808.28475;['temperature', 'precipitation']
2026-02-19 20:00:00;4374.795387876083;4316.30025;['temperature', 'precipitation']
2026-02-19 21:00:00;3470.9322757036907;4116.61075;['temperature', 'precipitation']
2026-02-19 22:00:00;3270.0008005489817;3227.96925;['temperature', 'precipitation']
2026-02-19 23:00:00;3668.502162593994;3393.52525;['temperature', 'precipitation']
2026-02-20 00:00:00;3495.3720754845726;3867.99625;['temperature', 'precipitation']
2026-02-20 01:00:00;3581.3249118764384;3100.64225;['temperature', 'precipitation']
2026-02-20 02:00:00;3335.237657087529;2828.1715;['temperature', 'precipitation']
2026-02-20 03:00:00;2908.909343108715;4158.9235;['temperature', 'precipitation']
2026-02-20 04:00:00;3274.014371584881;3933.11075;['temperature', 'precipitation']
2026-02-20 05:00:00;3585.3764715307375;3965.08175;['temperature', 'precipitation']
2026-02-20 06:00:00;3650.5704201466156;3080.9115;['temperature', 'precipitation']
2026-02-20 07:00:00;3835.1672659465985;4425.24725;['temperature', 'precipitation']
2026-02-20 08:00:00;4275.859112031317;5264.822999999999;['temperature', 'precipitation']
2026-02-20 09:00:00;4388.96054445124;3476.0955;['temperature', 'precipitation']
2026-02-20 10:00:00;3477.269841822282;3282.589;['temperature', 'precipitation']
2026-02-20 11:00:00;3516.0278453165192;3600.80525;['temperature', 'precipitation']
2026-02-20 12:00:00;3217.078459204091;4432.64325;['temperature', 'precipitation']
2026-02-20 13:00:00;3151.094976963521;2361.1320000000005;['temperature', 'precipitation']
2026-02-20 14:00:00;3090.6863082424543;1551.0443333333333;['temperature', 'precipitation']
2026-02-20 15:00:00;3183.262560512946;2872.442;['temperature', 'precipitation']
2026-02-20 16:00:00;3646.615494679781;3774.00675;['temperature', 'precipitation']
2026-02-20 17:00:00;4989.970231908803;5136.79725;['temperature', 'precipitation']
2026-02-20 18:00:00;5336.499466808209;5177.334;['temperature', 'precipitation']
2026-02-20 19:00:00;3151.6147004510035;5452.91475;['temperature', 'precipitation']
2026-02-20 20:00:00;4491.646753771569;5548.0960000000005;['temperature', 'precipitation']
2026-02-20 21:00:00;3864.6577547771194;4351.4605;['temperature', 'precipitation']
2026-02-20 22:00:00;3388.7673614705877;4562.4445;['temperature', 'precipitation']
2026-02-20 23:00:00;3823.4372113136687;3240.04275;['temperature', 'precipitation']
2026-02-10 00:00:00;3138.5608820226116;2312.257;['temperature', 'wind_speed', 'pressure']
2026-02-10 01:00:00;3102.2594141220466;2445.75475;['temperature', 'wind_speed', 'pressure']
2026-02-10 02:00:00;2368.6304676172235;2738.38875;['temperature', 'wind_speed', 'pressure']
2026-02-10 03:00:00;2772.495601952514;2507.56425;['temperature', 'wind_speed', 'pressure']
2026-02-10 04:00:00;2578.3991587241735;2972.28575;['temperature', 'wind_speed', 'pressure']
2026-02-10 05:00:00;3229.7394323548992;2894.95425;['temperature', 'wind_speed', 'pressure']
2026-02-10 06:00:00;3160.481827644817;3762.406;['temperature', 'wind_speed', 'pressure']
2026-02-10 07:00:00;2916.708208060998;2580.2795;['temperature', 'wind_speed', 'pressure']
2026-02-10 08:00:00;2925.7019504779105;4036.3455;['temperature', 'wind_speed', 'pressure']
2026-02-10 09:00:00;2680.0720856672415;3671.19375;['temperature', 'wind_speed', 'pressure']
2026-02-10 10:00:00;3068.832842204974;2416.94175;['temperature', 'wind_speed', 'pressure']
2026-02-10 11:00:00;2973.354750985558;2677.89175;['temperature', 'wind_speed', 'pressure']
2026-02-10 12:00:00;3202.889235327331;1806.73475;['temperature', 'wind_speed', 'pressure']
2026-02-10 13:00:00;3150.9631827059525;3154.1665;['temperature', 'wind_speed', 'pressure']
2026-02-10 14:00:00;2671.6346005635387;2227.19575;['temperature', 'wind_speed', 'pressure']
2026-02-10 15:00:00;2464.5078523414713;2543.43525;['temperature', 'wind_speed', 'pressure']
2026-02-10 16:00:00;2916.4702559409584;2576.265;['temperature', 'wind_speed', 'pressure']
2026-02-10 17:00:00;3479.3791360962623;5342.617;['temperature', 'wind_speed', 'pressure']
2026-02-10 18:00:00;4624.516357141568;5926.32475;['temperature', 'wind_speed', 'pressure']
2026-02-10 19:00:00;3631.5335566629337;3875.02825;['temperature', 'wind_speed', 'pressure']
2026-02-10 20:00:00;3333.0260407344863;4273.53175;['temperature', 'wind_speed', 'pressure']
2026-02-10 21:00:00;3846.2584281605987;2881.09475;['temperature', 'wind_speed', 'pressure']
2026-02-10 22:00:00;3373.868424719699;2286.139;['temperature', 'wind_speed', 'pressure']
2026-02-10 23:00:00;3183.5107225376414;3057.192;['temperature', 'wind_speed', 'pressure']
2026-02-11 00:00:00;2531.0123452004145;2366.50825;['temperature', 'wind_speed', 'pressure']
2026-02-11 01:00:00;2732.070525059895;2711.8525;['temperature', 'wind_speed', 'pressure']
2026-02-11 02:00:00;2581.3840965266468;2083.15775;['temperature', 'wind_speed', 'pressure']
2026-02-11 03:00:00;2675.981444367549;2465.2165000000005;['temperature', 'wind_speed', 'pressure']
2026-02-11 04:00:00;2596.3949791123623;2897.0037500000003;['temperature', 'wind_speed', 'pressure']
2026-02-11 05:00:00;3154.543942013893;2676.7915000000003;['temperature', 'wind_speed', 'pressure']
2026-02-11 06:00:00;3275.746045865086;2365.58925;['temperature', 'wind_speed', 'pressure']
2026-02-11 07:00:00;2680.9118570723203;3238.81225;['temperature', 'wind_speed', 'pressure']
2026-02-11 08:00:00;3322.740730663685;2706.17225;['temperature', 'wind_speed', 'pressure']
2026-02-11 09:00:00;3182.6287291820927;3475.922;['temperature', 'wind_speed', 'pressure']
2026-02-11 10:00:00;2497.3944155100885;2244.5915;['temperature', 'wind_speed', 'pressure']
2026-02-11 11:00:00;2560.353063836232;2952.637;['temperature', 'wind_speed', 'pressure']
2026-02-11 12:00:00;2415.767881160193;1686.3925;['temperature', 'wind_speed', 'pressure']
2026-02-11 13:00:00;3071.6394018603114;3154.1665;['temperature', 'wind_speed', 'pressure']
2026-02-11 14:00:00;2376.444634062857;2227.19575;['temperature', 'wind_speed', 'pressure']
2026-02-11 15:00:00;2502.2248448056043;2543.43525;['temperature', 'wind_speed', 'pressure']
2026-02-11 16:00:00;2587.7499762191997;2576.265;['temperature', 'wind_speed', 'pressure']
2026-02-11 17:00:00;4031.7932926361063;1333.5;['temperature', 'wind_speed', 'pressure']
2026-02-11 18:00:00;4171.220126054544;3750.33275;['temperature', 'wind_speed', 'pressure']
2026-02-11 19:00:00;3509.8959186785823;3982.69175;['temperature', 'wind_speed', 'pressure']
2026-02-11 20:00:00;3497.804018745669;3578.161;['temperature', 'wind_speed', 'pressure']
2026-02-11 21:00:00;2939.7733542427827;2482.21025;['temperature', 'wind_speed', 'pressure']
2026-02-11 22:00:00;2731.0946850526125;2358.59375;['temperature', 'wind_speed', 'pressure']
2026-02-11 23:00:00;3067.2345793402474;2322.409;['temperature', 'wind_speed', 'pressure']
2026-02-12 00:00:00;2073.240507652489;2297.366;['temperature', 'wind_speed', 'pressure']
2026-02-12 01:00:00;2397.0780830720673;2377.4665;['temperature', 'wind_speed', 'pressure']
2026-02-12 02:00:00;2348.87254441323;1861.1955;['temperature', 'wind_speed', 'pressure']
2026-02-12 03:00:00;2404.12098888636;1835.98825;['temperature', 'wind_speed', 'pressure']
2026-02-12 04:00:00;2793.404462534996;1987.42975;['temperature', 'wind_speed', 'pressure']
2026-02-12 05:00:00;2683.0341974316384;2928.504;['temperature', 'wind_speed', 'pressure']
2026-02-12 06:00:00;2707.7626398107614;2122.81;['temperature', 'wind_speed', 'pressure']
2026-02-12 07:00:00;2803.5182971662375;2338.194;['temperature', 'wind_speed', 'pressure']
2026-02-12 08:00:00;3024.6110104215245;1348.37875;['temperature', 'wind_speed', 'pressure']
2026-02-12 09:00:00;3048.3695183870605;928.61625;['temperature', 'wind_speed', 'pressure']
2026-02-12 10:00:00;2291.874562603147;2329.8340000000003;['temperature', 'wind_speed', 'pressure']
2026-02-12 11:00:00;2658.2435142654017;1817.92825;['temperature', 'wind_speed', 'pressure']
2026-02-12 12:00:00;2139.5487571799486;3735.537;['temperature', 'wind_speed', 'pressure']
2026-02-12 13:00:00;2808.814940806263;2596.203;['temperature', 'wind_speed', 'pressure']
2026-02-12 14:00:00;2276.954474284838;2194.61975;['temperature', 'wind_speed', 'pressure']
2026-02-12 15:00:00;2563.2678054281796;1834.60225;['temperature', 'wind_speed', 'pressure']
2026-02-12 16:00:00;2606.180546383888;2180.3565;['temperature', 'wind_speed', 'pressure']
2026-02-12 17:00:00;3434.113792502387;3746.30075;['temperature', 'wind_speed', 'pressure']
2026-02-12 18:00:00;4293.384613116766;4982.87875;['temperature', 'wind_speed', 'pressure']
2026-02-12 19:00:00;3021.821970286418;3386.71775;['temperature', 'wind_speed', 'pressure']
2026-02-12 20:00:00;3415.0730262379234;3613.59775;['temperature', 'wind_speed', 'pressure']
2026-02-12 21:00:00;2712.421364086917;3065.22725;['temperature', 'wind_speed', 'pressure']
2026-02-12 22:00:00;2390.7409936498907;2475.28875;['temperature', 'wind_speed', 'pressure']
2026-02-12 23:00:00;2503.0663305439175;2045.159;['temperature', 'wind_speed', 'pressure']
2026-02-13 00:00:00;2125.2870119651134;2855.48325;['temperature', 'wind_speed', 'pressure']
2026-02-13 01:00:00;2190.4799932481255;2102.1375;['temperature', 'wind_speed', 'pressure']
2026-02-13 02:00:00;1977.0784950743005;2721.5535;['temperature', 'wind_speed', 'pressure']
2026-02-13 03:00:00;2201.5566537944865;2265.05425;['temperature', 'wind_speed', 'pressure']
2026-02-13 04:00:00;2422.511031102788;2724.386;['temperature', 'wind_speed', 'pressure']
2026-02-13 05:00:00;2440.4263093111545;1950.27;['temperature', 'wind_speed', 'pressure']
2026-02-13 06:00:00;2262.6665500026315;2676.27525;['temperature', 'wind_speed', 'pressure']
2026-02-13 07:00:00;2584.930000648089;1876.716;['temperature', 'wind_speed', 'pressure']
2026-02-13 08:00:00;2080.509383028045;3155.0185;['temperature', 'wind_speed', 'pressure']
2026-02-13 09:00:00;2171.358644251316;3419.00525;['temperature', 'wind_speed', 'pressure']
2026-02-13 10:00:00;2496.453457312712;2633.61775;['temperature', 'wind_speed', 'pressure']
2026-02-13 11:00:00;2395.087751494656;3832.5985;['temperature', 'wind_speed', 'pressure']
2026-02-13 12:00:00;3026.302422691245;2113.4985;['temperature', 'wind_speed', 'pressure']
2026-02-13 13:00:00;2570.945867171241;2406.8145;['temperature', 'wind_speed', 'pressure']
2026-02-13 14:00:00;2324.105140586919;2225.23925;['temperature', 'wind_speed', 'pressure']
2026-02-13 15:00:00;2237.8689076887217;2112.819;['temperature', 'wind_speed', 'pressure']
2026-02-13 16:00:00;2364.741893374799;2119.783;['temperature', 'wind_speed', 'pressure']
2026-02-13 17:00:00;3641.236855544663;2762.934;['temperature', 'wind_speed', 'pressure']
2026-02-13 18:00:00;3510.075347066999;3519.851;['temperature', 'wind_speed', 'pressure']
2026-02-13 19:00:00;3106.610628074623;3490.8465;['temperature', 'wind_speed', 'pressure']
2026-02-13 20:00:00;3258.045030037713;3538.6712499999994;['temperature', 'wind_speed', 'pressure']
2026-02-13 21:00:00;3069.6397189686336;3449.1785;['temperature', 'wind_speed', 'pressure']
2026-02-13 22:00:00;2624.895315758788;2324.8065;['temperature', 'wind_speed', 'pressure']
2026-02-13 23:00:00;2214.2058049613297;3431.5795;['temperature', 'wind_speed', 'pressure']
2026-02-14 00:00:00;3284.4751168871;2411.443;['temperature', 'wind_speed', 'pressure']
2026-02-14 01:00:00;2543.8409961917123;2943.3845;['temperature', 'wind_speed', 'pressure']
2026-02-14 02:00:00;3091.411858396623;2579.4275;['temperature', 'wind_speed', 'pressure']
2026-02-14 03:00:00;2992.150127481277;2204.52425;['temperature', 'wind_speed', 'pressure']
2026-02-14 04:00:00;2716.1927485162546;2660.8965000000003;['temperature', 'wind_speed', 'pressure']
2026-02-14 05:00:00;2684.0187333502613;3597.15675;['temperature', 'wind_speed', 'pressure']
2026-02-14 06:00:00;2826.209948592216;2461.59075;['temperature', 'wind_speed', 'pressure']
2026-02-14 07:00:00;2451.6787387173845;2936.82475;['temperature', 'wind_speed', 'pressure']
2026-02-14 08:00:00;3104.634786708093;2971.81825;['temperature', 'wind_speed', 'pressure']
2026-02-14 09:00:00;2619.282129323378;2900.61125;['temperature', 'wind_speed', 'pressure']
2026-02-14 10:00:00;2753.502479195362;2713.67975;['temperature', 'wind_speed', 'pressure']
2026-02-14 11:00:00;3288.00566710383;2756.77525;['temperature', 'wind_speed', 'pressure']
2026-02-14 12:00:00;2976.8459455765123;3727.64475;['temperature', 'wind_speed', 'pressure']
2026-02-14 13:00:00;3128.494453164412;2757.3445;['temperature', 'wind_speed', 'pressure']
2026-02-14 14:00:00;2728.355710702282;3371.52475;['temperature', 'wind_speed', 'pressure']
2026-02-14 15:00:00;2800.1332554168494;3231.48225;['temperature', 'wind_speed', 'pressure']
2026-02-14 16:00:00;2750.023552898755;4488.084;['temperature', 'wind_speed', 'pressure']
2026-02-14 17:00:00;3496.976234737531;5352.45;['temperature', 'wind_speed', 'pressure']
2026-02-14 18:00:00;4100.525525603805;6210.828;['temperature', 'wind_speed', 'pressure']
2026-02-14 19:00:00;3594.000586288134;1903.77525;['temperature', 'wind_speed', 'pressure']
2026-02-14 20:00:00;3567.6590295141623;2630.102;['temperature', 'wind_speed', 'pressure']
2026-02-14 21:00:00;3456.2932159958336;4245.20475;['temperature', 'wind_speed', 'pressure']
2026-02-14 22:00:00;2686.818343401339;3723.198;['temperature', 'wind_speed', 'pressure']
2026-02-14 23:00:00;3073.38950951444;3729.623;['temperature', 'wind_speed', 'pressure']
2026-02-15 00:00:00;3523.72770203691;3933.857;['temperature', 'wind_speed', 'pressure']
2026-02-15 01:00:00;3344.8593459301255;3709.625;['temperature', 'wind_speed', 'pressure']
2026-02-15 02:00:00;3561.2346613025475;3698.68875;['temperature', 'wind_speed', 'pressure']
2026-02-15 03:00:00;3257.8240598324182;3668.341;['temperature', 'wind_speed', 'pressure']
2026-02-15 04:00:00;3499.5766361666847;3783.91125;['temperature', 'wind_speed', 'pressure']
2026-02-15 05:00:00;3578.928891065349;3444.12875;['temperature', 'wind_speed', 'pressure']
2026-02-15 06:00:00;3389.7881667711645;4090.44675;['temperature', 'wind_speed', 'pressure']
2026-02-15 07:00:00;3409.8525527903994;4660.0415;['temperature', 'wind_speed', 'pressure']
2026-02-15 08:00:00;3888.4515511135733;3879.998;['temperature', 'wind_speed', 'pressure']
2026-02-15 09:00:00;3886.574592157157;4359.39175;['temperature', 'wind_speed', 'pressure']
2026-02-15 10:00:00;3833.0838100876103;5136.501;['temperature', 'wind_speed', 'pressure']
2026-02-15 11:00:00;3944.069916482932;4608.921;['temperature', 'wind_speed', 'pressure']
2026-02-15 12:00:00;3860.216385605283;3958.311;['temperature', 'wind_speed', 'pressure']
2026-02-15 13:00:00;3727.9976937229867;2757.3445;['temperature', 'wind_speed', 'pressure']
2026-02-15 14:00:00;3924.997189023391;3371.52475;['temperature', 'wind_speed', 'pressure']
2026-02-15 15:00:00;3950.324561214383;3231.48225;['temperature', 'wind_speed', 'pressure']
2026-02-15 16:00:00;3997.304538151042;5022.667;['temperature', 'wind_speed', 'pressure']
2026-02-15 17:00:00;4890.042191841075;3789.986;['temperature', 'wind_speed', 'pressure']
2026-02-15 18:00:00;5399.73516889836;1972.2715;['temperature', 'wind_speed', 'pressure']
2026-02-15 19:00:00;3781.712234781864;1211.72575;['temperature', 'wind_speed', 'pressure']
2026-02-15 20:00:00;3779.6006843551218;2768.893;['temperature', 'wind_speed', 'pressure']
2026-02-15 21:00:00;4358.760881347433;4284.85;['temperature', 'wind_speed', 'pressure']
2026-02-15 22:00:00;4151.2575032437735;3674.49175;['temperature', 'wind_speed', 'pressure']
2026-02-15 23:00:00;4275.715833408183;3857.04075;['temperature', 'wind_speed', 'pressure']
2026-02-16 00:00:00;3393.5948596645458;4270.74175;['temperature', 'wind_speed', 'pressure']
2026-02-16 01:00:00;3497.0560731597834;4172.0475;['temperature', 'wind_speed', 'pressure']
2026-02-16 02:00:00;3757.583439773407;4192.84925;['temperature', 'wind_speed', 'pressure']
2026-02-16 03:00:00;3307.4948182081794;4297.218;['temperature', 'wind_speed', 'pressure']
2026-02-16 04:00:00;3623.8642880353054;3792.167;['temperature', 'wind_speed', 'pressure']
2026-02-16 05:00:00;3371.124928336413;3905.2105;['temperature', 'wind_speed', 'pressure']
2026-02-16 06:00:00;3543.603487008195;4322.625;['temperature', 'wind_speed', 'pressure']
2026-02-16 07:00:00;3670.025682020708;5897.072;['temperature', 'wind_speed', 'pressure']
2026-02-16 08:00:00;3850.043990341733;2816.22675;['temperature', 'wind_speed', 'pressure']
2026-02-16 09:00:00;3818.1209627172752;3726.25825;['temperature', 'wind_speed', 'pressure']
2026-02-16 10:00:00;3993.224125116958;3709.35825;['temperature', 'wind_speed', 'pressure']
2026-02-16 11:00:00;3698.0527929863706;4097.0225;['temperature', 'wind_speed', 'pressure']
2026-02-16 12:00:00;3843.3446431301136;4383.431500000001;['temperature', 'wind_speed', 'pressure']
2026-02-16 13:00:00;3814.346460558696;3789.0565;['temperature', 'wind_speed', 'pressure']
2026-02-16 14:00:00;3759.0986205555423;4607.666;['temperature', 'wind_speed', 'pressure']
2026-02-16 15:00:00;3864.515154043374;4367.22325;['temperature', 'wind_speed', 'pressure']
2026-02-16 16:00:00;4654.9323646647445;3437.96925;['temperature', 'wind_speed', 'pressure']
2026-02-16 17:00:00;4846.594251850054;5117.6485;['temperature', 'wind_speed', 'pressure']
2026-02-16 18:00:00;4847.333764110093;5031.2195;['temperature', 'wind_speed', 'pressure']
2026-02-16 19:00:00;2765.5794152150334;5013.32925;['temperature', 'wind_speed', 'pressure']
2026-02-16 20:00:00;3778.114310857429;3950.84225;['temperature', 'wind_speed', 'pressure']
2026-02-16 21:00:00;4472.502926591495;3260.27925;['temperature', 'wind_speed', 'pressure']
2026-02-16 22:00:00;4007.766789876322;3727.6415;['temperature', 'wind_speed', 'pressure']
2026-02-16 23:00:00;4065.9423385456785;2914.66625;['temperature', 'wind_speed', 'pressure']
2026-02-17 00:00:00;3810.7716022148534;3134.171;['temperature', 'wind_speed', 'pressure']
2026-02-17 01:00:00;3995.4675454713188;2905.419;['temperature', 'wind_speed', 'pressure']
2026-02-17 02:00:00;4074.4020123784485;3407.01775;['temperature', 'wind_speed', 'pressure']
2026-02-17 03:00:00;4098.533110800357;2895.731;['temperature', 'wind_speed', 'pressure']
2026-02-17 04:00:00;3999.41797644334;3551.5375;['temperature', 'wind_speed', 'pressure']
2026-02-17 05:00:00;3834.916904666663;3038.49075;['temperature', 'wind_speed', 'pressure']
2026-02-17 06:00:00;4361.38624315205;2865.9880000000003;['temperature', 'wind_speed', 'pressure']
2026-02-17 07:00:00;4906.488649591813;4217.9155;['temperature', 'wind_speed', 'pressure']
2026-02-17 08:00:00;3584.891668726421;4631.85375;['temperature', 'wind_speed', 'pressure']
2026-02-17 09:00:00;4139.120427389547;5666.0205000000005;['temperature', 'wind_speed', 'pressure']
2026-02-17 10:00:00;4739.225560246747;3033.71925;['temperature', 'wind_speed', 'pressure']
2026-02-17 11:00:00;4369.65688707543;3668.54275;['temperature', 'wind_speed', 'pressure']
2026-02-17 12:00:00;4218.834423939134;3205.1977500000003;['temperature', 'wind_speed', 'pressure']
2026-02-17 13:00:00;3782.7954841249298;3569.85825;['temperature', 'wind_speed', 'pressure']
2026-02-17 14:00:00;3998.2634986532075;4546.28325;['temperature', 'wind_speed', 'pressure']
2026-02-17 15:00:00;4029.167813374641;3355.98275;['temperature', 'wind_speed', 'pressure']
2026-02-17 16:00:00;4510.918714833067;3155.60275;['temperature', 'wind_speed', 'pressure']
2026-02-17 17:00:00;4486.175652190416;3948.281;['temperature', 'wind_speed', 'pressure']
2026-02-17 18:00:00;3571.538632306625;6586.86025;['temperature', 'wind_speed', 'pressure']
2026-02-17 19:00:00;3218.273106319838;2688.89675;['temperature', 'wind_speed', 'pressure']
2026-02-17 20:00:00;4095.2973815700625;4654.51275;['temperature', 'wind_speed', 'pressure']
2026-02-17 21:00:00;4109.753722716311;3142.6025;['temperature', 'wind_speed', 'pressure']
2026-02-17 22:00:00;4023.7791583032877;2652.804;['temperature', 'wind_speed', 'pressure']
2026-02-17 23:00:00;3676.014043713537;2618.7905;['temperature', 'wind_speed', 'pressure']
2026-02-18 00:00:00;3317.4204169479253;3148.755;['temperature', 'wind_speed', 'pressure']
2026-02-18 01:00:00;3321.0290458775053;3693.88525;['temperature', 'wind_speed', 'pressure']
2026-02-18 02:00:00;3654.2690384105604;2656.90925;['temperature', 'wind_speed', 'pressure']
2026-02-18 03:00:00;3422.9580638983816;2022.2365;['temperature', 'wind_speed', 'pressure']
2026-02-18 04:00:00;3419.2082611772576;2714.6582499999995;['temperature', 'wind_speed', 'pressure']
2026-02-18 05:00:00;3272.1488613600886;3138.4825;['temperature', 'wind_speed', 'pressure']
2026-02-18 06:00:00;3576.725552129135;3251.8665;['temperature', 'wind_speed', 'pressure']
2026-02-18 07:00:00;4347.494862644835;3767.39;['temperature', 'wind_speed', 'pressure']
2026-02-18 08:00:00;3362.0020499289235;3704.433;['temperature', 'wind_speed', 'pressure']
2026-02-18 09:00:00;3613.6784531497533;4502.9775;['temperature', 'wind_speed', 'pressure']
2026-02-18 10:00:00;3045.1729041618282;2839.84175;['temperature', 'wind_speed', 'pressure']
2026-02-18 11:00:00;3519.1082914265658;3027.432;['temperature', 'wind_speed', 'pressure']
2026-02-18 12:00:00;3790.216849372708;3523.302;['temperature', 'wind_speed', 'pressure']
2026-02-18 13:00:00;3463.451186621677;3065.7345000000005;['temperature', 'wind_speed', 'pressure']
2026-02-18 14:00:00;3899.327117141547;3746.467;['temperature', 'wind_speed', 'pressure']
2026-02-18 15:00:00;3761.024510019519;3357.258;['temperature', 'wind_speed', 'pressure']
2026-02-18 16:00:00;2839.880556801139;3739.85675;['temperature', 'wind_speed', 'pressure']
2026-02-18 17:00:00;4242.434646223676;5383.882;['temperature', 'wind_speed', 'pressure']
2026-02-18 18:00:00;4671.288973069977;5460.044;['temperature', 'wind_speed', 'pressure']
2026-02-18 19:00:00;3508.9370255413023;3423.06;['temperature', 'wind_speed', 'pressure']
2026-02-18 20:00:00;3534.8993342125596;4988.140666666666;['temperature', 'wind_speed', 'pressure']
2026-02-18 21:00:00;2971.150489224638;3943.082;['temperature', 'wind_speed', 'pressure']
2026-02-18 22:00:00;3045.471284247061;3280.73875;['temperature', 'wind_speed', 'pressure']
2026-02-18 23:00:00;3204.897727676078;4189.85225;['temperature', 'wind_speed', 'pressure']
2026-02-19 00:00:00;3597.0862007167566;3798.69625;['temperature', 'wind_speed', 'pressure']
2026-02-19 01:00:00;3456.823707145116;3470.1565;['temperature', 'wind_speed', 'pressure']
2026-02-19 02:00:00;3126.5440151036805;3887.978;['temperature', 'wind_speed', 'pressure']
2026-02-19 03:00:00;2735.327510194754;3463.55225;['temperature', 'wind_speed', 'pressure']
2026-02-19 04:00:00;3019.059345387396;3694.54025;['temperature', 'wind_speed', 'pressure']
2026-02-19 05:00:00;3016.1327034342826;4024.671;['temperature', 'wind_speed', 'pressure']
2026-02-19 06:00:00;3143.935628932692;3976.81075;['temperature', 'wind_speed', 'pressure']
2026-02-19 07:00:00;3803.5991295568615;4254.63175;['temperature', 'wind_speed', 'pressure']
2026-02-19 08:00:00;4024.2079038904085;5451.65625;['temperature', 'wind_speed', 'pressure']
2026-02-19 09:00:00;4973.649852360601;4617.72725;['temperature', 'wind_speed', 'pressure']
2026-02-19 10:00:00;2934.3404713591135;4048.07275;['temperature', 'wind_speed', 'pressure']
2026-02-19 11:00:00;3205.0015630989556;4006.33275;['temperature', 'wind_speed', 'pressure']
2026-02-19 12:00:00;3244.335084869808;2886.07425;['temperature', 'wind_speed', 'pressure']
2026-02-19 13:00:00;3171.8089998659793;3151.84075;['temperature', 'wind_speed', 'pressure']
2026-02-19 14:00:00;3932.6657740678;2118.81075;['temperature', 'wind_speed', 'pressure']
2026-02-19 15:00:00;3295.155416009061;2872.442;['temperature', 'wind_speed', 'pressure']
2026-02-19 16:00:00;3365.6804210149044;3774.00675;['temperature', 'wind_speed', 'pressure']
2026-02-19 17:00:00;4289.108082460443;5136.79725;['temperature', 'wind_speed', 'pressure']
2026-02-19 18:00:00;5790.343668849477;5757.4375;['temperature', 'wind_speed', 'pressure']
2026-02-19 19:00:00;3197.5399164521714;2808.28475;['temperature', 'wind_speed', 'pressure']
2026-02-19 20:00:00;4601.271614682723;4316.30025;['temperature', 'wind_speed', 'pressure']
2026-02-19 21:00:00;3535.6145943911297;4116.61075;['temperature', 'wind_speed', 'pressure']
2026-02-19 22:00:00;3130.666938244294;3227.96925;['temperature', 'wind_speed', 'pressure']
2026-02-19 23:00:00;3500.243716854248;3393.52525;['temperature', 'wind_speed', 'pressure']
2026-02-20 00:00:00;3564.3434766991722;3867.99625;['temperature', 'wind_speed', 'pressure']
2026-02-20 01:00:00;3586.5006931264384;3100.64225;['temperature', 'wind_speed', 'pressure']
2026-02-20 02:00:00;3398.6086802656296;2828.1715;['temperature', 'wind_speed', 'pressure']
2026-02-20 03:00:00;2999.119220122875;4158.9235;['temperature', 'wind_speed', 'pressure']
2026-02-20 04:00:00;3380.3576542844658;3933.11075;['temperature', 'wind_speed', 'pressure']
2026-02-20 05:00:00;3667.496647846045;3965.08175;['temperature', 'wind_speed', 'pressure']
2026-02-20 06:00:00;3667.2899721867157;3080.9115;['temperature', 'wind_speed', 'pressure']
2026-02-20 07:00:00;3928.3421164104657;4425.24725;['temperature', 'wind_speed', 'pressure']
2026-02-20 08:00:00;4218.066051728582;5264.822999999999;['temperature', 'wind_speed', 'pressure']
2026-02-20 09:00:00;4308.614856585029;3476.0955;['temperature', 'wind_speed', 'pressure']
2026-02-20 10:00:00;3504.4815937601484;3282.589;['temperature', 'wind_speed', 'pressure']
2026-02-20 11:00:00;3546.498441629996;3600.80525;['temperature', 'wind_speed', 'pressure']
2026-02-20 12:00:00;3344.224573553456;4432.64325;['temperature', 'wind_speed', 'pressure']
2026-02-20 13:00:00;3317.730701984883;2361.1320000000005;['temperature', 'wind_speed', 'pressure']
2026-02-20 14:00:00;3276.1870597378156;1551.0443333333333;['temperature', 'wind_speed', 'pressure']
2026-02-20 15:00:00;3230.686373379157;2872.442;['temperature', 'wind_speed', 'pressure']
2026-02-20 16:00:00;3650.3836526387654;3774.00675;['temperature', 'wind_speed', 'pressure']
2026-02-20 17:00:00;4787.318895238881;5136.79725;['temperature', 'wind_speed', 'pressure']
2026-02-20 18:00:00;5206.4304970816465;5177.334;['temperature', 'wind_speed', 'pressure']
2026-02-20 19:00:00;3244.8905831719508;5452.91475;['temperature', 'wind_speed', 'pressure']
2026-02-20 20:00:00;4375.958963854577;5548.0960000000005;['temperature', 'wind_speed', 'pressure']
2026-02-20 21:00:00;3861.4549349529007;4351.4605;['temperature', 'wind_speed', 'pressure']
2026-02-20 22:00:00;3468.289292165168;4562.4445;['temperature', 'wind_speed', 'pressure']
2026-02-20 23:00:00;3793.541192331735;3240.04275;['temperature', 'wind_speed', 'pressure']
2026-02-10 00:00:00;3079.226416995756;2312.257;['temperature', 'wind_speed', 'precipitation']
2026-02-10 01:00:00;3101.889014646949;2445.75475;['temperature', 'wind_speed', 'precipitation']
2026-02-10 02:00:00;2318.744588100622;2738.38875;['temperature', 'wind_speed', 'precipitation']
2026-02-10 03:00:00;2752.756847680053;2507.56425;['temperature', 'wind_speed', 'precipitation']
2026-02-10 04:00:00;2538.2175028403844;2972.28575;['temperature', 'wind_speed', 'precipitation']
2026-02-10 05:00:00;3280.2438574037274;2894.95425;['temperature', 'wind_speed', 'precipitation']
2026-02-10 06:00:00;3176.9980877919115;3762.406;['temperature', 'wind_speed', 'precipitation']
2026-02-10 07:00:00;2874.3469562299433;2580.2795;['temperature', 'wind_speed', 'precipitation']
2026-02-10 08:00:00;2977.4105610125785;4036.3455;['temperature', 'wind_speed', 'precipitation']
2026-02-10 09:00:00;2691.843547154058;3671.19375;['temperature', 'wind_speed', 'precipitation']
2026-02-10 10:00:00;3202.5705283622005;2416.94175;['temperature', 'wind_speed', 'precipitation']
2026-02-10 11:00:00;3091.631621713097;2677.89175;['temperature', 'wind_speed', 'precipitation']
2026-02-10 12:00:00;3235.0034626222528;1806.73475;['temperature', 'wind_speed', 'precipitation']
2026-02-10 13:00:00;3139.427187222554;3154.1665;['temperature', 'wind_speed', 'precipitation']
2026-02-10 14:00:00;2693.971789284242;2227.19575;['temperature', 'wind_speed', 'precipitation']
2026-02-10 15:00:00;2485.46262529069;2543.43525;['temperature', 'wind_speed', 'precipitation']
2026-02-10 16:00:00;2993.545115560099;2576.265;['temperature', 'wind_speed', 'precipitation']
2026-02-10 17:00:00;3433.3262548554176;5342.617;['temperature', 'wind_speed', 'precipitation']
2026-02-10 18:00:00;4509.204436975552;5926.32475;['temperature', 'wind_speed', 'precipitation']
2026-02-10 19:00:00;3634.6334101785587;3875.02825;['temperature', 'wind_speed', 'precipitation']
2026-02-10 20:00:00;3360.366037072377;4273.53175;['temperature', 'wind_speed', 'precipitation']
2026-02-10 21:00:00;3791.1999812764434;2881.09475;['temperature', 'wind_speed', 'precipitation']
2026-02-10 22:00:00;3353.27710086716;2286.139;['temperature', 'wind_speed', 'precipitation']
2026-02-10 23:00:00;3161.459895511274;3057.192;['temperature', 'wind_speed', 'precipitation']
2026-02-11 00:00:00;2447.4202412422846;2366.50825;['temperature', 'wind_speed', 'precipitation']
2026-02-11 01:00:00;2716.010901341633;2711.8525;['temperature', 'wind_speed', 'precipitation']
2026-02-11 02:00:00;2617.1142448420765;2083.15775;['temperature', 'wind_speed', 'precipitation']
2026-02-11 03:00:00;2751.5381612864944;2465.2165000000005;['temperature', 'wind_speed', 'precipitation']
2026-02-11 04:00:00;2644.489743821835;2897.0037500000003;['temperature', 'wind_speed', 'precipitation']
2026-02-11 05:00:00;3174.0643246566387;2676.7915000000003;['temperature', 'wind_speed', 'precipitation']
2026-02-11 06:00:00;3235.7665603533064;2365.58925;['temperature', 'wind_speed', 'precipitation']
2026-02-11 07:00:00;2755.1562723555235;3238.81225;['temperature', 'wind_speed', 'precipitation']
2026-02-11 08:00:00;3169.0376514400523;2706.17225;['temperature', 'wind_speed', 'precipitation']
2026-02-11 09:00:00;3067.9240783031864;3475.922;['temperature', 'wind_speed', 'precipitation']
2026-02-11 10:00:00;2339.2063013438287;2244.5915;['temperature', 'wind_speed', 'precipitation']
2026-02-11 11:00:00;2678.7302916194353;2952.637;['temperature', 'wind_speed', 'precipitation']
2026-02-11 12:00:00;2317.3383691362674;1686.3925;['temperature', 'wind_speed', 'precipitation']
2026-02-11 13:00:00;3066.7623533678798;3154.1665;['temperature', 'wind_speed', 'precipitation']
2026-02-11 14:00:00;2544.8656393118804;2227.19575;['temperature', 'wind_speed', 'precipitation']
2026-02-11 15:00:00;2752.25551497162;2543.43525;['temperature', 'wind_speed', 'precipitation']
2026-02-11 16:00:00;2791.23515993502;2576.265;['temperature', 'wind_speed', 'precipitation']
2026-02-11 17:00:00;3607.638141268919;1333.5;['temperature', 'wind_speed', 'precipitation']
2026-02-11 18:00:00;3963.242464921732;3750.33275;['temperature', 'wind_speed', 'precipitation']
2026-02-11 19:00:00;3223.581862282098;3982.69175;['temperature', 'wind_speed', 'precipitation']
2026-02-11 20:00:00;3462.012453804263;3578.161;['temperature', 'wind_speed', 'precipitation']
2026-02-11 21:00:00;2958.9186615452577;2482.21025;['temperature', 'wind_speed', 'precipitation']
2026-02-11 22:00:00;2741.8978256928713;2358.59375;['temperature', 'wind_speed', 'precipitation']
2026-02-11 23:00:00;3015.931497827796;2322.409;['temperature', 'wind_speed', 'precipitation']
2026-02-12 00:00:00;2069.4383225938955;2297.366;['temperature', 'wind_speed', 'precipitation']
2026-02-12 01:00:00;2394.2881203035126;2377.4665;['temperature', 'wind_speed', 'precipitation']
2026-02-12 02:00:00;2307.1576091104957;1861.1955;['temperature', 'wind_speed', 'precipitation']
2026-02-12 03:00:00;2401.5009632515944;1835.98825;['temperature', 'wind_speed', 'precipitation']
2026-02-12 04:00:00;2817.2572915144883;1987.42975;['temperature', 'wind_speed', 'precipitation']
2026-02-12 05:00:00;2665.229357343748;2928.504;['temperature', 'wind_speed', 'precipitation']
2026-02-12 06:00:00;2735.1864927312936;2122.81;['temperature', 'wind_speed', 'precipitation']
2026-02-12 07:00:00;2862.226716966042;2338.194;['temperature', 'wind_speed', 'precipitation']
2026-02-12 08:00:00;3043.621037353287;1348.37875;['temperature', 'wind_speed', 'precipitation']
2026-02-12 09:00:00;3068.414302932959;928.61625;['temperature', 'wind_speed', 'precipitation']
2026-02-12 10:00:00;2362.1674092828343;2329.8340000000003;['temperature', 'wind_speed', 'precipitation']
2026-02-12 11:00:00;2643.6070549148158;1817.92825;['temperature', 'wind_speed', 'precipitation']
2026-02-12 12:00:00;2398.8947044455736;3735.537;['temperature', 'wind_speed', 'precipitation']
2026-02-12 13:00:00;2840.1940492352182;2596.203;['temperature', 'wind_speed', 'precipitation']
2026-02-12 14:00:00;2335.679114177416;2194.61975;['temperature', 'wind_speed', 'precipitation']
2026-02-12 15:00:00;2598.326490730914;1834.60225;['temperature', 'wind_speed', 'precipitation']
2026-02-12 16:00:00;2684.9882856417007;2180.3565;['temperature', 'wind_speed', 'precipitation']
2026-02-12 17:00:00;3632.6078110570743;3746.30075;['temperature', 'wind_speed', 'precipitation']
2026-02-12 18:00:00;4291.514877398992;4982.87875;['temperature', 'wind_speed', 'precipitation']
2026-02-12 19:00:00;3016.475229563762;3386.71775;['temperature', 'wind_speed', 'precipitation']
2026-02-12 20:00:00;3437.3641181568687;3613.59775;['temperature', 'wind_speed', 'precipitation']
2026-02-12 21:00:00;2744.3159563720733;3065.22725;['temperature', 'wind_speed', 'precipitation']
2026-02-12 22:00:00;2458.5959436010626;2475.28875;['temperature', 'wind_speed', 'precipitation']
2026-02-12 23:00:00;2509.6414419330777;2045.159;['temperature', 'wind_speed', 'precipitation']
2026-02-13 00:00:00;2194.090677126246;2855.48325;['temperature', 'wind_speed', 'precipitation']
2026-02-13 01:00:00;2279.6517232896294;2102.1375;['temperature', 'wind_speed', 'precipitation']
2026-02-13 02:00:00;2140.025150347738;2721.5535;['temperature', 'wind_speed', 'precipitation']
2026-02-13 03:00:00;2323.5022714702677;2265.05425;['temperature', 'wind_speed', 'precipitation']
2026-02-13 04:00:00;2500.793921422612;2724.386;['temperature', 'wind_speed', 'precipitation']
2026-02-13 05:00:00;2634.5804230806857;1950.27;['temperature', 'wind_speed', 'precipitation']
2026-02-13 06:00:00;2271.021194778022;2676.27525;['temperature', 'wind_speed', 'precipitation']
2026-02-13 07:00:00;2618.5012286754327;1876.716;['temperature', 'wind_speed', 'precipitation']
2026-02-13 08:00:00;2418.6013935260917;3155.0185;['temperature', 'wind_speed', 'precipitation']
2026-02-13 09:00:00;2168.91473555991;3419.00525;['temperature', 'wind_speed', 'precipitation']
2026-02-13 10:00:00;2458.3930172492355;2633.61775;['temperature', 'wind_speed', 'precipitation']
2026-02-13 11:00:00;2660.644018279324;3832.5985;['temperature', 'wind_speed', 'precipitation']
2026-02-13 12:00:00;3219.979973960776;2113.4985;['temperature', 'wind_speed', 'precipitation']
2026-02-13 13:00:00;2674.065152754737;2406.8145;['temperature', 'wind_speed', 'precipitation']
2026-02-13 14:00:00;2355.39011373145;2225.23925;['temperature', 'wind_speed', 'precipitation']
2026-02-13 15:00:00;2489.565532444581;2112.819;['temperature', 'wind_speed', 'precipitation']
2026-02-13 16:00:00;2561.0508228181584;2119.783;['temperature', 'wind_speed', 'precipitation']
2026-02-13 17:00:00;3658.5382471462253;2762.934;['temperature', 'wind_speed', 'precipitation']
2026-02-13 18:00:00;3258.693511129499;3519.851;['temperature', 'wind_speed', 'precipitation']
2026-02-13 19:00:00;3238.66894716642;3490.8465;['temperature', 'wind_speed', 'precipitation']
2026-02-13 20:00:00;3262.48697034533;3538.6712499999994;['temperature', 'wind_speed', 'precipitation']
2026-02-13 21:00:00;3136.3946017811336;3449.1785;['temperature', 'wind_speed', 'precipitation']
2026-02-13 22:00:00;2772.9608675166005;2324.8065;['temperature', 'wind_speed', 'precipitation']
2026-02-13 23:00:00;2429.7160588675797;3431.5795;['temperature', 'wind_speed', 'precipitation']
2026-02-14 00:00:00;3079.3744851732326;2411.443;['temperature', 'wind_speed', 'precipitation']
2026-02-14 01:00:00;2474.6226963259896;2943.3845;['temperature', 'wind_speed', 'precipitation']
2026-02-14 02:00:00;2772.294182615373;2579.4275;['temperature', 'wind_speed', 'precipitation']
2026-02-14 03:00:00;2734.2127495515897;2204.52425;['temperature', 'wind_speed', 'precipitation']
2026-02-14 04:00:00;2513.4001917535593;2660.8965000000003;['temperature', 'wind_speed', 'precipitation']
2026-02-14 05:00:00;2558.480128613933;3597.15675;['temperature', 'wind_speed', 'precipitation']
2026-02-14 06:00:00;2584.2872038412393;2461.59075;['temperature', 'wind_speed', 'precipitation']
2026-02-14 07:00:00;2312.382718209572;2936.82475;['temperature', 'wind_speed', 'precipitation']
2026-02-14 08:00:00;2836.922567469812;2971.81825;['temperature', 'wind_speed', 'precipitation']
2026-02-14 09:00:00;2484.472375905409;2900.61125;['temperature', 'wind_speed', 'precipitation']
2026-02-14 10:00:00;2585.885551094776;2713.67975;['temperature', 'wind_speed', 'precipitation']
2026-02-14 11:00:00;3231.258322133127;2756.77525;['temperature', 'wind_speed', 'precipitation']
2026-02-14 12:00:00;2878.7993600166674;3727.64475;['temperature', 'wind_speed', 'precipitation']
2026-02-14 13:00:00;3161.925178262068;2757.3445;['temperature', 'wind_speed', 'precipitation']
2026-02-14 14:00:00;2553.6002175382196;3371.52475;['temperature', 'wind_speed', 'precipitation']
2026-02-14 15:00:00;2811.051102096537;3231.48225;['temperature', 'wind_speed', 'precipitation']
2026-02-14 16:00:00;2432.825097088208;4488.084;['temperature', 'wind_speed', 'precipitation']
2026-02-14 17:00:00;3484.6663897668277;5352.45;['temperature', 'wind_speed', 'precipitation']
2026-02-14 18:00:00;4550.331121001755;6210.828;['temperature', 'wind_speed', 'precipitation']
2026-02-14 19:00:00;3539.0444705654777;1903.77525;['temperature', 'wind_speed', 'precipitation']
2026-02-14 20:00:00;3590.9342522924826;2630.102;['temperature', 'wind_speed', 'precipitation']
2026-02-14 21:00:00;3254.7876389084313;4245.20475;['temperature', 'wind_speed', 'precipitation']
2026-02-14 22:00:00;2627.4632408622765;3723.198;['temperature', 'wind_speed', 'precipitation']
2026-02-14 23:00:00;2952.4211104665883;3729.623;['temperature', 'wind_speed', 'precipitation']
2026-02-15 00:00:00;3426.160266533904;3933.857;['temperature', 'wind_speed', 'precipitation']
2026-02-15 01:00:00;3262.6549697094224;3709.625;['temperature', 'wind_speed', 'precipitation']
2026-02-15 02:00:00;3458.1106683826256;3698.68875;['temperature', 'wind_speed', 'precipitation']
2026-02-15 03:00:00;3173.1514524105432;3668.341;['temperature', 'wind_speed', 'precipitation']
2026-02-15 04:00:00;3447.346258969419;3783.91125;['temperature', 'wind_speed', 'precipitation']
2026-02-15 05:00:00;3561.778683545818;3444.12875;['temperature', 'wind_speed', 'precipitation']
2026-02-15 06:00:00;3285.3555953600317;4090.44675;['temperature', 'wind_speed', 'precipitation']
2026-02-15 07:00:00;3343.537306208368;4660.0415;['temperature', 'wind_speed', 'precipitation']
2026-02-15 08:00:00;3774.12954107329;3879.998;['temperature', 'wind_speed', 'precipitation']
2026-02-15 09:00:00;3857.3692985017615;4359.39175;['temperature', 'wind_speed', 'precipitation']
2026-02-15 10:00:00;3719.956734892298;5136.501;['temperature', 'wind_speed', 'precipitation']
2026-02-15 11:00:00;3840.5493590793676;4608.921;['temperature', 'wind_speed', 'precipitation']
2026-02-15 12:00:00;3675.307495834775;3958.311;['temperature', 'wind_speed', 'precipitation']
2026-02-15 13:00:00;3608.1307503636117;2757.3445;['temperature', 'wind_speed', 'precipitation']
2026-02-15 14:00:00;3770.8972134374535;3371.52475;['temperature', 'wind_speed', 'precipitation']
2026-02-15 15:00:00;3918.123877620633;3231.48225;['temperature', 'wind_speed', 'precipitation']
2026-02-15 16:00:00;3789.5780519449872;5022.667;['temperature', 'wind_speed', 'precipitation']
2026-02-15 17:00:00;4781.184022285411;3789.986;['temperature', 'wind_speed', 'precipitation']
2026-02-15 18:00:00;5555.4493984821;1972.2715;['temperature', 'wind_speed', 'precipitation']
2026-02-15 19:00:00;3788.7679903970984;1211.72575;['temperature', 'wind_speed', 'precipitation']
2026-02-15 20:00:00;3908.2265731795846;2768.893;['temperature', 'wind_speed', 'precipitation']
2026-02-15 21:00:00;4581.067102355733;4284.85;['temperature', 'wind_speed', 'precipitation']
2026-02-15 22:00:00;4120.860896798461;3674.49175;['temperature', 'wind_speed', 'precipitation']
2026-02-15 23:00:00;4375.74521802122;3857.04075;['temperature', 'wind_speed', 'precipitation']
2026-02-16 00:00:00;3504.2082067180736;4270.74175;['temperature', 'wind_speed', 'precipitation']
2026-02-16 01:00:00;3683.0470399566584;4172.0475;['temperature', 'wind_speed', 'precipitation']
2026-02-16 02:00:00;3561.5716294706726;4192.84925;['temperature', 'wind_speed', 'precipitation']
2026-02-16 03:00:00;3353.3785109495734;4297.218;['temperature', 'wind_speed', 'precipitation']
2026-02-16 04:00:00;3610.754515233906;3792.167;['temperature', 'wind_speed', 'precipitation']
2026-02-16 05:00:00;3813.35414586571;3905.2105;['temperature', 'wind_speed', 'precipitation']
2026-02-16 06:00:00;3652.8051214152383;4322.625;['temperature', 'wind_speed', 'precipitation']
2026-02-16 07:00:00;3832.789170790239;5897.072;['temperature', 'wind_speed', 'precipitation']
2026-02-16 08:00:00;3800.7700531163914;2816.22675;['temperature', 'wind_speed', 'precipitation']
2026-02-16 09:00:00;3929.483839609365;3726.25825;['temperature', 'wind_speed', 'precipitation']
2026-02-16 10:00:00;4001.9274027048486;3709.35825;['temperature', 'wind_speed', 'precipitation']
2026-02-16 11:00:00;3762.9256262383237;4097.0225;['temperature', 'wind_speed', 'precipitation']
2026-02-16 12:00:00;4093.4486165187855;4383.431500000001;['temperature', 'wind_speed', 'precipitation']
2026-02-16 13:00:00;3357.5340978877975;3789.0565;['temperature', 'wind_speed', 'precipitation']
2026-02-16 14:00:00;3742.9120971180423;4607.666;['temperature', 'wind_speed', 'precipitation']
2026-02-16 15:00:00;3646.7490750943994;4367.22325;['temperature', 'wind_speed', 'precipitation']
2026-02-16 16:00:00;4611.453238688182;3437.96925;['temperature', 'wind_speed', 'precipitation']
2026-02-16 17:00:00;4929.716078021929;5117.6485;['temperature', 'wind_speed', 'precipitation']
2026-02-16 18:00:00;4776.174653087144;5031.2195;['temperature', 'wind_speed', 'precipitation']
2026-02-16 19:00:00;2523.227822197455;5013.32925;['temperature', 'wind_speed', 'precipitation']
2026-02-16 20:00:00;3386.355033513679;3950.84225;['temperature', 'wind_speed', 'precipitation']
2026-02-16 21:00:00;4466.602490190128;3260.27925;['temperature', 'wind_speed', 'precipitation']
2026-02-16 22:00:00;3985.767018758158;3727.6415;['temperature', 'wind_speed', 'precipitation']
2026-02-16 23:00:00;4061.5554214314207;2914.66625;['temperature', 'wind_speed', 'precipitation']
2026-02-17 00:00:00;3888.903789104502;3134.171;['temperature', 'wind_speed', 'precipitation']
2026-02-17 01:00:00;4023.2081918336235;2905.419;['temperature', 'wind_speed', 'precipitation']
2026-02-17 02:00:00;4123.002155811066;3407.01775;['temperature', 'wind_speed', 'precipitation']
2026-02-17 03:00:00;4154.885283651919;2895.731;['temperature', 'wind_speed', 'precipitation']
2026-02-17 04:00:00;4030.2749863310355;3551.5375;['temperature', 'wind_speed', 'precipitation']
2026-02-17 05:00:00;3910.7033731725223;3038.49075;['temperature', 'wind_speed', 'precipitation']
2026-02-17 06:00:00;4428.1902745241205;2865.9880000000003;['temperature', 'wind_speed', 'precipitation']
2026-02-17 07:00:00;5120.548036798844;4217.9155;['temperature', 'wind_speed', 'precipitation']
2026-02-17 08:00:00;3684.2387451424365;4631.85375;['temperature', 'wind_speed', 'precipitation']
2026-02-17 09:00:00;4276.7884419159145;5666.0205000000005;['temperature', 'wind_speed', 'precipitation']
2026-02-17 10:00:00;4719.84334283952;3033.71925;['temperature', 'wind_speed', 'precipitation']
2026-02-17 11:00:00;4554.972225210196;3668.54275;['temperature', 'wind_speed', 'precipitation']
2026-02-17 12:00:00;4308.265362659837;3205.1977500000003;['temperature', 'wind_speed', 'precipitation']
2026-02-17 13:00:00;3725.22482258013;3569.85825;['temperature', 'wind_speed', 'precipitation']
2026-02-17 14:00:00;4054.760416377817;4546.28325;['temperature', 'wind_speed', 'precipitation']
2026-02-17 15:00:00;4040.298672749641;3355.98275;['temperature', 'wind_speed', 'precipitation']
2026-02-17 16:00:00;4515.908613514707;3155.60275;['temperature', 'wind_speed', 'precipitation']
2026-02-17 17:00:00;4478.876183196276;3948.281;['temperature', 'wind_speed', 'precipitation']
2026-02-17 18:00:00;3805.5299614997402;6586.86025;['temperature', 'wind_speed', 'precipitation']
2026-02-17 19:00:00;3361.3910872768693;2688.89675;['temperature', 'wind_speed', 'precipitation']
2026-02-17 20:00:00;3853.3444396755312;4654.51275;['temperature', 'wind_speed', 'precipitation']
2026-02-17 21:00:00;4148.589568663577;3142.6025;['temperature', 'wind_speed', 'precipitation']
2026-02-17 22:00:00;3971.695524880436;2652.804;['temperature', 'wind_speed', 'precipitation']
2026-02-17 23:00:00;3745.049199963537;2618.7905;['temperature', 'wind_speed', 'precipitation']
2026-02-18 00:00:00;3303.4899817672613;3148.755;['temperature', 'wind_speed', 'precipitation']
2026-02-18 01:00:00;3278.1826713657865;3693.88525;['temperature', 'wind_speed', 'precipitation']
2026-02-18 02:00:00;3862.1353485301893;2656.90925;['temperature', 'wind_speed', 'precipitation']
2026-02-18 03:00:00;3418.2109325507254;2022.2365;['temperature', 'wind_speed', 'precipitation']
2026-02-18 04:00:00;3390.333139106945;2714.6582499999995;['temperature', 'wind_speed', 'precipitation']
2026-02-18 05:00:00;3291.045422029034;3138.4825;['temperature', 'wind_speed', 'precipitation']
2026-02-18 06:00:00;3487.9521890157316;3251.8665;['temperature', 'wind_speed', 'precipitation']
2026-02-18 07:00:00;4476.123402683897;3767.39;['temperature', 'wind_speed', 'precipitation']
2026-02-18 08:00:00;3336.5010428488454;3704.433;['temperature', 'wind_speed', 'precipitation']
2026-02-18 09:00:00;3541.4352890872533;4502.9775;['temperature', 'wind_speed', 'precipitation']
2026-02-18 10:00:00;3224.2493278068478;2839.84175;['temperature', 'wind_speed', 'precipitation']
2026-02-18 11:00:00;3578.3694913777376;3027.432;['temperature', 'wind_speed', 'precipitation']
2026-02-18 12:00:00;3747.706354186856;3523.302;['temperature', 'wind_speed', 'precipitation']
2026-02-18 13:00:00;3427.522201025974;3065.7345000000005;['temperature', 'wind_speed', 'precipitation']
2026-02-18 14:00:00;3794.502349075141;3746.467;['temperature', 'wind_speed', 'precipitation']
2026-02-18 15:00:00;3708.0110746557493;3357.258;['temperature', 'wind_speed', 'precipitation']
2026-02-18 16:00:00;3063.7464320452796;3739.85675;['temperature', 'wind_speed', 'precipitation']
2026-02-18 17:00:00;4149.931350325239;5383.882;['temperature', 'wind_speed', 'precipitation']
2026-02-18 18:00:00;4545.539705491852;5460.044;['temperature', 'wind_speed', 'precipitation']
2026-02-18 19:00:00;3523.843245023724;3423.06;['temperature', 'wind_speed', 'precipitation']
2026-02-18 20:00:00;3443.012188216466;4988.140666666666;['temperature', 'wind_speed', 'precipitation']
2026-02-18 21:00:00;3054.3405221836224;3943.082;['temperature', 'wind_speed', 'precipitation']
2026-02-18 22:00:00;3014.274049139639;3280.73875;['temperature', 'wind_speed', 'precipitation']
2026-02-18 23:00:00;3053.754417129203;4189.85225;['temperature', 'wind_speed', 'precipitation']
2026-02-19 00:00:00;3567.7013864543665;3798.69625;['temperature', 'wind_speed', 'precipitation']
2026-02-19 01:00:00;3511.7803607400865;3470.1565;['temperature', 'wind_speed', 'precipitation']
2026-02-19 02:00:00;3076.954967433316;3887.978;['temperature', 'wind_speed', 'precipitation']
2026-02-19 03:00:00;2728.5152085590116;3463.55225;['temperature', 'wind_speed', 'precipitation']
2026-02-19 04:00:00;2999.245708607611;3694.54025;['temperature', 'wind_speed', 'precipitation']
2026-02-19 05:00:00;2990.919500004107;4024.671;['temperature', 'wind_speed', 'precipitation']
2026-02-19 06:00:00;3183.211233180739;3976.81075;['temperature', 'wind_speed', 'precipitation']
2026-02-19 07:00:00;3766.9538658849865;4254.63175;['temperature', 'wind_speed', 'precipitation']
2026-02-19 08:00:00;4017.4883909509554;5451.65625;['temperature', 'wind_speed', 'precipitation']
2026-02-19 09:00:00;5154.301883305425;4617.72725;['temperature', 'wind_speed', 'precipitation']
2026-02-19 10:00:00;2916.03864202104;4048.07275;['temperature', 'wind_speed', 'precipitation']
2026-02-19 11:00:00;3228.4643774300102;4006.33275;['temperature', 'wind_speed', 'precipitation']
2026-02-19 12:00:00;3209.172990753597;2886.07425;['temperature', 'wind_speed', 'precipitation']
2026-02-19 13:00:00;3191.410257190198;3151.84075;['temperature', 'wind_speed', 'precipitation']
2026-02-19 14:00:00;3932.744829853933;2118.81075;['temperature', 'wind_speed', 'precipitation']
2026-02-19 15:00:00;3288.1955618830843;2872.442;['temperature', 'wind_speed', 'precipitation']
2026-02-19 16:00:00;3322.1373530827755;3774.00675;['temperature', 'wind_speed', 'precipitation']
2026-02-19 17:00:00;4270.4365126362245;5136.79725;['temperature', 'wind_speed', 'precipitation']
2026-02-19 18:00:00;5729.611567409047;5757.4375;['temperature', 'wind_speed', 'precipitation']
2026-02-19 19:00:00;3149.968795236351;2808.28475;['temperature', 'wind_speed', 'precipitation']
2026-02-19 20:00:00;4580.50864471202;4316.30025;['temperature', 'wind_speed', 'precipitation']
2026-02-19 21:00:00;3486.7683657915813;4116.61075;['temperature', 'wind_speed', 'precipitation']
2026-02-19 22:00:00;3102.95671790738;3227.96925;['temperature', 'wind_speed', 'precipitation']
2026-02-19 23:00:00;3441.701110500488;3393.52525;['temperature', 'wind_speed', 'precipitation']
2026-02-20 00:00:00;3420.5696539147484;3867.99625;['temperature', 'wind_speed', 'precipitation']
2026-02-20 01:00:00;3532.486197276829;3100.64225;['temperature', 'wind_speed', 'precipitation']
2026-02-20 02:00:00;3364.506076353276;2828.1715;['temperature', 'wind_speed', 'precipitation']
2026-02-20 03:00:00;2891.4483445735586;4158.9235;['temperature', 'wind_speed', 'precipitation']
2026-02-20 04:00:00;3289.744865130413;3933.11075;['temperature', 'wind_speed', 'precipitation']
2026-02-20 05:00:00;3659.0120172613283;3965.08175;['temperature', 'wind_speed', 'precipitation']
2026-02-20 06:00:00;3676.724383235605;3080.9115;['temperature', 'wind_speed', 'precipitation']
2026-02-20 07:00:00;3930.7923269817547;4425.24725;['temperature', 'wind_speed', 'precipitation']
2026-02-20 08:00:00;4296.878734834051;5264.822999999999;['temperature', 'wind_speed', 'precipitation']
2026-02-20 09:00:00;4352.959766252998;3476.0955;['temperature', 'wind_speed', 'precipitation']
2026-02-20 10:00:00;3485.4506393991865;3282.589;['temperature', 'wind_speed', 'precipitation']
2026-02-20 11:00:00;3456.0818080240388;3600.80525;['temperature', 'wind_speed', 'precipitation']
2026-02-20 12:00:00;3160.8093704589737;4432.64325;['temperature', 'wind_speed', 'precipitation']
2026-02-20 13:00:00;3161.516403736592;2361.1320000000005;['temperature', 'wind_speed', 'precipitation']
2026-02-20 14:00:00;3109.0415671841047;1551.0443333333333;['temperature', 'wind_speed', 'precipitation']
2026-02-20 15:00:00;3124.6522699856023;2872.442;['temperature', 'wind_speed', 'precipitation']
2026-02-20 16:00:00;3624.8070687764607;3774.00675;['temperature', 'wind_speed', 'precipitation']
2026-02-20 17:00:00;4988.447343725209;5136.79725;['temperature', 'wind_speed', 'precipitation']
2026-02-20 18:00:00;5404.759629161725;5177.334;['temperature', 'wind_speed', 'precipitation']
2026-02-20 19:00:00;3109.622947826492;5452.91475;['temperature', 'wind_speed', 'precipitation']
2026-02-20 20:00:00;4472.221903307702;5548.0960000000005;['temperature', 'wind_speed', 'precipitation']
2026-02-20 21:00:00;3872.9055422527053;4351.4605;['temperature', 'wind_speed', 'precipitation']
2026-02-20 22:00:00;3352.8891056264715;4562.4445;['temperature', 'wind_speed', 'precipitation']
2026-02-20 23:00:00;3744.189309397165;3240.04275;['temperature', 'wind_speed', 'precipitation']
2026-02-10 00:00:00;3139.4929498937054;2312.257;['temperature', 'pressure', 'precipitation']
2026-02-10 01:00:00;3123.961112425269;2445.75475;['temperature', 'pressure', 'precipitation']
2026-02-10 02:00:00;2484.00162240238;2738.38875;['temperature', 'pressure', 'precipitation']
2026-02-10 03:00:00;2833.8885462884514;2507.56425;['temperature', 'pressure', 'precipitation']
2026-02-10 04:00:00;2661.827717073783;2972.28575;['temperature', 'pressure', 'precipitation']
2026-02-10 05:00:00;3205.1765356263836;2894.95425;['temperature', 'pressure', 'precipitation']
2026-02-10 06:00:00;3163.6424626393236;3762.406;['temperature', 'pressure', 'precipitation']
2026-02-10 07:00:00;2966.34391973092;2580.2795;['temperature', 'pressure', 'precipitation']
2026-02-10 08:00:00;3049.9348072283988;4036.3455;['temperature', 'pressure', 'precipitation']
2026-02-10 09:00:00;2790.3546708112844;3671.19375;['temperature', 'pressure', 'precipitation']
2026-02-10 10:00:00;3284.947588298724;2416.94175;['temperature', 'pressure', 'precipitation']
2026-02-10 11:00:00;3167.3094781584095;2677.89175;['temperature', 'pressure', 'precipitation']
2026-02-10 12:00:00;3259.8061207033074;1806.73475;['temperature', 'pressure', 'precipitation']
2026-02-10 13:00:00;3131.2018988314408;3154.1665;['temperature', 'pressure', 'precipitation']
2026-02-10 14:00:00;2762.8237790303356;2227.19575;['temperature', 'pressure', 'precipitation']
2026-02-10 15:00:00;2593.778817917643;2543.43525;['temperature', 'pressure', 'precipitation']
2026-02-10 16:00:00;2968.4465590415443;2576.265;['temperature', 'pressure', 'precipitation']
2026-02-10 17:00:00;3604.0343523133033;5342.617;['temperature', 'pressure', 'precipitation']
2026-02-10 18:00:00;4517.624221521451;5926.32475;['temperature', 'pressure', 'precipitation']
2026-02-10 19:00:00;3583.831270896332;3875.02825;['temperature', 'pressure', 'precipitation']
2026-02-10 20:00:00;3361.5172974483535;4273.53175;['temperature', 'pressure', 'precipitation']
2026-02-10 21:00:00;3763.0212321919707;2881.09475;['temperature', 'pressure', 'precipitation']
2026-02-10 22:00:00;3365.307824438937;2286.139;['temperature', 'pressure', 'precipitation']
2026-02-10 23:00:00;3246.6765397983836;3057.192;['temperature', 'pressure', 'precipitation']
2026-02-11 00:00:00;2474.289078598852;2366.50825;['temperature', 'pressure', 'precipitation']
2026-02-11 01:00:00;2728.219382176594;2711.8525;['temperature', 'pressure', 'precipitation']
2026-02-11 02:00:00;2583.6510108943226;2083.15775;['temperature', 'pressure', 'precipitation']
2026-02-11 03:00:00;2695.5344457713577;2465.2165000000005;['temperature', 'pressure', 'precipitation']
2026-02-11 04:00:00;2623.509015672421;2897.0037500000003;['temperature', 'pressure', 'precipitation']
2026-02-11 05:00:00;3150.450651923332;2676.7915000000003;['temperature', 'pressure', 'precipitation']
2026-02-11 06:00:00;3284.2283847704207;2365.58925;['temperature', 'pressure', 'precipitation']
2026-02-11 07:00:00;2661.395408097711;3238.81225;['temperature', 'pressure', 'precipitation']
2026-02-11 08:00:00;3401.484690090565;2706.17225;['temperature', 'pressure', 'precipitation']
2026-02-11 09:00:00;3157.099020319788;3475.922;['temperature', 'pressure', 'precipitation']
2026-02-11 10:00:00;2394.258762491137;2244.5915;['temperature', 'pressure', 'precipitation']
2026-02-11 11:00:00;2561.2999327327166;2952.637;['temperature', 'pressure', 'precipitation']
2026-02-11 12:00:00;2325.060508494788;1686.3925;['temperature', 'pressure', 'precipitation']
2026-02-11 13:00:00;3017.328790135458;3154.1665;['temperature', 'pressure', 'precipitation']
2026-02-11 14:00:00;2216.1204315253203;2227.19575;['temperature', 'pressure', 'precipitation']
2026-02-11 15:00:00;2379.6069096249403;2543.43525;['temperature', 'pressure', 'precipitation']
2026-02-11 16:00:00;2551.7079840316997;2576.265;['temperature', 'pressure', 'precipitation']
2026-02-11 17:00:00;4036.01198160095;1333.5;['temperature', 'pressure', 'precipitation']
2026-02-11 18:00:00;4323.144686601419;3750.33275;['temperature', 'pressure', 'precipitation']
2026-02-11 19:00:00;3457.1813495867855;3982.69175;['temperature', 'pressure', 'precipitation']
2026-02-11 20:00:00;3553.5567653277003;3578.161;['temperature', 'pressure', 'precipitation']
2026-02-11 21:00:00;2864.8526846871187;2482.21025;['temperature', 'pressure', 'precipitation']
2026-02-11 22:00:00;2676.4862026917726;2358.59375;['temperature', 'pressure', 'precipitation']
2026-02-11 23:00:00;2933.922144190101;2322.409;['temperature', 'pressure', 'precipitation']
2026-02-12 00:00:00;2068.8772111437;2297.366;['temperature', 'pressure', 'precipitation']
2026-02-12 01:00:00;2466.4768562654267;2377.4665;['temperature', 'pressure', 'precipitation']
2026-02-12 02:00:00;2304.428635721824;1861.1955;['temperature', 'pressure', 'precipitation']
2026-02-12 03:00:00;2352.0646992135084;1835.98825;['temperature', 'pressure', 'precipitation']
2026-02-12 04:00:00;2735.2780282088243;1987.42975;['temperature', 'pressure', 'precipitation']
2026-02-12 05:00:00;2621.8127084790017;2928.504;['temperature', 'pressure', 'precipitation']
2026-02-12 06:00:00;2551.069307138642;2122.81;['temperature', 'pressure', 'precipitation']
2026-02-12 07:00:00;2887.739809007058;2338.194;['temperature', 'pressure', 'precipitation']
2026-02-12 08:00:00;2895.983130325089;1348.37875;['temperature', 'pressure', 'precipitation']
2026-02-12 09:00:00;3004.7947960970214;928.61625;['temperature', 'pressure', 'precipitation']
2026-02-12 10:00:00;2243.811330181272;2329.8340000000003;['temperature', 'pressure', 'precipitation']
2026-02-12 11:00:00;2662.8691856521204;1817.92825;['temperature', 'pressure', 'precipitation']
2026-02-12 12:00:00;2058.964650734636;3735.537;['temperature', 'pressure', 'precipitation']
2026-02-12 13:00:00;2808.415679331654;2596.203;['temperature', 'pressure', 'precipitation']
2026-02-12 14:00:00;2198.2268131520254;2194.61975;['temperature', 'pressure', 'precipitation']
2026-02-12 15:00:00;2535.6796706625546;1834.60225;['temperature', 'pressure', 'precipitation']
2026-02-12 16:00:00;2593.9314008760757;2180.3565;['temperature', 'pressure', 'precipitation']
2026-02-12 17:00:00;3328.9154282445743;3746.30075;['temperature', 'pressure', 'precipitation']
2026-02-12 18:00:00;4206.223877032781;4982.87875;['temperature', 'pressure', 'precipitation']
2026-02-12 19:00:00;3055.670053782512;3386.71775;['temperature', 'pressure', 'precipitation']
2026-02-12 20:00:00;3471.556546745736;3613.59775;['temperature', 'pressure', 'precipitation']
2026-02-12 21:00:00;2667.9412920654327;3065.22725;['temperature', 'pressure', 'precipitation']
2026-02-12 22:00:00;2280.4951135229376;2475.28875;['temperature', 'pressure', 'precipitation']
2026-02-12 23:00:00;2369.209471336764;2045.159;['temperature', 'pressure', 'precipitation']
2026-02-13 00:00:00;2084.0751970847423;2855.48325;['temperature', 'pressure', 'precipitation']
2026-02-13 01:00:00;2300.683438682696;2102.1375;['temperature', 'pressure', 'precipitation']
2026-02-13 02:00:00;2152.0660439024255;2721.5535;['temperature', 'pressure', 'precipitation']
2026-02-13 03:00:00;2329.0491464702677;2265.05425;['temperature', 'pressure', 'precipitation']
2026-02-13 04:00:00;2501.2202367302293;2724.386;['temperature', 'pressure', 'precipitation']
2026-02-13 05:00:00;2650.9282090303927;1950.27;['temperature', 'pressure', 'precipitation']
2026-02-13 06:00:00;2267.8265918117136;2676.27525;['temperature', 'pressure', 'precipitation']
2026-02-13 07:00:00;2572.0962375255303;1876.716;['temperature', 'pressure', 'precipitation']
2026-02-13 08:00:00;2260.326277559295;3155.0185;['temperature', 'pressure', 'precipitation']
2026-02-13 09:00:00;2126.0576074165992;3419.00525;['temperature', 'pressure', 'precipitation']
2026-02-13 10:00:00;2400.4752468634933;2633.61775;['temperature', 'pressure', 'precipitation']
2026-02-13 11:00:00;2514.070974456082;3832.5985;['temperature', 'pressure', 'precipitation']
2026-02-13 12:00:00;3070.4889156111667;2113.4985;['temperature', 'pressure', 'precipitation']
2026-02-13 13:00:00;2652.2755485677253;2406.8145;['temperature', 'pressure', 'precipitation']
2026-02-13 14:00:00;2289.4556807480517;2225.23925;['temperature', 'pressure', 'precipitation']
2026-02-13 15:00:00;2351.491283177003;2112.819;['temperature', 'pressure', 'precipitation']
2026-02-13 16:00:00;2463.3873096345646;2119.783;['temperature', 'pressure', 'precipitation']
2026-02-13 17:00:00;3411.5451441188816;2762.934;['temperature', 'pressure', 'precipitation']
2026-02-13 18:00:00;3444.742583395124;3519.851;['temperature', 'pressure', 'precipitation']
2026-02-13 19:00:00;3199.195375389076;3490.8465;['temperature', 'pressure', 'precipitation']
2026-02-13 20:00:00;3217.1519025963066;3538.6712499999994;['temperature', 'pressure', 'precipitation']
2026-02-13 21:00:00;2985.795114476446;3449.1785;['temperature', 'pressure', 'precipitation']
2026-02-13 22:00:00;2662.1873689814443;2324.8065;['temperature', 'pressure', 'precipitation']
2026-02-13 23:00:00;2388.272272246486;3431.5795;['temperature', 'pressure', 'precipitation']
2026-02-14 00:00:00;3202.4645425462795;2411.443;['temperature', 'pressure', 'precipitation']
2026-02-14 01:00:00;2537.8490986087045;2943.3845;['temperature', 'pressure', 'precipitation']
2026-02-14 02:00:00;3140.6722954083416;2579.4275;['temperature', 'pressure', 'precipitation']
2026-02-14 03:00:00;2940.1631890047147;2204.52425;['temperature', 'pressure', 'precipitation']
2026-02-14 04:00:00;2758.7012934381296;2660.8965000000003;['temperature', 'pressure', 'precipitation']
2026-02-14 05:00:00;2616.191981641277;3597.15675;['temperature', 'pressure', 'precipitation']
2026-02-14 06:00:00;2725.35652451995;2461.59075;['temperature', 'pressure', 'precipitation']
2026-02-14 07:00:00;2412.751828316994;2936.82475;['temperature', 'pressure', 'precipitation']
2026-02-14 08:00:00;3232.295370204187;2971.81825;['temperature', 'pressure', 'precipitation']
2026-02-14 09:00:00;2738.1238041280653;2900.61125;['temperature', 'pressure', 'precipitation']
2026-02-14 10:00:00;2927.573829293018;2713.67975;['temperature', 'pressure', 'precipitation']
2026-02-14 11:00:00;3521.6711028948457;2756.77525;['temperature', 'pressure', 'precipitation']
2026-02-14 12:00:00;2955.465727070653;3727.64475;['temperature', 'pressure', 'precipitation']
2026-02-14 13:00:00;3086.460517617537;2757.3445;['temperature', 'pressure', 'precipitation']
2026-02-14 14:00:00;2639.3679787686883;3371.52475;['temperature', 'pressure', 'precipitation']
2026-02-14 15:00:00;3111.2985386199744;3231.48225;['temperature', 'pressure', 'precipitation']
2026-02-14 16:00:00;2954.2617120784425;4488.084;['temperature', 'pressure', 'precipitation']
2026-02-14 17:00:00;3418.8998034631168;5352.45;['temperature', 'pressure', 'precipitation']
2026-02-14 18:00:00;4032.7879233699186;6210.828;['temperature', 'pressure', 'precipitation']
2026-02-14 19:00:00;3478.5284869839347;1903.77525;['temperature', 'pressure', 'precipitation']
2026-02-14 20:00:00;3280.437273532717;2630.102;['temperature', 'pressure', 'precipitation']
2026-02-14 21:00:00;3118.3410904465172;4245.20475;['temperature', 'pressure', 'precipitation']
2026-02-14 22:00:00;2509.4444267753624;3723.198;['temperature', 'pressure', 'precipitation']
2026-02-14 23:00:00;3032.032606438268;3729.623;['temperature', 'pressure', 'precipitation']
2026-02-15 00:00:00;3614.140269175582;3933.857;['temperature', 'pressure', 'precipitation']
2026-02-15 01:00:00;3399.800630109813;3709.625;['temperature', 'pressure', 'precipitation']
2026-02-15 02:00:00;3618.5249139880943;3698.68875;['temperature', 'pressure', 'precipitation']
2026-02-15 03:00:00;3422.2765134456995;3668.341;['temperature', 'pressure', 'precipitation']
2026-02-15 04:00:00;3684.104346127622;3783.91125;['temperature', 'pressure', 'precipitation']
2026-02-15 05:00:00;3778.9213989999193;3444.12875;['temperature', 'pressure', 'precipitation']
2026-02-15 06:00:00;3544.1817672350317;4090.44675;['temperature', 'pressure', 'precipitation']
2026-02-15 07:00:00;3563.8549941966494;4660.0415;['temperature', 'pressure', 'precipitation']
2026-02-15 08:00:00;4133.848706875292;3879.998;['temperature', 'pressure', 'precipitation']
2026-02-15 09:00:00;4201.352584405692;4359.39175;['temperature', 'pressure', 'precipitation']
2026-02-15 10:00:00;3990.915261503626;5136.501;['temperature', 'pressure', 'precipitation']
2026-02-15 11:00:00;4148.004757638938;4608.921;['temperature', 'pressure', 'precipitation']
2026-02-15 12:00:00;4009.432205917783;3958.311;['temperature', 'pressure', 'precipitation']
2026-02-15 13:00:00;3815.40519494369;2757.3445;['temperature', 'pressure', 'precipitation']
2026-02-15 14:00:00;4015.5858731054223;3371.52475;['temperature', 'pressure', 'precipitation']
2026-02-15 15:00:00;4173.087805843289;3231.48225;['temperature', 'pressure', 'precipitation']
2026-02-15 16:00:00;4026.7391313517255;5022.667;['temperature', 'pressure', 'precipitation']
2026-02-15 17:00:00;5079.5160077590435;3789.986;['temperature', 'pressure', 'precipitation']
2026-02-15 18:00:00;5576.724697554366;1972.2715;['temperature', 'pressure', 'precipitation']
2026-02-15 19:00:00;3745.6473849283484;1211.72575;['temperature', 'pressure', 'precipitation']
2026-02-15 20:00:00;3874.5695449813425;2768.893;['temperature', 'pressure', 'precipitation']
2026-02-15 21:00:00;4407.934129638448;4284.85;['temperature', 'pressure', 'precipitation']
2026-02-15 22:00:00;4139.4017903531485;3674.49175;['temperature', 'pressure', 'precipitation']
2026-02-15 23:00:00;4401.148507816142;3857.04075;['temperature', 'pressure', 'precipitation']
2026-02-16 00:00:00;3412.240230147944;4270.74175;['temperature', 'pressure', 'precipitation']
2026-02-16 01:00:00;3627.2738465972834;4172.0475;['temperature', 'pressure', 'precipitation']
2026-02-16 02:00:00;3504.4789494932556;4192.84925;['temperature', 'pressure', 'precipitation']
2026-02-16 03:00:00;3266.4804167723273;4297.218;['temperature', 'pressure', 'precipitation']
2026-02-16 04:00:00;3592.204875532063;3792.167;['temperature', 'pressure', 'precipitation']
2026-02-16 05:00:00;3717.780842643054;3905.2105;['temperature', 'pressure', 'precipitation']
2026-02-16 06:00:00;3553.9984836512613;4322.625;['temperature', 'pressure', 'precipitation']
2026-02-16 07:00:00;3642.651200819536;5897.072;['temperature', 'pressure', 'precipitation']
2026-02-16 08:00:00;4021.8207084813816;2816.22675;['temperature', 'pressure', 'precipitation']
2026-02-16 09:00:00;4093.9086824438377;3726.25825;['temperature', 'pressure', 'precipitation']
2026-02-16 10:00:00;3904.9288065134424;3709.35825;['temperature', 'pressure', 'precipitation']
2026-02-16 11:00:00;3653.5346655449644;4097.0225;['temperature', 'pressure', 'precipitation']
2026-02-16 12:00:00;4080.529518618395;4383.431500000001;['temperature', 'pressure', 'precipitation']
2026-02-16 13:00:00;3598.920679308696;3789.0565;['temperature', 'pressure', 'precipitation']
2026-02-16 14:00:00;3722.922305247925;4607.666;['temperature', 'pressure', 'precipitation']
2026-02-16 15:00:00;3707.4226800596093;4367.22325;['temperature', 'pressure', 'precipitation']
2026-02-16 16:00:00;4931.556800089549;3437.96925;['temperature', 'pressure', 'precipitation']
2026-02-16 17:00:00;4856.141752460406;5117.6485;['temperature', 'pressure', 'precipitation']
2026-02-16 18:00:00;4759.200285945421;5031.2195;['temperature', 'pressure', 'precipitation']
2026-02-16 19:00:00;2485.045845879096;5013.32925;['temperature', 'pressure', 'precipitation']
2026-02-16 20:00:00;3421.534782048835;3950.84225;['temperature', 'pressure', 'precipitation']
2026-02-16 21:00:00;4511.656063798527;3260.27925;['temperature', 'pressure', 'precipitation']
2026-02-16 22:00:00;3992.2876791585486;3727.6415;['temperature', 'pressure', 'precipitation']
2026-02-16 23:00:00;4081.3117843464597;2914.66625;['temperature', 'pressure', 'precipitation']
2026-02-17 00:00:00;3891.650447429697;3134.171;['temperature', 'pressure', 'precipitation']
2026-02-17 01:00:00;4024.7367257691703;2905.419;['temperature', 'pressure', 'precipitation']
2026-02-17 02:00:00;4124.443958789581;3407.01775;['temperature', 'pressure', 'precipitation']
2026-02-17 03:00:00;4166.276519003482;2895.731;['temperature', 'pressure', 'precipitation']
2026-02-17 04:00:00;4028.6785355253714;3551.5375;['temperature', 'pressure', 'precipitation']
2026-02-17 05:00:00;3908.672336795569;3038.49075;['temperature', 'pressure', 'precipitation']
2026-02-17 06:00:00;4428.693768786816;2865.9880000000003;['temperature', 'pressure', 'precipitation']
2026-02-17 07:00:00;5140.254213556656;4217.9155;['temperature', 'pressure', 'precipitation']
2026-02-17 08:00:00;3677.6406006111865;4631.85375;['temperature', 'pressure', 'precipitation']
2026-02-17 09:00:00;4270.956303854391;5666.0205000000005;['temperature', 'pressure', 'precipitation']
2026-02-17 10:00:00;4718.196141301434;3033.71925;['temperature', 'pressure', 'precipitation']
2026-02-17 11:00:00;4549.005489370352;3668.54275;['temperature', 'pressure', 'precipitation']
2026-02-17 12:00:00;4310.443554798509;3205.1977500000003;['temperature', 'pressure', 'precipitation']
2026-02-17 13:00:00;3726.710750161917;3569.85825;['temperature', 'pressure', 'precipitation']
2026-02-17 14:00:00;4082.86371837977;4546.28325;['temperature', 'pressure', 'precipitation']
2026-02-17 15:00:00;4047.555264546516;3355.98275;['temperature', 'pressure', 'precipitation']
2026-02-17 16:00:00;4518.0690901992775;3155.60275;['temperature', 'pressure', 'precipitation']
2026-02-17 17:00:00;4475.1058890068225;3948.281;['temperature', 'pressure', 'precipitation']
2026-02-17 18:00:00;3842.0935677619473;6586.86025;['temperature', 'pressure', 'precipitation']
2026-02-17 19:00:00;3347.317555172377;2688.89675;['temperature', 'pressure', 'precipitation']
2026-02-17 20:00:00;3847.576567818842;4654.51275;['temperature', 'pressure', 'precipitation']
2026-02-17 21:00:00;4154.693221617678;3142.6025;['temperature', 'pressure', 'precipitation']
2026-02-17 22:00:00;3988.3472277612955;2652.804;['temperature', 'pressure', 'precipitation']
2026-02-17 23:00:00;3739.7898310670525;2618.7905;['temperature', 'pressure', 'precipitation']
2026-02-18 00:00:00;3288.782202836597;3148.755;['temperature', 'pressure', 'precipitation']
2026-02-18 01:00:00;3376.1784217930326;3693.88525;['temperature', 'pressure', 'precipitation']
2026-02-18 02:00:00;3778.8556205943983;2656.90925;['temperature', 'pressure', 'precipitation']
2026-02-18 03:00:00;3368.286814508733;2022.2365;['temperature', 'pressure', 'precipitation']
2026-02-18 04:00:00;3466.6008850786247;2714.6582499999995;['temperature', 'pressure', 'precipitation']
2026-02-18 05:00:00;3276.66511197044;3138.4825;['temperature', 'pressure', 'precipitation']
2026-02-18 06:00:00;3542.0341172689054;3251.8665;['temperature', 'pressure', 'precipitation']
2026-02-18 07:00:00;4637.491536228819;3767.39;['temperature', 'pressure', 'precipitation']
2026-02-18 08:00:00;3502.9610495627126;3704.433;['temperature', 'pressure', 'precipitation']
2026-02-18 09:00:00;4031.830980005222;4502.9775;['temperature', 'pressure', 'precipitation']
2026-02-18 10:00:00;3215.1715995353634;2839.84175;['temperature', 'pressure', 'precipitation']
2026-02-18 11:00:00;3613.3619382771517;3027.432;['temperature', 'pressure', 'precipitation']
2026-02-18 12:00:00;3810.8873234251373;3523.302;['temperature', 'pressure', 'precipitation']
2026-02-18 13:00:00;3458.3756098394506;3065.7345000000005;['temperature', 'pressure', 'precipitation']
2026-02-18 14:00:00;4191.858611282172;3746.467;['temperature', 'pressure', 'precipitation']
2026-02-18 15:00:00;3743.5929762060423;3357.258;['temperature', 'pressure', 'precipitation']
2026-02-18 16:00:00;3063.5992152484046;3739.85675;['temperature', 'pressure', 'precipitation']
2026-02-18 17:00:00;4370.314971541059;5383.882;['temperature', 'pressure', 'precipitation']
2026-02-18 18:00:00;5271.8242208727115;5460.044;['temperature', 'pressure', 'precipitation']
2026-02-18 19:00:00;3654.376387113568;3423.06;['temperature', 'pressure', 'precipitation']
2026-02-18 20:00:00;3927.126446028966;4988.140666666666;['temperature', 'pressure', 'precipitation']
2026-02-18 21:00:00;3073.780158414091;3943.082;['temperature', 'pressure', 'precipitation']
2026-02-18 22:00:00;3096.3535321718655;3280.73875;['temperature', 'pressure', 'precipitation']
2026-02-18 23:00:00;2923.7217938381873;4189.85225;['temperature', 'pressure', 'precipitation']
2026-02-19 00:00:00;3516.4176464107263;3798.69625;['temperature', 'pressure', 'precipitation']
2026-02-19 01:00:00;3440.7150931772203;3470.1565;['temperature', 'pressure', 'precipitation']
2026-02-19 02:00:00;3077.6510240377015;3887.978;['temperature', 'pressure', 'precipitation']
2026-02-19 03:00:00;2754.0134537982694;3463.55225;['temperature', 'pressure', 'precipitation']
2026-02-19 04:00:00;3092.4620667924255;3694.54025;['temperature', 'pressure', 'precipitation']
2026-02-19 05:00:00;3034.8554626811087;4024.671;['temperature', 'pressure', 'precipitation']
2026-02-19 06:00:00;3125.423582118727;3976.81075;['temperature', 'pressure', 'precipitation']
2026-02-19 07:00:00;3798.0799034826427;4254.63175;['temperature', 'pressure', 'precipitation']
2026-02-19 08:00:00;4036.925036458768;5451.65625;['temperature', 'pressure', 'precipitation']
2026-02-19 09:00:00;4858.122615422124;4617.72725;['temperature', 'pressure', 'precipitation']
2026-02-19 10:00:00;2936.345215173582;4048.07275;['temperature', 'pressure', 'precipitation']
2026-02-19 11:00:00;3239.597098377276;4006.33275;['temperature', 'pressure', 'precipitation']
2026-02-19 12:00:00;3249.2795047306477;2886.07425;['temperature', 'pressure', 'precipitation']
2026-02-19 13:00:00;3209.3458956179325;3151.84075;['temperature', 'pressure', 'precipitation']
2026-02-19 14:00:00;3950.857088765066;2118.81075;['temperature', 'pressure', 'precipitation']
2026-02-19 15:00:00;3287.812055108182;2872.442;['temperature', 'pressure', 'precipitation']
2026-02-19 16:00:00;3325.426163812756;3774.00675;['temperature', 'pressure', 'precipitation']
2026-02-19 17:00:00;4228.1608778705995;5136.79725;['temperature', 'pressure', 'precipitation']
2026-02-19 18:00:00;5732.842249782094;5757.4375;['temperature', 'pressure', 'precipitation']
2026-02-19 19:00:00;3160.0825723969956;2808.28475;['temperature', 'pressure', 'precipitation']
2026-02-19 20:00:00;4446.160530698348;4316.30025;['temperature', 'pressure', 'precipitation']
2026-02-19 21:00:00;3450.1013507158978;4116.61075;['temperature', 'pressure', 'precipitation']
2026-02-19 22:00:00;3111.699851452302;3227.96925;['temperature', 'pressure', 'precipitation']
2026-02-19 23:00:00;3506.606166500244;3393.52525;['temperature', 'pressure', 'precipitation']
2026-02-20 00:00:00;3732.6452078087914;3867.99625;['temperature', 'pressure', 'precipitation']
2026-02-20 01:00:00;3584.5147693593485;3100.64225;['temperature', 'pressure', 'precipitation']
2026-02-20 02:00:00;3357.7447390730026;2828.1715;['temperature', 'pressure', 'precipitation']
2026-02-20 03:00:00;2904.718310699047;4158.9235;['temperature', 'pressure', 'precipitation']
2026-02-20 04:00:00;3296.5214535703544;3933.11075;['temperature', 'pressure', 'precipitation']
2026-02-20 05:00:00;3831.8246145361086;3965.08175;['temperature', 'pressure', 'precipitation']
2026-02-20 06:00:00;3889.7947548634124;3080.9115;['temperature', 'pressure', 'precipitation']
2026-02-20 07:00:00;4136.97578721735;4425.24725;['temperature', 'pressure', 'precipitation']
2026-02-20 08:00:00;4527.714351899481;5264.822999999999;['temperature', 'pressure', 'precipitation']
2026-02-20 09:00:00;4646.457949503425;3476.0955;['temperature', 'pressure', 'precipitation']
2026-02-20 10:00:00;3505.539412172929;3282.589;['temperature', 'pressure', 'precipitation']
2026-02-20 11:00:00;3558.0375632578034;3600.80525;['temperature', 'pressure', 'precipitation']
2026-02-20 12:00:00;3231.7837776550186;4432.64325;['temperature', 'pressure', 'precipitation']
2026-02-20 13:00:00;3262.8930326123245;2361.1320000000005;['temperature', 'pressure', 'precipitation']
2026-02-20 14:00:00;3051.200270988121;1551.0443333333333;['temperature', 'pressure', 'precipitation']
2026-02-20 15:00:00;3181.0863825344304;2872.442;['temperature', 'pressure', 'precipitation']
2026-02-20 16:00:00;3758.769387196871;3774.00675;['temperature', 'pressure', 'precipitation']
2026-02-20 17:00:00;5297.06687344933;5136.79725;['temperature', 'pressure', 'precipitation']
2026-02-20 18:00:00;5471.066529186139;5177.334;['temperature', 'pressure', 'precipitation']
2026-02-20 19:00:00;3124.973449840652;5452.91475;['temperature', 'pressure', 'precipitation']
2026-02-20 20:00:00;4754.571618540551;5548.0960000000005;['temperature', 'pressure', 'precipitation']
2026-02-20 21:00:00;4135.921186326192;4351.4605;['temperature', 'pressure', 'precipitation']
2026-02-20 22:00:00;3509.9903267110662;4562.4445;['temperature', 'pressure', 'precipitation']
2026-02-20 23:00:00;3829.314271250192;3240.04275;['temperature', 'pressure', 'precipitation']
2026-02-10 00:00:00;3061.2706522252483;2312.257;['temperature', 'wind_speed', 'pressure', 'precipitation']
2026-02-10 01:00:00;3018.306233808936;2445.75475;['temperature', 'wind_speed', 'pressure', 'precipitation']
2026-02-10 02:00:00;2399.215825283239;2738.38875;['temperature', 'wind_speed', 'pressure', 'precipitation']
2026-02-10 03:00:00;2801.5621455316154;2507.56425;['temperature', 'wind_speed', 'pressure', 'precipitation']
2026-02-10 04:00:00;2534.0854837974157;2972.28575;['temperature', 'wind_speed', 'pressure', 'precipitation']
2026-02-10 05:00:00;3341.523390789958;2894.95425;['temperature', 'wind_speed', 'pressure', 'precipitation']
2026-02-10 06:00:00;3152.62481966447;3762.406;['temperature', 'wind_speed', 'pressure', 'precipitation']
2026-02-10 07:00:00;2882.0322437055293;2580.2795;['temperature', 'wind_speed', 'pressure', 'precipitation']
2026-02-10 08:00:00;3019.5368122332816;4036.3455;['temperature', 'wind_speed', 'pressure', 'precipitation']
2026-02-10 09:00:00;2864.015193272222;3671.19375;['temperature', 'wind_speed', 'pressure', 'precipitation']
2026-02-10 10:00:00;3266.9020255545834;2416.94175;['temperature', 'wind_speed', 'pressure', 'precipitation']
2026-02-10 11:00:00;3112.0821527189564;2677.89175;['temperature', 'wind_speed', 'pressure', 'precipitation']
2026-02-10 12:00:00;3254.9713505006707;1806.73475;['temperature', 'wind_speed', 'pressure', 'precipitation']
2026-02-10 13:00:00;3223.1601774874466;3154.1665;['temperature', 'wind_speed', 'pressure', 'precipitation']
2026-02-10 14:00:00;2697.1565427022106;2227.19575;['temperature', 'wind_speed', 'pressure', 'precipitation']
2026-02-10 15:00:00;2414.624688889323;2543.43525;['temperature', 'wind_speed', 'pressure', 'precipitation']
2026-02-10 16:00:00;3031.2752486167396;2576.265;['temperature', 'wind_speed', 'pressure', 'precipitation']
2026-02-10 17:00:00;3542.743847857737;5342.617;['temperature', 'wind_speed', 'pressure', 'precipitation']
2026-02-10 18:00:00;4959.415191370083;5926.32475;['temperature', 'wind_speed', 'pressure', 'precipitation']
2026-02-10 19:00:00;3650.3764674295353;3875.02825;['temperature', 'wind_speed', 'pressure', 'precipitation']
2026-02-10 20:00:00;3341.574105920033;4273.53175;['temperature', 'wind_speed', 'pressure', 'precipitation']
2026-02-10 21:00:00;3914.329383437088;2881.09475;['temperature', 'wind_speed', 'pressure', 'precipitation']
2026-02-10 22:00:00;3425.9527066410856;2286.139;['temperature', 'wind_speed', 'pressure', 'precipitation']
2026-02-10 23:00:00;3230.9321245151805;3057.192;['temperature', 'wind_speed', 'pressure', 'precipitation']
2026-02-11 00:00:00;2601.01193321311;2366.50825;['temperature', 'wind_speed', 'pressure', 'precipitation']
2026-02-11 01:00:00;2811.7651890613597;2711.8525;['temperature', 'wind_speed', 'pressure', 'precipitation']
2026-02-11 02:00:00;2717.966219329381;2083.15775;['temperature', 'wind_speed', 'pressure', 'precipitation']
2026-02-11 03:00:00;2809.480208405635;2465.2165000000005;['temperature', 'wind_speed', 'pressure', 'precipitation']
2026-02-11 04:00:00;2695.2432686021084;2897.0037500000003;['temperature', 'wind_speed', 'pressure', 'precipitation']
2026-02-11 05:00:00;3140.2465489303204;2676.7915000000003;['temperature', 'wind_speed', 'pressure', 'precipitation']
2026-02-11 06:00:00;3273.859040059117;2365.58925;['temperature', 'wind_speed', 'pressure', 'precipitation']
2026-02-11 07:00:00;2831.8125376143125;3238.81225;['temperature', 'wind_speed', 'pressure', 'precipitation']
2026-02-11 08:00:00;3136.7181629146617;2706.17225;['temperature', 'wind_speed', 'pressure', 'precipitation']
2026-02-11 09:00:00;3090.04266961178;3475.922;['temperature', 'wind_speed', 'pressure', 'precipitation']
2026-02-11 10:00:00;2451.086332929522;2244.5915;['temperature', 'wind_speed', 'pressure', 'precipitation']
2026-02-11 11:00:00;2802.208441033498;2952.637;['temperature', 'wind_speed', 'pressure', 'precipitation']
2026-02-11 12:00:00;2350.5117700151736;1686.3925;['temperature', 'wind_speed', 'pressure', 'precipitation']
2026-02-11 13:00:00;3016.39646286495;3154.1665;['temperature', 'wind_speed', 'pressure', 'precipitation']
2026-02-11 14:00:00;2515.2663351126616;2227.19575;['temperature', 'wind_speed', 'pressure', 'precipitation']
2026-02-11 15:00:00;2740.2115086239637;2543.43525;['temperature', 'wind_speed', 'pressure', 'precipitation']
2026-02-11 16:00:00;2702.7045508041606;2576.265;['temperature', 'wind_speed', 'pressure', 'precipitation']
2026-02-11 17:00:00;3684.641620272825;1333.5;['temperature', 'wind_speed', 'pressure', 'precipitation']
2026-02-11 18:00:00;3909.793307206888;3750.33275;['temperature', 'wind_speed', 'pressure', 'precipitation']
2026-02-11 19:00:00;3227.758681129754;3982.69175;['temperature', 'wind_speed', 'pressure', 'precipitation']
2026-02-11 20:00:00;3202.227297554263;3578.161;['temperature', 'wind_speed', 'pressure', 'precipitation']
2026-02-11 21:00:00;2989.5285956368257;2482.21025;['temperature', 'wind_speed', 'pressure', 'precipitation']
2026-02-11 22:00:00;2717.691700433472;2358.59375;['temperature', 'wind_speed', 'pressure', 'precipitation']
2026-02-11 23:00:00;2995.2259466803353;2322.409;['temperature', 'wind_speed', 'pressure', 'precipitation']
2026-02-12 00:00:00;2023.1030259630359;2297.366;['temperature', 'wind_speed', 'pressure', 'precipitation']
2026-02-12 01:00:00;2436.114414248825;2377.4665;['temperature', 'wind_speed', 'pressure', 'precipitation']
2026-02-12 02:00:00;2312.8518992716286;1861.1955;['temperature', 'wind_speed', 'pressure', 'precipitation']
2026-02-12 03:00:00;2317.4930668282545;1835.98825;['temperature', 'wind_speed', 'pressure', 'precipitation']
2026-02-12 04:00:00;2744.3873498030625;1987.42975;['temperature', 'wind_speed', 'pressure', 'precipitation']
2026-02-12 05:00:00;2591.998331647947;2928.504;['temperature', 'wind_speed', 'pressure', 'precipitation']
2026-02-12 06:00:00;2563.4141252538766;2122.81;['temperature', 'wind_speed', 'pressure', 'precipitation']
2026-02-12 07:00:00;2835.408357591042;2338.194;['temperature', 'wind_speed', 'pressure', 'precipitation']
2026-02-12 08:00:00;2901.02168928505;1348.37875;['temperature', 'wind_speed', 'pressure', 'precipitation']
2026-02-12 09:00:00;3023.34820185874;928.61625;['temperature', 'wind_speed', 'pressure', 'precipitation']
2026-02-12 10:00:00;2231.735890728147;2329.8340000000003;['temperature', 'wind_speed', 'pressure', 'precipitation']
2026-02-12 11:00:00;2718.339003767355;1817.92825;['temperature', 'wind_speed', 'pressure', 'precipitation']
2026-02-12 12:00:00;2050.0187278830736;3735.537;['temperature', 'wind_speed', 'pressure', 'precipitation']
2026-02-12 13:00:00;2837.4355691631968;2596.203;['temperature', 'wind_speed', 'pressure', 'precipitation']
2026-02-12 14:00:00;2202.2919681813223;2194.61975;['temperature', 'wind_speed', 'pressure', 'precipitation']
2026-02-12 15:00:00;2594.7826369711483;1834.60225;['temperature', 'wind_speed', 'pressure', 'precipitation']
2026-02-12 16:00:00;2642.5885358858413;2180.3565;['temperature', 'wind_speed', 'pressure', 'precipitation']
2026-02-12 17:00:00;3244.3754502172305;3746.30075;['temperature', 'wind_speed', 'pressure', 'precipitation']
2026-02-12 18:00:00;4104.541137774969;4982.87875;['temperature', 'wind_speed', 'pressure', 'precipitation']
2026-02-12 19:00:00;2927.265756907512;3386.71775;['temperature', 'wind_speed', 'pressure', 'precipitation']
2026-02-12 20:00:00;3484.8453040699546;3613.59775;['temperature', 'wind_speed', 'pressure', 'precipitation']
2026-02-12 21:00:00;2679.759956616214;3065.22725;['temperature', 'wind_speed', 'pressure', 'precipitation']
2026-02-12 22:00:00;2290.835292966297;2475.28875;['temperature', 'wind_speed', 'pressure', 'precipitation']
2026-02-12 23:00:00;2465.7685781635464;2045.159;['temperature', 'wind_speed', 'pressure', 'precipitation']
2026-02-13 00:00:00;2100.6294268210704;2855.48325;['temperature', 'wind_speed', 'pressure', 'precipitation']
2026-02-13 01:00:00;2325.452023887774;2102.1375;['temperature', 'wind_speed', 'pressure', 'precipitation']
2026-02-13 02:00:00;2056.0279732237145;2721.5535;['temperature', 'wind_speed', 'pressure', 'precipitation']
2026-02-13 03:00:00;2246.807035264213;2265.05425;['temperature', 'wind_speed', 'pressure', 'precipitation']
2026-02-13 04:00:00;2429.802275609624;2724.386;['temperature', 'wind_speed', 'pressure', 'precipitation']
2026-02-13 05:00:00;2702.430711471799;1950.27;['temperature', 'wind_speed', 'pressure', 'precipitation']
2026-02-13 06:00:00;2228.5053332667917;2676.27525;['temperature', 'wind_speed', 'pressure', 'precipitation']
2026-02-13 07:00:00;2632.0898021312432;1876.716;['temperature', 'wind_speed', 'pressure', 'precipitation']
2026-02-13 08:00:00;2252.3054035358573;3155.0185;['temperature', 'wind_speed', 'pressure', 'precipitation']
2026-02-13 09:00:00;2169.143281702488;3419.00525;['temperature', 'wind_speed', 'pressure', 'precipitation']
2026-02-13 10:00:00;2388.5462917853683;2633.61775;['temperature', 'wind_speed', 'pressure', 'precipitation']
2026-02-13 11:00:00;2462.74825106741;3832.5985;['temperature', 'wind_speed', 'pressure', 'precipitation']
2026-02-13 12:00:00;2984.001702476401;2113.4985;['temperature', 'wind_speed', 'pressure', 'precipitation']
2026-02-13 13:00:00;2658.4235283040534;2406.8145;['temperature', 'wind_speed', 'pressure', 'precipitation']
2026-02-13 14:00:00;2266.530433555669;2225.23925;['temperature', 'wind_speed', 'pressure', 'precipitation']
2026-02-13 15:00:00;2320.0954244123545;2112.819;['temperature', 'wind_speed', 'pressure', 'precipitation']
2026-02-13 16:00:00;2439.365199649213;2119.783;['temperature', 'wind_speed', 'pressure', 'precipitation']
2026-02-13 17:00:00;3598.705361404038;2762.934;['temperature', 'wind_speed', 'pressure', 'precipitation']
2026-02-13 18:00:00;3418.4915457974676;3519.851;['temperature', 'wind_speed', 'pressure', 'precipitation']
2026-02-13 19:00:00;3093.411928123451;3490.8465;['temperature', 'wind_speed', 'pressure', 'precipitation']
2026-02-13 20:00:00;3197.1459516685723;3538.6712499999994;['temperature', 'wind_speed', 'pressure', 'precipitation']
2026-02-13 21:00:00;2986.0219821522273;3449.1785;['temperature', 'wind_speed', 'pressure', 'precipitation']
2026-02-13 22:00:00;2605.82643758496;2324.8065;['temperature', 'wind_speed', 'pressure', 'precipitation']
2026-02-13 23:00:00;2338.4728185111344;3431.5795;['temperature', 'wind_speed', 'pressure', 'precipitation']
2026-02-14 00:00:00;3157.25579468251;2411.443;['temperature', 'wind_speed', 'pressure', 'precipitation']
2026-02-14 01:00:00;2490.1827549197396;2943.3845;['temperature', 'wind_speed', 'pressure', 'precipitation']
2026-02-14 02:00:00;2698.333733396623;2579.4275;['temperature', 'wind_speed', 'pressure', 'precipitation']
2026-02-14 03:00:00;2532.953105996902;2204.52425;['temperature', 'wind_speed', 'pressure', 'precipitation']
2026-02-14 04:00:00;2553.1996149713327;2660.8965000000003;['temperature', 'wind_speed', 'pressure', 'precipitation']
2026-02-14 05:00:00;2600.297908154949;3597.15675;['temperature', 'wind_speed', 'pressure', 'precipitation']
2026-02-14 06:00:00;2551.025439314872;2461.59075;['temperature', 'wind_speed', 'pressure', 'precipitation']
2026-02-14 07:00:00;2309.2561770718767;2936.82475;['temperature', 'wind_speed', 'pressure', 'precipitation']
2026-02-14 08:00:00;2706.546163661218;2971.81825;['temperature', 'wind_speed', 'pressure', 'precipitation']
2026-02-14 09:00:00;2511.342004811659;2900.61125;['temperature', 'wind_speed', 'pressure', 'precipitation']
2026-02-14 10:00:00;2687.0089794395026;2713.67975;['temperature', 'wind_speed', 'pressure', 'precipitation']
2026-02-14 11:00:00;3136.627676381174;2756.77525;['temperature', 'wind_speed', 'pressure', 'precipitation']
2026-02-14 12:00:00;2904.2960836685534;3727.64475;['temperature', 'wind_speed', 'pressure', 'precipitation']
2026-02-14 13:00:00;2902.58139774449;2757.3445;['temperature', 'wind_speed', 'pressure', 'precipitation']
2026-02-14 14:00:00;2494.7237221768914;3371.52475;['temperature', 'wind_speed', 'pressure', 'precipitation']
2026-02-14 15:00:00;2524.9812168426306;3231.48225;['temperature', 'wind_speed', 'pressure', 'precipitation']
2026-02-14 16:00:00;2471.9122858089113;4488.084;['temperature', 'wind_speed', 'pressure', 'precipitation']
2026-02-14 17:00:00;3248.637169185773;5352.45;['temperature', 'wind_speed', 'pressure', 'precipitation']
2026-02-14 18:00:00;3971.0930991511686;6210.828;['temperature', 'wind_speed', 'pressure', 'precipitation']
2026-02-14 19:00:00;3411.9867179562248;1903.77525;['temperature', 'wind_speed', 'pressure', 'precipitation']
2026-02-14 20:00:00;3415.2470650976584;2630.102;['temperature', 'wind_speed', 'pressure', 'precipitation']
2026-02-14 21:00:00;3314.3050644455407;4245.20475;['temperature', 'wind_speed', 'pressure', 'precipitation']
2026-02-14 22:00:00;2626.2022240165734;3723.198;['temperature', 'wind_speed', 'pressure', 'precipitation']
2026-02-14 23:00:00;3015.050886467565;3729.623;['temperature', 'wind_speed', 'pressure', 'precipitation']
2026-02-15 00:00:00;3615.6523999128867;3933.857;['temperature', 'wind_speed', 'pressure', 'precipitation']
2026-02-15 01:00:00;3439.4620833568833;3709.625;['temperature', 'wind_speed', 'pressure', 'precipitation']
2026-02-15 02:00:00;3642.171856126766;3698.68875;['temperature', 'wind_speed', 'pressure', 'precipitation']
2026-02-15 03:00:00;3526.1141599300745;3668.341;['temperature', 'wind_speed', 'pressure', 'precipitation']
2026-02-15 04:00:00;3665.8742435885597;3783.91125;['temperature', 'wind_speed', 'pressure', 'precipitation']
2026-02-15 05:00:00;3684.859784009685;3444.12875;['temperature', 'wind_speed', 'pressure', 'precipitation']
2026-02-15 06:00:00;3412.3821761705785;4090.44675;['temperature', 'wind_speed', 'pressure', 'precipitation']
2026-02-15 07:00:00;3683.604444880243;4660.0415;['temperature', 'wind_speed', 'pressure', 'precipitation']
2026-02-15 08:00:00;4095.141675625292;3879.998;['temperature', 'wind_speed', 'pressure', 'precipitation']
2026-02-15 09:00:00;3805.459460778983;4359.39175;['temperature', 'wind_speed', 'pressure', 'precipitation']
2026-02-15 10:00:00;3923.7015774215947;5136.501;['temperature', 'wind_speed', 'pressure', 'precipitation']
2026-02-15 11:00:00;4054.3546035251684;4608.921;['temperature', 'wind_speed', 'pressure', 'precipitation']
2026-02-15 12:00:00;3704.6752326511814;3958.311;['temperature', 'wind_speed', 'pressure', 'precipitation']
2026-02-15 13:00:00;3822.739972775721;2757.3445;['temperature', 'wind_speed', 'pressure', 'precipitation']
2026-02-15 14:00:00;4229.8364224218285;3371.52475;['temperature', 'wind_speed', 'pressure', 'precipitation']
2026-02-15 15:00:00;4292.24094305032;3231.48225;['temperature', 'wind_speed', 'pressure', 'precipitation']
2026-02-15 16:00:00;3750.137202640788;5022.667;['temperature', 'wind_speed', 'pressure', 'precipitation']
2026-02-15 17:00:00;4886.461991645762;3789.986;['temperature', 'wind_speed', 'pressure', 'precipitation']
2026-02-15 18:00:00;5369.8864864947955;1972.2715;['temperature', 'wind_speed', 'pressure', 'precipitation']
2026-02-15 19:00:00;3503.2126849161414;1211.72575;['temperature', 'wind_speed', 'pressure', 'precipitation']
2026-02-15 20:00:00;3560.7555953963815;2768.893;['temperature', 'wind_speed', 'pressure', 'precipitation']
2026-02-15 21:00:00;4324.241594238058;4284.85;['temperature', 'wind_speed', 'pressure', 'precipitation']
2026-02-15 22:00:00;4051.820155831664;3674.49175;['temperature', 'wind_speed', 'pressure', 'precipitation']
2026-02-15 23:00:00;4420.67685864622;3857.04075;['temperature', 'wind_speed', 'pressure', 'precipitation']
2026-02-16 00:00:00;3630.8900180507762;4270.74175;['temperature', 'wind_speed', 'pressure', 'precipitation']
2026-02-16 01:00:00;3401.861660928338;4172.0475;['temperature', 'wind_speed', 'pressure', 'precipitation']
2026-02-16 02:00:00;3835.323430007782;4192.84925;['temperature', 'wind_speed', 'pressure', 'precipitation']
2026-02-16 03:00:00;3272.555116174183;4297.218;['temperature', 'wind_speed', 'pressure', 'precipitation']
2026-02-16 04:00:00;3913.4386077555737;3792.167;['temperature', 'wind_speed', 'pressure', 'precipitation']
2026-02-16 05:00:00;3034.249195914538;3905.2105;['temperature', 'wind_speed', 'pressure', 'precipitation']
2026-02-16 06:00:00;3340.1129169398355;4322.625;['temperature', 'wind_speed', 'pressure', 'precipitation']
2026-02-16 07:00:00;3497.954423475786;5897.072;['temperature', 'wind_speed', 'pressure', 'precipitation']
2026-02-16 08:00:00;3843.7034418264134;2816.22675;['temperature', 'wind_speed', 'pressure', 'precipitation']
2026-02-16 09:00:00;3730.0954347631737;3726.25825;['temperature', 'wind_speed', 'pressure', 'precipitation']
2026-02-16 10:00:00;4155.120037287368;3709.35825;['temperature', 'wind_speed', 'pressure', 'precipitation']
2026-02-16 11:00:00;3628.906125505902;4097.0225;['temperature', 'wind_speed', 'pressure', 'precipitation']
2026-02-16 12:00:00;3736.9923787258167;4383.431500000001;['temperature', 'wind_speed', 'pressure', 'precipitation']
2026-02-16 13:00:00;3869.6955206172897;3789.0565;['temperature', 'wind_speed', 'pressure', 'precipitation']
2026-02-16 14:00:00;3614.349520824097;4607.666;['temperature', 'wind_speed', 'pressure', 'precipitation']
2026-02-16 15:00:00;3961.9656697904443;4367.22325;['temperature', 'wind_speed', 'pressure', 'precipitation']
2026-02-16 16:00:00;4443.3464271647445;3437.96925;['temperature', 'wind_speed', 'pressure', 'precipitation']
2026-02-16 17:00:00;4313.802290180132;5117.6485;['temperature', 'wind_speed', 'pressure', 'precipitation']
2026-02-16 18:00:00;4540.964448009019;5031.2195;['temperature', 'wind_speed', 'pressure', 'precipitation']
2026-02-16 19:00:00;3075.801705254096;5013.32925;['temperature', 'wind_speed', 'pressure', 'precipitation']
2026-02-16 20:00:00;3865.24352228321;3950.84225;['temperature', 'wind_speed', 'pressure', 'precipitation']
2026-02-16 21:00:00;4398.57397151337;3260.27925;['temperature', 'wind_speed', 'pressure', 'precipitation']
2026-02-16 22:00:00;3785.7801260579627;3727.6415;['temperature', 'wind_speed', 'pressure', 'precipitation']
2026-02-16 23:00:00;3945.050675948022;2914.66625;['temperature', 'wind_speed', 'pressure', 'precipitation']
2026-02-17 00:00:00;3694.845729412119;3134.171;['temperature', 'wind_speed', 'pressure', 'precipitation']
2026-02-17 01:00:00;3852.8297586060844;2905.419;['temperature', 'wind_speed', 'pressure', 'precipitation']
2026-02-17 02:00:00;3942.9639630620422;3407.01775;['temperature', 'wind_speed', 'pressure', 'precipitation']
2026-02-17 03:00:00;3942.7606803804347;2895.731;['temperature', 'wind_speed', 'pressure', 'precipitation']
2026-02-17 04:00:00;3765.137672488262;3551.5375;['temperature', 'wind_speed', 'pressure', 'precipitation']
2026-02-17 05:00:00;3734.7586405065067;3038.49075;['temperature', 'wind_speed', 'pressure', 'precipitation']
2026-02-17 06:00:00;4167.463361071972;2865.9880000000003;['temperature', 'wind_speed', 'pressure', 'precipitation']
2026-02-17 07:00:00;4582.614870294938;4217.9155;['temperature', 'wind_speed', 'pressure', 'precipitation']
2026-02-17 08:00:00;3488.778936792827;4631.85375;['temperature', 'wind_speed', 'pressure', 'precipitation']
2026-02-17 09:00:00;3931.354741354391;5666.0205000000005;['temperature', 'wind_speed', 'pressure', 'precipitation']
2026-02-17 10:00:00;4640.654316960614;3033.71925;['temperature', 'wind_speed', 'pressure', 'precipitation']
2026-02-17 11:00:00;4062.9707603664456;3668.54275;['temperature', 'wind_speed', 'pressure', 'precipitation']
2026-02-17 12:00:00;3873.989117542649;3205.1977500000003;['temperature', 'wind_speed', 'pressure', 'precipitation']
2026-02-17 13:00:00;3817.132260858328;3569.85825;['temperature', 'wind_speed', 'pressure', 'precipitation']
2026-02-17 14:00:00;3877.9029334676607;4546.28325;['temperature', 'wind_speed', 'pressure', 'precipitation']
2026-02-17 15:00:00;3894.736935689094;3355.98275;['temperature', 'wind_speed', 'pressure', 'precipitation']
2026-02-17 16:00:00;4312.214918446348;3155.60275;['temperature', 'wind_speed', 'pressure', 'precipitation']
2026-02-17 17:00:00;4314.007439299791;3948.281;['temperature', 'wind_speed', 'pressure', 'precipitation']
2026-02-17 18:00:00;3650.815762433578;6586.86025;['temperature', 'wind_speed', 'pressure', 'precipitation']
2026-02-17 19:00:00;3110.5144545864396;2688.89675;['temperature', 'wind_speed', 'pressure', 'precipitation']
2026-02-17 20:00:00;4036.931002785883;4654.51275;['temperature', 'wind_speed', 'pressure', 'precipitation']
2026-02-17 21:00:00;4132.435149718264;3142.6025;['temperature', 'wind_speed', 'pressure', 'precipitation']
2026-02-17 22:00:00;3950.7683398218423;2652.804;['temperature', 'wind_speed', 'pressure', 'precipitation']
2026-02-17 23:00:00;3511.798711682287;2618.7905;['temperature', 'wind_speed', 'pressure', 'precipitation']
2026-02-18 00:00:00;3349.1937018600347;3148.755;['temperature', 'wind_speed', 'pressure', 'precipitation']
2026-02-18 01:00:00;3379.1420143223295;3693.88525;['temperature', 'wind_speed', 'pressure', 'precipitation']
2026-02-18 02:00:00;3742.8681328014295;2656.90925;['temperature', 'wind_speed', 'pressure', 'precipitation']
2026-02-18 03:00:00;3480.092661676702;2022.2365;['temperature', 'wind_speed', 'pressure', 'precipitation']
2026-02-18 04:00:00;3447.466409370617;2714.6582499999995;['temperature', 'wind_speed', 'pressure', 'precipitation']
2026-02-18 05:00:00;3328.4720730300105;3138.4825;['temperature', 'wind_speed', 'pressure', 'precipitation']
2026-02-18 06:00:00;3524.0138802999113;3251.8665;['temperature', 'wind_speed', 'pressure', 'precipitation']
2026-02-18 07:00:00;4665.510029881163;3767.39;['temperature', 'wind_speed', 'pressure', 'precipitation']
2026-02-18 08:00:00;3446.5292105734547;3704.433;['temperature', 'wind_speed', 'pressure', 'precipitation']
2026-02-18 09:00:00;3905.6830918216283;4502.9775;['temperature', 'wind_speed', 'pressure', 'precipitation']
2026-02-18 10:00:00;3228.0084449333126;2839.84175;['temperature', 'wind_speed', 'pressure', 'precipitation']
2026-02-18 11:00:00;3637.6321714314486;3027.432;['temperature', 'wind_speed', 'pressure', 'precipitation']
2026-02-18 12:00:00;3703.983526275479;3523.302;['temperature', 'wind_speed', 'pressure', 'precipitation']
2026-02-18 13:00:00;3456.9637293462865;3065.7345000000005;['temperature', 'wind_speed', 'pressure', 'precipitation']
2026-02-18 14:00:00;4051.2976066435003;3746.467;['temperature', 'wind_speed', 'pressure', 'precipitation']
2026-02-18 15:00:00;3715.66796552489;3357.258;['temperature', 'wind_speed', 'pressure', 'precipitation']
2026-02-18 16:00:00;3119.1019313128577;3739.85675;['temperature', 'wind_speed', 'pressure', 'precipitation']
2026-02-18 17:00:00;4257.870956038129;5383.882;['temperature', 'wind_speed', 'pressure', 'precipitation']
2026-02-18 18:00:00;4934.146272874665;5460.044;['temperature', 'wind_speed', 'pressure', 'precipitation']
2026-02-18 19:00:00;3734.062452787396;3423.06;['temperature', 'wind_speed', 'pressure', 'precipitation']
2026-02-18 20:00:00;3728.906963607091;4988.140666666666;['temperature', 'wind_speed', 'pressure', 'precipitation']
2026-02-18 21:00:00;3076.9371026889935;3943.082;['temperature', 'wind_speed', 'pressure', 'precipitation']
2026-02-18 22:00:00;3046.9787610537014;3280.73875;['temperature', 'wind_speed', 'pressure', 'precipitation']
2026-02-18 23:00:00;2944.3697583157264;4189.85225;['temperature', 'wind_speed', 'pressure', 'precipitation']
2026-02-19 00:00:00;3735.8907108333337;3798.69625;['temperature', 'wind_speed', 'pressure', 'precipitation']
2026-02-19 01:00:00;3497.7080340799303;3470.1565;['temperature', 'wind_speed', 'pressure', 'precipitation']
2026-02-19 02:00:00;3352.0191242040223;3887.978;['temperature', 'wind_speed', 'pressure', 'precipitation']
2026-02-19 03:00:00;3127.2476151752226;3463.55225;['temperature', 'wind_speed', 'pressure', 'precipitation']
2026-02-19 04:00:00;3123.012310170111;3694.54025;['temperature', 'wind_speed', 'pressure', 'precipitation']
2026-02-19 05:00:00;2903.5159584391654;4024.671;['temperature', 'wind_speed', 'pressure', 'precipitation']
2026-02-19 06:00:00;3319.5241299092545;3976.81075;['temperature', 'wind_speed', 'pressure', 'precipitation']
2026-02-19 07:00:00;3636.188591837135;4254.63175;['temperature', 'wind_speed', 'pressure', 'precipitation']
2026-02-19 08:00:00;4112.277827291287;5451.65625;['temperature', 'wind_speed', 'pressure', 'precipitation']
2026-02-19 09:00:00;5034.865718449468;4617.72725;['temperature', 'wind_speed', 'pressure', 'precipitation']
2026-02-19 10:00:00;3059.811459632734;4048.07275;['temperature', 'wind_speed', 'pressure', 'precipitation']
2026-02-19 11:00:00;3023.586829212237;4006.33275;['temperature', 'wind_speed', 'pressure', 'precipitation']
2026-02-19 12:00:00;3016.1987323307453;2886.07425;['temperature', 'wind_speed', 'pressure', 'precipitation']
2026-02-19 13:00:00;3016.1498354372684;3151.84075;['temperature', 'wind_speed', 'pressure', 'precipitation']
2026-02-19 14:00:00;3529.034838398855;2118.81075;['temperature', 'wind_speed', 'pressure', 'precipitation']
2026-02-19 15:00:00;3058.929616448514;2872.442;['temperature', 'wind_speed', 'pressure', 'precipitation']
2026-02-19 16:00:00;3239.265488763928;3774.00675;['temperature', 'wind_speed', 'pressure', 'precipitation']
2026-02-19 17:00:00;3908.322132753412;5136.79725;['temperature', 'wind_speed', 'pressure', 'precipitation']
2026-02-19 18:00:00;5433.398402125844;5757.4375;['temperature', 'wind_speed', 'pressure', 'precipitation']
2026-02-19 19:00:00;3322.774413522484;2808.28475;['temperature', 'wind_speed', 'pressure', 'precipitation']
2026-02-19 20:00:00;4004.9509054542077;4316.30025;['temperature', 'wind_speed', 'pressure', 'precipitation']
2026-02-19 21:00:00;3738.4959506304485;4116.61075;['temperature', 'wind_speed', 'pressure', 'precipitation']
2026-02-19 22:00:00;3574.6325449337473;3227.96925;['temperature', 'wind_speed', 'pressure', 'precipitation']
2026-02-19 23:00:00;3774.853511470947;3393.52525;['temperature', 'wind_speed', 'pressure', 'precipitation']
2026-02-20 00:00:00;3560.8618597252953;3867.99625;['temperature', 'wind_speed', 'pressure', 'precipitation']
2026-02-20 01:00:00;3630.1569469411356;3100.64225;['temperature', 'wind_speed', 'pressure', 'precipitation']
2026-02-20 02:00:00;3346.487449186528;2828.1715;['temperature', 'wind_speed', 'pressure', 'precipitation']
2026-02-20 03:00:00;2856.2142137141836;4158.9235;['temperature', 'wind_speed', 'pressure', 'precipitation']
2026-02-20 04:00:00;3285.26416368388;3933.11075;['temperature', 'wind_speed', 'pressure', 'precipitation']
2026-02-20 05:00:00;3618.0645780676027;3965.08175;['temperature', 'wind_speed', 'pressure', 'precipitation']
2026-02-20 06:00:00;3716.060204387338;3080.9115;['temperature', 'wind_speed', 'pressure', 'precipitation']
2026-02-20 07:00:00;3938.2864370891766;4425.24725;['temperature', 'wind_speed', 'pressure', 'precipitation']
2026-02-20 08:00:00;4411.398800141668;5264.822999999999;['temperature', 'wind_speed', 'pressure', 'precipitation']
2026-02-20 09:00:00;4443.545581682685;3476.0955;['temperature', 'wind_speed', 'pressure', 'precipitation']
2026-02-20 10:00:00;3492.735581966535;3282.589;['temperature', 'wind_speed', 'pressure', 'precipitation']
2026-02-20 11:00:00;3597.107644968619;3600.80525;['temperature', 'wind_speed', 'pressure', 'precipitation']
2026-02-20 12:00:00;3295.407055319203;4432.64325;['temperature', 'wind_speed', 'pressure', 'precipitation']
2026-02-20 13:00:00;3229.2892614026077;2361.1320000000005;['temperature', 'wind_speed', 'pressure', 'precipitation']
2026-02-20 14:00:00;3189.5701163784406;1551.0443333333333;['temperature', 'wind_speed', 'pressure', 'precipitation']
2026-02-20 15:00:00;3237.851385738776;2872.442;['temperature', 'wind_speed', 'pressure', 'precipitation']
2026-02-20 16:00:00;3782.098980855318;3774.00675;['temperature', 'wind_speed', 'pressure', 'precipitation']
2026-02-20 17:00:00;5134.882905858998;5136.79725;['temperature', 'wind_speed', 'pressure', 'precipitation']
2026-02-20 18:00:00;5472.039154918561;5177.334;['temperature', 'wind_speed', 'pressure', 'precipitation']
2026-02-20 19:00:00;3181.7320863152613;5452.91475;['temperature', 'wind_speed', 'pressure', 'precipitation']
2026-02-20 20:00:00;4603.4388832881705;5548.0960000000005;['temperature', 'wind_speed', 'pressure', 'precipitation']
2026-02-20 21:00:00;3954.107873795674;4351.4605;['temperature', 'wind_speed', 'pressure', 'precipitation']
2026-02-20 22:00:00;3389.239590474494;4562.4445;['temperature', 'wind_speed', 'pressure', 'precipitation']
2026-02-20 23:00:00;3864.8852742103973;3240.04275;['temperature', 'wind_speed', 'pressure', 'precipitation']
