date;forecast;actual;weather_combo
2026-02-10 00:00:00;2792.9807861471736;2312.257;[]
2026-02-10 01:00:00;2855.288580780938;2445.75475;[]
2026-02-10 02:00:00;2596.5772365845805;2738.38875;[]
2026-02-10 03:00:00;2430.9407702632025;2507.56425;[]
2026-02-10 04:00:00;2363.83671395395;2972.28575;[]
2026-02-10 05:00:00;2642.560754343959;2894.95425;[]
2026-02-10 06:00:00;2552.045881535001;3762.406;[]
2026-02-10 07:00:00;2729.3417217552314;2580.2795;[]
2026-02-10 08:00:00;2847.572329794235;4036.3455;[]
2026-02-10 09:00:00;2757.095144171988;3671.19375;[]
2026-02-10 10:00:00;2729.059149273154;2416.94175;[]
2026-02-10 11:00:00;2594.003747953654;2677.89175;[]
2026-02-10 12:00:00;2496.507023474026;1806.73475;[]
2026-02-10 13:00:00;2684.5980477793546;3154.1665;[]
2026-02-10 14:00:00;2715.6458435565273;2227.19575;[]
2026-02-10 15:00:00;2456.337870430112;2543.43525;[]
2026-02-10 16:00:00;2863.0942897605473;2576.265;[]
2026-02-10 17:00:00;3730.926912597517;5342.617;[]
2026-02-10 18:00:00;4346.237314268644;5926.32475;[]
2026-02-10 19:00:00;3069.7587774258045;3875.02825;[]
2026-02-10 20:00:00;3410.0475601074468;4273.53175;[]
2026-02-10 21:00:00;2861.008829709712;2881.09475;[]
2026-02-10 22:00:00;2801.0513273367314;2286.139;[]
2026-02-10 23:00:00;2579.7657732878065;3057.192;[]
2026-02-11 00:00:00;2676.0185305936475;2366.50825;[]
2026-02-11 01:00:00;2686.4922345679815;2711.8525;[]
2026-02-11 02:00:00;2598.922453608648;2083.15775;[]
2026-02-11 03:00:00;2362.802558875722;2465.2165000000005;[]
2026-02-11 04:00:00;2423.2603139370867;2897.0037500000003;[]
2026-02-11 05:00:00;2558.892268518913;2676.7915000000003;[]
2026-02-11 06:00:00;2729.4344773729053;2365.58925;[]
2026-02-11 07:00:00;2642.5649442726826;3238.81225;[]
2026-02-11 08:00:00;2782.3433655331637;2706.17225;[]
2026-02-11 09:00:00;2889.975651720672;3475.922;[]
2026-02-11 10:00:00;2738.5681073492824;2244.5915;[]
2026-02-11 11:00:00;2891.9788031308212;2952.637;[]
2026-02-11 12:00:00;2790.980530394618;1686.3925;[]
2026-02-11 13:00:00;3051.387140248276;3154.1665;[]
2026-02-11 14:00:00;2366.2885911163257;2227.19575;[]
2026-02-11 15:00:00;2824.070632907914;2543.43525;[]
2026-02-11 16:00:00;3082.9283917589423;2576.265;[]
2026-02-11 17:00:00;3927.9622032238726;1333.5;[]
2026-02-11 18:00:00;4227.166114498633;3750.33275;[]
2026-02-11 19:00:00;3086.7772537907604;3982.69175;[]
2026-02-11 20:00:00;3682.507174850056;3578.161;[]
2026-02-11 21:00:00;3102.537096194219;2482.21025;[]
2026-02-11 22:00:00;2792.174955659616;2358.59375;[]
2026-02-11 23:00:00;2786.1070253325224;2322.409;[]
2026-02-12 00:00:00;2476.180630622356;2297.366;[]
2026-02-12 01:00:00;2573.1276899360273;2377.4665;[]
2026-02-12 02:00:00;2447.743787349715;1861.1955;[]
2026-02-12 03:00:00;2417.8962585525574;1835.98825;[]
2026-02-12 04:00:00;2389.3998769939153;1987.42975;[]
2026-02-12 05:00:00;2545.233395771233;2928.504;[]
2026-02-12 06:00:00;2584.79522048368;2122.81;[]
2026-02-12 07:00:00;2923.601515490192;2338.194;[]
2026-02-12 08:00:00;2881.7314655610135;1348.37875;[]
2026-02-12 09:00:00;2922.0698855637866;928.61625;[]
2026-02-12 10:00:00;2748.0175013918847;2329.8340000000003;[]
2026-02-12 11:00:00;2593.0459390308897;1817.92825;[]
2026-02-12 12:00:00;3326.859241878523;3735.537;[]
2026-02-12 13:00:00;2936.48612439323;2596.203;[]
2026-02-12 14:00:00;2446.7470370924357;2194.61975;[]
2026-02-12 15:00:00;2703.8072446351093;1834.60225;[]
2026-02-12 16:00:00;3058.493258707309;2180.3565;[]
2026-02-12 17:00:00;3442.7622647194876;3746.30075;[]
2026-02-12 18:00:00;3790.9952740567805;4982.87875;[]
2026-02-12 19:00:00;2708.6905799993638;3386.71775;[]
2026-02-12 20:00:00;3358.6021522152378;3613.59775;[]
2026-02-12 21:00:00;3095.32098279265;3065.22725;[]
2026-02-12 22:00:00;2838.093425216845;2475.28875;[]
2026-02-12 23:00:00;2458.725771811716;2045.159;[]
2026-02-13 00:00:00;2140.8294621263185;2855.48325;[]
2026-02-13 01:00:00;2372.2184725124803;2102.1375;[]
2026-02-13 02:00:00;2548.4602422427174;2721.5535;[]
2026-02-13 03:00:00;2213.7362488371105;2265.05425;[]
2026-02-13 04:00:00;1926.0783758510265;2724.386;[]
2026-02-13 05:00:00;2358.7138414630726;1950.27;[]
2026-02-13 06:00:00;2347.535457120639;2676.27525;[]
2026-02-13 07:00:00;2388.201773271244;1876.716;[]
2026-02-13 08:00:00;2844.8614477345304;3155.0185;[]
2026-02-13 09:00:00;2644.6135192900415;3419.00525;[]
2026-02-13 10:00:00;2604.460027446571;2633.61775;[]
2026-02-13 11:00:00;2076.3957054765074;3832.5985;[]
2026-02-13 12:00:00;2642.3923225228787;2113.4985;[]
2026-02-13 13:00:00;2655.6867639603865;2406.8145;[]
2026-02-13 14:00:00;2515.493797203454;2225.23925;[]
2026-02-13 15:00:00;2447.542450975263;2112.819;[]
2026-02-13 16:00:00;2731.2186197988194;2119.783;[]
2026-02-13 17:00:00;4565.62873848687;2762.934;[]
2026-02-13 18:00:00;3781.0480668853593;3519.851;[]
2026-02-13 19:00:00;2654.8881171802627;3490.8465;[]
2026-02-13 20:00:00;3266.46761066305;3538.6712499999994;[]
2026-02-13 21:00:00;3012.273214694958;3449.1785;[]
2026-02-13 22:00:00;2715.5411095821078;2324.8065;[]
2026-02-13 23:00:00;2207.959468991767;3431.5795;[]
2026-02-14 00:00:00;2640.165934683872;2411.443;[]
2026-02-14 01:00:00;2682.551766691427;2943.3845;[]
2026-02-14 02:00:00;2768.7605797921615;2579.4275;[]
2026-02-14 03:00:00;2530.8034376469705;2204.52425;[]
2026-02-14 04:00:00;2606.836308760022;2660.8965000000003;[]
2026-02-14 05:00:00;2278.325546290522;3597.15675;[]
2026-02-14 06:00:00;2827.2789736294044;2461.59075;[]
2026-02-14 07:00:00;2363.044165777718;2936.82475;[]
2026-02-14 08:00:00;2930.6543507696806;2971.81825;[]
2026-02-14 09:00:00;2505.5405633393616;2900.61125;[]
2026-02-14 10:00:00;2859.0447530722886;2713.67975;[]
2026-02-14 11:00:00;3527.41377220207;2756.77525;[]
2026-02-14 12:00:00;2547.3814272620325;3727.64475;[]
2026-02-14 13:00:00;2636.807110363925;2757.3445;[]
2026-02-14 14:00:00;2419.450717649813;3371.52475;[]
2026-02-14 15:00:00;2577.4370516307517;3231.48225;[]
2026-02-14 16:00:00;2671.3757951554326;4488.084;[]
2026-02-14 17:00:00;3627.124454679648;5352.45;[]
2026-02-14 18:00:00;4217.2482715837305;6210.828;[]
2026-02-14 19:00:00;3099.5716068651373;1903.77525;[]
2026-02-14 20:00:00;2972.2731373551396;2630.102;[]
2026-02-14 21:00:00;2705.8586035640938;4245.20475;[]
2026-02-14 22:00:00;2601.1897569677512;3723.198;[]
2026-02-14 23:00:00;2347.277222518885;3729.623;[]
2026-02-15 00:00:00;3104.688375407926;3933.857;[]
2026-02-15 01:00:00;3037.6776062386193;3709.625;[]
2026-02-15 02:00:00;2891.6911949971086;3698.68875;[]
2026-02-15 03:00:00;2589.8113446107386;3668.341;[]
2026-02-15 04:00:00;2641.4200018705897;3783.91125;[]
2026-02-15 05:00:00;2895.1590632768634;3444.12875;[]
2026-02-15 06:00:00;2739.2499626180675;4090.44675;[]
2026-02-15 07:00:00;2915.896678662811;4660.0415;[]
2026-02-15 08:00:00;2840.145292813112;3879.998;[]
2026-02-15 09:00:00;3127.6365967894953;4359.39175;[]
2026-02-15 10:00:00;3074.7328997005607;5136.501;[]
2026-02-15 11:00:00;3220.940154239159;4608.921;[]
2026-02-15 12:00:00;2927.306754711203;3958.311;[]
2026-02-15 13:00:00;3027.264028494117;2757.3445;[]
2026-02-15 14:00:00;2891.3456299343925;3371.52475;[]
2026-02-15 15:00:00;3086.4763286162115;3231.48225;[]
2026-02-15 16:00:00;2911.256105825354;5022.667;[]
2026-02-15 17:00:00;3661.171072352729;3789.986;[]
2026-02-15 18:00:00;4552.601738029301;1972.2715;[]
2026-02-15 19:00:00;3177.270265041494;1211.72575;[]
2026-02-15 20:00:00;3413.5303354195257;2768.893;[]
2026-02-15 21:00:00;3685.4684874791756;4284.85;[]
2026-02-15 22:00:00;2981.614989816593;3674.49175;[]
2026-02-15 23:00:00;2828.3920871606356;3857.04075;[]
2026-02-16 00:00:00;2852.02706352472;4270.74175;[]
2026-02-16 01:00:00;3243.1194156845922;4172.0475;[]
2026-02-16 02:00:00;2855.4939678768005;4192.84925;[]
2026-02-16 03:00:00;2895.755913436679;4297.218;[]
2026-02-16 04:00:00;2790.039716320204;3792.167;[]
2026-02-16 05:00:00;2770.728072856889;3905.2105;[]
2026-02-16 06:00:00;2964.5139169002077;4322.625;[]
2026-02-16 07:00:00;3047.6609631195197;5897.072;[]
2026-02-16 08:00:00;3163.3350719891027;2816.22675;[]
2026-02-16 09:00:00;3731.263619340806;3726.25825;[]
2026-02-16 10:00:00;3003.697248727397;3709.35825;[]
2026-02-16 11:00:00;3003.308235334551;4097.0225;[]
2026-02-16 12:00:00;3413.165070708441;4383.431500000001;[]
2026-02-16 13:00:00;3374.397458539874;3789.0565;[]
2026-02-16 14:00:00;2911.5221630960013;4607.666;[]
2026-02-16 15:00:00;3150.856852292251;4367.22325;[]
2026-02-16 16:00:00;2959.1186086330863;3437.96925;[]
2026-02-16 17:00:00;3731.7704477236475;5117.6485;[]
2026-02-16 18:00:00;4515.422775102443;5031.2195;[]
2026-02-16 19:00:00;3378.048019043963;5013.32925;[]
2026-02-16 20:00:00;3752.6405519387317;3950.84225;[]
2026-02-16 21:00:00;3976.9053201167444;3260.27925;[]
2026-02-16 22:00:00;3240.0935039414926;3727.6415;[]
2026-02-16 23:00:00;3178.76079766566;2914.66625;[]
2026-02-17 00:00:00;3284.790203297146;3134.171;[]
2026-02-17 01:00:00;3412.7336898920757;2905.419;[]
2026-02-17 02:00:00;3244.261148654582;3407.01775;[]
2026-02-17 03:00:00;3125.4436317976806;2895.731;[]
2026-02-17 04:00:00;3347.2356577867276;3551.5375;[]
2026-02-17 05:00:00;3519.46365551747;3038.49075;[]
2026-02-17 06:00:00;3636.6016334447017;2865.9880000000003;[]
2026-02-17 07:00:00;3878.6433206219594;4217.9155;[]
2026-02-17 08:00:00;3750.3410364308256;4631.85375;[]
2026-02-17 09:00:00;3840.3102984136635;5666.0205000000005;[]
2026-02-17 10:00:00;4304.012893069808;3033.71925;[]
2026-02-17 11:00:00;4262.35772239124;3668.54275;[]
2026-02-17 12:00:00;3534.8666177232208;3205.1977500000003;[]
2026-02-17 13:00:00;3708.837257007047;3569.85825;[]
2026-02-17 14:00:00;3382.2025283134926;4546.28325;[]
2026-02-17 15:00:00;3516.4178763184213;3355.98275;[]
2026-02-17 16:00:00;4208.512916970576;3155.60275;[]
2026-02-17 17:00:00;4663.750229997333;3948.281;[]
2026-02-17 18:00:00;4784.403444006119;6586.86025;[]
2026-02-17 19:00:00;3886.0436230503437;2688.89675;[]
2026-02-17 20:00:00;4302.40012384908;4654.51275;[]
2026-02-17 21:00:00;4233.254448115367;3142.6025;[]
2026-02-17 22:00:00;3717.708926799389;2652.804;[]
2026-02-17 23:00:00;3732.8412291331415;2618.7905;[]
2026-02-18 00:00:00;2944.628848978493;3148.755;[]
2026-02-18 01:00:00;3347.487042252669;3693.88525;[]
2026-02-18 02:00:00;2779.576162790705;2656.90925;[]
2026-02-18 03:00:00;2844.083122486234;2022.2365;[]
2026-02-18 04:00:00;3398.652157054079;2714.6582499999995;[]
2026-02-18 05:00:00;3295.462753239814;3138.4825;[]
2026-02-18 06:00:00;3293.3116836154827;3251.8665;[]
2026-02-18 07:00:00;3678.316063745489;3767.39;[]
2026-02-18 08:00:00;3016.7128309877853;3704.433;[]
2026-02-18 09:00:00;3164.3067008235184;4502.9775;[]
2026-02-18 10:00:00;3609.8407718483995;2839.84175;[]
2026-02-18 11:00:00;3891.2600823937;3027.432;[]
2026-02-18 12:00:00;3704.7374383912534;3523.302;[]
2026-02-18 13:00:00;3661.9604115299744;3065.7345000000005;[]
2026-02-18 14:00:00;3634.6389943580075;3746.467;[]
2026-02-18 15:00:00;3664.3120792183972;3357.258;[]
2026-02-18 16:00:00;3552.7884433978406;3739.85675;[]
2026-02-18 17:00:00;4881.487966883165;5383.882;[]
2026-02-18 18:00:00;4357.94153446125;5460.044;[]
2026-02-18 19:00:00;3536.422529833067;3423.06;[]
2026-02-18 20:00:00;3688.8342063059263;4988.140666666666;[]
2026-02-18 21:00:00;3855.2595361059975;3943.082;[]
2026-02-18 22:00:00;3746.878801109568;3280.73875;[]
2026-02-18 23:00:00;3975.6439393735936;4189.85225;[]
2026-02-19 00:00:00;3806.9987093329332;3798.69625;[]
2026-02-19 01:00:00;3837.1902381088903;3470.1565;[]
2026-02-19 02:00:00;3355.272172519775;3887.978;[]
2026-02-19 03:00:00;3428.031411272971;3463.55225;[]
2026-02-19 04:00:00;3383.25354708929;3694.54025;[]
2026-02-19 05:00:00;3412.409370089079;4024.671;[]
2026-02-19 06:00:00;3720.871644053104;3976.81075;[]
2026-02-19 07:00:00;3693.4718493997498;4254.63175;[]
2026-02-19 08:00:00;4135.495167283201;5451.65625;[]
2026-02-19 09:00:00;4270.31481099068;4617.72725;[]
2026-02-19 10:00:00;3647.581780079837;4048.07275;[]
2026-02-19 11:00:00;3715.835814064882;4006.33275;[]
2026-02-19 12:00:00;3570.1233098344746;2886.07425;[]
2026-02-19 13:00:00;3704.521154459855;3151.84075;[]
2026-02-19 14:00:00;4182.666242652121;2118.81075;[]
2026-02-19 15:00:00;3715.0064447187697;2872.442;[]
2026-02-19 16:00:00;3910.367302063124;3774.00675;[]
2026-02-19 17:00:00;4357.896979082838;5136.79725;[]
2026-02-19 18:00:00;4838.980424732765;5757.4375;[]
2026-02-19 19:00:00;3993.567317716118;2808.28475;[]
2026-02-19 20:00:00;4089.950503279346;4316.30025;[]
2026-02-19 21:00:00;3882.4886224367906;4116.61075;[]
2026-02-19 22:00:00;3666.0230349676285;3227.96925;[]
2026-02-19 23:00:00;3382.086460025818;3393.52525;[]
2026-02-20 00:00:00;3396.9032696636336;3867.99625;[]
2026-02-20 01:00:00;3512.4824934800213;3100.64225;[]
2026-02-20 02:00:00;3333.679109561469;2828.1715;[]
2026-02-20 03:00:00;3284.407631632306;4158.9235;[]
2026-02-20 04:00:00;3403.1640514180544;3933.11075;[]
2026-02-20 05:00:00;3469.8528067437474;3965.08175;[]
2026-02-20 06:00:00;3550.866509213707;3080.9115;[]
2026-02-20 07:00:00;3695.8018935351997;4425.24725;[]
2026-02-20 08:00:00;3821.4086631280634;5264.822999999999;[]
2026-02-20 09:00:00;4020.5054744573454;3476.0955;[]
2026-02-20 10:00:00;3970.369816252032;3282.589;[]
2026-02-20 11:00:00;3721.878338748049;3600.80525;[]
2026-02-20 12:00:00;3693.5480424226866;4432.64325;[]
2026-02-20 13:00:00;3629.2127712463075;2361.1320000000005;[]
2026-02-20 14:00:00;3633.8139567011067;1551.0443333333333;[]
2026-02-20 15:00:00;3572.8666252202165;2872.442;[]
2026-02-20 16:00:00;3844.7612891180497;3774.00675;[]
2026-02-20 17:00:00;4198.543609628907;5136.79725;[]
2026-02-20 18:00:00;5004.120234753864;5177.334;[]
2026-02-20 19:00:00;3602.455038480944;5452.91475;[]
2026-02-20 20:00:00;4280.736277920824;5548.0960000000005;[]
2026-02-20 21:00:00;3816.024671030333;4351.4605;[]
2026-02-20 22:00:00;3493.5030982960197;4562.4445;[]
2026-02-20 23:00:00;3458.9854126500854;3240.04275;[]
2026-02-10 00:00:00;2810.3373916769588;2312.257;['wind_speed']
2026-02-10 01:00:00;2850.160657113507;2445.75475;['wind_speed']
2026-02-10 02:00:00;2545.447002819932;2738.38875;['wind_speed']
2026-02-10 03:00:00;2436.7378169245794;2507.56425;['wind_speed']
2026-02-10 04:00:00;2336.750532313325;2972.28575;['wind_speed']
2026-02-10 05:00:00;2657.1273971051896;2894.95425;['wind_speed']
2026-02-10 06:00:00;2536.0665266766027;3762.406;['wind_speed']
2026-02-10 07:00:00;2700.9097378074775;2580.2795;['wind_speed']
2026-02-10 08:00:00;2845.97038391716;4036.3455;['wind_speed']
2026-02-10 09:00:00;2735.1624316170564;3671.19375;['wind_speed']
2026-02-10 10:00:00;2742.595300205466;2416.94175;['wind_speed']
2026-02-10 11:00:00;2513.2330994741924;2677.89175;['wind_speed']
2026-02-10 12:00:00;2437.881764074612;1806.73475;['wind_speed']
2026-02-10 13:00:00;2675.415682361874;3154.1665;['wind_speed']
2026-02-10 14:00:00;2741.017391255502;2227.19575;['wind_speed']
2026-02-10 15:00:00;2439.575659584165;2543.43525;['wind_speed']
2026-02-10 16:00:00;2935.7801112937505;2576.265;['wind_speed']
2026-02-10 17:00:00;4232.594297698835;5342.617;['wind_speed']
2026-02-10 18:00:00;4239.702981993253;5926.32475;['wind_speed']
2026-02-10 19:00:00;3171.9346816997913;3875.02825;['wind_speed']
2026-02-10 20:00:00;3358.657135379053;4273.53175;['wind_speed']
2026-02-10 21:00:00;2851.4438272683055;2881.09475;['wind_speed']
2026-02-10 22:00:00;2876.8205686697393;2286.139;['wind_speed']
2026-02-10 23:00:00;2589.6692023191786;3057.192;['wind_speed']
2026-02-11 00:00:00;2663.836041198506;2366.50825;['wind_speed']
2026-02-11 01:00:00;2728.271716455799;2711.8525;['wind_speed']
2026-02-11 02:00:00;2633.1833750869196;2083.15775;['wind_speed']
2026-02-11 03:00:00;2343.9273018604936;2465.2165000000005;['wind_speed']
2026-02-11 04:00:00;2415.151888796706;2897.0037500000003;['wind_speed']
2026-02-11 05:00:00;2560.3352392716292;2676.7915000000003;['wind_speed']
2026-02-11 06:00:00;2724.943527742168;2365.58925;['wind_speed']
2026-02-11 07:00:00;2659.121119504616;3238.81225;['wind_speed']
2026-02-11 08:00:00;2874.563916070273;2706.17225;['wind_speed']
2026-02-11 09:00:00;2909.1240720545343;3475.922;['wind_speed']
2026-02-11 10:00:00;2760.1296822851955;2244.5915;['wind_speed']
2026-02-11 11:00:00;2896.8595099179306;2952.637;['wind_speed']
2026-02-11 12:00:00;2903.695053710048;1686.3925;['wind_speed']
2026-02-11 13:00:00;2823.998472187973;3154.1665;['wind_speed']
2026-02-11 14:00:00;2341.456895559685;2227.19575;['wind_speed']
2026-02-11 15:00:00;2830.135070774125;2543.43525;['wind_speed']
2026-02-11 16:00:00;3139.1600964708564;2576.265;['wind_speed']
2026-02-11 17:00:00;4043.764281470943;1333.5;['wind_speed']
2026-02-11 18:00:00;4208.274741817969;3750.33275;['wind_speed']
2026-02-11 19:00:00;3195.9864670475963;3982.69175;['wind_speed']
2026-02-11 20:00:00;3777.3154481654856;3578.161;['wind_speed']
2026-02-11 21:00:00;3100.2458593167776;2482.21025;['wind_speed']
2026-02-11 22:00:00;2775.1336424882293;2358.59375;['wind_speed']
2026-02-11 23:00:00;3197.818145937991;2322.409;['wind_speed']
2026-02-12 00:00:00;2491.6008881907155;2297.366;['wind_speed']
2026-02-12 01:00:00;2580.1062513373945;2377.4665;['wind_speed']
2026-02-12 02:00:00;2456.564870418563;1861.1955;['wind_speed']
2026-02-12 03:00:00;2402.0179168777527;1835.98825;['wind_speed']
2026-02-12 04:00:00;2393.2352422893255;1987.42975;['wind_speed']
2026-02-12 05:00:00;2559.014905170647;2928.504;['wind_speed']
2026-02-12 06:00:00;2588.7051783694224;2122.81;['wind_speed']
2026-02-12 07:00:00;2757.139689165729;2338.194;['wind_speed']
2026-02-12 08:00:00;2872.692342025857;1348.37875;['wind_speed']
2026-02-12 09:00:00;2788.5196498154955;928.61625;['wind_speed']
2026-02-12 10:00:00;2547.8478198428124;2329.8340000000003;['wind_speed']
2026-02-12 11:00:00;2736.553007664923;1817.92825;['wind_speed']
2026-02-12 12:00:00;2997.431080257429;3735.537;['wind_speed']
2026-02-12 13:00:00;2990.2099250524097;2596.203;['wind_speed']
2026-02-12 14:00:00;2252.5709506666544;2194.61975;['wind_speed']
2026-02-12 15:00:00;2665.6427930359882;1834.60225;['wind_speed']
2026-02-12 16:00:00;2993.98583530643;2180.3565;['wind_speed']
2026-02-12 17:00:00;3447.197987070562;3746.30075;['wind_speed']
2026-02-12 18:00:00;3546.140873422015;4982.87875;['wind_speed']
2026-02-12 19:00:00;2383.8878151067856;3386.71775;['wind_speed']
2026-02-12 20:00:00;3342.3459547626926;3613.59775;['wind_speed']
2026-02-12 21:00:00;3056.934771397386;3065.22725;['wind_speed']
2026-02-12 22:00:00;2733.2505125428947;2475.28875;['wind_speed']
2026-02-12 23:00:00;2457.027248290293;2045.159;['wind_speed']
2026-02-13 00:00:00;2155.1685581956544;2855.48325;['wind_speed']
2026-02-13 01:00:00;2403.797917397734;2102.1375;['wind_speed']
2026-02-13 02:00:00;2196.1272830676076;2721.5535;['wind_speed']
2026-02-13 03:00:00;1950.7163742643565;2265.05425;['wind_speed']
2026-02-13 04:00:00;1665.9377813686046;2724.386;['wind_speed']
2026-02-13 05:00:00;2344.9509191760853;1950.27;['wind_speed']
2026-02-13 06:00:00;2375.782855497104;2676.27525;['wind_speed']
2026-02-13 07:00:00;2402.4354234787634;1876.716;['wind_speed']
2026-02-13 08:00:00;2893.456784648593;3155.0185;['wind_speed']
2026-02-13 09:00:00;2544.805035212588;3419.00525;['wind_speed']
2026-02-13 10:00:00;2590.1429741285474;2633.61775;['wind_speed']
2026-02-13 11:00:00;2518.4223802239744;3832.5985;['wind_speed']
2026-02-13 12:00:00;2807.4128112618923;2113.4985;['wind_speed']
2026-02-13 13:00:00;2655.5539671960128;2406.8145;['wind_speed']
2026-02-13 14:00:00;2529.3069914783564;2225.23925;['wind_speed']
2026-02-13 15:00:00;2471.878379892194;2112.819;['wind_speed']
2026-02-13 16:00:00;2739.844585870902;2119.783;['wind_speed']
2026-02-13 17:00:00;4564.402237022026;2762.934;['wind_speed']
2026-02-13 18:00:00;3711.355577261336;3519.851;['wind_speed']
2026-02-13 19:00:00;2878.935816154872;3490.8465;['wind_speed']
2026-02-13 20:00:00;3338.7525554357703;3538.6712499999994;['wind_speed']
2026-02-13 21:00:00;2990.978914615612;3449.1785;['wind_speed']
2026-02-13 22:00:00;2734.609285851639;2324.8065;['wind_speed']
2026-02-13 23:00:00;2230.7893640112984;3431.5795;['wind_speed']
2026-02-14 00:00:00;2788.047307135654;2411.443;['wind_speed']
2026-02-14 01:00:00;2737.957808790426;2943.3845;['wind_speed']
2026-02-14 02:00:00;2789.9532067452865;2579.4275;['wind_speed']
2026-02-14 03:00:00;2585.46246474658;2204.52425;['wind_speed']
2026-02-14 04:00:00;2564.575383467053;2660.8965000000003;['wind_speed']
2026-02-14 05:00:00;2309.669204737788;3597.15675;['wind_speed']
2026-02-14 06:00:00;2860.8773623012794;2461.59075;['wind_speed']
2026-02-14 07:00:00;2354.4436179871905;2936.82475;['wind_speed']
2026-02-14 08:00:00;2971.2393117071806;2971.81825;['wind_speed']
2026-02-14 09:00:00;2590.099004501471;2900.61125;['wind_speed']
2026-02-14 10:00:00;2839.6357717490464;2713.67975;['wind_speed']
2026-02-14 11:00:00;3629.2600856786325;2756.77525;['wind_speed']
2026-02-14 12:00:00;2433.3775515296106;3727.64475;['wind_speed']
2026-02-14 13:00:00;2627.095684582675;2757.3445;['wind_speed']
2026-02-14 14:00:00;2471.9922053436;3371.52475;['wind_speed']
2026-02-14 15:00:00;2611.645707941787;3231.48225;['wind_speed']
2026-02-14 16:00:00;2760.3973520096806;4488.084;['wind_speed']
2026-02-14 17:00:00;3524.097415151755;5352.45;['wind_speed']
2026-02-14 18:00:00;3897.913661598379;6210.828;['wind_speed']
2026-02-14 19:00:00;2895.5033771898443;1903.77525;['wind_speed']
2026-02-14 20:00:00;3099.5902912858037;2630.102;['wind_speed']
2026-02-14 21:00:00;2847.7879553707344;4245.20475;['wind_speed']
2026-02-14 22:00:00;2595.148529627053;3723.198;['wind_speed']
2026-02-14 23:00:00;2354.15747535702;3729.623;['wind_speed']
2026-02-15 00:00:00;3107.171554500333;3933.857;['wind_speed']
2026-02-15 01:00:00;3259.3978210823693;3709.625;['wind_speed']
2026-02-15 02:00:00;2757.011375890053;3698.68875;['wind_speed']
2026-02-15 03:00:00;2610.1235337129115;3668.341;['wind_speed']
2026-02-15 04:00:00;2604.905924684005;3783.91125;['wind_speed']
2026-02-15 05:00:00;2882.482168135262;3444.12875;['wind_speed']
2026-02-15 06:00:00;2749.284523775294;4090.44675;['wind_speed']
2026-02-15 07:00:00;2996.519984937225;4660.0415;['wind_speed']
2026-02-15 08:00:00;2887.3456559722918;3879.998;['wind_speed']
2026-02-15 09:00:00;3009.746061434881;4359.39175;['wind_speed']
2026-02-15 10:00:00;3115.062104259887;5136.501;['wind_speed']
2026-02-15 11:00:00;3200.660544558983;4608.921;['wind_speed']
2026-02-15 12:00:00;2943.830649974875;3958.311;['wind_speed']
2026-02-15 13:00:00;2977.45579332566;2757.3445;['wind_speed']
2026-02-15 14:00:00;2868.846800569616;3371.52475;['wind_speed']
2026-02-15 15:00:00;3293.1420848417974;3231.48225;['wind_speed']
2026-02-15 16:00:00;3305.1095146388307;5022.667;['wind_speed']
2026-02-15 17:00:00;3522.6204131730415;3789.986;['wind_speed']
2026-02-15 18:00:00;4398.250816398441;1972.2715;['wind_speed']
2026-02-15 19:00:00;3056.672795234823;1211.72575;['wind_speed']
2026-02-15 20:00:00;3408.493859284272;2768.893;['wind_speed']
2026-02-15 21:00:00;3485.4586455602303;4284.85;['wind_speed']
2026-02-15 22:00:00;2934.0570083255043;3674.49175;['wind_speed']
2026-02-15 23:00:00;2755.1900646081453;3857.04075;['wind_speed']
2026-02-16 00:00:00;2799.895587122437;4270.74175;['wind_speed']
2026-02-16 01:00:00;3273.4398979386206;4172.0475;['wind_speed']
2026-02-16 02:00:00;2849.7676800350037;4192.84925;['wind_speed']
2026-02-16 03:00:00;2921.851053893832;4297.218;['wind_speed']
2026-02-16 04:00:00;2778.4135032464737;3792.167;['wind_speed']
2026-02-16 05:00:00;2861.196548198686;3905.2105;['wind_speed']
2026-02-16 06:00:00;2954.63721840625;4322.625;['wind_speed']
2026-02-16 07:00:00;2904.9121838226447;5897.072;['wind_speed']
2026-02-16 08:00:00;3220.296049543424;2816.22675;['wind_speed']
2026-02-16 09:00:00;3685.426720537095;3726.25825;['wind_speed']
2026-02-16 10:00:00;3372.2209608856;3709.35825;['wind_speed']
2026-02-16 11:00:00;3336.8349687329883;4097.0225;['wind_speed']
2026-02-16 12:00:00;3072.974328215765;4383.431500000001;['wind_speed']
2026-02-16 13:00:00;3380.37038563338;3789.0565;['wind_speed']
2026-02-16 14:00:00;3132.5429913430717;4607.666;['wind_speed']
2026-02-16 15:00:00;3132.8263957492823;4367.22325;['wind_speed']
2026-02-16 16:00:00;2635.7026540432425;3437.96925;['wind_speed']
2026-02-16 17:00:00;3906.436799042007;5117.6485;['wind_speed']
2026-02-16 18:00:00;4452.789306474513;5031.2195;['wind_speed']
2026-02-16 19:00:00;3482.919269196551;5013.32925;['wind_speed']
2026-02-16 20:00:00;3752.5353959939075;3950.84225;['wind_speed']
2026-02-16 21:00:00;4005.7452249019007;3260.27925;['wind_speed']
2026-02-16 22:00:00;3275.746080388026;3727.6415;['wind_speed']
2026-02-16 23:00:00;3194.256189511363;2914.66625;['wind_speed']
2026-02-17 00:00:00;3252.580658161648;3134.171;['wind_speed']
2026-02-17 01:00:00;3334.001260387681;2905.419;['wind_speed']
2026-02-17 02:00:00;3166.837969028117;3407.01775;['wind_speed']
2026-02-17 03:00:00;3066.6215950545165;2895.731;['wind_speed']
2026-02-17 04:00:00;3330.0833836549527;3551.5375;['wind_speed']
2026-02-17 05:00:00;3445.4281802634114;3038.49075;['wind_speed']
2026-02-17 06:00:00;3398.268816367065;2865.9880000000003;['wind_speed']
2026-02-17 07:00:00;3466.998911442272;4217.9155;['wind_speed']
2026-02-17 08:00:00;3728.4747949757475;4631.85375;['wind_speed']
2026-02-17 09:00:00;3805.046489209562;5666.0205000000005;['wind_speed']
2026-02-17 10:00:00;4053.6026071201013;3033.71925;['wind_speed']
2026-02-17 11:00:00;4057.5605355397383;3668.54275;['wind_speed']
2026-02-17 12:00:00;3706.55347685408;3205.1977500000003;['wind_speed']
2026-02-17 13:00:00;3838.312834361478;3569.85825;['wind_speed']
2026-02-17 14:00:00;3760.0531295097817;4546.28325;['wind_speed']
2026-02-17 15:00:00;3754.7740422043466;3355.98275;['wind_speed']
2026-02-17 16:00:00;4027.821350503291;3155.60275;['wind_speed']
2026-02-17 17:00:00;4688.535839242633;3948.281;['wind_speed']
2026-02-17 18:00:00;4480.145478918228;6586.86025;['wind_speed']
2026-02-17 19:00:00;3479.5967026554463;2688.89675;['wind_speed']
2026-02-17 20:00:00;4358.645889535115;4654.51275;['wind_speed']
2026-02-17 21:00:00;4334.304084956188;3142.6025;['wind_speed']
2026-02-17 22:00:00;3608.2975727344474;2652.804;['wind_speed']
2026-02-17 23:00:00;3836.22040241195;2618.7905;['wind_speed']
2026-02-18 00:00:00;3092.748878427956;3148.755;['wind_speed']
2026-02-18 01:00:00;3262.3007572337483;3693.88525;['wind_speed']
2026-02-18 02:00:00;2639.917196726252;2656.90925;['wind_speed']
2026-02-18 03:00:00;3043.9648249093298;2022.2365;['wind_speed']
2026-02-18 04:00:00;3220.0045435286884;2714.6582499999995;['wind_speed']
2026-02-18 05:00:00;3360.4763144885933;3138.4825;['wind_speed']
2026-02-18 06:00:00;3521.9695853793987;3251.8665;['wind_speed']
2026-02-18 07:00:00;3420.3384636478327;3767.39;['wind_speed']
2026-02-18 08:00:00;3371.0780653627853;3704.433;['wind_speed']
2026-02-18 09:00:00;3673.1916114070145;4502.9775;['wind_speed']
2026-02-18 10:00:00;3863.9426776711534;2839.84175;['wind_speed']
2026-02-18 11:00:00;3740.0906983910145;3027.432;['wind_speed']
2026-02-18 12:00:00;3783.662166784808;3523.302;['wind_speed']
2026-02-18 13:00:00;3650.249286156134;3065.7345000000005;['wind_speed']
2026-02-18 14:00:00;3777.919359348242;3746.467;['wind_speed']
2026-02-18 15:00:00;3442.193968561659;3357.258;['wind_speed']
2026-02-18 16:00:00;3758.106713127455;3739.85675;['wind_speed']
2026-02-18 17:00:00;4847.121237146837;5383.882;['wind_speed']
2026-02-18 18:00:00;4308.534979285469;5460.044;['wind_speed']
2026-02-18 19:00:00;3712.287291185606;3423.06;['wind_speed']
2026-02-18 20:00:00;3637.4875266184263;4988.140666666666;['wind_speed']
2026-02-18 21:00:00;3783.8679498022866;3943.082;['wind_speed']
2026-02-18 22:00:00;3554.3244187853493;3280.73875;['wind_speed']
2026-02-18 23:00:00;4095.10689103375;4189.85225;['wind_speed']
2026-02-19 00:00:00;3767.062697064867;3798.69625;['wind_speed']
2026-02-19 01:00:00;3877.2632208969762;3470.1565;['wind_speed']
2026-02-19 02:00:00;3521.504348346801;3887.978;['wind_speed']
2026-02-19 03:00:00;3468.483010394065;3463.55225;['wind_speed']
2026-02-19 04:00:00;3243.6756204535477;3694.54025;['wind_speed']
2026-02-19 05:00:00;3482.5778805260907;4024.671;['wind_speed']
2026-02-19 06:00:00;3832.953690561893;3976.81075;['wind_speed']
2026-02-19 07:00:00;3831.252626377289;4254.63175;['wind_speed']
2026-02-19 08:00:00;4289.4373669902325;5451.65625;['wind_speed']
2026-02-19 09:00:00;4208.324439286578;4617.72725;['wind_speed']
2026-02-19 10:00:00;3980.9879232683134;4048.07275;['wind_speed']
2026-02-19 11:00:00;4071.417372292421;4006.33275;['wind_speed']
2026-02-19 12:00:00;3518.352061970705;2886.07425;['wind_speed']
2026-02-19 13:00:00;3736.2686081494303;3151.84075;['wind_speed']
2026-02-19 14:00:00;3628.631949119749;2118.81075;['wind_speed']
2026-02-19 15:00:00;3879.0351465009962;2872.442;['wind_speed']
2026-02-19 16:00:00;3815.007522705214;3774.00675;['wind_speed']
2026-02-19 17:00:00;4435.435515154615;5136.79725;['wind_speed']
2026-02-19 18:00:00;5160.643113941749;5757.4375;['wind_speed']
2026-02-19 19:00:00;3975.9484288611375;2808.28475;['wind_speed']
2026-02-19 20:00:00;3995.013640333789;4316.30025;['wind_speed']
2026-02-19 21:00:00;3969.143852005272;4116.61075;['wind_speed']
2026-02-19 22:00:00;3781.3136233465348;3227.96925;['wind_speed']
2026-02-19 23:00:00;3652.022716434509;3393.52525;['wind_speed']
2026-02-20 00:00:00;3365.4379910381454;3867.99625;['wind_speed']
2026-02-20 01:00:00;3462.2193556626385;3100.64225;['wind_speed']
2026-02-20 02:00:00;3331.4153394580144;2828.1715;['wind_speed']
2026-02-20 03:00:00;3276.193085428693;4158.9235;['wind_speed']
2026-02-20 04:00:00;3372.644593362558;3933.11075;['wind_speed']
2026-02-20 05:00:00;3508.3570505944554;3965.08175;['wind_speed']
2026-02-20 06:00:00;3517.798218503258;3080.9115;['wind_speed']
2026-02-20 07:00:00;3760.7942946582466;4425.24725;['wind_speed']
2026-02-20 08:00:00;3659.5388053399774;5264.822999999999;['wind_speed']
2026-02-20 09:00:00;3639.969868073068;3476.0955;['wind_speed']
2026-02-20 10:00:00;4108.809025236407;3282.589;['wind_speed']
2026-02-20 11:00:00;3710.6832627592794;3600.80525;['wind_speed']
2026-02-20 12:00:00;3621.1799804033385;4432.64325;['wind_speed']
2026-02-20 13:00:00;3574.9251011108095;2361.1320000000005;['wind_speed']
2026-02-20 14:00:00;3699.0740446680256;1551.0443333333333;['wind_speed']
2026-02-20 15:00:00;3596.6421035832536;2872.442;['wind_speed']
2026-02-20 16:00:00;3610.735757349251;3774.00675;['wind_speed']
2026-02-20 17:00:00;4445.69493104004;5136.79725;['wind_speed']
2026-02-20 18:00:00;5144.20453193404;5177.334;['wind_speed']
2026-02-20 19:00:00;3755.5524963666862;5452.91475;['wind_speed']
2026-02-20 20:00:00;4135.069735867602;5548.0960000000005;['wind_speed']
2026-02-20 21:00:00;3822.0216040137316;4351.4605;['wind_speed']
2026-02-20 22:00:00;3494.1109168995354;4562.4445;['wind_speed']
2026-02-20 23:00:00;3471.549934439636;3240.04275;['wind_speed']
2026-02-10 00:00:00;2960.9855697775447;2312.257;['pressure']
2026-02-10 01:00:00;2917.5264288839844;2445.75475;['pressure']
2026-02-10 02:00:00;2537.981495312608;2738.38875;['pressure']
2026-02-10 03:00:00;2426.574006194599;2507.56425;['pressure']
2026-02-10 04:00:00;2310.2878514966746;2972.28575;['pressure']
2026-02-10 05:00:00;2658.4221892804826;2894.95425;['pressure']
2026-02-10 06:00:00;2604.646993900724;3762.406;['pressure']
2026-02-10 07:00:00;2727.906327468122;2580.2795;['pressure']
2026-02-10 08:00:00;2832.9323180068204;4036.3455;['pressure']
2026-02-10 09:00:00;2784.9821270897737;3671.19375;['pressure']
2026-02-10 10:00:00;2880.4716086466283;2416.94175;['pressure']
2026-02-10 11:00:00;2558.961465849162;2677.89175;['pressure']
2026-02-10 12:00:00;2547.6055799925807;1806.73475;['pressure']
2026-02-10 13:00:00;2735.648874805722;3154.1665;['pressure']
2026-02-10 14:00:00;2704.665647557382;2227.19575;['pressure']
2026-02-10 15:00:00;2526.7567203751805;2543.43525;['pressure']
2026-02-10 16:00:00;2901.161756496387;2576.265;['pressure']
2026-02-10 17:00:00;3987.0992568052807;5342.617;['pressure']
2026-02-10 18:00:00;4437.880655333097;5926.32475;['pressure']
2026-02-10 19:00:00;3009.5718267422108;3875.02825;['pressure']
2026-02-10 20:00:00;3510.886057269312;4273.53175;['pressure']
2026-02-10 21:00:00;2888.699106809321;2881.09475;['pressure']
2026-02-10 22:00:00;2844.8120847830205;2286.139;['pressure']
2026-02-10 23:00:00;2488.5348582182264;3057.192;['pressure']
2026-02-11 00:00:00;2674.040615783467;2366.50825;['pressure']
2026-02-11 01:00:00;2756.052260736805;2711.8525;['pressure']
2026-02-11 02:00:00;2576.26639625086;2083.15775;['pressure']
2026-02-11 03:00:00;2350.51228187148;2465.2165000000005;['pressure']
2026-02-11 04:00:00;2414.0282620877215;2897.0037500000003;['pressure']
2026-02-11 05:00:00;2489.6042107148055;2676.7915000000003;['pressure']
2026-02-11 06:00:00;2701.5145745713917;2365.58925;['pressure']
2026-02-11 07:00:00;2660.9379301125264;3238.81225;['pressure']
2026-02-11 08:00:00;2648.025311333945;2706.17225;['pressure']
2026-02-11 09:00:00;2882.8752755915216;3475.922;['pressure']
2026-02-11 10:00:00;2734.7287137335597;2244.5915;['pressure']
2026-02-11 11:00:00;2771.007596465782;2952.637;['pressure']
2026-02-11 12:00:00;2551.127426756923;1686.3925;['pressure']
2026-02-11 13:00:00;2831.857973072983;3154.1665;['pressure']
2026-02-11 14:00:00;2550.3348557647632;2227.19575;['pressure']
2026-02-11 15:00:00;2695.6809234352577;2543.43525;['pressure']
2026-02-11 16:00:00;3073.9245618028876;2576.265;['pressure']
2026-02-11 17:00:00;3979.999922950435;1333.5;['pressure']
2026-02-11 18:00:00;4266.795478512305;3750.33275;['pressure']
2026-02-11 19:00:00;2959.148469611073;3982.69175;['pressure']
2026-02-11 20:00:00;3550.597506881306;3578.161;['pressure']
2026-02-11 21:00:00;2957.577442339849;2482.21025;['pressure']
2026-02-11 22:00:00;2696.846041017282;2358.59375;['pressure']
2026-02-11 23:00:00;2675.272457308841;2322.409;['pressure']
2026-02-12 00:00:00;2327.2075204233815;2297.366;['pressure']
2026-02-12 01:00:00;2534.37701664196;2377.4665;['pressure']
2026-02-12 02:00:00;2382.7856746330403;1861.1955;['pressure']
2026-02-12 03:00:00;2303.6716262893738;1835.98825;['pressure']
2026-02-12 04:00:00;2364.8242544353216;1987.42975;['pressure']
2026-02-12 05:00:00;2491.0447094003835;2928.504;['pressure']
2026-02-12 06:00:00;2553.2546816958384;2122.81;['pressure']
2026-02-12 07:00:00;2789.834265429157;2338.194;['pressure']
2026-02-12 08:00:00;2827.406054718118;1348.37875;['pressure']
2026-02-12 09:00:00;2933.055141758855;928.61625;['pressure']
2026-02-12 10:00:00;2648.2579303164453;2329.8340000000003;['pressure']
2026-02-12 11:00:00;2677.3558488514464;1817.92825;['pressure']
2026-02-12 12:00:00;2473.899456417097;3735.537;['pressure']
2026-02-12 13:00:00;2887.0954765050465;2596.203;['pressure']
2026-02-12 14:00:00;2472.199719587553;2194.61975;['pressure']
2026-02-12 15:00:00;2604.6253579621357;1834.60225;['pressure']
2026-02-12 16:00:00;2902.209296457553;2180.3565;['pressure']
2026-02-12 17:00:00;3455.300747385503;3746.30075;['pressure']
2026-02-12 18:00:00;3645.198276986468;4982.87875;['pressure']
2026-02-12 19:00:00;2982.232389081395;3386.71775;['pressure']
2026-02-12 20:00:00;3378.441318379636;3613.59775;['pressure']
2026-02-12 21:00:00;3026.438698628221;3065.22725;['pressure']
2026-02-12 22:00:00;2655.8896364595207;2475.28875;['pressure']
2026-02-12 23:00:00;2424.340388205759;2045.159;['pressure']
2026-02-13 00:00:00;2256.256866530005;2855.48325;['pressure']
2026-02-13 01:00:00;2291.0603514034715;2102.1375;['pressure']
2026-02-13 02:00:00;2505.19815728178;2721.5535;['pressure']
2026-02-13 03:00:00;2101.6847828489513;2265.05425;['pressure']
2026-02-13 04:00:00;2096.0494165767345;2724.386;['pressure']
2026-02-13 05:00:00;2297.4864225635365;1950.27;['pressure']
2026-02-13 06:00:00;2431.270440564853;2676.27525;['pressure']
2026-02-13 07:00:00;2333.2598329636266;1876.716;['pressure']
2026-02-13 08:00:00;2762.3991064259367;3155.0185;['pressure']
2026-02-13 09:00:00;2421.7910553007837;3419.00525;['pressure']
2026-02-13 10:00:00;2572.795392265144;2633.61775;['pressure']
2026-02-13 11:00:00;2488.536753907904;3832.5985;['pressure']
2026-02-13 12:00:00;2847.2397155587673;2113.4985;['pressure']
2026-02-13 13:00:00;2590.607123571898;2406.8145;['pressure']
2026-02-13 14:00:00;2394.571388145837;2225.23925;['pressure']
2026-02-13 15:00:00;2296.2440949190495;2112.819;['pressure']
2026-02-13 16:00:00;2638.7920183889073;2119.783;['pressure']
2026-02-13 17:00:00;4497.764419639214;2762.934;['pressure']
2026-02-13 18:00:00;3892.1447770904374;3519.851;['pressure']
2026-02-13 19:00:00;2737.040567741786;3490.8465;['pressure']
2026-02-13 20:00:00;3202.180327957743;3538.6712499999994;['pressure']
2026-02-13 21:00:00;2942.4764600963404;3449.1785;['pressure']
2026-02-13 22:00:00;2612.95696880452;2324.8065;['pressure']
2026-02-13 23:00:00;2140.5301324439156;3431.5795;['pressure']
2026-02-14 00:00:00;2677.6178160925633;2411.443;['pressure']
2026-02-14 01:00:00;2698.5649512388513;2943.3845;['pressure']
2026-02-14 02:00:00;2705.1399438058334;2579.4275;['pressure']
2026-02-14 03:00:00;2535.2308973637673;2204.52425;['pressure']
2026-02-14 04:00:00;2542.5845692580688;2660.8965000000003;['pressure']
2026-02-14 05:00:00;2362.2141189833933;3597.15675;['pressure']
2026-02-14 06:00:00;2768.2445955776466;2461.59075;['pressure']
2026-02-14 07:00:00;2401.182669806038;2936.82475;['pressure']
2026-02-14 08:00:00;2913.4919667364775;2971.81825;['pressure']
2026-02-14 09:00:00;2777.260091537604;2900.61125;['pressure']
2026-02-14 10:00:00;2794.9791631675034;2713.67975;['pressure']
2026-02-14 11:00:00;3744.0706325536325;2756.77525;['pressure']
2026-02-14 12:00:00;2761.3184847571497;3727.64475;['pressure']
2026-02-14 13:00:00;2816.0166173524503;2757.3445;['pressure']
2026-02-14 14:00:00;2511.6455304244714;3371.52475;['pressure']
2026-02-14 15:00:00;2770.6759203441306;3231.48225;['pressure']
2026-02-14 16:00:00;3083.623834401038;4488.084;['pressure']
2026-02-14 17:00:00;3700.8767053510346;5352.45;['pressure']
2026-02-14 18:00:00;4023.8733326188867;6210.828;['pressure']
2026-02-14 19:00:00;3180.064511528223;1903.77525;['pressure']
2026-02-14 20:00:00;2999.788396144202;2630.102;['pressure']
2026-02-14 21:00:00;2793.553732958625;4245.20475;['pressure']
2026-02-14 22:00:00;2753.189928629128;3723.198;['pressure']
2026-02-14 23:00:00;2642.5068825530648;3729.623;['pressure']
2026-02-15 00:00:00;3204.7645491902745;3933.857;['pressure']
2026-02-15 01:00:00;3303.962472571627;3709.625;['pressure']
2026-02-15 02:00:00;2977.5975289204484;3698.68875;['pressure']
2026-02-15 03:00:00;2782.0821289887904;3668.341;['pressure']
2026-02-15 04:00:00;2794.2298697294764;3783.91125;['pressure']
2026-02-15 05:00:00;2917.050626692391;3444.12875;['pressure']
2026-02-15 06:00:00;2547.4599922201182;4090.44675;['pressure']
2026-02-15 07:00:00;3130.3166920905455;4660.0415;['pressure']
2026-02-15 08:00:00;3027.22060256653;3879.998;['pressure']
2026-02-15 09:00:00;3078.4269353057307;4359.39175;['pressure']
2026-02-15 10:00:00;2860.5873041500236;5136.501;['pressure']
2026-02-15 11:00:00;2898.9812347140123;4608.921;['pressure']
2026-02-15 12:00:00;2728.371551158957;3958.311;['pressure']
2026-02-15 13:00:00;3159.1894092009043;2757.3445;['pressure']
2026-02-15 14:00:00;3240.1297466793876;3371.52475;['pressure']
2026-02-15 15:00:00;3359.6296031523443;3231.48225;['pressure']
2026-02-15 16:00:00;3632.0830711573853;5022.667;['pressure']
2026-02-15 17:00:00;4071.0043624528266;3789.986;['pressure']
2026-02-15 18:00:00;4605.158348136722;1972.2715;['pressure']
2026-02-15 19:00:00;2921.1429185258385;1211.72575;['pressure']
2026-02-15 20:00:00;3367.4626474312445;2768.893;['pressure']
2026-02-15 21:00:00;3083.9694640416756;4284.85;['pressure']
2026-02-15 22:00:00;3006.5615906113853;3674.49175;['pressure']
2026-02-15 23:00:00;2687.8423206201082;3857.04075;['pressure']
2026-02-16 00:00:00;2872.717954790589;4270.74175;['pressure']
2026-02-16 01:00:00;3305.3331989487524;4172.0475;['pressure']
2026-02-16 02:00:00;2874.801203594574;4192.84925;['pressure']
2026-02-16 03:00:00;2912.7543093564786;4297.218;['pressure']
2026-02-16 04:00:00;2752.3715797235245;3792.167;['pressure']
2026-02-16 05:00:00;2847.733688091264;3905.2105;['pressure']
2026-02-16 06:00:00;3011.1476535106203;4322.625;['pressure']
2026-02-16 07:00:00;3192.2840214386115;5897.072;['pressure']
2026-02-16 08:00:00;3232.169678159757;2816.22675;['pressure']
2026-02-16 09:00:00;3613.3871106280376;3726.25825;['pressure']
2026-02-16 10:00:00;3305.5909374061384;3709.35825;['pressure']
2026-02-16 11:00:00;2924.101936506426;4097.0225;['pressure']
2026-02-16 12:00:00;3226.101645644354;4383.431500000001;['pressure']
2026-02-16 13:00:00;3396.7175001963683;3789.0565;['pressure']
2026-02-16 14:00:00;2973.962829294732;4607.666;['pressure']
2026-02-16 15:00:00;3262.8714473239893;4367.22325;['pressure']
2026-02-16 16:00:00;2625.357072988555;3437.96925;['pressure']
2026-02-16 17:00:00;4102.747895233413;5117.6485;['pressure']
2026-02-16 18:00:00;4519.703918290919;5031.2195;['pressure']
2026-02-16 19:00:00;3554.019740693133;5013.32925;['pressure']
2026-02-16 20:00:00;3761.9105104348255;3950.84225;['pressure']
2026-02-16 21:00:00;3923.666245409713;3260.27925;['pressure']
2026-02-16 22:00:00;3099.670095433192;3727.6415;['pressure']
2026-02-16 23:00:00;3099.634622738902;2914.66625;['pressure']
2026-02-17 00:00:00;3292.421493732937;3134.171;['pressure']
2026-02-17 01:00:00;3403.1171890375836;2905.419;['pressure']
2026-02-17 02:00:00;3235.9538976780195;3407.01775;['pressure']
2026-02-17 03:00:00;3146.585294395337;2895.731;['pressure']
2026-02-17 04:00:00;3329.114451026321;3551.5375;['pressure']
2026-02-17 05:00:00;3510.2606254080647;3038.49075;['pressure']
2026-02-17 06:00:00;3587.788072958862;2865.9880000000003;['pressure']
2026-02-17 07:00:00;3375.224314274303;4217.9155;['pressure']
2026-02-17 08:00:00;3752.6781335987944;4631.85375;['pressure']
2026-02-17 09:00:00;3845.399028272062;5666.0205000000005;['pressure']
2026-02-17 10:00:00;4235.7807458530115;3033.71925;['pressure']
2026-02-17 11:00:00;4211.474406351201;3668.54275;['pressure']
2026-02-17 12:00:00;3537.081980272049;3205.1977500000003;['pressure']
2026-02-17 13:00:00;3801.3776203188145;3569.85825;['pressure']
2026-02-17 14:00:00;3471.0266860283364;4546.28325;['pressure']
2026-02-17 15:00:00;3605.5983267578745;3355.98275;['pressure']
2026-02-17 16:00:00;3946.9873317960155;3155.60275;['pressure']
2026-02-17 17:00:00;4663.870701951679;3948.281;['pressure']
2026-02-17 18:00:00;4745.530290319595;6586.86025;['pressure']
2026-02-17 19:00:00;3853.8446961246846;2688.89675;['pressure']
2026-02-17 20:00:00;4416.714859261678;4654.51275;['pressure']
2026-02-17 21:00:00;4346.315101801891;3142.6025;['pressure']
2026-02-17 22:00:00;3823.253249766918;2652.804;['pressure']
2026-02-17 23:00:00;3758.5517470164423;2618.7905;['pressure']
2026-02-18 00:00:00;2873.0442847695085;3148.755;['pressure']
2026-02-18 01:00:00;3406.1175735637044;3693.88525;['pressure']
2026-02-18 02:00:00;2962.5719513649237;2656.90925;['pressure']
2026-02-18 03:00:00;3003.716583484769;2022.2365;['pressure']
2026-02-18 04:00:00;3210.641254649294;2714.6582499999995;['pressure']
2026-02-18 05:00:00;3534.4123267566597;3138.4825;['pressure']
2026-02-18 06:00:00;3302.2649917209515;3251.8665;['pressure']
2026-02-18 07:00:00;3371.7411888675592;3767.39;['pressure']
2026-02-18 08:00:00;2980.2624525698166;3704.433;['pressure']
2026-02-18 09:00:00;3273.062895891878;4502.9775;['pressure']
2026-02-18 10:00:00;3646.0820972268175;2839.84175;['pressure']
2026-02-18 11:00:00;3879.789669185692;3027.432;['pressure']
2026-02-18 12:00:00;3759.0426904664487;3523.302;['pressure']
2026-02-18 13:00:00;3640.6946413926644;3065.7345000000005;['pressure']
2026-02-18 14:00:00;3806.640855930273;3746.467;['pressure']
2026-02-18 15:00:00;3812.4014652047254;3357.258;['pressure']
2026-02-18 16:00:00;3253.9837406390516;3739.85675;['pressure']
2026-02-18 17:00:00;5055.169149744494;5383.882;['pressure']
2026-02-18 18:00:00;4489.3706573860545;5460.044;['pressure']
2026-02-18 19:00:00;3583.054304735411;3423.06;['pressure']
2026-02-18 20:00:00;3842.609116279071;4988.140666666666;['pressure']
2026-02-18 21:00:00;3598.4874871558022;3943.082;['pressure']
2026-02-18 22:00:00;3711.851472618357;3280.73875;['pressure']
2026-02-18 23:00:00;3672.5310853696874;4189.85225;['pressure']
2026-02-19 00:00:00;3827.34511436223;3798.69625;['pressure']
2026-02-19 01:00:00;4008.745062937992;3470.1565;['pressure']
2026-02-19 02:00:00;3275.253913471313;3887.978;['pressure']
2026-02-19 03:00:00;3725.0891810483618;3463.55225;['pressure']
2026-02-19 04:00:00;3366.260085480403;3694.54025;['pressure']
2026-02-19 05:00:00;3474.5480915551434;4024.671;['pressure']
2026-02-19 06:00:00;3773.371888193729;3976.81075;['pressure']
2026-02-19 07:00:00;3681.086671787445;4254.63175;['pressure']
2026-02-19 08:00:00;4239.315235642576;5451.65625;['pressure']
2026-02-19 09:00:00;4185.721183060992;4617.72725;['pressure']
2026-02-19 10:00:00;3651.591560963626;4048.07275;['pressure']
2026-02-19 11:00:00;3751.967779702089;4006.33275;['pressure']
2026-02-19 12:00:00;3540.1490132646504;2886.07425;['pressure']
2026-02-19 13:00:00;3624.9745846356363;3151.84075;['pressure']
2026-02-19 14:00:00;3921.0363598396207;2118.81075;['pressure']
2026-02-19 15:00:00;3505.83204438918;2872.442;['pressure']
2026-02-19 16:00:00;3794.9872361451553;3774.00675;['pressure']
2026-02-19 17:00:00;4486.664265383497;5136.79725;['pressure']
2026-02-19 18:00:00;5322.599855274757;5757.4375;['pressure']
2026-02-19 19:00:00;4165.328830472466;2808.28475;['pressure']
2026-02-19 20:00:00;4130.136404921192;4316.30025;['pressure']
2026-02-19 21:00:00;4169.107801208764;4116.61075;['pressure']
2026-02-19 22:00:00;3988.637628473488;3227.96925;['pressure']
2026-02-19 23:00:00;3937.936687381775;3393.52525;['pressure']
2026-02-20 00:00:00;3542.8052243145125;3867.99625;['pressure']
2026-02-20 01:00:00;3552.1573954423015;3100.64225;['pressure']
2026-02-20 02:00:00;3442.967426049735;2828.1715;['pressure']
2026-02-20 03:00:00;3272.8500754799625;4158.9235;['pressure']
2026-02-20 04:00:00;3479.03106344198;3933.11075;['pressure']
2026-02-20 05:00:00;3536.3319403497044;3965.08175;['pressure']
2026-02-20 06:00:00;3632.1650970127794;3080.9115;['pressure']
2026-02-20 07:00:00;3972.6573622851997;4425.24725;['pressure']
2026-02-20 08:00:00;3846.376863811657;5264.822999999999;['pressure']
2026-02-20 09:00:00;4189.509884247384;3476.0955;['pressure']
2026-02-20 10:00:00;3802.759968229571;3282.589;['pressure']
2026-02-20 11:00:00;3765.4650315581075;3600.80525;['pressure']
2026-02-20 12:00:00;3754.7779532732116;4432.64325;['pressure']
2026-02-20 13:00:00;3711.8492458556825;2361.1320000000005;['pressure']
2026-02-20 14:00:00;3748.9768366449543;1551.0443333333333;['pressure']
2026-02-20 15:00:00;3591.2006057805193;2872.442;['pressure']
2026-02-20 16:00:00;3890.630937097786;3774.00675;['pressure']
2026-02-20 17:00:00;4521.946426401368;5136.79725;['pressure']
2026-02-20 18:00:00;5456.942843701618;5177.334;['pressure']
2026-02-20 19:00:00;3862.640928678698;5452.91475;['pressure']
2026-02-20 20:00:00;4611.627238614184;5548.0960000000005;['pressure']
2026-02-20 21:00:00;4215.4447912695905;4351.4605;['pressure']
2026-02-20 22:00:00;3491.2905509937736;4562.4445;['pressure']
2026-02-20 23:00:00;3850.1868286657104;3240.04275;['pressure']
2026-02-10 00:00:00;2744.607876601275;2312.257;['precipitation']
2026-02-10 01:00:00;2849.405900186017;2445.75475;['precipitation']
2026-02-10 02:00:00;2589.395091465867;2738.38875;['precipitation']
2026-02-10 03:00:00;2433.8191577143743;2507.56425;['precipitation']
2026-02-10 04:00:00;2369.5037783822795;2972.28575;['precipitation']
2026-02-10 05:00:00;2602.5337243528093;2894.95425;['precipitation']
2026-02-10 06:00:00;2539.6779387249426;3762.406;['precipitation']
2026-02-10 07:00:00;2725.283337813581;2580.2795;['precipitation']
2026-02-10 08:00:00;2850.599435125656;4036.3455;['precipitation']
2026-02-10 09:00:00;2754.448556800162;3671.19375;['precipitation']
2026-02-10 10:00:00;2907.803563602683;2416.94175;['precipitation']
2026-02-10 11:00:00;2792.417711271525;2677.89175;['precipitation']
2026-02-10 12:00:00;2510.1774946654323;1806.73475;['precipitation']
2026-02-10 13:00:00;2675.689775989804;3154.1665;['precipitation']
2026-02-10 14:00:00;2699.7436543017666;2227.19575;['precipitation']
2026-02-10 15:00:00;2442.327711891294;2543.43525;['precipitation']
2026-02-10 16:00:00;2882.202150325733;2576.265;['precipitation']
2026-02-10 17:00:00;3687.362676910261;5342.617;['precipitation']
2026-02-10 18:00:00;4497.556192442472;5926.32475;['precipitation']
2026-02-10 19:00:00;3071.327701376;3875.02825;['precipitation']
2026-02-10 20:00:00;3408.96368254397;4273.53175;['precipitation']
2026-02-10 21:00:00;2839.434122678462;2881.09475;['precipitation']
2026-02-10 22:00:00;2803.055645574036;2286.139;['precipitation']
2026-02-10 23:00:00;2610.774603358302;3057.192;['precipitation']
2026-02-11 00:00:00;2672.174643264546;2366.50825;['precipitation']
2026-02-11 01:00:00;2683.4606717628058;2711.8525;['precipitation']
2026-02-11 02:00:00;2595.0818297530573;2083.15775;['precipitation']
2026-02-11 03:00:00;2366.884887076062;2465.2165000000005;['precipitation']
2026-02-11 04:00:00;2424.797201105971;2897.0037500000003;['precipitation']
2026-02-11 05:00:00;2558.7729538483504;2676.7915000000003;['precipitation']
2026-02-11 06:00:00;2726.4970765550343;2365.58925;['precipitation']
2026-02-11 07:00:00;2641.970065122292;3238.81225;['precipitation']
2026-02-11 08:00:00;2794.1810272763278;2706.17225;['precipitation']
2026-02-11 09:00:00;2899.3007936274103;3475.922;['precipitation']
2026-02-11 10:00:00;2742.0804898566066;2244.5915;['precipitation']
2026-02-11 11:00:00;2892.6636633603134;2952.637;['precipitation']
2026-02-11 12:00:00;2768.593521727626;1686.3925;['precipitation']
2026-02-11 13:00:00;3056.438379261948;3154.1665;['precipitation']
2026-02-11 14:00:00;2335.937059133904;2227.19575;['precipitation']
2026-02-11 15:00:00;2810.696914646195;2543.43525;['precipitation']
2026-02-11 16:00:00;3088.95951968863;2576.265;['precipitation']
2026-02-11 17:00:00;3929.41276474731;1333.5;['precipitation']
2026-02-11 18:00:00;4214.505927731055;3750.33275;['precipitation']
2026-02-11 19:00:00;3088.4933029850963;3982.69175;['precipitation']
2026-02-11 20:00:00;3666.002353072712;3578.161;['precipitation']
2026-02-11 21:00:00;3101.913774661016;2482.21025;['precipitation']
2026-02-11 22:00:00;2788.8447592790008;2358.59375;['precipitation']
2026-02-11 23:00:00;2769.323486514163;2322.409;['precipitation']
2026-02-12 00:00:00;2509.2058839182546;2297.366;['precipitation']
2026-02-12 01:00:00;2549.1585432075117;2377.4665;['precipitation']
2026-02-12 02:00:00;2447.099874080672;1861.1955;['precipitation']
2026-02-12 03:00:00;2391.0069305496277;1835.98825;['precipitation']
2026-02-12 04:00:00;2409.9743551433294;1987.42975;['precipitation']
2026-02-12 05:00:00;2567.7663471262135;2928.504;['precipitation']
2026-02-12 06:00:00;2588.721142877479;2122.81;['precipitation']
2026-02-12 07:00:00;2774.511427599567;2338.194;['precipitation']
2026-02-12 08:00:00;2881.3061725922635;1348.37875;['precipitation']
2026-02-12 09:00:00;2743.9922450303393;928.61625;['precipitation']
2026-02-12 10:00:00;2682.3731017489404;2329.8340000000003;['precipitation']
2026-02-12 11:00:00;2603.5617623951475;1817.92825;['precipitation']
2026-02-12 12:00:00;3378.535084163679;3735.537;['precipitation']
2026-02-12 13:00:00;3126.694315311199;2596.203;['precipitation']
2026-02-12 14:00:00;2401.568921247709;2194.61975;['precipitation']
2026-02-12 15:00:00;2737.4962399964375;1834.60225;['precipitation']
2026-02-12 16:00:00;3044.317752115512;2180.3565;['precipitation']
2026-02-12 17:00:00;3442.7622647194876;3746.30075;['precipitation']
2026-02-12 18:00:00;3795.447315682757;4982.87875;['precipitation']
2026-02-12 19:00:00;2568.0779396185044;3386.71775;['precipitation']
2026-02-12 20:00:00;3384.2011164295627;3613.59775;['precipitation']
2026-02-12 21:00:00;3099.071860173021;3065.22725;['precipitation']
2026-02-12 22:00:00;2884.8003649141106;2475.28875;['precipitation']
2026-02-12 23:00:00;2409.575076010935;2045.159;['precipitation']
2026-02-13 00:00:00;2111.311143950049;2855.48325;['precipitation']
2026-02-13 01:00:00;2384.3041115124192;2102.1375;['precipitation']
2026-02-13 02:00:00;2558.9463872622487;2721.5535;['precipitation']
2026-02-13 03:00:00;2214.584042416212;2265.05425;['precipitation']
2026-02-13 04:00:00;1924.8908911098156;2724.386;['precipitation']
2026-02-13 05:00:00;2355.849566484435;1950.27;['precipitation']
2026-02-13 06:00:00;2432.0227789742767;2676.27525;['precipitation']
2026-02-13 07:00:00;2384.1638399216345;1876.716;['precipitation']
2026-02-13 08:00:00;2853.8956884571867;3155.0185;['precipitation']
2026-02-13 09:00:00;2641.0081802397485;3419.00525;['precipitation']
2026-02-13 10:00:00;2613.943907966438;2633.61775;['precipitation']
2026-02-13 11:00:00;2104.2076866776792;3832.5985;['precipitation']
2026-02-13 12:00:00;2671.7931420629025;2113.4985;['precipitation']
2026-02-13 13:00:00;2654.9781477036727;2406.8145;['precipitation']
2026-02-13 14:00:00;2880.4128493274775;2225.23925;['precipitation']
2026-02-13 15:00:00;2462.417906831586;2112.819;['precipitation']
2026-02-13 16:00:00;2753.006515001456;2119.783;['precipitation']
2026-02-13 17:00:00;4572.466995322808;2762.934;['precipitation']
2026-02-13 18:00:00;3814.4256608795;3519.851;['precipitation']
2026-02-13 19:00:00;2667.6117499927627;3490.8465;['precipitation']
2026-02-13 20:00:00;3256.91066128599;3538.6712499999994;['precipitation']
2026-02-13 21:00:00;3024.966833469372;3449.1785;['precipitation']
2026-02-13 22:00:00;2711.861853142899;2324.8065;['precipitation']
2026-02-13 23:00:00;2193.704525144111;3431.5795;['precipitation']
2026-02-14 00:00:00;2644.022120596958;2411.443;['precipitation']
2026-02-14 01:00:00;2679.7614663221643;2943.3845;['precipitation']
2026-02-14 02:00:00;2771.9676415597396;2579.4275;['precipitation']
2026-02-14 03:00:00;2536.360261377439;2204.52425;['precipitation']
2026-02-14 04:00:00;2610.819279951428;2660.8965000000003;['precipitation']
2026-02-14 05:00:00;2261.0457382460886;3597.15675;['precipitation']
2026-02-14 06:00:00;2828.271588375498;2461.59075;['precipitation']
2026-02-14 07:00:00;2353.8955070252764;2936.82475;['precipitation']
2026-02-14 08:00:00;2931.106316101712;2971.81825;['precipitation']
2026-02-14 09:00:00;2493.4036004487366;2900.61125;['precipitation']
2026-02-14 10:00:00;2863.170531270531;2713.67975;['precipitation']
2026-02-14 11:00:00;3535.7185207372263;2756.77525;['precipitation']
2026-02-14 12:00:00;2546.3306421973352;3727.64475;['precipitation']
2026-02-14 13:00:00;2638.9732814378385;2757.3445;['precipitation']
2026-02-14 14:00:00;2418.674762449618;3371.52475;['precipitation']
2026-02-14 15:00:00;2583.415223932998;3231.48225;['precipitation']
2026-02-14 16:00:00;2669.4333856400517;4488.084;['precipitation']
2026-02-14 17:00:00;3629.007656278769;5352.45;['precipitation']
2026-02-14 18:00:00;4178.783458351309;6210.828;['precipitation']
2026-02-14 19:00:00;3105.820554008692;1903.77525;['precipitation']
2026-02-14 20:00:00;3010.1803486588506;2630.102;['precipitation']
2026-02-14 21:00:00;2724.8699866207344;4245.20475;['precipitation']
2026-02-14 22:00:00;2603.355928041665;3723.198;['precipitation']
2026-02-14 23:00:00;2342.495354537928;3729.623;['precipitation']
2026-02-15 00:00:00;3111.715625697843;3933.857;['precipitation']
2026-02-15 01:00:00;3111.1216503517785;3709.625;['precipitation']
2026-02-15 02:00:00;2849.2916397908098;3698.68875;['precipitation']
2026-02-15 03:00:00;2587.8534664979456;3668.341;['precipitation']
2026-02-15 04:00:00;2642.534896737533;3783.91125;['precipitation']
2026-02-15 05:00:00;2883.1099604936603;3444.12875;['precipitation']
2026-02-15 06:00:00;2732.4877250692393;4090.44675;['precipitation']
2026-02-15 07:00:00;2923.7162511115416;4660.0415;['precipitation']
2026-02-15 08:00:00;2875.886198574831;3879.998;['precipitation']
2026-02-15 09:00:00;3102.4903175736827;4359.39175;['precipitation']
2026-02-15 10:00:00;3044.416846786895;5136.501;['precipitation']
2026-02-15 11:00:00;3149.2880865778734;4608.921;['precipitation']
2026-02-15 12:00:00;2948.4539333611056;3958.311;['precipitation']
2026-02-15 13:00:00;3017.0670871183847;2757.3445;['precipitation']
2026-02-15 14:00:00;2905.669347051702;3371.52475;['precipitation']
2026-02-15 15:00:00;3137.4270274687506;3231.48225;['precipitation']
2026-02-15 16:00:00;2924.7540458888307;5022.667;['precipitation']
2026-02-15 17:00:00;3633.2534698136665;3789.986;['precipitation']
2026-02-15 18:00:00;4543.120323234379;1972.2715;['precipitation']
2026-02-15 19:00:00;3178.0864161836143;1211.72575;['precipitation']
2026-02-15 20:00:00;3381.997666352143;2768.893;['precipitation']
2026-02-15 21:00:00;3676.223004080738;4284.85;['precipitation']
2026-02-15 22:00:00;2994.448898851322;3674.49175;['precipitation']
2026-02-15 23:00:00;2838.0911075463778;3857.04075;['precipitation']
2026-02-16 00:00:00;2804.8694712281194;4270.74175;['precipitation']
2026-02-16 01:00:00;3260.587829991233;4172.0475;['precipitation']
2026-02-16 02:00:00;2853.6350658992615;4192.84925;['precipitation']
2026-02-16 03:00:00;2902.1696192624845;4297.218;['precipitation']
2026-02-16 04:00:00;2790.456647472548;3792.167;['precipitation']
2026-02-16 05:00:00;2811.6068875541546;3905.2105;['precipitation']
2026-02-16 06:00:00;2959.4652628207705;4322.625;['precipitation']
2026-02-16 07:00:00;3038.7976818695197;5897.072;['precipitation']
2026-02-16 08:00:00;3175.124376722379;2816.22675;['precipitation']
2026-02-16 09:00:00;3704.9866646899272;3726.25825;['precipitation']
2026-02-16 10:00:00;2990.820265084819;3709.35825;['precipitation']
2026-02-16 11:00:00;2998.9314653150195;4097.0225;['precipitation']
2026-02-16 12:00:00;3405.2865306693784;4383.431500000001;['precipitation']
2026-02-16 13:00:00;3338.8463225230284;3789.0565;['precipitation']
2026-02-16 14:00:00;2943.7913815408256;4607.666;['precipitation']
2026-02-16 15:00:00;3216.585612057876;4367.22325;['precipitation']
2026-02-16 16:00:00;2985.363695303008;3437.96925;['precipitation']
2026-02-16 17:00:00;4348.272980682632;5117.6485;['precipitation']
2026-02-16 18:00:00;4491.07955916006;5031.2195;['precipitation']
2026-02-16 19:00:00;3419.2751318140436;5013.32925;['precipitation']
2026-02-16 20:00:00;3801.1653474709583;3950.84225;['precipitation']
2026-02-16 21:00:00;4012.8838357417444;3260.27925;['precipitation']
2026-02-16 22:00:00;3202.5921230210824;3727.6415;['precipitation']
2026-02-16 23:00:00;3155.974543736522;2914.66625;['precipitation']
2026-02-17 00:00:00;3292.9345438122828;3134.171;['precipitation']
2026-02-17 01:00:00;3310.3980651972515;2905.419;['precipitation']
2026-02-17 02:00:00;3143.2347738376875;3407.01775;['precipitation']
2026-02-17 03:00:00;3037.1474892195556;2895.731;['precipitation']
2026-02-17 04:00:00;3342.150851344467;3551.5375;['precipitation']
2026-02-17 05:00:00;3517.410842464339;3038.49075;['precipitation']
2026-02-17 06:00:00;3491.5030845555416;2865.9880000000003;['precipitation']
2026-02-17 07:00:00;3906.146158756725;4217.9155;['precipitation']
2026-02-17 08:00:00;3635.269320122232;4631.85375;['precipitation']
2026-02-17 09:00:00;3606.15394160214;5666.0205000000005;['precipitation']
2026-02-17 10:00:00;4263.602141727035;3033.71925;['precipitation']
2026-02-17 11:00:00;4216.437281717412;3668.54275;['precipitation']
2026-02-17 12:00:00;3801.606704755539;3205.1977500000003;['precipitation']
2026-02-17 13:00:00;3719.053062060758;3569.85825;['precipitation']
2026-02-17 14:00:00;3369.5679763115395;4546.28325;['precipitation']
2026-02-17 15:00:00;3721.251805380311;3355.98275;['precipitation']
2026-02-17 16:00:00;4132.815315652217;3155.60275;['precipitation']
2026-02-17 17:00:00;4671.988728685077;3948.281;['precipitation']
2026-02-17 18:00:00;4801.091729833755;6586.86025;['precipitation']
2026-02-17 19:00:00;3885.9241925083516;2688.89675;['precipitation']
2026-02-17 20:00:00;4306.374672188924;4654.51275;['precipitation']
2026-02-17 21:00:00;4175.265169322032;3142.6025;['precipitation']
2026-02-17 22:00:00;3670.9872547412833;2652.804;['precipitation']
2026-02-17 23:00:00;3647.831673316491;2618.7905;['precipitation']
2026-02-18 00:00:00;2937.837818094704;3148.755;['precipitation']
2026-02-18 01:00:00;3333.2680824443196;3693.88525;['precipitation']
2026-02-18 02:00:00;2934.617147898127;2656.90925;['precipitation']
2026-02-18 03:00:00;2865.8349077645544;2022.2365;['precipitation']
2026-02-18 04:00:00;3292.5709345198993;2714.6582499999995;['precipitation']
2026-02-18 05:00:00;3349.3583259021675;3138.4825;['precipitation']
2026-02-18 06:00:00;3571.352317770756;3251.8665;['precipitation']
2026-02-18 07:00:00;3622.9401367740534;3767.39;['precipitation']
2026-02-18 08:00:00;3054.9061903627853;3704.433;['precipitation']
2026-02-18 09:00:00;2819.063231585237;4502.9775;['precipitation']
2026-02-18 10:00:00;3628.6668292824816;2839.84175;['precipitation']
2026-02-18 11:00:00;3914.995205074364;3027.432;['precipitation']
2026-02-18 12:00:00;3747.2362939820737;3523.302;['precipitation']
2026-02-18 13:00:00;3660.6160530857605;3065.7345000000005;['precipitation']
2026-02-18 14:00:00;3642.834657810156;3746.467;['precipitation']
2026-02-18 15:00:00;3600.022642878065;3357.258;['precipitation']
2026-02-18 16:00:00;3568.2625644915906;3739.85675;['precipitation']
2026-02-18 17:00:00;4992.139852869494;5383.882;['precipitation']
2026-02-18 18:00:00;4437.550970496406;5460.044;['precipitation']
2026-02-18 19:00:00;3498.05512871002;3423.06;['precipitation']
2026-02-18 20:00:00;3760.252358161395;4988.140666666666;['precipitation']
2026-02-18 21:00:00;3876.4443353003335;3943.082;['precipitation']
2026-02-18 22:00:00;3638.3084390185036;3280.73875;['precipitation']
2026-02-18 23:00:00;3920.404010174375;4189.85225;['precipitation']
2026-02-19 00:00:00;3764.6900316595934;3798.69625;['precipitation']
2026-02-19 01:00:00;3838.739707103031;3470.1565;['precipitation']
2026-02-19 02:00:00;3376.183200904937;3887.978;['precipitation']
2026-02-19 03:00:00;3455.419365984885;3463.55225;['precipitation']
2026-02-19 04:00:00;3338.010356323909;3694.54025;['precipitation']
2026-02-19 05:00:00;3348.9566990380536;4024.671;['precipitation']
2026-02-19 06:00:00;3764.6704111429476;3976.81075;['precipitation']
2026-02-19 07:00:00;3813.158880191986;4254.63175;['precipitation']
2026-02-19 08:00:00;4085.894489792967;5451.65625;['precipitation']
2026-02-19 09:00:00;4067.4571678632383;4617.72725;['precipitation']
2026-02-19 10:00:00;3722.4547659196805;4048.07275;['precipitation']
2026-02-19 11:00:00;3840.685188836;4006.33275;['precipitation']
2026-02-19 12:00:00;3611.258552296633;2886.07425;['precipitation']
2026-02-19 13:00:00;3694.566045817277;3151.84075;['precipitation']
2026-02-19 14:00:00;4028.878248267355;2118.81075;['precipitation']
2026-02-19 15:00:00;3714.1389215254103;2872.442;['precipitation']
2026-02-19 16:00:00;4050.9714585572647;3774.00675;['precipitation']
2026-02-19 17:00:00;4204.72286867024;5136.79725;['precipitation']
2026-02-19 18:00:00;4834.6640871473155;5757.4375;['precipitation']
2026-02-19 19:00:00;3996.397510282036;2808.28475;['precipitation']
2026-02-19 20:00:00;4106.3284138933595;4316.30025;['precipitation']
2026-02-19 21:00:00;3933.3617379763414;4116.61075;['precipitation']
2026-02-19 22:00:00;3608.015386499611;3227.96925;['precipitation']
2026-02-19 23:00:00;3638.285335453064;3393.52525;['precipitation']
2026-02-20 00:00:00;3351.8376187236922;3867.99625;['precipitation']
2026-02-20 01:00:00;3565.0726242859905;3100.64225;['precipitation']
2026-02-20 02:00:00;3341.6958773017186;2828.1715;['precipitation']
2026-02-20 03:00:00;3291.459801432111;4158.9235;['precipitation']
2026-02-20 04:00:00;3459.450146083582;3933.11075;['precipitation']
2026-02-20 05:00:00;3511.449329074985;3965.08175;['precipitation']
2026-02-20 06:00:00;3505.8008582737657;3080.9115;['precipitation']
2026-02-20 07:00:00;3760.8335593372017;4425.24725;['precipitation']
2026-02-20 08:00:00;3787.0904811364862;5264.822999999999;['precipitation']
2026-02-20 09:00:00;4018.5116542669157;3476.0955;['precipitation']
2026-02-20 10:00:00;3965.980961271563;3282.589;['precipitation']
2026-02-20 11:00:00;3762.2984856901876;3600.80525;['precipitation']
2026-02-20 12:00:00;3678.7134581865416;4432.64325;['precipitation']
2026-02-20 13:00:00;3570.6672046874696;2361.1320000000005;['precipitation']
2026-02-20 14:00:00;3657.7802309625813;1551.0443333333333;['precipitation']
2026-02-20 15:00:00;3567.8711275166643;2872.442;['precipitation']
2026-02-20 16:00:00;3808.4528489096147;3774.00675;['precipitation']
2026-02-20 17:00:00;4126.943420419922;5136.79725;['precipitation']
2026-02-20 18:00:00;4936.955813672321;5177.334;['precipitation']
2026-02-20 19:00:00;3762.70966189403;5452.91475;['precipitation']
2026-02-20 20:00:00;4089.459491116625;5548.0960000000005;['precipitation']
2026-02-20 21:00:00;3829.1512884619738;4351.4605;['precipitation']
2026-02-20 22:00:00;3483.3481681812736;4562.4445;['precipitation']
2026-02-20 23:00:00;3470.148345999695;3240.04275;['precipitation']
2026-02-10 00:00:00;2835.5936897421443;2312.257;['temperature']
2026-02-10 01:00:00;2835.8998019156006;2445.75475;['temperature']
2026-02-10 02:00:00;2594.6808246888286;2738.38875;['temperature']
2026-02-10 03:00:00;2382.261530036457;2507.56425;['temperature']
2026-02-10 04:00:00;2341.4929830274364;2972.28575;['temperature']
2026-02-10 05:00:00;2587.7509322614396;2894.95425;['temperature']
2026-02-10 06:00:00;2501.6209776653723;3762.406;['temperature']
2026-02-10 07:00:00;2687.3612415611397;2580.2795;['temperature']
2026-02-10 08:00:00;2790.6137144911954;4036.3455;['temperature']
2026-02-10 09:00:00;2764.060611624991;3671.19375;['temperature']
2026-02-10 10:00:00;2889.457860477683;2416.94175;['temperature']
2026-02-10 11:00:00;2699.3567371504314;2677.89175;['temperature']
2026-02-10 12:00:00;2504.4383131468776;1806.73475;['temperature']
2026-02-10 13:00:00;2692.3418450816007;3154.1665;['temperature']
2026-02-10 14:00:00;2710.941442540292;2227.19575;['temperature']
2026-02-10 15:00:00;2418.747191261411;2543.43525;['temperature']
2026-02-10 16:00:00;2854.4264926719243;2576.265;['temperature']
2026-02-10 17:00:00;3963.9553969419994;5342.617;['temperature']
2026-02-10 18:00:00;4274.428934141691;5926.32475;['temperature']
2026-02-10 19:00:00;3112.7143743496326;3875.02825;['temperature']
2026-02-10 20:00:00;3424.6193183777104;4273.53175;['temperature']
2026-02-10 21:00:00;2950.1192880837352;2881.09475;['temperature']
2026-02-10 22:00:00;2794.923489201966;2286.139;['temperature']
2026-02-10 23:00:00;2643.924972048793;3057.192;['temperature']
2026-02-11 00:00:00;2696.776956306233;2366.50825;['temperature']
2026-02-11 01:00:00;2733.028848032337;2711.8525;['temperature']
2026-02-11 02:00:00;2617.2212092544;2083.15775;['temperature']
2026-02-11 03:00:00;2270.532944179219;2465.2165000000005;['temperature']
2026-02-11 04:00:00;2408.434508273024;2897.0037500000003;['temperature']
2026-02-11 05:00:00;2566.3631180329207;2676.7915000000003;['temperature']
2026-02-11 06:00:00;2741.3614650209156;2365.58925;['temperature']
2026-02-11 07:00:00;2735.5429410988545;3238.81225;['temperature']
2026-02-11 08:00:00;3177.125180108359;2706.17225;['temperature']
2026-02-11 09:00:00;2925.1963557993463;3475.922;['temperature']
2026-02-11 10:00:00;2732.8269002264797;2244.5915;['temperature']
2026-02-11 11:00:00;2839.5415777890244;2952.637;['temperature']
2026-02-11 12:00:00;2778.845688475673;1686.3925;['temperature']
2026-02-11 13:00:00;3020.3726749162447;3154.1665;['temperature']
2026-02-11 14:00:00;2786.8171937164234;2227.19575;['temperature']
2026-02-11 15:00:00;3009.9694518776405;2543.43525;['temperature']
2026-02-11 16:00:00;2992.6195882005927;2576.265;['temperature']
2026-02-11 17:00:00;3839.976699073482;1333.5;['temperature']
2026-02-11 18:00:00;4047.54156463291;3750.33275;['temperature']
2026-02-11 19:00:00;2944.9906479557994;3982.69175;['temperature']
2026-02-11 20:00:00;3209.1235841518137;3578.161;['temperature']
2026-02-11 21:00:00;2683.7631723203176;2482.21025;['temperature']
2026-02-11 22:00:00;2673.020647340524;2358.59375;['temperature']
2026-02-11 23:00:00;2163.860138125491;2322.409;['temperature']
2026-02-12 00:00:00;2336.1503552775075;2297.366;['temperature']
2026-02-12 01:00:00;2606.796284296379;2377.4665;['temperature']
2026-02-12 02:00:00;2150.2665992393636;1861.1955;['temperature']
2026-02-12 03:00:00;2199.0751411514343;1835.98825;['temperature']
2026-02-12 04:00:00;2213.9999899089544;1987.42975;['temperature']
2026-02-12 05:00:00;2310.5933506052174;2928.504;['temperature']
2026-02-12 06:00:00;2371.3094836367563;2122.81;['temperature']
2026-02-12 07:00:00;2597.8222567621647;2338.194;['temperature']
2026-02-12 08:00:00;2541.7203647919705;1348.37875;['temperature']
2026-02-12 09:00:00;2659.5791896104174;928.61625;['temperature']
2026-02-12 10:00:00;2339.0457873721093;2329.8340000000003;['temperature']
2026-02-12 11:00:00;2645.318461003546;1817.92825;['temperature']
2026-02-12 12:00:00;2479.723732387556;3735.537;['temperature']
2026-02-12 13:00:00;2503.2100623815113;2596.203;['temperature']
2026-02-12 14:00:00;2293.4139377272013;2194.61975;['temperature']
2026-02-12 15:00:00;2586.532727575783;1834.60225;['temperature']
2026-02-12 16:00:00;2844.7866184637787;2180.3565;['temperature']
2026-02-12 17:00:00;3679.7554821877493;3746.30075;['temperature']
2026-02-12 18:00:00;3791.6161694425227;4982.87875;['temperature']
2026-02-12 19:00:00;2993.5675865301255;3386.71775;['temperature']
2026-02-12 20:00:00;3363.122615026231;3613.59775;['temperature']
2026-02-12 21:00:00;2759.1538685348373;3065.22725;['temperature']
2026-02-12 22:00:00;2775.483157577685;2475.28875;['temperature']
2026-02-12 23:00:00;2285.1533078224584;2045.159;['temperature']
2026-02-13 00:00:00;2201.759340361182;2855.48325;['temperature']
2026-02-13 01:00:00;2296.564005883452;2102.1375;['temperature']
2026-02-13 02:00:00;2665.976202936077;2721.5535;['temperature']
2026-02-13 03:00:00;1993.308895931837;2265.05425;['temperature']
2026-02-13 04:00:00;2021.4191503871593;2724.386;['temperature']
2026-02-13 05:00:00;2355.0576544055775;1950.27;['temperature']
2026-02-13 06:00:00;2298.6455569131194;2676.27525;['temperature']
2026-02-13 07:00:00;2461.511904344242;1876.716;['temperature']
2026-02-13 08:00:00;2352.9707769581632;3155.0185;['temperature']
2026-02-13 09:00:00;2462.344483950686;3419.00525;['temperature']
2026-02-13 10:00:00;2528.4112312696607;2633.61775;['temperature']
2026-02-13 11:00:00;2188.112899080023;3832.5985;['temperature']
2026-02-13 12:00:00;2740.828948957205;2113.4985;['temperature']
2026-02-13 13:00:00;2565.9218284669173;2406.8145;['temperature']
2026-02-13 14:00:00;2314.3621138538447;2225.23925;['temperature']
2026-02-13 15:00:00;2345.9902573336003;2112.819;['temperature']
2026-02-13 16:00:00;2573.465167497794;2119.783;['temperature']
2026-02-13 17:00:00;4057.3957367778858;2762.934;['temperature']
2026-02-13 18:00:00;3131.3405473541093;3519.851;['temperature']
2026-02-13 19:00:00;2951.670185432826;3490.8465;['temperature']
2026-02-13 20:00:00;3121.955215042704;3538.6712499999994;['temperature']
2026-02-13 21:00:00;2899.602362033825;3449.1785;['temperature']
2026-02-13 22:00:00;2745.389574547928;2324.8065;['temperature']
2026-02-13 23:00:00;2245.7088586402047;3431.5795;['temperature']
2026-02-14 00:00:00;2748.4645921011693;2411.443;['temperature']
2026-02-14 01:00:00;2704.2381766416834;2943.3845;['temperature']
2026-02-14 02:00:00;2659.024617878099;2579.4275;['temperature']
2026-02-14 03:00:00;2493.410279687986;2204.52425;['temperature']
2026-02-14 04:00:00;2538.0652211135375;2660.8965000000003;['temperature']
2026-02-14 05:00:00;2469.348648097163;3597.15675;['temperature']
2026-02-14 06:00:00;2300.1996279262794;2461.59075;['temperature']
2026-02-14 07:00:00;2493.0500365968096;2936.82475;['temperature']
2026-02-14 08:00:00;3070.5872426153837;2971.81825;['temperature']
2026-02-14 09:00:00;2949.501088852057;2900.61125;['temperature']
2026-02-14 10:00:00;2709.499350545433;2713.67975;['temperature']
2026-02-14 11:00:00;3349.182998276289;2756.77525;['temperature']
2026-02-14 12:00:00;2625.995589707101;3727.64475;['temperature']
2026-02-14 13:00:00;2961.4737096376066;2757.3445;['temperature']
2026-02-14 14:00:00;2369.3592564681726;3371.52475;['temperature']
2026-02-14 15:00:00;2897.3614977367088;3231.48225;['temperature']
2026-02-14 16:00:00;2829.1352021988896;4488.084;['temperature']
2026-02-14 17:00:00;3733.177807035605;5352.45;['temperature']
2026-02-14 18:00:00;3591.2736774675195;6210.828;['temperature']
2026-02-14 19:00:00;3057.106282463282;1903.77525;['temperature']
2026-02-14 20:00:00;2811.0096791031865;2630.102;['temperature']
2026-02-14 21:00:00;2533.0176916988594;4245.20475;['temperature']
2026-02-14 22:00:00;2837.672533609597;3723.198;['temperature']
2026-02-14 23:00:00;2673.447144393885;3729.623;['temperature']
2026-02-15 00:00:00;2773.610259944669;3933.857;['temperature']
2026-02-15 01:00:00;2827.652185096041;3709.625;['temperature']
2026-02-15 02:00:00;2690.4627175190813;3698.68875;['temperature']
2026-02-15 03:00:00;2439.896521078634;3668.341;['temperature']
2026-02-15 04:00:00;2371.485118752914;3783.91125;['temperature']
2026-02-15 05:00:00;2611.125997480965;3444.12875;['temperature']
2026-02-15 06:00:00;2717.8397605917003;4090.44675;['temperature']
2026-02-15 07:00:00;3064.3865315680846;4660.0415;['temperature']
2026-02-15 08:00:00;3037.9918199127214;3879.998;['temperature']
2026-02-15 09:00:00;3252.0880795623225;4359.39175;['temperature']
2026-02-15 10:00:00;3278.3052606929923;5136.501;['temperature']
2026-02-15 11:00:00;2575.574435397606;4608.921;['temperature']
2026-02-15 12:00:00;3353.6435543327852;3958.311;['temperature']
2026-02-15 13:00:00;3163.8784655973886;2757.3445;['temperature']
2026-02-15 14:00:00;2968.462777380071;3371.52475;['temperature']
2026-02-15 15:00:00;3478.4994761992193;3231.48225;['temperature']
2026-02-15 16:00:00;2559.2266868800416;5022.667;['temperature']
2026-02-15 17:00:00;4400.302358973822;3789.986;['temperature']
2026-02-15 18:00:00;4487.621131950199;1972.2715;['temperature']
2026-02-15 19:00:00;2954.969670234823;1211.72575;['temperature']
2026-02-15 20:00:00;3103.9763345650335;2768.893;['temperature']
2026-02-15 21:00:00;3338.6792075414314;4284.85;['temperature']
2026-02-15 22:00:00;3036.263656198429;3674.49175;['temperature']
2026-02-15 23:00:00;2403.410084902335;3857.04075;['temperature']
2026-02-16 00:00:00;2680.6036817193;4270.74175;['temperature']
2026-02-16 01:00:00;3227.766128941428;4172.0475;['temperature']
2026-02-16 02:00:00;2714.527474270233;4192.84925;['temperature']
2026-02-16 03:00:00;2878.475966155795;4297.218;['temperature']
2026-02-16 04:00:00;2631.6327167321915;3792.167;['temperature']
2026-02-16 05:00:00;2536.595748638139;3905.2105;['temperature']
2026-02-16 06:00:00;2953.4778041148684;4322.625;['temperature']
2026-02-16 07:00:00;3042.273145736707;5897.072;['temperature']
2026-02-16 08:00:00;3341.229721494718;2816.22675;['temperature']
2026-02-16 09:00:00;3789.37715999022;3726.25825;['temperature']
2026-02-16 10:00:00;2973.7015517059126;3709.35825;['temperature']
2026-02-16 11:00:00;3311.528206037676;4097.0225;['temperature']
2026-02-16 12:00:00;3397.6583873588315;4383.431500000001;['temperature']
2026-02-16 13:00:00;3533.811173902423;3789.0565;['temperature']
2026-02-16 14:00:00;2944.654769602349;4607.666;['temperature']
2026-02-16 15:00:00;3173.000292538833;4367.22325;['temperature']
2026-02-16 16:00:00;2946.39442650418;3437.96925;['temperature']
2026-02-16 17:00:00;3566.4278573916163;5117.6485;['temperature']
2026-02-16 18:00:00;3987.2750700243178;5031.2195;['temperature']
2026-02-16 19:00:00;3442.721940629046;5013.32925;['temperature']
2026-02-16 20:00:00;3877.141032590587;3950.84225;['temperature']
2026-02-16 21:00:00;4051.3083657710413;3260.27925;['temperature']
2026-02-16 22:00:00;3077.482755650477;3727.6415;['temperature']
2026-02-16 23:00:00;3142.273296998088;2914.66625;['temperature']
2026-02-17 00:00:00;3442.2918474316675;3134.171;['temperature']
2026-02-17 01:00:00;3606.266969311021;2905.419;['temperature']
2026-02-17 02:00:00;3396.5312292209883;3407.01775;['temperature']
2026-02-17 03:00:00;3290.218942314038;2895.731;['temperature']
2026-02-17 04:00:00;3358.295554255844;3551.5375;['temperature']
2026-02-17 05:00:00;3486.6135249594563;3038.49075;['temperature']
2026-02-17 06:00:00;3540.0411094578853;2865.9880000000003;['temperature']
2026-02-17 07:00:00;4052.131968082897;4217.9155;['temperature']
2026-02-17 08:00:00;3740.181933037271;4631.85375;['temperature']
2026-02-17 09:00:00;3714.6081957525307;5666.0205000000005;['temperature']
2026-02-17 10:00:00;3796.774993289535;3033.71925;['temperature']
2026-02-17 11:00:00;3969.783106912724;3668.54275;['temperature']
2026-02-17 12:00:00;3738.836775346512;3205.1977500000003;['temperature']
2026-02-17 13:00:00;3998.470504382535;3569.85825;['temperature']
2026-02-17 14:00:00;3878.017286614274;4546.28325;['temperature']
2026-02-17 15:00:00;3835.1047735962534;3355.98275;['temperature']
2026-02-17 16:00:00;4156.687965798701;3155.60275;['temperature']
2026-02-17 17:00:00;4512.775883836444;3948.281;['temperature']
2026-02-17 18:00:00;4966.691652013931;6586.86025;['temperature']
2026-02-17 19:00:00;3794.2109604679463;2688.89675;['temperature']
2026-02-17 20:00:00;4455.885315194295;4654.51275;['temperature']
2026-02-17 21:00:00;4282.200134455699;3142.6025;['temperature']
2026-02-17 22:00:00;3855.8478695178947;2652.804;['temperature']
2026-02-17 23:00:00;3762.021168403161;2618.7905;['temperature']
2026-02-18 00:00:00;2976.94920725486;3148.755;['temperature']
2026-02-18 01:00:00;3419.3650787516926;3693.88525;['temperature']
2026-02-18 02:00:00;2493.441854929377;2656.90925;['temperature']
2026-02-18 03:00:00;2681.0460741463903;2022.2365;['temperature']
2026-02-18 04:00:00;3281.159939036501;2714.6582499999995;['temperature']
2026-02-18 05:00:00;3444.1171454822456;3138.4825;['temperature']
2026-02-18 06:00:00;3724.61478420142;3251.8665;['temperature']
2026-02-18 07:00:00;3477.2056969242;3767.39;['temperature']
2026-02-18 08:00:00;2781.3722548159103;3704.433;['temperature']
2026-02-18 09:00:00;4009.543181536409;4502.9775;['temperature']
2026-02-18 10:00:00;3863.4363910500597;2839.84175;['temperature']
2026-02-18 11:00:00;3789.119899898583;3027.432;['temperature']
2026-02-18 12:00:00;3769.533443640277;3523.302;['temperature']
2026-02-18 13:00:00;3574.81894157453;3065.7345000000005;['temperature']
2026-02-18 14:00:00;3774.2962209205075;3746.467;['temperature']
2026-02-18 15:00:00;3587.571509150038;3357.258;['temperature']
2026-02-18 16:00:00;3599.5079410785047;3739.85675;['temperature']
2026-02-18 17:00:00;5043.216696131212;5383.882;['temperature']
2026-02-18 18:00:00;4673.649399222602;5460.044;['temperature']
2026-02-18 19:00:00;3673.070173876036;3423.06;['temperature']
2026-02-18 20:00:00;3609.9992758860044;4988.140666666666;['temperature']
2026-02-18 21:00:00;3610.1505730933022;3943.082;['temperature']
2026-02-18 22:00:00;3764.464936973826;3280.73875;['temperature']
2026-02-18 23:00:00;4219.176410076719;4189.85225;['temperature']
2026-02-19 00:00:00;3816.6809603094957;3798.69625;['temperature']
2026-02-19 01:00:00;3759.829611888187;3470.1565;['temperature']
2026-02-19 02:00:00;3469.1382442208246;3887.978;['temperature']
2026-02-19 03:00:00;3440.438408953635;3463.55225;['temperature']
2026-02-19 04:00:00;3087.18469943304;3694.54025;['temperature']
2026-02-19 05:00:00;3009.8683659081707;4024.671;['temperature']
2026-02-19 06:00:00;3812.0193033548617;3976.81075;['temperature']
2026-02-19 07:00:00;3547.98250766391;4254.63175;['temperature']
2026-02-19 08:00:00;3729.9437213222027;5451.65625;['temperature']
2026-02-19 09:00:00;4310.873435258258;4617.72725;['temperature']
2026-02-19 10:00:00;3677.457413319583;4048.07275;['temperature']
2026-02-19 11:00:00;3745.8206163109758;4006.33275;['temperature']
2026-02-19 12:00:00;3555.9824101762715;2886.07425;['temperature']
2026-02-19 13:00:00;3450.828939494035;3151.84075;['temperature']
2026-02-19 14:00:00;3849.9306316902066;2118.81075;['temperature']
2026-02-19 15:00:00;3777.2024133466994;2872.442;['temperature']
2026-02-19 16:00:00;3872.9850999146865;3774.00675;['temperature']
2026-02-19 17:00:00;4884.735747088209;5136.79725;['temperature']
2026-02-19 18:00:00;5005.518602222999;5757.4375;['temperature']
2026-02-19 19:00:00;3924.1484982886277;2808.28475;['temperature']
2026-02-19 20:00:00;4253.6667775408205;4316.30025;['temperature']
2026-02-19 21:00:00;3906.5213220217515;4116.61075;['temperature']
2026-02-19 22:00:00;4014.4747561590348;3227.96925;['temperature']
2026-02-19 23:00:00;3926.720958622009;3393.52525;['temperature']
2026-02-20 00:00:00;3526.4328946025985;3867.99625;['temperature']
2026-02-20 01:00:00;3777.574114878947;3100.64225;['temperature']
2026-02-20 02:00:00;3344.843463647391;2828.1715;['temperature']
2026-02-20 03:00:00;3586.7102973427554;4158.9235;['temperature']
2026-02-20 04:00:00;3427.765133266199;3933.11075;['temperature']
2026-02-20 05:00:00;3620.432533916599;3965.08175;['temperature']
2026-02-20 06:00:00;3698.8670051243516;3080.9115;['temperature']
2026-02-20 07:00:00;4072.8252394824653;4425.24725;['temperature']
2026-02-20 08:00:00;3692.362345073864;5264.822999999999;['temperature']
2026-02-20 09:00:00;4331.367481598459;3476.0955;['temperature']
2026-02-20 10:00:00;3802.194466062823;3282.589;['temperature']
2026-02-20 11:00:00;3762.104931765627;3600.80525;['temperature']
2026-02-20 12:00:00;3628.151492244159;4432.64325;['temperature']
2026-02-20 13:00:00;3564.2559574340517;2361.1320000000005;['temperature']
2026-02-20 14:00:00;3718.1427569025227;1551.0443333333333;['temperature']
2026-02-20 15:00:00;3493.580339819826;2872.442;['temperature']
2026-02-20 16:00:00;3758.221498010872;3774.00675;['temperature']
2026-02-20 17:00:00;4170.967468271485;5136.79725;['temperature']
2026-02-20 18:00:00;5156.989676739948;5177.334;['temperature']
2026-02-20 19:00:00;3831.781958036608;5452.91475;['temperature']
2026-02-20 20:00:00;4356.995707852465;5548.0960000000005;['temperature']
2026-02-20 21:00:00;4109.407727670958;4351.4605;['temperature']
2026-02-20 22:00:00;3587.67480544934;4562.4445;['temperature']
2026-02-20 23:00:00;3688.308647208191;3240.04275;['temperature']
2026-02-10 00:00:00;2803.6708877707088;2312.257;['wind_speed', 'pressure']
2026-02-10 01:00:00;2869.5370747503785;2445.75475;['wind_speed', 'pressure']
2026-02-10 02:00:00;2624.874432019151;2738.38875;['wind_speed', 'pressure']
2026-02-10 03:00:00;2434.560837859638;2507.56425;['wind_speed', 'pressure']
2026-02-10 04:00:00;2372.5301200589915;2972.28575;['wind_speed', 'pressure']
2026-02-10 05:00:00;2614.490104243251;2894.95425;['wind_speed', 'pressure']
2026-02-10 06:00:00;2526.8029539837316;3762.406;['wind_speed', 'pressure']
2026-02-10 07:00:00;2740.0538494407783;2580.2795;['wind_speed', 'pressure']
2026-02-10 08:00:00;2863.140342985458;4036.3455;['wind_speed', 'pressure']
2026-02-10 09:00:00;2764.9083651497713;3671.19375;['wind_speed', 'pressure']
2026-02-10 10:00:00;2839.8830618936986;2416.94175;['wind_speed', 'pressure']
2026-02-10 11:00:00;2478.365377439738;2677.89175;['wind_speed', 'pressure']
2026-02-10 12:00:00;2495.3813978636745;1806.73475;['wind_speed', 'pressure']
2026-02-10 13:00:00;2641.945894764218;3154.1665;['wind_speed', 'pressure']
2026-02-10 14:00:00;2778.0894928485195;2227.19575;['wind_speed', 'pressure']
2026-02-10 15:00:00;2508.0288737527135;2543.43525;['wind_speed', 'pressure']
2026-02-10 16:00:00;2938.1227702903325;2576.265;['wind_speed', 'pressure']
2026-02-10 17:00:00;4174.7378829039135;5342.617;['wind_speed', 'pressure']
2026-02-10 18:00:00;4008.6149235215735;5926.32475;['wind_speed', 'pressure']
2026-02-10 19:00:00;3068.3331411343006;3875.02825;['wind_speed', 'pressure']
2026-02-10 20:00:00;3377.2766174194585;4273.53175;['wind_speed', 'pressure']
2026-02-10 21:00:00;3013.438707944575;2881.09475;['wind_speed', 'pressure']
2026-02-10 22:00:00;2821.7978788504033;2286.139;['wind_speed', 'pressure']
2026-02-10 23:00:00;2562.714896670375;3057.192;['wind_speed', 'pressure']
2026-02-11 00:00:00;2675.336643920674;2366.50825;['wind_speed', 'pressure']
2026-02-11 01:00:00;2776.1105397742804;2711.8525;['wind_speed', 'pressure']
2026-02-11 02:00:00;2587.080740656988;2083.15775;['wind_speed', 'pressure']
2026-02-11 03:00:00;2400.684063411397;2465.2165000000005;['wind_speed', 'pressure']
2026-02-11 04:00:00;2416.4027986020037;2897.0037500000003;['wind_speed', 'pressure']
2026-02-11 05:00:00;2473.522858480919;2676.7915000000003;['wind_speed', 'pressure']
2026-02-11 06:00:00;2718.4167123277393;2365.58925;['wind_speed', 'pressure']
2026-02-11 07:00:00;2645.145487790749;3238.81225;['wind_speed', 'pressure']
2026-02-11 08:00:00;2928.820835931113;2706.17225;['wind_speed', 'pressure']
2026-02-11 09:00:00;2901.689877489715;3475.922;['wind_speed', 'pressure']
2026-02-11 10:00:00;2809.847312671548;2244.5915;['wind_speed', 'pressure']
2026-02-11 11:00:00;2729.3583044735947;2952.637;['wind_speed', 'pressure']
2026-02-11 12:00:00;2569.888054503505;1686.3925;['wind_speed', 'pressure']
2026-02-11 13:00:00;2673.4154147844088;3154.1665;['wind_speed', 'pressure']
2026-02-11 14:00:00;2514.530107229607;2227.19575;['wind_speed', 'pressure']
2026-02-11 15:00:00;2742.450401279496;2543.43525;['wind_speed', 'pressure']
2026-02-11 16:00:00;3130.6306012315986;2576.265;['wind_speed', 'pressure']
2026-02-11 17:00:00;3994.380377967525;1333.5;['wind_speed', 'pressure']
2026-02-11 18:00:00;4312.654285122412;3750.33275;['wind_speed', 'pressure']
2026-02-11 19:00:00;2967.7123276432994;3982.69175;['wind_speed', 'pressure']
2026-02-11 20:00:00;3701.9499696498606;3578.161;['wind_speed', 'pressure']
2026-02-11 21:00:00;3077.113201312017;2482.21025;['wind_speed', 'pressure']
2026-02-11 22:00:00;2751.960542970407;2358.59375;['wind_speed', 'pressure']
2026-02-11 23:00:00;2941.9526979399443;2322.409;['wind_speed', 'pressure']
2026-02-12 00:00:00;2541.248486457317;2297.366;['wind_speed', 'pressure']
2026-02-12 01:00:00;2519.016162850723;2377.4665;['wind_speed', 'pressure']
2026-02-12 02:00:00;2617.347013057723;1861.1955;['wind_speed', 'pressure']
2026-02-12 03:00:00;2578.965762336737;1835.98825;['wind_speed', 'pressure']
2026-02-12 04:00:00;2561.114713114521;1987.42975;['wind_speed', 'pressure']
2026-02-12 05:00:00;2670.5106174509206;2928.504;['wind_speed', 'pressure']
2026-02-12 06:00:00;2507.4929667605356;2122.81;['wind_speed', 'pressure']
2026-02-12 07:00:00;2873.398161608356;2338.194;['wind_speed', 'pressure']
2026-02-12 08:00:00;2817.1989109345486;1348.37875;['wind_speed', 'pressure']
2026-02-12 09:00:00;2834.151867222722;928.61625;['wind_speed', 'pressure']
2026-02-12 10:00:00;2505.575526751992;2329.8340000000003;['wind_speed', 'pressure']
2026-02-12 11:00:00;2692.724017682318;1817.92825;['wind_speed', 'pressure']
2026-02-12 12:00:00;2535.701095973982;3735.537;['wind_speed', 'pressure']
2026-02-12 13:00:00;2710.1879371373707;2596.203;['wind_speed', 'pressure']
2026-02-12 14:00:00;2478.5162173902872;2194.61975;['wind_speed', 'pressure']
2026-02-12 15:00:00;2622.8033116822285;1834.60225;['wind_speed', 'pressure']
2026-02-12 16:00:00;2940.619075052524;2180.3565;['wind_speed', 'pressure']
2026-02-12 17:00:00;3402.9620098977102;3746.30075;['wind_speed', 'pressure']
2026-02-12 18:00:00;3570.310307015765;4982.87875;['wind_speed', 'pressure']
2026-02-12 19:00:00;2748.1832252630356;3386.71775;['wind_speed', 'pressure']
2026-02-12 20:00:00;3361.4860758650257;3613.59775;['wind_speed', 'pressure']
2026-02-12 21:00:00;3051.3020504501205;3065.22725;['wind_speed', 'pressure']
2026-02-12 22:00:00;2971.605449142626;2475.28875;['wind_speed', 'pressure']
2026-02-12 23:00:00;2637.9241360695287;2045.159;['wind_speed', 'pressure']
2026-02-13 00:00:00;2117.900987700049;2855.48325;['wind_speed', 'pressure']
2026-02-13 01:00:00;2372.5983896572557;2102.1375;['wind_speed', 'pressure']
2026-02-13 02:00:00;2099.7496099184987;2721.5535;['wind_speed', 'pressure']
2026-02-13 03:00:00;1875.439900265333;2265.05425;['wind_speed', 'pressure']
2026-02-13 04:00:00;1890.770880733839;2724.386;['wind_speed', 'pressure']
2026-02-13 05:00:00;2363.707257295592;1950.27;['wind_speed', 'pressure']
2026-02-13 06:00:00;2196.0257983071624;2676.27525;['wind_speed', 'pressure']
2026-02-13 07:00:00;2446.1157480332067;1876.716;['wind_speed', 'pressure']
2026-02-13 08:00:00;2657.7989935108976;3155.0185;['wind_speed', 'pressure']
2026-02-13 09:00:00;2488.12497482593;3419.00525;['wind_speed', 'pressure']
2026-02-13 10:00:00;2766.298957099739;2633.61775;['wind_speed', 'pressure']
2026-02-13 11:00:00;2693.36782766889;3832.5985;['wind_speed', 'pressure']
2026-02-13 12:00:00;2828.5021667306423;2113.4985;['wind_speed', 'pressure']
2026-02-13 13:00:00;2608.7806007447493;2406.8145;['wind_speed', 'pressure']
2026-02-13 14:00:00;2461.1994198764887;2225.23925;['wind_speed', 'pressure']
2026-02-13 15:00:00;2424.086626123273;2112.819;['wind_speed', 'pressure']
2026-02-13 16:00:00;2675.6935343496007;2119.783;['wind_speed', 'pressure']
2026-02-13 17:00:00;4423.223404014214;2762.934;['wind_speed', 'pressure']
2026-02-13 18:00:00;4031.091478140242;3519.851;['wind_speed', 'pressure']
2026-02-13 19:00:00;2604.0391486744034;3490.8465;['wind_speed', 'pressure']
2026-02-13 20:00:00;3197.297202652567;3538.6712499999994;['wind_speed', 'pressure']
2026-02-13 21:00:00;2934.93818795393;3449.1785;['wind_speed', 'pressure']
2026-02-13 22:00:00;2646.7789163791354;2324.8065;['wind_speed', 'pressure']
2026-02-13 23:00:00;2214.986812741767;3431.5795;['wind_speed', 'pressure']
2026-02-14 00:00:00;2917.9210845251805;2411.443;['wind_speed', 'pressure']
2026-02-14 01:00:00;2735.1231988050745;2943.3845;['wind_speed', 'pressure']
2026-02-14 02:00:00;2735.4024102364974;2579.4275;['wind_speed', 'pressure']
2026-02-14 03:00:00;2522.3270735112283;2204.52425;['wind_speed', 'pressure']
2026-02-14 04:00:00;2499.088033003186;2660.8965000000003;['wind_speed', 'pressure']
2026-02-14 05:00:00;2416.7575140258127;3597.15675;['wind_speed', 'pressure']
2026-02-14 06:00:00;2756.6771517299903;2461.59075;['wind_speed', 'pressure']
2026-02-14 07:00:00;2516.331595587288;2936.82475;['wind_speed', 'pressure']
2026-02-14 08:00:00;2835.691017639798;2971.81825;['wind_speed', 'pressure']
2026-02-14 09:00:00;2926.318959945807;2900.61125;['wind_speed', 'pressure']
2026-02-14 10:00:00;2770.936850545433;2713.67975;['wind_speed', 'pressure']
2026-02-14 11:00:00;3564.95381126457;2756.77525;['wind_speed', 'pressure']
2026-02-14 12:00:00;2724.117648575509;3727.64475;['wind_speed', 'pressure']
2026-02-14 13:00:00;2934.6761022157316;2757.3445;['wind_speed', 'pressure']
2026-02-14 14:00:00;2493.2962052444177;3371.52475;['wind_speed', 'pressure']
2026-02-14 15:00:00;2846.1778124339744;3231.48225;['wind_speed', 'pressure']
2026-02-14 16:00:00;3037.900964527991;4488.084;['wind_speed', 'pressure']
2026-02-14 17:00:00;3865.972301664511;5352.45;['wind_speed', 'pressure']
2026-02-14 18:00:00;4123.273845314199;6210.828;['wind_speed', 'pressure']
2026-02-14 19:00:00;3218.108884086817;1903.77525;['wind_speed', 'pressure']
2026-02-14 20:00:00;3176.057019496253;2630.102;['wind_speed', 'pressure']
2026-02-14 21:00:00;2881.373816576789;4245.20475;['wind_speed', 'pressure']
2026-02-14 22:00:00;2925.763826944558;3723.198;['wind_speed', 'pressure']
2026-02-14 23:00:00;2831.3408211516976;3729.623;['wind_speed', 'pressure']
2026-02-15 00:00:00;3220.157493526212;3933.857;['wind_speed', 'pressure']
2026-02-15 01:00:00;3302.079110755221;3709.625;['wind_speed', 'pressure']
2026-02-15 02:00:00;3015.6143593647844;3698.68875;['wind_speed', 'pressure']
2026-02-15 03:00:00;2841.783010946798;3668.341;['wind_speed', 'pressure']
2026-02-15 04:00:00;2786.9463919462733;3783.91125;['wind_speed', 'pressure']
2026-02-15 05:00:00;2942.3426722856525;3444.12875;['wind_speed', 'pressure']
2026-02-15 06:00:00;2768.2183387777354;4090.44675;['wind_speed', 'pressure']
2026-02-15 07:00:00;3071.6731526618346;4660.0415;['wind_speed', 'pressure']
2026-02-15 08:00:00;2979.251997525026;3879.998;['wind_speed', 'pressure']
2026-02-15 09:00:00;3165.009500613348;4359.39175;['wind_speed', 'pressure']
2026-02-15 10:00:00;3085.9603777279044;5136.501;['wind_speed', 'pressure']
2026-02-15 11:00:00;3156.977590128403;4608.921;['wind_speed', 'pressure']
2026-02-15 12:00:00;2893.693511608176;3958.311;['wind_speed', 'pressure']
2026-02-15 13:00:00;3217.326097433326;2757.3445;['wind_speed', 'pressure']
2026-02-15 14:00:00;3177.9947063961845;3371.52475;['wind_speed', 'pressure']
2026-02-15 15:00:00;3261.252863650391;3231.48225;['wind_speed', 'pressure']
2026-02-15 16:00:00;3384.4666160792603;5022.667;['wind_speed', 'pressure']
2026-02-15 17:00:00;3839.2685073502876;3789.986;['wind_speed', 'pressure']
2026-02-15 18:00:00;4370.6881485517615;1972.2715;['wind_speed', 'pressure']
2026-02-15 19:00:00;3643.6671189652916;1211.72575;['wind_speed', 'pressure']
2026-02-15 20:00:00;3329.683014862885;2768.893;['wind_speed', 'pressure']
2026-02-15 21:00:00;3436.9798171300545;4284.85;['wind_speed', 'pressure']
2026-02-15 22:00:00;3039.5511050814857;3674.49175;['wind_speed', 'pressure']
2026-02-15 23:00:00;2753.2996608605868;3857.04075;['wind_speed', 'pressure']
2026-02-16 00:00:00;2821.3683892846075;4270.74175;['wind_speed', 'pressure']
2026-02-16 01:00:00;3264.1349624832983;4172.0475;['wind_speed', 'pressure']
2026-02-16 02:00:00;2831.794222698578;4192.84925;['wind_speed', 'pressure']
2026-02-16 03:00:00;2929.452595412997;4297.218;['wind_speed', 'pressure']
2026-02-16 04:00:00;2755.02928693788;3792.167;['wind_speed', 'pressure']
2026-02-16 05:00:00;2873.1467129936077;3905.2105;['wind_speed', 'pressure']
2026-02-16 06:00:00;2971.6063694263003;4322.625;['wind_speed', 'pressure']
2026-02-16 07:00:00;3138.3730602874884;5897.072;['wind_speed', 'pressure']
2026-02-16 08:00:00;3244.375442930265;2816.22675;['wind_speed', 'pressure']
2026-02-16 09:00:00;3564.826905168443;3726.25825;['wind_speed', 'pressure']
2026-02-16 10:00:00;3265.4094755950728;3709.35825;['wind_speed', 'pressure']
2026-02-16 11:00:00;3343.16550462166;4097.0225;['wind_speed', 'pressure']
2026-02-16 12:00:00;3145.1016170341245;4383.431500000001;['wind_speed', 'pressure']
2026-02-16 13:00:00;3413.814633832843;3789.0565;['wind_speed', 'pressure']
2026-02-16 14:00:00;3123.370864573052;4607.666;['wind_speed', 'pressure']
2026-02-16 15:00:00;3178.945719479751;4367.22325;['wind_speed', 'pressure']
2026-02-16 16:00:00;2526.7238332424613;3437.96925;['wind_speed', 'pressure']
2026-02-16 17:00:00;4124.058808319351;5117.6485;['wind_speed', 'pressure']
2026-02-16 18:00:00;4577.954467607326;5031.2195;['wind_speed', 'pressure']
2026-02-16 19:00:00;3528.580287568133;5013.32925;['wind_speed', 'pressure']
2026-02-16 20:00:00;3758.3910783669544;3950.84225;['wind_speed', 'pressure']
2026-02-16 21:00:00;3976.661545702682;3260.27925;['wind_speed', 'pressure']
2026-02-16 22:00:00;3097.08263968368;3727.6415;['wind_speed', 'pressure']
2026-02-16 23:00:00;3081.288801358287;2914.66625;['wind_speed', 'pressure']
2026-02-17 00:00:00;3207.3277971386988;3134.171;['wind_speed', 'pressure']
2026-02-17 01:00:00;3356.8846527216656;2905.419;['wind_speed', 'pressure']
2026-02-17 02:00:00;3163.5711691013594;3407.01775;['wind_speed', 'pressure']
2026-02-17 03:00:00;3100.134122520337;2895.731;['wind_speed', 'pressure']
2026-02-17 04:00:00;3223.130114650131;3551.5375;['wind_speed', 'pressure']
2026-02-17 05:00:00;3447.4731021384114;3038.49075;['wind_speed', 'pressure']
2026-02-17 06:00:00;3466.5628837498775;2865.9880000000003;['wind_speed', 'pressure']
2026-02-17 07:00:00;3785.824411930553;4217.9155;['wind_speed', 'pressure']
2026-02-17 08:00:00;3602.649187675943;4631.85375;['wind_speed', 'pressure']
2026-02-17 09:00:00;3680.2290453619057;5666.0205000000005;['wind_speed', 'pressure']
2026-02-17 10:00:00;4055.075633395736;3033.71925;['wind_speed', 'pressure']
2026-02-17 11:00:00;4098.119975198857;3668.54275;['wind_speed', 'pressure']
2026-02-17 12:00:00;3586.339853807205;3205.1977500000003;['wind_speed', 'pressure']
2026-02-17 13:00:00;3911.2719341310703;3569.85825;['wind_speed', 'pressure']
2026-02-17 14:00:00;3629.7991202629555;4546.28325;['wind_speed', 'pressure']
2026-02-17 15:00:00;3563.407256201234;3355.98275;['wind_speed', 'pressure']
2026-02-17 16:00:00;4206.54279367956;3155.60275;['wind_speed', 'pressure']
2026-02-17 17:00:00;4628.046281022724;3948.281;['wind_speed', 'pressure']
2026-02-17 18:00:00;4443.631349279556;6586.86025;['wind_speed', 'pressure']
2026-02-17 19:00:00;3384.810478290212;2688.89675;['wind_speed', 'pressure']
2026-02-17 20:00:00;4485.990616097615;4654.51275;['wind_speed', 'pressure']
2026-02-17 21:00:00;4307.094658076305;3142.6025;['wind_speed', 'pressure']
2026-02-17 22:00:00;3809.204833629223;2652.804;['wind_speed', 'pressure']
2026-02-17 23:00:00;3845.7779127879267;2618.7905;['wind_speed', 'pressure']
2026-02-18 00:00:00;2881.931323954079;3148.755;['wind_speed', 'pressure']
2026-02-18 01:00:00;3088.2713592692708;3693.88525;['wind_speed', 'pressure']
2026-02-18 02:00:00;2727.7310089821112;2656.90925;['wind_speed', 'pressure']
2026-02-18 03:00:00;3059.2495043221716;2022.2365;['wind_speed', 'pressure']
2026-02-18 04:00:00;3213.452480540407;2714.6582499999995;['wind_speed', 'pressure']
2026-02-18 05:00:00;3397.534847203437;3138.4825;['wind_speed', 'pressure']
2026-02-18 06:00:00;3623.408149679936;3251.8665;['wind_speed', 'pressure']
2026-02-18 07:00:00;3205.1060265140436;3767.39;['wind_speed', 'pressure']
2026-02-18 08:00:00;3371.1672529848556;3704.433;['wind_speed', 'pressure']
2026-02-18 09:00:00;3546.1949454524247;4502.9775;['wind_speed', 'pressure']
2026-02-18 10:00:00;3860.8848621193956;2839.84175;['wind_speed', 'pressure']
2026-02-18 11:00:00;3757.050090938622;3027.432;['wind_speed', 'pressure']
2026-02-18 12:00:00;3785.5114404664487;3523.302;['wind_speed', 'pressure']
2026-02-18 13:00:00;3621.9059738926453;3065.7345000000005;['wind_speed', 'pressure']
2026-02-18 14:00:00;3847.1936208228512;3746.467;['wind_speed', 'pressure']
2026-02-18 15:00:00;3512.8474262032605;3357.258;['wind_speed', 'pressure']
2026-02-18 16:00:00;3751.8471096270887;3739.85675;['wind_speed', 'pressure']
2026-02-18 17:00:00;4756.974325525744;5383.882;['wind_speed', 'pressure']
2026-02-18 18:00:00;3937.429174842109;5460.044;['wind_speed', 'pressure']
2026-02-18 19:00:00;3460.230818407286;3423.06;['wind_speed', 'pressure']
2026-02-18 20:00:00;3558.9484946360044;4988.140666666666;['wind_speed', 'pressure']
2026-02-18 21:00:00;3520.1948846167397;3943.082;['wind_speed', 'pressure']
2026-02-18 22:00:00;3760.17173934199;3280.73875;['wind_speed', 'pressure']
2026-02-18 23:00:00;3905.9393800474218;4189.85225;['wind_speed', 'pressure']
2026-02-19 00:00:00;3916.6101595282457;3798.69625;['wind_speed', 'pressure']
2026-02-19 01:00:00;3887.3079901840856;3470.1565;['wind_speed', 'pressure']
2026-02-19 02:00:00;3477.8711848946527;3887.978;['wind_speed', 'pressure']
2026-02-19 03:00:00;3624.4631739682836;3463.55225;['wind_speed', 'pressure']
2026-02-19 04:00:00;3330.3617283274643;3694.54025;['wind_speed', 'pressure']
2026-02-19 05:00:00;3451.9563461785565;4024.671;['wind_speed', 'pressure']
2026-02-19 06:00:00;3819.5675516458773;3976.81075;['wind_speed', 'pressure']
2026-02-19 07:00:00;3848.439065891449;4254.63175;['wind_speed', 'pressure']
2026-02-19 08:00:00;4182.7466931621075;5451.65625;['wind_speed', 'pressure']
2026-02-19 09:00:00;3979.030661820758;4617.72725;['wind_speed', 'pressure']
2026-02-19 10:00:00;3834.1913229265165;4048.07275;['wind_speed', 'pressure']
2026-02-19 11:00:00;3968.480101174257;4006.33275;['wind_speed', 'pressure']
2026-02-19 12:00:00;3521.193599446291;2886.07425;['wind_speed', 'pressure']
2026-02-19 13:00:00;3602.397344645402;3151.84075;['wind_speed', 'pressure']
2026-02-19 14:00:00;3812.5473461677457;2118.81075;['wind_speed', 'pressure']
2026-02-19 15:00:00;3803.8115594648634;2872.442;['wind_speed', 'pressure']
2026-02-19 16:00:00;3678.1536866456436;3774.00675;['wind_speed', 'pressure']
2026-02-19 17:00:00;4646.249449480787;5136.79725;['wind_speed', 'pressure']
2026-02-19 18:00:00;5334.6847246595225;5757.4375;['wind_speed', 'pressure']
2026-02-19 19:00:00;4055.521045438286;2808.28475;['wind_speed', 'pressure']
2026-02-19 20:00:00;3958.6086034075197;4316.30025;['wind_speed', 'pressure']
2026-02-19 21:00:00;4259.792157898217;4116.61075;['wind_speed', 'pressure']
2026-02-19 22:00:00;4019.037317194191;3227.96925;['wind_speed', 'pressure']
2026-02-19 23:00:00;3973.9109305458373;3393.52525;['wind_speed', 'pressure']
2026-02-20 00:00:00;3467.1511105449813;3867.99625;['wind_speed', 'pressure']
2026-02-20 01:00:00;3543.610163768107;3100.64225;['wind_speed', 'pressure']
2026-02-20 02:00:00;3413.669994103934;2828.1715;['wind_speed', 'pressure']
2026-02-20 03:00:00;3300.7484977211734;4158.9235;['wind_speed', 'pressure']
2026-02-20 04:00:00;3449.7336314961794;3933.11075;['wind_speed', 'pressure']
2026-02-20 05:00:00;3528.373331722385;3965.08175;['wind_speed', 'pressure']
2026-02-20 06:00:00;3567.309925809166;3080.9115;['wind_speed', 'pressure']
2026-02-20 07:00:00;3923.2791731982857;4425.24725;['wind_speed', 'pressure']
2026-02-20 08:00:00;3705.4184134942743;5264.822999999999;['wind_speed', 'pressure']
2026-02-20 09:00:00;3729.089771637521;3476.0955;['wind_speed', 'pressure']
2026-02-20 10:00:00;4005.5729259932427;3282.589;['wind_speed', 'pressure']
2026-02-20 11:00:00;3852.1133126555196;3600.80525;['wind_speed', 'pressure']
2026-02-20 12:00:00;3726.5676089586364;4432.64325;['wind_speed', 'pressure']
2026-02-20 13:00:00;3525.9015949462587;2361.1320000000005;['wind_speed', 'pressure']
2026-02-20 14:00:00;3530.175429784603;1551.0443333333333;['wind_speed', 'pressure']
2026-02-20 15:00:00;3423.3647331303728;2872.442;['wind_speed', 'pressure']
2026-02-20 16:00:00;3596.662332056282;3774.00675;['wind_speed', 'pressure']
2026-02-20 17:00:00;4479.226173410645;5136.79725;['wind_speed', 'pressure']
2026-02-20 18:00:00;5156.131884839313;5177.334;['wind_speed', 'pressure']
2026-02-20 19:00:00;3770.93329470653;5452.91475;['wind_speed', 'pressure']
2026-02-20 20:00:00;4440.306376797777;5548.0960000000005;['wind_speed', 'pressure']
2026-02-20 21:00:00;3932.695393991759;4351.4605;['wind_speed', 'pressure']
2026-02-20 22:00:00;3386.427231596801;4562.4445;['wind_speed', 'pressure']
2026-02-20 23:00:00;3548.7830467748413;3240.04275;['wind_speed', 'pressure']
2026-02-10 00:00:00;2851.7798889303767;2312.257;['wind_speed', 'precipitation']
2026-02-10 01:00:00;2854.7937348541764;2445.75475;['wind_speed', 'precipitation']
2026-02-10 02:00:00;2511.8726467408305;2738.38875;['wind_speed', 'precipitation']
2026-02-10 03:00:00;2428.8782015986517;2507.56425;['wind_speed', 'precipitation']
2026-02-10 04:00:00;2308.7821790418407;2972.28575;['wind_speed', 'precipitation']
2026-02-10 05:00:00;2608.2966828794206;2894.95425;['wind_speed', 'precipitation']
2026-02-10 06:00:00;2587.32820727963;3762.406;['wind_speed', 'precipitation']
2026-02-10 07:00:00;2698.6773874580513;2580.2795;['wind_speed', 'precipitation']
2026-02-10 08:00:00;2847.3816216338346;4036.3455;['wind_speed', 'precipitation']
2026-02-10 09:00:00;2741.521615882193;3671.19375;['wind_speed', 'precipitation']
2026-02-10 10:00:00;2802.9308142740697;2416.94175;['wind_speed', 'precipitation']
2026-02-10 11:00:00;2583.248735441447;2677.89175;['wind_speed', 'precipitation']
2026-02-10 12:00:00;2508.842976232815;1806.73475;['wind_speed', 'precipitation']
2026-02-10 13:00:00;2700.3203759653898;3154.1665;['wind_speed', 'precipitation']
2026-02-10 14:00:00;2731.4654121905605;2227.19575;['wind_speed', 'precipitation']
2026-02-10 15:00:00;2437.8903797379735;2543.43525;['wind_speed', 'precipitation']
2026-02-10 16:00:00;2961.9638347434575;2576.265;['wind_speed', 'precipitation']
2026-02-10 17:00:00;4297.574217132429;5342.617;['wind_speed', 'precipitation']
2026-02-10 18:00:00;4368.7736301866125;5926.32475;['wind_speed', 'precipitation']
2026-02-10 19:00:00;3137.5762212734608;3875.02825;['wind_speed', 'precipitation']
2026-02-10 20:00:00;3314.558908831812;4273.53175;['wind_speed', 'precipitation']
2026-02-10 21:00:00;2867.1884561745555;2881.09475;['wind_speed', 'precipitation']
2026-02-10 22:00:00;2836.8954359182744;2286.139;['wind_speed', 'precipitation']
2026-02-10 23:00:00;2587.661961070094;3057.192;['wind_speed', 'precipitation']
2026-02-11 00:00:00;2678.015713439717;2366.50825;['wind_speed', 'precipitation']
2026-02-11 01:00:00;2726.3308118384894;2711.8525;['wind_speed', 'precipitation']
2026-02-11 02:00:00;2630.749819483892;2083.15775;['wind_speed', 'precipitation']
2026-02-11 03:00:00;2338.4966435200395;2465.2165000000005;['wind_speed', 'precipitation']
2026-02-11 04:00:00;2414.8960370511004;2897.0037500000003;['wind_speed', 'precipitation']
2026-02-11 05:00:00;2561.396707872856;2676.7915000000003;['wind_speed', 'precipitation']
2026-02-11 06:00:00;2728.5714860398975;2365.58925;['wind_speed', 'precipitation']
2026-02-11 07:00:00;2656.3511915261006;3238.81225;['wind_speed', 'precipitation']
2026-02-11 08:00:00;2886.3242615292575;2706.17225;['wind_speed', 'precipitation']
2026-02-11 09:00:00;2910.216093996673;3475.922;['wind_speed', 'precipitation']
2026-02-11 10:00:00;2768.20337842167;2244.5915;['wind_speed', 'precipitation']
2026-02-11 11:00:00;2909.973386260704;2952.637;['wind_speed', 'precipitation']
2026-02-11 12:00:00;2916.488022460048;1686.3925;['wind_speed', 'precipitation']
2026-02-11 13:00:00;2841.68832013414;3154.1665;['wind_speed', 'precipitation']
2026-02-11 14:00:00;2353.1073777374195;2227.19575;['wind_speed', 'precipitation']
2026-02-11 15:00:00;2823.2129058571327;2543.43525;['wind_speed', 'precipitation']
2026-02-11 16:00:00;3144.6450513048408;2576.265;['wind_speed', 'precipitation']
2026-02-11 17:00:00;4031.2719413830523;1333.5;['wind_speed', 'precipitation']
2026-02-11 18:00:00;4179.200362850684;3750.33275;['wind_speed', 'precipitation']
2026-02-11 19:00:00;3203.2376763066295;3982.69175;['wind_speed', 'precipitation']
2026-02-11 20:00:00;3749.6826509242746;3578.161;['wind_speed', 'precipitation']
2026-02-11 21:00:00;3100.9804994382375;2482.21025;['wind_speed', 'precipitation']
2026-02-11 22:00:00;2789.1291945512176;2358.59375;['wind_speed', 'precipitation']
2026-02-11 23:00:00;3177.85055560596;2322.409;['wind_speed', 'precipitation']
2026-02-12 00:00:00;2510.8193482737233;2297.366;['wind_speed', 'precipitation']
2026-02-12 01:00:00;2584.6098295234297;2377.4665;['wind_speed', 'precipitation']
2026-02-12 02:00:00;2400.589746059432;1861.1955;['wind_speed', 'precipitation']
2026-02-12 03:00:00;2469.9399597244324;1835.98825;['wind_speed', 'precipitation']
2026-02-12 04:00:00;2411.5391439616888;1987.42975;['wind_speed', 'precipitation']
2026-02-12 05:00:00;2577.3264591257253;2928.504;['wind_speed', 'precipitation']
2026-02-12 06:00:00;2584.276215661903;2122.81;['wind_speed', 'precipitation']
2026-02-12 07:00:00;2743.2154643122135;2338.194;['wind_speed', 'precipitation']
2026-02-12 08:00:00;2874.478657943826;1348.37875;['wind_speed', 'precipitation']
2026-02-12 09:00:00;2807.2844584702807;928.61625;['wind_speed', 'precipitation']
2026-02-12 10:00:00;2580.509074725625;2329.8340000000003;['wind_speed', 'precipitation']
2026-02-12 11:00:00;2735.4601007130186;1817.92825;['wind_speed', 'precipitation']
2026-02-12 12:00:00;3014.471363460554;3735.537;['wind_speed', 'precipitation']
2026-02-12 13:00:00;3101.653879520183;2596.203;['wind_speed', 'precipitation']
2026-02-12 14:00:00;2236.728604475248;2194.61975;['wind_speed', 'precipitation']
2026-02-12 15:00:00;2665.175904608254;1834.60225;['wind_speed', 'precipitation']
2026-02-12 16:00:00;3003.231738321567;2180.3565;['wind_speed', 'precipitation']
2026-02-12 17:00:00;3447.1186642556204;3746.30075;['wind_speed', 'precipitation']
2026-02-12 18:00:00;3524.6251568692805;4982.87875;['wind_speed', 'precipitation']
2026-02-12 19:00:00;2383.8878151067856;3386.71775;['wind_speed', 'precipitation']
2026-02-12 20:00:00;3344.0692595112278;3613.59775;['wind_speed', 'precipitation']
2026-02-12 21:00:00;3053.7156933334213;3065.22725;['wind_speed', 'precipitation']
2026-02-12 22:00:00;2691.0430254365715;2475.28875;['wind_speed', 'precipitation']
2026-02-12 23:00:00;2462.9104813606664;2045.159;['wind_speed', 'precipitation']
2026-02-13 00:00:00;2118.0020237718263;2855.48325;['wind_speed', 'precipitation']
2026-02-13 01:00:00;2400.586596520659;2102.1375;['wind_speed', 'precipitation']
2026-02-13 02:00:00;2200.4692659090992;2721.5535;['wind_speed', 'precipitation']
2026-02-13 03:00:00;1940.9688461881847;2265.05425;['wind_speed', 'precipitation']
2026-02-13 04:00:00;1657.4678106654796;2724.386;['wind_speed', 'precipitation']
2026-02-13 05:00:00;2354.461184526427;1950.27;['wind_speed', 'precipitation']
2026-02-13 06:00:00;2440.502654538852;2676.27525;['wind_speed', 'precipitation']
2026-02-13 07:00:00;2391.0186372849157;1876.716;['wind_speed', 'precipitation']
2026-02-13 08:00:00;2860.89449827164;3155.0185;['wind_speed', 'precipitation']
2026-02-13 09:00:00;2549.7888694792505;3419.00525;['wind_speed', 'precipitation']
2026-02-13 10:00:00;2619.0498039625318;2633.61775;['wind_speed', 'precipitation']
2026-02-13 11:00:00;2527.6647541673033;3832.5985;['wind_speed', 'precipitation']
2026-02-13 12:00:00;2790.7638473336697;2113.4985;['wind_speed', 'precipitation']
2026-02-13 13:00:00;2645.521642405058;2406.8145;['wind_speed', 'precipitation']
2026-02-13 14:00:00;2883.6554945911494;2225.23925;['wind_speed', 'precipitation']
2026-02-13 15:00:00;2464.2194090593694;2112.819;['wind_speed', 'precipitation']
2026-02-13 16:00:00;2733.9415645353;2119.783;['wind_speed', 'precipitation']
2026-02-13 17:00:00;4564.268081748589;2762.934;['wind_speed', 'precipitation']
2026-02-13 18:00:00;3708.9313829253983;3519.851;['wind_speed', 'precipitation']
2026-02-13 19:00:00;2872.8063529590713;3490.8465;['wind_speed', 'precipitation']
2026-02-13 20:00:00;3342.4904246984656;3538.6712499999994;['wind_speed', 'precipitation']
2026-02-13 21:00:00;2975.018820163708;3449.1785;['wind_speed', 'precipitation']
2026-02-13 22:00:00;2702.3991913997347;2324.8065;['wind_speed', 'precipitation']
2026-02-13 23:00:00;2218.346614987861;3431.5795;['wind_speed', 'precipitation']
2026-02-14 00:00:00;2760.9481772204167;2411.443;['wind_speed', 'precipitation']
2026-02-14 01:00:00;2732.2640069105432;2943.3845;['wind_speed', 'precipitation']
2026-02-14 02:00:00;2796.3291833077865;2579.4275;['wind_speed', 'precipitation']
2026-02-14 03:00:00;2591.962800439939;2204.52425;['wind_speed', 'precipitation']
2026-02-14 04:00:00;2579.683049482678;2660.8965000000003;['wind_speed', 'precipitation']
2026-02-14 05:00:00;2301.0988769789988;3597.15675;['wind_speed', 'precipitation']
2026-02-14 06:00:00;2872.7934694790138;2461.59075;['wind_speed', 'precipitation']
2026-02-14 07:00:00;2353.0706855531084;2936.82475;['wind_speed', 'precipitation']
2026-02-14 08:00:00;2986.2802968146025;2971.81825;['wind_speed', 'precipitation']
2026-02-14 09:00:00;2588.7920129243225;2900.61125;['wind_speed', 'precipitation']
2026-02-14 10:00:00;2830.168379781273;2713.67975;['wind_speed', 'precipitation']
2026-02-14 11:00:00;3627.186904526289;2756.77525;['wind_speed', 'precipitation']
2026-02-14 12:00:00;2470.534915421212;3727.64475;['wind_speed', 'precipitation']
2026-02-14 13:00:00;2623.9844213075285;2757.3445;['wind_speed', 'precipitation']
2026-02-14 14:00:00;2465.560113630648;3371.52475;['wind_speed', 'precipitation']
2026-02-14 15:00:00;2622.0641191966697;3231.48225;['wind_speed', 'precipitation']
2026-02-14 16:00:00;2762.5698774155644;4488.084;['wind_speed', 'precipitation']
2026-02-14 17:00:00;3510.8652002240815;5352.45;['wind_speed', 'precipitation']
2026-02-14 18:00:00;3901.3361622087305;6210.828;['wind_speed', 'precipitation']
2026-02-14 19:00:00;2896.340962639063;1903.77525;['wind_speed', 'precipitation']
2026-02-14 20:00:00;3105.3993275406865;2630.102;['wind_speed', 'precipitation']
2026-02-14 21:00:00;2843.9551916988594;4245.20475;['wind_speed', 'precipitation']
2026-02-14 22:00:00;2593.743868448464;3723.198;['wind_speed', 'precipitation']
2026-02-14 23:00:00;2358.8865593719124;3729.623;['wind_speed', 'precipitation']
2026-02-15 00:00:00;3156.151977473966;3933.857;['wind_speed', 'precipitation']
2026-02-15 01:00:00;3247.843789710299;3709.625;['wind_speed', 'precipitation']
2026-02-15 02:00:00;2759.9412159779436;3698.68875;['wind_speed', 'precipitation']
2026-02-15 03:00:00;2609.1754479279994;3668.341;['wind_speed', 'precipitation']
2026-02-15 04:00:00;2639.0613287748865;3783.91125;['wind_speed', 'precipitation']
2026-02-15 05:00:00;2952.317190107918;3444.12875;['wind_speed', 'precipitation']
2026-02-15 06:00:00;2761.0851219198253;4090.44675;['wind_speed', 'precipitation']
2026-02-15 07:00:00;3022.3163869147643;4660.0415;['wind_speed', 'precipitation']
2026-02-15 08:00:00;2892.484602505495;3879.998;['wind_speed', 'precipitation']
2026-02-15 09:00:00;3025.1650525237483;4359.39175;['wind_speed', 'precipitation']
2026-02-15 10:00:00;3090.247509991088;5136.501;['wind_speed', 'precipitation']
2026-02-15 11:00:00;3179.9141265597154;4608.921;['wind_speed', 'precipitation']
2026-02-15 12:00:00;2944.761184337668;3958.311;['wind_speed', 'precipitation']
2026-02-15 13:00:00;2984.024438802955;2757.3445;['wind_speed', 'precipitation']
2026-02-15 14:00:00;2883.0548698941093;3371.52475;['wind_speed', 'precipitation']
2026-02-15 15:00:00;3247.632410769532;3231.48225;['wind_speed', 'precipitation']
2026-02-15 16:00:00;3263.172548696448;5022.667;['wind_speed', 'precipitation']
2026-02-15 17:00:00;3537.080007899604;3789.986;['wind_speed', 'precipitation']
2026-02-15 18:00:00;4355.248580985844;1972.2715;['wind_speed', 'precipitation']
2026-02-15 19:00:00;3080.444470344686;1211.72575;['wind_speed', 'precipitation']
2026-02-15 20:00:00;3419.5015115669867;2768.893;['wind_speed', 'precipitation']
2026-02-15 21:00:00;3463.5563933629646;4284.85;['wind_speed', 'precipitation']
2026-02-15 22:00:00;2939.2787032717933;3674.49175;['wind_speed', 'precipitation']
2026-02-15 23:00:00;2750.0086719384676;3857.04075;['wind_speed', 'precipitation']
2026-02-16 00:00:00;2798.015540516373;4270.74175;['wind_speed', 'precipitation']
2026-02-16 01:00:00;3273.447298451316;4172.0475;['wind_speed', 'precipitation']
2026-02-16 02:00:00;2852.50944028891;4192.84925;['wind_speed', 'precipitation']
2026-02-16 03:00:00;2932.9320494535245;4297.218;['wind_speed', 'precipitation']
2026-02-16 04:00:00;2782.5786262323136;3792.167;['wind_speed', 'precipitation']
2026-02-16 05:00:00;2844.250808452592;3905.2105;['wind_speed', 'precipitation']
2026-02-16 06:00:00;2962.222838332703;4322.625;['wind_speed', 'precipitation']
2026-02-16 07:00:00;2915.010908187879;5897.072;['wind_speed', 'precipitation']
2026-02-16 08:00:00;3215.8131164989904;2816.22675;['wind_speed', 'precipitation']
2026-02-16 09:00:00;3681.015946306138;3726.25825;['wind_speed', 'precipitation']
2026-02-16 10:00:00;3375.6923430267134;3709.35825;['wind_speed', 'precipitation']
2026-02-16 11:00:00;3343.223549055254;4097.0225;['wind_speed', 'precipitation']
2026-02-16 12:00:00;3078.9060298759214;4383.431500000001;['wind_speed', 'precipitation']
2026-02-16 13:00:00;3378.766963468463;3789.0565;['wind_speed', 'precipitation']
2026-02-16 14:00:00;3129.526191416314;4607.666;['wind_speed', 'precipitation']
2026-02-16 15:00:00;3135.2087962619776;4367.22325;['wind_speed', 'precipitation']
2026-02-16 16:00:00;2648.447893301055;3437.96925;['wind_speed', 'precipitation']
2026-02-16 17:00:00;4312.051571838638;5117.6485;['wind_speed', 'precipitation']
2026-02-16 18:00:00;4428.65613539297;5031.2195;['wind_speed', 'precipitation']
2026-02-16 19:00:00;3473.683936707537;5013.32925;['wind_speed', 'precipitation']
2026-02-16 20:00:00;3801.8750566384388;3950.84225;['wind_speed', 'precipitation']
2026-02-16 21:00:00;3977.0776528804163;3260.27925;['wind_speed', 'precipitation']
2026-02-16 22:00:00;3209.8045139207406;3727.6415;['wind_speed', 'precipitation']
2026-02-16 23:00:00;3128.314623044078;2914.66625;['wind_speed', 'precipitation']
2026-02-17 00:00:00;3306.2230512738306;3134.171;['wind_speed', 'precipitation']
2026-02-17 01:00:00;3403.406213390611;2905.419;['wind_speed', 'precipitation']
2026-02-17 02:00:00;3236.242922031047;3407.01775;['wind_speed', 'precipitation']
2026-02-17 03:00:00;3120.6448341902587;2895.731;['wind_speed', 'precipitation']
2026-02-17 04:00:00;3361.0967532151944;3551.5375;['wind_speed', 'precipitation']
2026-02-17 05:00:00;3508.4463019827717;3038.49075;['wind_speed', 'precipitation']
2026-02-17 06:00:00;3430.605532065307;2865.9880000000003;['wind_speed', 'precipitation']
2026-02-17 07:00:00;3783.5990396161;4217.9155;['wind_speed', 'precipitation']
2026-02-17 08:00:00;3625.7792535939116;4631.85375;['wind_speed', 'precipitation']
2026-02-17 09:00:00;3437.2873339361245;5666.0205000000005;['wind_speed', 'precipitation']
2026-02-17 10:00:00;4025.7878354678796;3033.71925;['wind_speed', 'precipitation']
2026-02-17 11:00:00;4163.038859476201;3668.54275;['wind_speed', 'precipitation']
2026-02-17 12:00:00;3776.217306657547;3205.1977500000003;['wind_speed', 'precipitation']
2026-02-17 13:00:00;3770.837459186002;3569.85825;['wind_speed', 'precipitation']
2026-02-17 14:00:00;3550.998861626481;4546.28325;['wind_speed', 'precipitation']
2026-02-17 15:00:00;3746.0210350308084;3355.98275;['wind_speed', 'precipitation']
2026-02-17 16:00:00;4108.3035511258495;3155.60275;['wind_speed', 'precipitation']
2026-02-17 17:00:00;4664.654545945819;3948.281;['wind_speed', 'precipitation']
2026-02-17 18:00:00;4553.946809484634;6586.86025;['wind_speed', 'precipitation']
2026-02-17 19:00:00;3514.001152118337;2688.89675;['wind_speed', 'precipitation']
2026-02-17 20:00:00;4412.751388802693;4654.51275;['wind_speed', 'precipitation']
2026-02-17 21:00:00;4211.222839533824;3142.6025;['wind_speed', 'precipitation']
2026-02-17 22:00:00;3661.959071757885;2652.804;['wind_speed', 'precipitation']
2026-02-17 23:00:00;3708.7517439646845;2618.7905;['wind_speed', 'precipitation']
2026-02-18 00:00:00;3153.4935569252702;3148.755;['wind_speed', 'precipitation']
2026-02-18 01:00:00;3333.471588914046;3693.88525;['wind_speed', 'precipitation']
2026-02-18 02:00:00;2719.5901703590644;2656.90925;['wind_speed', 'precipitation']
2026-02-18 03:00:00;3145.688675159574;2022.2365;['wind_speed', 'precipitation']
2026-02-18 04:00:00;3190.951702342165;2714.6582499999995;['wind_speed', 'precipitation']
2026-02-18 05:00:00;3375.0075072681343;3138.4825;['wind_speed', 'precipitation']
2026-02-18 06:00:00;3677.1585311496624;3251.8665;['wind_speed', 'precipitation']
2026-02-18 07:00:00;3496.3624428348444;3767.39;['wind_speed', 'precipitation']
2026-02-18 08:00:00;3389.660706964348;3704.433;['wind_speed', 'precipitation']
2026-02-18 09:00:00;3494.2076407649247;4502.9775;['wind_speed', 'precipitation']
2026-02-18 10:00:00;3841.2654620949816;2839.84175;['wind_speed', 'precipitation']
2026-02-18 11:00:00;3700.2995645103993;3027.432;['wind_speed', 'precipitation']
2026-02-18 12:00:00;3857.0868799195737;3523.302;['wind_speed', 'precipitation']
2026-02-18 13:00:00;3625.021325569586;3065.7345000000005;['wind_speed', 'precipitation']
2026-02-18 14:00:00;3788.223863742773;3746.467;['wind_speed', 'precipitation']
2026-02-18 15:00:00;3389.2784183297254;3357.258;['wind_speed', 'precipitation']
2026-02-18 16:00:00;3745.9240911715833;3739.85675;['wind_speed', 'precipitation']
2026-02-18 17:00:00;4859.604788172228;5383.882;['wind_speed', 'precipitation']
2026-02-18 18:00:00;4247.724523963203;5460.044;['wind_speed', 'precipitation']
2026-02-18 19:00:00;3688.0107408926374;3423.06;['wind_speed', 'precipitation']
2026-02-18 20:00:00;3703.4802939524106;4988.140666666666;['wind_speed', 'precipitation']
2026-02-18 21:00:00;3799.5268090552163;3943.082;['wind_speed', 'precipitation']
2026-02-18 22:00:00;3648.6688020250954;3280.73875;['wind_speed', 'precipitation']
2026-02-18 23:00:00;3902.381854412656;4189.85225;['wind_speed', 'precipitation']
2026-02-19 00:00:00;3802.457434308519;3798.69625;['wind_speed', 'precipitation']
2026-02-19 01:00:00;3913.4588996079137;3470.1565;['wind_speed', 'precipitation']
2026-02-19 02:00:00;3408.7738872261957;3887.978;['wind_speed', 'precipitation']
2026-02-19 03:00:00;3476.1860896176977;3463.55225;['wind_speed', 'precipitation']
2026-02-19 04:00:00;3381.0469736029618;3694.54025;['wind_speed', 'precipitation']
2026-02-19 05:00:00;3446.920377398039;4024.671;['wind_speed', 'precipitation']
2026-02-19 06:00:00;3861.119187388065;3976.81075;['wind_speed', 'precipitation']
2026-02-19 07:00:00;3895.211038547699;4254.63175;['wind_speed', 'precipitation']
2026-02-19 08:00:00;4414.31370976367;5451.65625;['wind_speed', 'precipitation']
2026-02-19 09:00:00;4276.973365067828;4617.72725;['wind_speed', 'precipitation']
2026-02-19 10:00:00;3877.55324614429;4048.07275;['wind_speed', 'precipitation']
2026-02-19 11:00:00;3944.9509568871476;4006.33275;['wind_speed', 'precipitation']
2026-02-19 12:00:00;3597.7395894365254;2886.07425;['wind_speed', 'precipitation']
2026-02-19 13:00:00;3762.1185498799296;3151.84075;['wind_speed', 'precipitation']
2026-02-19 14:00:00;3883.483747534933;2118.81075;['wind_speed', 'precipitation']
2026-02-19 15:00:00;3787.6682184004103;2872.442;['wind_speed', 'precipitation']
2026-02-19 16:00:00;3897.320366027968;3774.00675;['wind_speed', 'precipitation']
2026-02-19 17:00:00;4518.559298266187;5136.79725;['wind_speed', 'precipitation']
2026-02-19 18:00:00;5064.576005787452;5757.4375;['wind_speed', 'precipitation']
2026-02-19 19:00:00;3980.437274686333;2808.28475;['wind_speed', 'precipitation']
2026-02-19 20:00:00;3962.635954786914;4316.30025;['wind_speed', 'precipitation']
2026-02-19 21:00:00;3957.4972417452623;4116.61075;['wind_speed', 'precipitation']
2026-02-19 22:00:00;3744.171594537941;3227.96925;['wind_speed', 'precipitation']
2026-02-19 23:00:00;3689.757762821228;3393.52525;['wind_speed', 'precipitation']
2026-02-20 00:00:00;3357.9113568218368;3867.99625;['wind_speed', 'precipitation']
2026-02-20 01:00:00;3497.434969981486;3100.64225;['wind_speed', 'precipitation']
2026-02-20 02:00:00;3360.224755990531;2828.1715;['wind_speed', 'precipitation']
2026-02-20 03:00:00;3276.554413553693;4158.9235;['wind_speed', 'precipitation']
2026-02-20 04:00:00;3403.297001247156;3933.11075;['wind_speed', 'precipitation']
2026-02-20 05:00:00;3486.2061240044895;3965.08175;['wind_speed', 'precipitation']
2026-02-20 06:00:00;3511.8745963719102;3080.9115;['wind_speed', 'precipitation']
2026-02-20 07:00:00;3742.906156840864;4425.24725;['wind_speed', 'precipitation']
2026-02-20 08:00:00;3680.723627422497;5264.822999999999;['wind_speed', 'precipitation']
2026-02-20 09:00:00;3468.0522350164274;3476.0955;['wind_speed', 'precipitation']
2026-02-20 10:00:00;3988.929890104571;3282.589;['wind_speed', 'precipitation']
2026-02-20 11:00:00;3709.5872163115255;3600.80525;['wind_speed', 'precipitation']
2026-02-20 12:00:00;3610.212641841327;4432.64325;['wind_speed', 'precipitation']
2026-02-20 13:00:00;3576.1203144286806;2361.1320000000005;['wind_speed', 'precipitation']
2026-02-20 14:00:00;3657.1004871957966;1551.0443333333333;['wind_speed', 'precipitation']
2026-02-20 15:00:00;3569.1427358693254;2872.442;['wind_speed', 'precipitation']
2026-02-20 16:00:00;3706.3967833502275;3774.00675;['wind_speed', 'precipitation']
2026-02-20 17:00:00;4468.5162048437505;5136.79725;['wind_speed', 'precipitation']
2026-02-20 18:00:00;5111.640684630649;5177.334;['wind_speed', 'precipitation']
2026-02-20 19:00:00;3772.021170072741;5452.91475;['wind_speed', 'precipitation']
2026-02-20 20:00:00;4128.2000917025625;5548.0960000000005;['wind_speed', 'precipitation']
2026-02-20 21:00:00;3843.234082651427;4351.4605;['wind_speed', 'precipitation']
2026-02-20 22:00:00;3503.3253868092033;4562.4445;['wind_speed', 'precipitation']
2026-02-20 23:00:00;3464.5164795446167;3240.04275;['wind_speed', 'precipitation']
2026-02-10 00:00:00;2882.278067650851;2312.257;['wind_speed', 'temperature']
2026-02-10 01:00:00;2877.5439860281494;2445.75475;['wind_speed', 'temperature']
2026-02-10 02:00:00;2619.2941021241313;2738.38875;['wind_speed', 'temperature']
2026-02-10 03:00:00;2443.6186953730657;2507.56425;['wind_speed', 'temperature']
2026-02-10 04:00:00;2364.3926831922313;2972.28575;['wind_speed', 'temperature']
2026-02-10 05:00:00;2630.5386710614885;2894.95425;['wind_speed', 'temperature']
2026-02-10 06:00:00;2591.116438175626;3762.406;['wind_speed', 'temperature']
2026-02-10 07:00:00;2788.5926563560615;2580.2795;['wind_speed', 'temperature']
2026-02-10 08:00:00;2906.8387587416837;4036.3455;['wind_speed', 'temperature']
2026-02-10 09:00:00;2724.6802271798006;3671.19375;['wind_speed', 'temperature']
2026-02-10 10:00:00;2955.0390982706517;2416.94175;['wind_speed', 'temperature']
2026-02-10 11:00:00;2777.9578113691814;2677.89175;['wind_speed', 'temperature']
2026-02-10 12:00:00;2477.0394026244167;1806.73475;['wind_speed', 'temperature']
2026-02-10 13:00:00;2686.700548694882;3154.1665;['wind_speed', 'temperature']
2026-02-10 14:00:00;2668.0108910113613;2227.19575;['wind_speed', 'temperature']
2026-02-10 15:00:00;2454.269980262876;2543.43525;['wind_speed', 'temperature']
2026-02-10 16:00:00;2914.879720907169;2576.265;['wind_speed', 'temperature']
2026-02-10 17:00:00;4120.306089691023;5342.617;['wind_speed', 'temperature']
2026-02-10 18:00:00;4284.786447569425;5926.32475;['wind_speed', 'temperature']
2026-02-10 19:00:00;3112.4320867519764;3875.02825;['wind_speed', 'temperature']
2026-02-10 20:00:00;3362.2902416107427;4273.53175;['wind_speed', 'temperature']
2026-02-10 21:00:00;3194.7443186013134;2881.09475;['wind_speed', 'temperature']
2026-02-10 22:00:00;2919.51528035492;2286.139;['wind_speed', 'temperature']
2026-02-10 23:00:00;2577.83140706161;3057.192;['wind_speed', 'temperature']
2026-02-11 00:00:00;2739.448288665547;2366.50825;['wind_speed', 'temperature']
2026-02-11 01:00:00;2768.16627440868;2711.8525;['wind_speed', 'temperature']
2026-02-11 02:00:00;2642.138102259771;2083.15775;['wind_speed', 'temperature']
2026-02-11 03:00:00;2356.6098370320024;2465.2165000000005;['wind_speed', 'temperature']
2026-02-11 04:00:00;2427.8370675534197;2897.0037500000003;['wind_speed', 'temperature']
2026-02-11 05:00:00;2619.743706564415;2676.7915000000003;['wind_speed', 'temperature']
2026-02-11 06:00:00;2773.349045320293;2365.58925;['wind_speed', 'temperature']
2026-02-11 07:00:00;2770.6803674751973;3238.81225;['wind_speed', 'temperature']
2026-02-11 08:00:00;3080.552685601523;2706.17225;['wind_speed', 'temperature']
2026-02-11 09:00:00;2957.1839360987237;3475.922;['wind_speed', 'temperature']
2026-02-11 10:00:00;2701.1535184210597;2244.5915;['wind_speed', 'temperature']
2026-02-11 11:00:00;2943.9285559384384;2952.637;['wind_speed', 'temperature']
2026-02-11 12:00:00;2914.809311522548;1686.3925;['wind_speed', 'temperature']
2026-02-11 13:00:00;3141.8933963517916;3154.1665;['wind_speed', 'temperature']
2026-02-11 14:00:00;2987.358445852654;2227.19575;['wind_speed', 'temperature']
2026-02-11 15:00:00;2821.0864562721717;2543.43525;['wind_speed', 'temperature']
2026-02-11 16:00:00;3015.59819156363;2576.265;['wind_speed', 'temperature']
2026-02-11 17:00:00;3873.972090919185;1333.5;['wind_speed', 'temperature']
2026-02-11 18:00:00;3815.8887631192383;3750.33275;['wind_speed', 'temperature']
2026-02-11 19:00:00;2923.5711685856822;3982.69175;['wind_speed', 'temperature']
2026-02-11 20:00:00;3161.7204469447825;3578.161;['wind_speed', 'temperature']
2026-02-11 21:00:00;2676.94298189063;2482.21025;['wind_speed', 'temperature']
2026-02-11 22:00:00;2696.288194947946;2358.59375;['wind_speed', 'temperature']
2026-02-11 23:00:00;2185.8751222563506;2322.409;['wind_speed', 'temperature']
2026-02-12 00:00:00;2269.441975532024;2297.366;['wind_speed', 'temperature']
2026-02-12 01:00:00;2494.4888101600263;2377.4665;['wind_speed', 'temperature']
2026-02-12 02:00:00;2089.916135372176;1861.1955;['wind_speed', 'temperature']
2026-02-12 03:00:00;2135.699130256659;1835.98825;['wind_speed', 'temperature']
2026-02-12 04:00:00;2302.758193415424;1987.42975;['wind_speed', 'temperature']
2026-02-12 05:00:00;2369.2872287790456;2928.504;['wind_speed', 'temperature']
2026-02-12 06:00:00;2391.661885370155;2122.81;['wind_speed', 'temperature']
2026-02-12 07:00:00;2476.3511645380436;2338.194;['wind_speed', 'temperature']
2026-02-12 08:00:00;2521.7460605927517;1348.37875;['wind_speed', 'temperature']
2026-02-12 09:00:00;2670.865993809636;928.61625;['wind_speed', 'temperature']
2026-02-12 10:00:00;2166.31107667875;2329.8340000000003;['wind_speed', 'temperature']
2026-02-12 11:00:00;2694.7004342701475;1817.92825;['wind_speed', 'temperature']
2026-02-12 12:00:00;2311.189396297468;3735.537;['wind_speed', 'temperature']
2026-02-12 13:00:00;2533.5323585240894;2596.203;['wind_speed', 'temperature']
2026-02-12 14:00:00;2138.69097630142;2194.61975;['wind_speed', 'temperature']
2026-02-12 15:00:00;2534.5306180481953;1834.60225;['wind_speed', 'temperature']
2026-02-12 16:00:00;2811.5305778906586;2180.3565;['wind_speed', 'temperature']
2026-02-12 17:00:00;3544.7647142319693;3746.30075;['wind_speed', 'temperature']
2026-02-12 18:00:00;3697.979725350726;4982.87875;['wind_speed', 'temperature']
2026-02-12 19:00:00;2982.2897239812974;3386.71775;['wind_speed', 'temperature']
2026-02-12 20:00:00;3389.961566792722;3613.59775;['wind_speed', 'temperature']
2026-02-12 21:00:00;2739.018065312181;3065.22725;['wind_speed', 'temperature']
2026-02-12 22:00:00;2723.617110672167;2475.28875;['wind_speed', 'temperature']
2026-02-12 23:00:00;2298.29260530781;2045.159;['wind_speed', 'temperature']
2026-02-13 00:00:00;2178.8635960374513;2855.48325;['wind_speed', 'temperature']
2026-02-13 01:00:00;2320.297663720366;2102.1375;['wind_speed', 'temperature']
2026-02-13 02:00:00;2399.9732122134205;2721.5535;['wind_speed', 'temperature']
2026-02-13 03:00:00;2037.230080471632;2265.05425;['wind_speed', 'temperature']
2026-02-13 04:00:00;1896.8786993373546;2724.386;['wind_speed', 'temperature']
2026-02-13 05:00:00;2353.0258741626576;1950.27;['wind_speed', 'temperature']
2026-02-13 06:00:00;2256.292491422397;2676.27525;['wind_speed', 'temperature']
2026-02-13 07:00:00;2411.858984574955;1876.716;['wind_speed', 'temperature']
2026-02-13 08:00:00;2576.845954341586;3155.0185;['wind_speed', 'temperature']
2026-02-13 09:00:00;2429.0404068022485;3419.00525;['wind_speed', 'temperature']
2026-02-13 10:00:00;2505.124831428352;2633.61775;['wind_speed', 'temperature']
2026-02-13 11:00:00;2181.6359703690855;3832.5985;['wind_speed', 'temperature']
2026-02-13 12:00:00;3194.6737975900173;2113.4985;['wind_speed', 'temperature']
2026-02-13 13:00:00;2569.4249488892806;2406.8145;['wind_speed', 'temperature']
2026-02-13 14:00:00;2371.5152281726923;2225.23925;['wind_speed', 'temperature']
2026-02-13 15:00:00;2385.317817758405;2112.819;['wind_speed', 'temperature']
2026-02-13 16:00:00;2551.361697649161;2119.783;['wind_speed', 'temperature']
2026-02-13 17:00:00;4337.402847373589;2762.934;['wind_speed', 'temperature']
2026-02-13 18:00:00;3397.3940751861405;3519.851;['wind_speed', 'temperature']
2026-02-13 19:00:00;2940.201036796962;3490.8465;['wind_speed', 'temperature']
2026-02-13 20:00:00;3258.078307217234;3538.6712499999994;['wind_speed', 'temperature']
2026-02-13 21:00:00;2904.531053897839;3449.1785;['wind_speed', 'temperature']
2026-02-13 22:00:00;2777.1149087154085;2324.8065;['wind_speed', 'temperature']
2026-02-13 23:00:00;2286.441684873115;3431.5795;['wind_speed', 'temperature']
2026-02-14 00:00:00;2750.5665446539647;2411.443;['wind_speed', 'temperature']
2026-02-14 01:00:00;2685.859395323019;2943.3845;['wind_speed', 'temperature']
2026-02-14 02:00:00;2664.903753009935;2579.4275;['wind_speed', 'temperature']
2026-02-14 03:00:00;2561.15631240283;2204.52425;['wind_speed', 'temperature']
2026-02-14 04:00:00;2536.6452992385375;2660.8965000000003;['wind_speed', 'temperature']
2026-02-14 05:00:00;2487.4135818740183;3597.15675;['wind_speed', 'temperature']
2026-02-14 06:00:00;2508.253876736094;2461.59075;['wind_speed', 'temperature']
2026-02-14 07:00:00;2574.822905706917;2936.82475;['wind_speed', 'temperature']
2026-02-14 08:00:00;3048.256981384915;2971.81825;['wind_speed', 'temperature']
2026-02-14 09:00:00;2833.218045944342;2900.61125;['wind_speed', 'temperature']
2026-02-14 10:00:00;2730.173911092308;2713.67975;['wind_speed', 'temperature']
2026-02-14 11:00:00;3238.9468227391794;2756.77525;['wind_speed', 'temperature']
2026-02-14 12:00:00;2575.6933302619104;3727.64475;['wind_speed', 'temperature']
2026-02-14 13:00:00;2882.711334759677;2757.3445;['wind_speed', 'temperature']
2026-02-14 14:00:00;2534.0541340926843;3371.52475;['wind_speed', 'temperature']
2026-02-14 15:00:00;2791.407914973037;3231.48225;['wind_speed', 'temperature']
2026-02-14 16:00:00;2713.718198567298;4488.084;['wind_speed', 'temperature']
2026-02-14 17:00:00;3581.2987939740815;5352.45;['wind_speed', 'temperature']
2026-02-14 18:00:00;3917.1630665056055;6210.828;['wind_speed', 'temperature']
2026-02-14 19:00:00;3264.560361137598;1903.77525;['wind_speed', 'temperature']
2026-02-14 20:00:00;3131.9131596329717;2630.102;['wind_speed', 'temperature']
2026-02-14 21:00:00;2904.201582995246;4245.20475;['wind_speed', 'temperature']
2026-02-14 22:00:00;2847.502840616433;3723.198;['wind_speed', 'temperature']
2026-02-14 23:00:00;2803.9440926360726;3729.623;['wind_speed', 'temperature']
2026-02-15 00:00:00;3249.4871215169346;3933.857;['wind_speed', 'temperature']
2026-02-15 01:00:00;3234.6927582161584;3709.625;['wind_speed', 'temperature']
2026-02-15 02:00:00;3005.45020531205;3698.68875;['wind_speed', 'temperature']
2026-02-15 03:00:00;2801.2130036225794;3668.341;['wind_speed', 'temperature']
2026-02-15 04:00:00;2707.4132345976404;3783.91125;['wind_speed', 'temperature']
2026-02-15 05:00:00;2874.335927900887;3444.12875;['wind_speed', 'temperature']
2026-02-15 06:00:00;2978.73210220547;4090.44675;['wind_speed', 'temperature']
2026-02-15 07:00:00;3003.6446187262877;4660.0415;['wind_speed', 'temperature']
2026-02-15 08:00:00;3167.3129106109636;3879.998;['wind_speed', 'temperature']
2026-02-15 09:00:00;3458.654897799627;4359.39175;['wind_speed', 'temperature']
2026-02-15 10:00:00;3232.00077155725;5136.501;['wind_speed', 'temperature']
2026-02-15 11:00:00;2975.2979003634264;4608.921;['wind_speed', 'temperature']
2026-02-15 12:00:00;3295.6602169304415;3958.311;['wind_speed', 'temperature']
2026-02-15 13:00:00;3353.0974292204355;2757.3445;['wind_speed', 'temperature']
2026-02-15 14:00:00;3297.0303204098564;3371.52475;['wind_speed', 'temperature']
2026-02-15 15:00:00;3530.9655406523443;3231.48225;['wind_speed', 'temperature']
2026-02-15 16:00:00;3250.933763906409;5022.667;['wind_speed', 'temperature']
2026-02-15 17:00:00;3992.879652369819;3789.986;['wind_speed', 'temperature']
2026-02-15 18:00:00;4367.704658561527;1972.2715;['wind_speed', 'temperature']
2026-02-15 19:00:00;3642.769810615682;1211.72575;['wind_speed', 'temperature']
2026-02-15 20:00:00;3556.8369302681585;2768.893;['wind_speed', 'temperature']
2026-02-15 21:00:00;3377.6513478536262;4284.85;['wind_speed', 'temperature']
2026-02-15 22:00:00;3281.8642974490394;3674.49175;['wind_speed', 'temperature']
2026-02-15 23:00:00;2858.1083690515047;3857.04075;['wind_speed', 'temperature']
2026-02-16 00:00:00;2806.4204937577215;4270.74175;['wind_speed', 'temperature']
2026-02-16 01:00:00;3254.1756748398657;4172.0475;['wind_speed', 'temperature']
2026-02-16 02:00:00;2911.2337597469177;4192.84925;['wind_speed', 'temperature']
2026-02-16 03:00:00;2960.0117422941007;4297.218;['wind_speed', 'temperature']
2026-02-16 04:00:00;2838.791181163954;3792.167;['wind_speed', 'temperature']
2026-02-16 05:00:00;2815.4072110404827;3905.2105;['wind_speed', 'temperature']
2026-02-16 06:00:00;3026.7571467662356;4322.625;['wind_speed', 'temperature']
2026-02-16 07:00:00;2808.746961654676;5897.072;['wind_speed', 'temperature']
2026-02-16 08:00:00;3269.9410099468664;2816.22675;['wind_speed', 'temperature']
2026-02-16 09:00:00;3776.4067772997905;3726.25825;['wind_speed', 'temperature']
2026-02-16 10:00:00;3145.9159376922407;3709.35825;['wind_speed', 'temperature']
2026-02-16 11:00:00;3255.1958390943164;4097.0225;['wind_speed', 'temperature']
2026-02-16 12:00:00;3330.466172393011;4383.431500000001;['wind_speed', 'temperature']
2026-02-16 13:00:00;3530.965470777423;3789.0565;['wind_speed', 'temperature']
2026-02-16 14:00:00;3030.340409937432;4607.666;['wind_speed', 'temperature']
2026-02-16 15:00:00;3266.9959933750147;4367.22325;['wind_speed', 'temperature']
2026-02-16 16:00:00;2694.46815697293;3437.96925;['wind_speed', 'temperature']
2026-02-16 17:00:00;3626.276185028335;5117.6485;['wind_speed', 'temperature']
2026-02-16 18:00:00;4026.2718351610365;5031.2195;['wind_speed', 'temperature']
2026-02-16 19:00:00;3416.576154582064;5013.32925;['wind_speed', 'temperature']
2026-02-16 20:00:00;3893.445430173595;3950.84225;['wind_speed', 'temperature']
2026-02-16 21:00:00;4010.3394326655725;3260.27925;['wind_speed', 'temperature']
2026-02-16 22:00:00;3116.689527501063;3727.6415;['wind_speed', 'temperature']
2026-02-16 23:00:00;3070.524038479869;2914.66625;['wind_speed', 'temperature']
2026-02-17 00:00:00;3471.497825825222;3134.171;['wind_speed', 'temperature']
2026-02-17 01:00:00;3529.2111083147747;2905.419;['wind_speed', 'temperature']
2026-02-17 02:00:00;3347.364992343547;3407.01775;['wind_speed', 'temperature']
2026-02-17 03:00:00;3246.6159521635864;2895.731;['wind_speed', 'temperature']
2026-02-17 04:00:00;3303.7278243058927;3551.5375;['wind_speed', 'temperature']
2026-02-17 05:00:00;3451.5051761130208;3038.49075;['wind_speed', 'temperature']
2026-02-17 06:00:00;3550.13340224353;2865.9880000000003;['wind_speed', 'temperature']
2026-02-17 07:00:00;3715.4000125546377;4217.9155;['wind_speed', 'temperature']
2026-02-17 08:00:00;3729.121645561685;4631.85375;['wind_speed', 'temperature']
2026-02-17 09:00:00;3712.56409785214;5666.0205000000005;['wind_speed', 'temperature']
2026-02-17 10:00:00;3655.823623050277;3033.71925;['wind_speed', 'temperature']
2026-02-17 11:00:00;3944.001856912724;3668.54275;['wind_speed', 'temperature']
2026-02-17 12:00:00;3469.9407449204864;3205.1977500000003;['wind_speed', 'temperature']
2026-02-17 13:00:00;3966.6114040407383;3569.85825;['wind_speed', 'temperature']
2026-02-17 14:00:00;3456.727506951188;4546.28325;['wind_speed', 'temperature']
2026-02-17 15:00:00;3671.591368750062;3355.98275;['wind_speed', 'temperature']
2026-02-17 16:00:00;3971.156612801875;3155.60275;['wind_speed', 'temperature']
2026-02-17 17:00:00;4577.927502793964;3948.281;['wind_speed', 'temperature']
2026-02-17 18:00:00;4604.533998205337;6586.86025;['wind_speed', 'temperature']
2026-02-17 19:00:00;3599.4175339542744;2688.89675;['wind_speed', 'temperature']
2026-02-17 20:00:00;4216.175334229634;4654.51275;['wind_speed', 'temperature']
2026-02-17 21:00:00;4308.34554308607;3142.6025;['wind_speed', 'temperature']
2026-02-17 22:00:00;3953.2976642871818;2652.804;['wind_speed', 'temperature']
2026-02-17 23:00:00;3643.6387459559564;2618.7905;['wind_speed', 'temperature']
2026-02-18 00:00:00;2987.2110785927507;3148.755;['wind_speed', 'temperature']
2026-02-18 01:00:00;3136.0320404216145;3693.88525;['wind_speed', 'temperature']
2026-02-18 02:00:00;2557.729757761408;2656.90925;['wind_speed', 'temperature']
2026-02-18 03:00:00;2861.224693531156;2022.2365;['wind_speed', 'temperature']
2026-02-18 04:00:00;3163.988270030153;2714.6582499999995;['wind_speed', 'temperature']
2026-02-18 05:00:00;3320.7321447765266;3138.4825;['wind_speed', 'temperature']
2026-02-18 06:00:00;3416.4317855441936;3251.8665;['wind_speed', 'temperature']
2026-02-18 07:00:00;3292.416664941778;3767.39;['wind_speed', 'temperature']
2026-02-18 08:00:00;3239.6862501772384;3704.433;['wind_speed', 'temperature']
2026-02-18 09:00:00;3864.869666216585;4502.9775;['wind_speed', 'temperature']
2026-02-18 10:00:00;3794.1555988137316;2839.84175;['wind_speed', 'temperature']
2026-02-18 11:00:00;3816.5328828392567;3027.432;['wind_speed', 'temperature']
2026-02-18 12:00:00;3725.0884973512143;3523.302;['wind_speed', 'temperature']
2026-02-18 13:00:00;3704.9413933567566;3065.7345000000005;['wind_speed', 'temperature']
2026-02-18 14:00:00;3770.9781056861325;3746.467;['wind_speed', 'temperature']
2026-02-18 15:00:00;3535.8860309395886;3357.258;['wind_speed', 'temperature']
2026-02-18 16:00:00;3726.6551063769666;3739.85675;['wind_speed', 'temperature']
2026-02-18 17:00:00;4943.753378260119;5383.882;['wind_speed', 'temperature']
2026-02-18 18:00:00;4307.716284217109;5460.044;['wind_speed', 'temperature']
2026-02-18 19:00:00;3612.696211473692;3423.06;['wind_speed', 'temperature']
2026-02-18 20:00:00;3616.729592048114;4988.140666666666;['wind_speed', 'temperature']
2026-02-18 21:00:00;3628.348052341349;3943.082;['wind_speed', 'temperature']
2026-02-18 22:00:00;3644.8623673937477;3280.73875;['wind_speed', 'temperature']
2026-02-18 23:00:00;4211.810931561094;4189.85225;['wind_speed', 'temperature']
2026-02-19 00:00:00;3763.5155855536364;3798.69625;['wind_speed', 'temperature']
2026-02-19 01:00:00;4135.659216990726;3470.1565;['wind_speed', 'temperature']
2026-02-19 02:00:00;3589.018951007934;3887.978;['wind_speed', 'temperature']
2026-02-19 03:00:00;3638.9230433530493;3463.55225;['wind_speed', 'temperature']
2026-02-19 04:00:00;3220.178771393489;3694.54025;['wind_speed', 'temperature']
2026-02-19 05:00:00;3422.416465425993;4024.671;['wind_speed', 'temperature']
2026-02-19 06:00:00;4145.186539682987;3976.81075;['wind_speed', 'temperature']
2026-02-19 07:00:00;3645.3425387918396;4254.63175;['wind_speed', 'temperature']
2026-02-19 08:00:00;3777.2771687785626;5451.65625;['wind_speed', 'temperature']
2026-02-19 09:00:00;4359.307883500445;4617.72725;['wind_speed', 'temperature']
2026-02-19 10:00:00;3908.6229177751493;4048.07275;['wind_speed', 'temperature']
2026-02-19 11:00:00;3922.388594216249;4006.33275;['wind_speed', 'temperature']
2026-02-19 12:00:00;3554.2367894487325;2886.07425;['wind_speed', 'temperature']
2026-02-19 13:00:00;3417.382925089738;3151.84075;['wind_speed', 'temperature']
2026-02-19 14:00:00;3754.153463416281;2118.81075;['wind_speed', 'temperature']
2026-02-19 15:00:00;3828.709142472676;2872.442;['wind_speed', 'temperature']
2026-02-19 16:00:00;3792.4542542725967;3774.00675;['wind_speed', 'temperature']
2026-02-19 17:00:00;4766.141966570631;5136.79725;['wind_speed', 'temperature']
2026-02-19 18:00:00;5153.736131519874;5757.4375;['wind_speed', 'temperature']
2026-02-19 19:00:00;4106.26478933477;2808.28475;['wind_speed', 'temperature']
2026-02-19 20:00:00;4186.223929335254;4316.30025;['wind_speed', 'temperature']
2026-02-19 21:00:00;3925.198777923851;4116.61075;['wind_speed', 'temperature']
2026-02-19 22:00:00;4012.804376520363;3227.96925;['wind_speed', 'temperature']
2026-02-19 23:00:00;3821.7407645302123;3393.52525;['wind_speed', 'temperature']
2026-02-20 00:00:00;3494.4183033855575;3867.99625;['wind_speed', 'temperature']
2026-02-20 01:00:00;3708.40024097758;3100.64225;['wind_speed', 'temperature']
2026-02-20 02:00:00;3357.9152448058385;2828.1715;['wind_speed', 'temperature']
2026-02-20 03:00:00;3246.826576944806;4158.9235;['wind_speed', 'temperature']
2026-02-20 04:00:00;3403.4918597981814;3933.11075;['wind_speed', 'temperature']
2026-02-20 05:00:00;3533.9082114068333;3965.08175;['wind_speed', 'temperature']
2026-02-20 06:00:00;3549.895920529625;3080.9115;['wind_speed', 'temperature']
2026-02-20 07:00:00;3964.683332744184;4425.24725;['wind_speed', 'temperature']
2026-02-20 08:00:00;3692.4319709283563;5264.822999999999;['wind_speed', 'temperature']
2026-02-20 09:00:00;3847.823322662912;3476.0955;['wind_speed', 'temperature']
2026-02-20 10:00:00;4262.58697933797;3282.589;['wind_speed', 'temperature']
2026-02-20 11:00:00;3778.5026044188253;3600.80525;['wind_speed', 'temperature']
2026-02-20 12:00:00;3628.5127593340026;4432.64325;['wind_speed', 'temperature']
2026-02-20 13:00:00;3628.0232570861513;2361.1320000000005;['wind_speed', 'temperature']
2026-02-20 14:00:00;3780.4102778070637;1551.0443333333333;['wind_speed', 'temperature']
2026-02-20 15:00:00;3616.21141663257;2872.442;['wind_speed', 'temperature']
2026-02-20 16:00:00;3905.451722620247;3774.00675;['wind_speed', 'temperature']
2026-02-20 17:00:00;4511.22951508545;5136.79725;['wind_speed', 'temperature']
2026-02-20 18:00:00;5174.357714917438;5177.334;['wind_speed', 'temperature']
2026-02-20 19:00:00;3795.419165067858;5452.91475;['wind_speed', 'temperature']
2026-02-20 20:00:00;4316.267985684496;5548.0960000000005;['wind_speed', 'temperature']
2026-02-20 21:00:00;3957.684995127013;4351.4605;['wind_speed', 'temperature']
2026-02-20 22:00:00;3569.399758147094;4562.4445;['wind_speed', 'temperature']
2026-02-20 23:00:00;3635.9903679418335;3240.04275;['wind_speed', 'temperature']
2026-02-10 00:00:00;2942.015934767779;2312.257;['pressure', 'precipitation']
2026-02-10 01:00:00;2961.8042456564453;2445.75475;['pressure', 'precipitation']
2026-02-10 02:00:00;2578.8117663182384;2738.38875;['pressure', 'precipitation']
2026-02-10 03:00:00;2425.824971313007;2507.56425;['pressure', 'precipitation']
2026-02-10 04:00:00;2331.76924721811;2972.28575;['pressure', 'precipitation']
2026-02-10 05:00:00;2622.147550150844;2894.95425;['pressure', 'precipitation']
2026-02-10 06:00:00;2583.779276157804;3762.406;['pressure', 'precipitation']
2026-02-10 07:00:00;2733.381810408796;2580.2795;['pressure', 'precipitation']
2026-02-10 08:00:00;2835.7728484023282;4036.3455;['pressure', 'precipitation']
2026-02-10 09:00:00;2776.1935404732576;3671.19375;['pressure', 'precipitation']
2026-02-10 10:00:00;2865.248128422019;2416.94175;['pressure', 'precipitation']
2026-02-10 11:00:00;2552.2274418013103;2677.89175;['pressure', 'precipitation']
2026-02-10 12:00:00;2572.5213743651393;1806.73475;['pressure', 'precipitation']
2026-02-10 13:00:00;2754.8001142008634;3154.1665;['pressure', 'precipitation']
2026-02-10 14:00:00;2722.644744923715;2227.19575;['pressure', 'precipitation']
2026-02-10 15:00:00;2533.818833183408;2543.43525;['pressure', 'precipitation']
2026-02-10 16:00:00;2850.694566707569;2576.265;['pressure', 'precipitation']
2026-02-10 17:00:00;4006.0935805357494;5342.617;['pressure', 'precipitation']
2026-02-10 18:00:00;4412.658487364347;5926.32475;['pressure', 'precipitation']
2026-02-10 19:00:00;3002.017200277367;3875.02825;['pressure', 'precipitation']
2026-02-10 20:00:00;3522.388056170679;4273.53175;['pressure', 'precipitation']
2026-02-10 21:00:00;2878.9261728493602;2881.09475;['pressure', 'precipitation']
2026-02-10 22:00:00;2879.189419377747;2286.139;['pressure', 'precipitation']
2026-02-10 23:00:00;2514.405196658168;3057.192;['pressure', 'precipitation']
2026-02-11 00:00:00;2679.0924632413526;2366.50825;['pressure', 'precipitation']
2026-02-11 01:00:00;2776.317910532337;2711.8525;['pressure', 'precipitation']
2026-02-11 02:00:00;2614.0572869445245;2083.15775;['pressure', 'precipitation']
2026-02-11 03:00:00;2340.6853890186967;2465.2165000000005;['pressure', 'precipitation']
2026-02-11 04:00:00;2459.3494271725604;2897.0037500000003;['pressure', 'precipitation']
2026-02-11 05:00:00;2485.116410116661;2676.7915000000003;['pressure', 'precipitation']
2026-02-11 06:00:00;2690.822310014507;2365.58925;['pressure', 'precipitation']
2026-02-11 07:00:00;2649.0776701027607;3238.81225;['pressure', 'precipitation']
2026-02-11 08:00:00;2640.6381958554293;2706.17225;['pressure', 'precipitation']
2026-02-11 09:00:00;2867.2886438166192;3475.922;['pressure', 'precipitation']
2026-02-11 10:00:00;2714.4086835211574;2244.5915;['pressure', 'precipitation']
2026-02-11 11:00:00;2762.6710180966415;2952.637;['pressure', 'precipitation']
2026-02-11 12:00:00;2599.627094878261;1686.3925;['pressure', 'precipitation']
2026-02-11 13:00:00;2844.258077595688;3154.1665;['pressure', 'precipitation']
2026-02-11 14:00:00;2576.5812241729664;2227.19575;['pressure', 'precipitation']
2026-02-11 15:00:00;2657.540817234086;2543.43525;['pressure', 'precipitation']
2026-02-11 16:00:00;3118.742524449372;2576.265;['pressure', 'precipitation']
2026-02-11 17:00:00;3975.3962699963336;1333.5;['pressure', 'precipitation']
2026-02-11 18:00:00;4265.154856373328;3750.33275;['pressure', 'precipitation']
2026-02-11 19:00:00;3040.2018601140026;3982.69175;['pressure', 'precipitation']
2026-02-11 20:00:00;3532.6235116725657;3578.161;['pressure', 'precipitation']
2026-02-11 21:00:00;3031.9854394711965;2482.21025;['pressure', 'precipitation']
2026-02-11 22:00:00;2733.072328859079;2358.59375;['pressure', 'precipitation']
2026-02-11 23:00:00;2740.4365312529326;2322.409;['pressure', 'precipitation']
2026-02-12 00:00:00;2369.847396789043;2297.366;['pressure', 'precipitation']
2026-02-12 01:00:00;2533.3000360511396;2377.4665;['pressure', 'precipitation']
2026-02-12 02:00:00;2383.9741721763753;1861.1955;['pressure', 'precipitation']
2026-02-12 03:00:00;2283.87379380036;1835.98825;['pressure', 'precipitation']
2026-02-12 04:00:00;2344.840302866718;1987.42975;['pressure', 'precipitation']
2026-02-12 05:00:00;2497.2247554819264;2928.504;['pressure', 'precipitation']
2026-02-12 06:00:00;2549.2215272082285;2122.81;['pressure', 'precipitation']
2026-02-12 07:00:00;2704.2230240885197;2338.194;['pressure', 'precipitation']
2026-02-12 08:00:00;2818.0142433472683;1348.37875;['pressure', 'precipitation']
2026-02-12 09:00:00;2875.966903281148;928.61625;['pressure', 'precipitation']
2026-02-12 10:00:00;2639.802070178506;2329.8340000000003;['pressure', 'precipitation']
2026-02-12 11:00:00;2678.291044059042;1817.92825;['pressure', 'precipitation']
2026-02-12 12:00:00;2552.0531543846264;3735.537;['pressure', 'precipitation']
2026-02-12 13:00:00;2979.1056312291676;2596.203;['pressure', 'precipitation']
2026-02-12 14:00:00;2451.7844745314005;2194.61975;['pressure', 'precipitation']
2026-02-12 15:00:00;2597.31791625071;1834.60225;['pressure', 'precipitation']
2026-02-12 16:00:00;2900.5814335272553;2180.3565;['pressure', 'precipitation']
2026-02-12 17:00:00;3467.267452707769;3746.30075;['pressure', 'precipitation']
2026-02-12 18:00:00;3659.3786053556087;4982.87875;['pressure', 'precipitation']
2026-02-12 19:00:00;2661.41329728452;3386.71775;['pressure', 'precipitation']
2026-02-12 20:00:00;3375.7793882954074;3613.59775;['pressure', 'precipitation']
2026-02-12 21:00:00;3028.665022709642;3065.22725;['pressure', 'precipitation']
2026-02-12 22:00:00;2681.860370102099;2475.28875;['pressure', 'precipitation']
2026-02-12 23:00:00;2420.1961468727513;2045.159;['pressure', 'precipitation']
2026-02-13 00:00:00;2231.9376135621706;2855.48325;['pressure', 'precipitation']
2026-02-13 01:00:00;2283.233614953276;2102.1375;['pressure', 'precipitation']
2026-02-13 02:00:00;2513.234839410686;2721.5535;['pressure', 'precipitation']
2026-02-13 03:00:00;2127.8419083219737;2265.05425;['pressure', 'precipitation']
2026-02-13 04:00:00;2083.118510280958;2724.386;['pressure', 'precipitation']
2026-02-13 05:00:00;2321.942065263732;1950.27;['pressure', 'precipitation']
2026-02-13 06:00:00;2453.021613584262;2676.27525;['pressure', 'precipitation']
2026-02-13 07:00:00;2376.825613603275;1876.716;['pressure', 'precipitation']
2026-02-13 08:00:00;2720.857175273593;3155.0185;['pressure', 'precipitation']
2026-02-13 09:00:00;2413.935517886233;3419.00525;['pressure', 'precipitation']
2026-02-13 10:00:00;2557.148211707893;2633.61775;['pressure', 'precipitation']
2026-02-13 11:00:00;2539.3912480027525;3832.5985;['pressure', 'precipitation']
2026-02-13 12:00:00;2865.7524261300564;2113.4985;['pressure', 'precipitation']
2026-02-13 13:00:00;2600.722750860716;2406.8145;['pressure', 'precipitation']
2026-02-13 14:00:00;2415.4326933826533;2225.23925;['pressure', 'precipitation']
2026-02-13 15:00:00;2327.385025094831;2112.819;['pressure', 'precipitation']
2026-02-13 16:00:00;2672.5725702993077;2119.783;['pressure', 'precipitation']
2026-02-13 17:00:00;4554.965286338433;2762.934;['pressure', 'precipitation']
2026-02-13 18:00:00;3888.8802011321854;3519.851;['pressure', 'precipitation']
2026-02-13 19:00:00;2629.579126701747;3490.8465;['pressure', 'precipitation']
2026-02-13 20:00:00;3233.1023612676795;3538.6712499999994;['pressure', 'precipitation']
2026-02-13 21:00:00;2936.1389993400385;3449.1785;['pressure', 'precipitation']
2026-02-13 22:00:00;2622.4179177486117;2324.8065;['pressure', 'precipitation']
2026-02-13 23:00:00;2150.040676267158;3431.5795;['pressure', 'precipitation']
2026-02-14 00:00:00;2639.740946890903;2411.443;['pressure', 'precipitation']
2026-02-14 01:00:00;2679.4196427442835;2943.3845;['pressure', 'precipitation']
2026-02-14 02:00:00;2704.2532403146224;2579.4275;['pressure', 'precipitation']
2026-02-14 03:00:00;2573.4040235844705;2204.52425;['pressure', 'precipitation']
2026-02-14 04:00:00;2563.103673261975;2660.8965000000003;['pressure', 'precipitation']
2026-02-14 05:00:00;2332.948989894038;3597.15675;['pressure', 'precipitation']
2026-02-14 06:00:00;2784.8366213344825;2461.59075;['pressure', 'precipitation']
2026-02-14 07:00:00;2393.0996352906573;2936.82475;['pressure', 'precipitation']
2026-02-14 08:00:00;2892.5386281134306;2971.81825;['pressure', 'precipitation']
2026-02-14 09:00:00;2784.6477143708557;2900.61125;['pressure', 'precipitation']
2026-02-14 10:00:00;2816.4314565634995;2713.67975;['pressure', 'precipitation']
2026-02-14 11:00:00;3744.143508530195;2756.77525;['pressure', 'precipitation']
2026-02-14 12:00:00;2778.6892885901575;3727.64475;['pressure', 'precipitation']
2026-02-14 13:00:00;2824.297012860263;2757.3445;['pressure', 'precipitation']
2026-02-14 14:00:00;2522.80489321744;3371.52475;['pressure', 'precipitation']
2026-02-14 15:00:00;2766.2913683421775;3231.48225;['pressure', 'precipitation']
2026-02-14 16:00:00;3047.393853932288;4488.084;['pressure', 'precipitation']
2026-02-14 17:00:00;3705.768932523886;5352.45;['pressure', 'precipitation']
2026-02-14 18:00:00;3934.6596790544336;6210.828;['pressure', 'precipitation']
2026-02-14 19:00:00;3199.0909702684576;1903.77525;['pressure', 'precipitation']
2026-02-14 20:00:00;2972.634068751624;2630.102;['pressure', 'precipitation']
2026-02-14 21:00:00;2856.5349341305;4245.20475;['pressure', 'precipitation']
2026-02-14 22:00:00;2756.0576501867454;3723.198;['pressure', 'precipitation']
2026-02-14 23:00:00;2658.8639839934945;3729.623;['pressure', 'precipitation']
2026-02-15 00:00:00;3082.866950923673;3933.857;['pressure', 'precipitation']
2026-02-15 01:00:00;3223.510553015963;3709.625;['pressure', 'precipitation']
2026-02-15 02:00:00;3085.698236928261;3698.68875;['pressure', 'precipitation']
2026-02-15 03:00:00;2873.1151032319544;3668.341;['pressure', 'precipitation']
2026-02-15 04:00:00;2778.6712759794764;3783.91125;['pressure', 'precipitation']
2026-02-15 05:00:00;2861.6554316850666;3444.12875;['pressure', 'precipitation']
2026-02-15 06:00:00;2477.5311286947276;4090.44675;['pressure', 'precipitation']
2026-02-15 07:00:00;2999.376643872772;4660.0415;['pressure', 'precipitation']
2026-02-15 08:00:00;2955.3445895259874;3879.998;['pressure', 'precipitation']
2026-02-15 09:00:00;3110.6597672606867;4359.39175;['pressure', 'precipitation']
2026-02-15 10:00:00;2876.7427454342032;5136.501;['pressure', 'precipitation']
2026-02-15 11:00:00;2910.218234225731;4608.921;['pressure', 'precipitation']
2026-02-15 12:00:00;2621.2784420280977;3958.311;['pressure', 'precipitation']
2026-02-15 13:00:00;3162.1237811491465;2757.3445;['pressure', 'precipitation']
2026-02-15 14:00:00;3242.649125341497;3371.52475;['pressure', 'precipitation']
2026-02-15 15:00:00;3390.872492556641;3231.48225;['pressure', 'precipitation']
2026-02-15 16:00:00;3441.7269310206666;5022.667;['pressure', 'precipitation']
2026-02-15 17:00:00;3812.3750671037055;3789.986;['pressure', 'precipitation']
2026-02-15 18:00:00;4433.262321525394;1972.2715;['pressure', 'precipitation']
2026-02-15 19:00:00;2669.098607002401;1211.72575;['pressure', 'precipitation']
2026-02-15 20:00:00;3387.694703095307;2768.893;['pressure', 'precipitation']
2026-02-15 21:00:00;3159.946163870777;4284.85;['pressure', 'precipitation']
2026-02-15 22:00:00;3012.582894861149;3674.49175;['pressure', 'precipitation']
2026-02-15 23:00:00;2674.4668933740145;3857.04075;['pressure', 'precipitation']
2026-02-16 00:00:00;2812.1952335000005;4270.74175;['pressure', 'precipitation']
2026-02-16 01:00:00;3297.3045562943335;4172.0475;['pressure', 'precipitation']
2026-02-16 02:00:00;2866.660288677582;4192.84925;['pressure', 'precipitation']
2026-02-16 03:00:00;2902.0786969068326;4297.218;['pressure', 'precipitation']
2026-02-16 04:00:00;2742.8864570428605;3792.167;['pressure', 'precipitation']
2026-02-16 05:00:00;2859.2040860404827;3905.2105;['pressure', 'precipitation']
2026-02-16 06:00:00;3001.5823268199465;4322.625;['pressure', 'precipitation']
2026-02-16 07:00:00;3192.2840214386115;5897.072;['pressure', 'precipitation']
2026-02-16 08:00:00;3226.0616669140295;2816.22675;['pressure', 'precipitation']
2026-02-16 09:00:00;3622.5111817492534;3726.25825;['pressure', 'precipitation']
2026-02-16 10:00:00;3305.5909374061384;3709.35825;['pressure', 'precipitation']
2026-02-16 11:00:00;2924.101936506426;4097.0225;['pressure', 'precipitation']
2026-02-16 12:00:00;3286.385201628851;4383.431500000001;['pressure', 'precipitation']
2026-02-16 13:00:00;3385.0716910227843;3789.0565;['pressure', 'precipitation']
2026-02-16 14:00:00;2999.2568013101127;4607.666;['pressure', 'precipitation']
2026-02-16 15:00:00;3238.5914905063623;4367.22325;['pressure', 'precipitation']
2026-02-16 16:00:00;2625.357072988555;3437.96925;['pressure', 'precipitation']
2026-02-16 17:00:00;4508.802445404312;5117.6485;['pressure', 'precipitation']
2026-02-16 18:00:00;4416.998939348048;5031.2195;['pressure', 'precipitation']
2026-02-16 19:00:00;3483.938388459246;5013.32925;['pressure', 'precipitation']
2026-02-16 20:00:00;3827.5722307107044;3950.84225;['pressure', 'precipitation']
2026-02-16 21:00:00;3941.8842935054163;3260.27925;['pressure', 'precipitation']
2026-02-16 22:00:00;3077.673688878016;3727.6415;['pressure', 'precipitation']
2026-02-16 23:00:00;3140.132612393443;2914.66625;['pressure', 'precipitation']
2026-02-17 00:00:00;3267.762253010281;3134.171;['pressure', 'precipitation']
2026-02-17 01:00:00;3353.0150085566265;2905.419;['pressure', 'precipitation']
2026-02-17 02:00:00;3205.5145742527266;3407.01775;['pressure', 'precipitation']
2026-02-17 03:00:00;3074.7468544539306;2895.731;['pressure', 'precipitation']
2026-02-17 04:00:00;3321.086956118942;3551.5375;['pressure', 'precipitation']
2026-02-17 05:00:00;3503.8892951468342;3038.49075;['pressure', 'precipitation']
2026-02-17 06:00:00;3587.4776328953853;2865.9880000000003;['pressure', 'precipitation']
2026-02-17 07:00:00;3484.933268131725;4217.9155;['pressure', 'precipitation']
2026-02-17 08:00:00;3574.057726494302;4631.85375;['pressure', 'precipitation']
2026-02-17 09:00:00;3680.2577624029213;5666.0205000000005;['pressure', 'precipitation']
2026-02-17 10:00:00;4283.7966149936365;3033.71925;['pressure', 'precipitation']
2026-02-17 11:00:00;4210.468958963505;3668.54275;['pressure', 'precipitation']
2026-02-17 12:00:00;3597.216043992752;3205.1977500000003;['pressure', 'precipitation']
2026-02-17 13:00:00;3845.7099958452427;3569.85825;['pressure', 'precipitation']
2026-02-17 14:00:00;3607.88754876027;4546.28325;['pressure', 'precipitation']
2026-02-17 15:00:00;3630.7255926880503;3355.98275;['pressure', 'precipitation']
2026-02-17 16:00:00;4037.7716984036815;3155.60275;['pressure', 'precipitation']
2026-02-17 17:00:00;4591.544858140644;3948.281;['pressure', 'precipitation']
2026-02-17 18:00:00;4762.747300817642;6586.86025;['pressure', 'precipitation']
2026-02-17 19:00:00;3860.7795639835713;2688.89675;['pressure', 'precipitation']
2026-02-17 20:00:00;4431.815262093709;4654.51275;['pressure', 'precipitation']
2026-02-17 21:00:00;4329.672035395641;3142.6025;['pressure', 'precipitation']
2026-02-17 22:00:00;3789.358223559948;2652.804;['pressure', 'precipitation']
2026-02-17 23:00:00;3730.6092955393915;2618.7905;['pressure', 'precipitation']
2026-02-18 00:00:00;2866.78709787986;3148.755;['pressure', 'precipitation']
2026-02-18 01:00:00;3391.150914017806;3693.88525;['pressure', 'precipitation']
2026-02-18 02:00:00;2893.044714426447;2656.90925;['pressure', 'precipitation']
2026-02-18 03:00:00;2855.296974414945;2022.2365;['pressure', 'precipitation']
2026-02-18 04:00:00;3234.587963328493;2714.6582499999995;['pressure', 'precipitation']
2026-02-18 05:00:00;3398.566501561347;3138.4825;['pressure', 'precipitation']
2026-02-18 06:00:00;3636.59085842017;3251.8665;['pressure', 'precipitation']
2026-02-18 07:00:00;3487.471840723028;3767.39;['pressure', 'precipitation']
2026-02-18 08:00:00;2979.0427260073166;3704.433;['pressure', 'precipitation']
2026-02-18 09:00:00;2975.4110099055497;4502.9775;['pressure', 'precipitation']
2026-02-18 10:00:00;3661.0876666848253;2839.84175;['pressure', 'precipitation']
2026-02-18 11:00:00;3663.1626321373524;3027.432;['pressure', 'precipitation']
2026-02-18 12:00:00;3745.2142297730893;3523.302;['pressure', 'precipitation']
2026-02-18 13:00:00;3497.342035751776;3065.7345000000005;['pressure', 'precipitation']
2026-02-18 14:00:00;3727.4507314185544;3746.467;['pressure', 'precipitation']
2026-02-18 15:00:00;3668.1929843697644;3357.258;['pressure', 'precipitation']
2026-02-18 16:00:00;3529.9385593646375;3739.85675;['pressure', 'precipitation']
2026-02-18 17:00:00;4957.317404139025;5383.882;['pressure', 'precipitation']
2026-02-18 18:00:00;4244.884039344062;5460.044;['pressure', 'precipitation']
2026-02-18 19:00:00;3470.52094902252;3423.06;['pressure', 'precipitation']
2026-02-18 20:00:00;3867.353142463153;4988.140666666666;['pressure', 'precipitation']
2026-02-18 21:00:00;3682.682463962443;3943.082;['pressure', 'precipitation']
2026-02-18 22:00:00;3714.4080598375954;3280.73875;['pressure', 'precipitation']
2026-02-18 23:00:00;3711.9825929380468;4189.85225;['pressure', 'precipitation']
2026-02-19 00:00:00;3756.9918505072496;3798.69625;['pressure', 'precipitation']
2026-02-19 01:00:00;4019.0922003891637;3470.1565;['pressure', 'precipitation']
2026-02-19 02:00:00;3353.156667301269;3887.978;['pressure', 'precipitation']
2026-02-19 03:00:00;3684.2710047788305;3463.55225;['pressure', 'precipitation']
2026-02-19 04:00:00;3382.294001953792;3694.54025;['pressure', 'precipitation']
2026-02-19 05:00:00;3461.812678957487;4024.671;['pressure', 'precipitation']
2026-02-19 06:00:00;3768.050370249393;3976.81075;['pressure', 'precipitation']
2026-02-19 07:00:00;3793.905519443695;4254.63175;['pressure', 'precipitation']
2026-02-19 08:00:00;4121.781422166014;5451.65625;['pressure', 'precipitation']
2026-02-19 09:00:00;4317.819785355914;4617.72725;['pressure', 'precipitation']
2026-02-19 10:00:00;3784.231574658389;4048.07275;['pressure', 'precipitation']
2026-02-19 11:00:00;3809.9507508934953;4006.33275;['pressure', 'precipitation']
2026-02-19 12:00:00;3615.5401990251485;2886.07425;['pressure', 'precipitation']
2026-02-19 13:00:00;3666.239759501359;3151.84075;['pressure', 'precipitation']
2026-02-19 14:00:00;3881.844755225363;2118.81075;['pressure', 'precipitation']
2026-02-19 15:00:00;3600.948298242024;2872.442;['pressure', 'precipitation']
2026-02-19 16:00:00;3846.8746873170303;3774.00675;['pressure', 'precipitation']
2026-02-19 17:00:00;4606.765593279615;5136.79725;['pressure', 'precipitation']
2026-02-19 18:00:00;5040.986245960792;5757.4375;['pressure', 'precipitation']
2026-02-19 19:00:00;4147.711505643364;2808.28475;['pressure', 'precipitation']
2026-02-19 20:00:00;4189.694701124805;4316.30025;['pressure', 'precipitation']
2026-02-19 21:00:00;4149.331800232201;4116.61075;['pressure', 'precipitation']
2026-02-19 22:00:00;4026.809015192238;3227.96925;['pressure', 'precipitation']
2026-02-19 23:00:00;4028.4920462684936;3393.52525;['pressure', 'precipitation']
2026-02-20 00:00:00;3521.760653391661;3867.99625;['pressure', 'precipitation']
2026-02-20 01:00:00;3569.0259066422527;3100.64225;['pressure', 'precipitation']
2026-02-20 02:00:00;3456.27976583245;2828.1715;['pressure', 'precipitation']
2026-02-20 03:00:00;3225.614195581891;4158.9235;['pressure', 'precipitation']
2026-02-20 04:00:00;3492.343403224695;3933.11075;['pressure', 'precipitation']
2026-02-20 05:00:00;3539.956291851169;3965.08175;['pressure', 'precipitation']
2026-02-20 06:00:00;3590.4022853520128;3080.9115;['pressure', 'precipitation']
2026-02-20 07:00:00;3903.98141318852;4425.24725;['pressure', 'precipitation']
2026-02-20 08:00:00;3807.599500988171;5264.822999999999;['pressure', 'precipitation']
2026-02-20 09:00:00;4153.290336975656;3476.0955;['pressure', 'precipitation']
2026-02-20 10:00:00;3780.8990177596;3282.589;['pressure', 'precipitation']
2026-02-20 11:00:00;3886.121472292971;3600.80525;['pressure', 'precipitation']
2026-02-20 12:00:00;3802.156809932147;4432.64325;['pressure', 'precipitation']
2026-02-20 13:00:00;3661.6684940551454;2361.1320000000005;['pressure', 'precipitation']
2026-02-20 14:00:00;3697.001725637264;1551.0443333333333;['pressure', 'precipitation']
2026-02-20 15:00:00;3582.868595511354;2872.442;['pressure', 'precipitation']
2026-02-20 16:00:00;3847.598306177376;3774.00675;['pressure', 'precipitation']
2026-02-20 17:00:00;4533.752693186036;5136.79725;['pressure', 'precipitation']
2026-02-20 18:00:00;5387.827121045368;5177.334;['pressure', 'precipitation']
2026-02-20 19:00:00;4022.95575564403;5452.91475;['pressure', 'precipitation']
2026-02-20 20:00:00;4412.606913907152;5548.0960000000005;['pressure', 'precipitation']
2026-02-20 21:00:00;4217.5390295508405;4351.4605;['pressure', 'precipitation']
2026-02-20 22:00:00;3496.046356963012;4562.4445;['pressure', 'precipitation']
2026-02-20 23:00:00;3804.806335501648;3240.04275;['pressure', 'precipitation']
2026-02-10 00:00:00;2867.587163748797;2312.257;['pressure', 'temperature']
2026-02-10 01:00:00;2875.9541689810303;2445.75475;['pressure', 'temperature']
2026-02-10 02:00:00;2594.81288187877;2738.38875;['pressure', 'temperature']
2026-02-10 03:00:00;2381.734660262592;2507.56425;['pressure', 'temperature']
2026-02-10 04:00:00;2412.8389302930614;2972.28575;['pressure', 'temperature']
2026-02-10 05:00:00;2536.292283579799;2894.95425;['pressure', 'temperature']
2026-02-10 06:00:00;2573.6808264507727;3762.406;['pressure', 'temperature']
2026-02-10 07:00:00;2763.6274692833076;2580.2795;['pressure', 'temperature']
2026-02-10 08:00:00;2905.5290816176603;4036.3455;['pressure', 'temperature']
2026-02-10 09:00:00;2753.1571177437654;3671.19375;['pressure', 'temperature']
2026-02-10 10:00:00;2929.323369510886;2416.94175;['pressure', 'temperature']
2026-02-10 11:00:00;2667.404726042033;2677.89175;['pressure', 'temperature']
2026-02-10 12:00:00;2535.236210485745;1806.73475;['pressure', 'temperature']
2026-02-10 13:00:00;2839.6240106089444;3154.1665;['pressure', 'temperature']
2026-02-10 14:00:00;2831.4372787982265;2227.19575;['pressure', 'temperature']
2026-02-10 15:00:00;2540.1761387101415;2543.43525;['pressure', 'temperature']
2026-02-10 16:00:00;2892.6574840354497;2576.265;['pressure', 'temperature']
2026-02-10 17:00:00;3707.656492523054;5342.617;['pressure', 'temperature']
2026-02-10 18:00:00;4272.723428770597;5926.32475;['pressure', 'temperature']
2026-02-10 19:00:00;3077.6320074062733;3875.02825;['pressure', 'temperature']
2026-02-10 20:00:00;3500.6574653503667;4273.53175;['pressure', 'temperature']
2026-02-10 21:00:00;3004.1410318581493;2881.09475;['pressure', 'temperature']
2026-02-10 22:00:00;2881.2883192190557;2286.139;['pressure', 'temperature']
2026-02-10 23:00:00;2571.6252169523573;3057.192;['pressure', 'temperature']
2026-02-11 00:00:00;2720.7055938108106;2366.50825;['pressure', 'temperature']
2026-02-11 01:00:00;2731.4061158698614;2711.8525;['pressure', 'temperature']
2026-02-11 02:00:00;2626.509924616949;2083.15775;['pressure', 'temperature']
2026-02-11 03:00:00;2405.4432186848344;2465.2165000000005;['pressure', 'temperature']
2026-02-11 04:00:00;2481.8597440213152;2897.0037500000003;['pressure', 'temperature']
2026-02-11 05:00:00;2582.0761288208846;2676.7915000000003;['pressure', 'temperature']
2026-02-11 06:00:00;2743.546594186565;2365.58925;['pressure', 'temperature']
2026-02-11 07:00:00;2740.0406723076558;3238.81225;['pressure', 'temperature']
2026-02-11 08:00:00;3147.4813278744723;2706.17225;['pressure', 'temperature']
2026-02-11 09:00:00;2927.3814849649957;3475.922;['pressure', 'temperature']
2026-02-11 10:00:00;2818.1993596381008;2244.5915;['pressure', 'temperature']
2026-02-11 11:00:00;2811.523404571251;2952.637;['pressure', 'temperature']
2026-02-11 12:00:00;2669.5106893912002;1686.3925;['pressure', 'temperature']
2026-02-11 13:00:00;2915.570661519028;3154.1665;['pressure', 'temperature']
2026-02-11 14:00:00;2777.0394761260914;2227.19575;['pressure', 'temperature']
2026-02-11 15:00:00;2981.08551022725;2543.43525;['pressure', 'temperature']
2026-02-11 16:00:00;3040.494767491364;2576.265;['pressure', 'temperature']
2026-02-11 17:00:00;3732.5482933117632;1333.5;['pressure', 'temperature']
2026-02-11 18:00:00;3940.1131588711914;3750.33275;['pressure', 'temperature']
2026-02-11 19:00:00;2887.2238785466197;3982.69175;['pressure', 'temperature']
2026-02-11 20:00:00;3130.7072633510325;3578.161;['pressure', 'temperature']
2026-02-11 21:00:00;2735.1416208066457;2482.21025;['pressure', 'temperature']
2026-02-11 22:00:00;2701.721056276071;2358.59375;['pressure', 'temperature']
2026-02-11 23:00:00;2229.0359804106474;2322.409;['pressure', 'temperature']
2026-02-12 00:00:00;2286.6162003855397;2297.366;['pressure', 'temperature']
2026-02-12 01:00:00;2476.0735326789472;2377.4665;['pressure', 'temperature']
2026-02-12 02:00:00;2211.693692745223;1861.1955;['pressure', 'temperature']
2026-02-12 03:00:00;2168.0709335403503;1835.98825;['pressure', 'temperature']
2026-02-12 04:00:00;2202.7011770427434;1987.42975;['pressure', 'temperature']
2026-02-12 05:00:00;2289.0054142038503;2928.504;['pressure', 'temperature']
2026-02-12 06:00:00;2382.132649530311;2122.81;['pressure', 'temperature']
2026-02-12 07:00:00;2658.0744235102115;2338.194;['pressure', 'temperature']
2026-02-12 08:00:00;2620.619931442361;1348.37875;['pressure', 'temperature']
2026-02-12 09:00:00;2703.367855381902;928.61625;['pressure', 'temperature']
2026-02-12 10:00:00;2525.4074054141015;2329.8340000000003;['pressure', 'temperature']
2026-02-12 11:00:00;2630.991526189093;1817.92825;['pressure', 'temperature']
2026-02-12 12:00:00;2439.75328866197;3735.537;['pressure', 'temperature']
2026-02-12 13:00:00;2627.6224769322926;2596.203;['pressure', 'temperature']
2026-02-12 14:00:00;2402.237607160795;2194.61975;['pressure', 'temperature']
2026-02-12 15:00:00;2622.304971075539;1834.60225;['pressure', 'temperature']
2026-02-12 16:00:00;2926.212352030063;2180.3565;['pressure', 'temperature']
2026-02-12 17:00:00;3688.4496807961477;3746.30075;['pressure', 'temperature']
2026-02-12 18:00:00;3749.2925763028743;4982.87875;['pressure', 'temperature']
2026-02-12 19:00:00;3032.857358563817;3386.71775;['pressure', 'temperature']
2026-02-12 20:00:00;3383.8523596394016;3613.59775;['pressure', 'temperature']
2026-02-12 21:00:00;2855.0819233444076;3065.22725;['pressure', 'temperature']
2026-02-12 22:00:00;2938.1087145234856;2475.28875;['pressure', 'temperature']
2026-02-12 23:00:00;2360.638422873728;2045.159;['pressure', 'temperature']
2026-02-13 00:00:00;2163.3744450364748;2855.48325;['pressure', 'temperature']
2026-02-13 01:00:00;2317.782023461577;2102.1375;['pressure', 'temperature']
2026-02-13 02:00:00;2747.6929692934987;2721.5535;['pressure', 'temperature']
2026-02-13 03:00:00;1984.6020172697276;2265.05425;['pressure', 'temperature']
2026-02-13 04:00:00;2010.2063589442882;2724.386;['pressure', 'temperature']
2026-02-13 05:00:00;2340.218524003966;1950.27;['pressure', 'temperature']
2026-02-13 06:00:00;2311.397845731479;2676.27525;['pressure', 'temperature']
2026-02-13 07:00:00;2395.6769701096227;1876.716;['pressure', 'temperature']
2026-02-13 08:00:00;2578.892190379794;3155.0185;['pressure', 'temperature']
2026-02-13 09:00:00;2383.8333450346704;3419.00525;['pressure', 'temperature']
2026-02-13 10:00:00;2483.690146674934;2633.61775;['pressure', 'temperature']
2026-02-13 11:00:00;2331.881697908148;3832.5985;['pressure', 'temperature']
2026-02-13 12:00:00;2623.8811302011013;2113.4985;['pressure', 'temperature']
2026-02-13 13:00:00;2525.369231421019;2406.8145;['pressure', 'temperature']
2026-02-13 14:00:00;2349.2849501575556;2225.23925;['pressure', 'temperature']
2026-02-13 15:00:00;2312.7194672335027;2112.819;['pressure', 'temperature']
2026-02-13 16:00:00;2564.1340365163487;2119.783;['pressure', 'temperature']
2026-02-13 17:00:00;3886.8038483501514;2762.934;['pressure', 'temperature']
2026-02-13 18:00:00;3292.270601065047;3519.851;['pressure', 'temperature']
2026-02-13 19:00:00;2660.592798576747;3490.8465;['pressure', 'temperature']
2026-02-13 20:00:00;3190.1367946325477;3538.6712499999994;['pressure', 'temperature']
2026-02-13 21:00:00;2929.1614268989374;3449.1785;['pressure', 'temperature']
2026-02-13 22:00:00;2679.5522637569125;2324.8065;['pressure', 'temperature']
2026-02-13 23:00:00;2203.9282495093453;3431.5795;['pressure', 'temperature']
2026-02-14 00:00:00;2699.186141135288;2411.443;['pressure', 'temperature']
2026-02-14 01:00:00;2694.254915533285;2943.3845;['pressure', 'temperature']
2026-02-14 02:00:00;2584.851636615892;2579.4275;['pressure', 'temperature']
2026-02-14 03:00:00;2609.155579980955;2204.52425;['pressure', 'temperature']
2026-02-14 04:00:00;2612.3398487990844;2660.8965000000003;['pressure', 'temperature']
2026-02-14 05:00:00;2508.0958175917917;3597.15675;['pressure', 'temperature']
2026-02-14 06:00:00;2845.1523256801856;2461.59075;['pressure', 'temperature']
2026-02-14 07:00:00;2528.5886832948077;2936.82475;['pressure', 'temperature']
2026-02-14 08:00:00;3049.791649353665;2971.81825;['pressure', 'temperature']
2026-02-14 09:00:00;2826.979261154303;2900.61125;['pressure', 'temperature']
2026-02-14 10:00:00;2295.227705953148;2713.67975;['pressure', 'temperature']
2026-02-14 11:00:00;3262.6294094091013;2756.77525;['pressure', 'temperature']
2026-02-14 12:00:00;2847.0594362952356;3727.64475;['pressure', 'temperature']
2026-02-14 13:00:00;2925.202774579013;2757.3445;['pressure', 'temperature']
2026-02-14 14:00:00;2470.2774688819604;3371.52475;['pressure', 'temperature']
2026-02-14 15:00:00;2739.767839289443;3231.48225;['pressure', 'temperature']
2026-02-14 16:00:00;2925.745904713538;4488.084;['pressure', 'temperature']
2026-02-14 17:00:00;3874.943248930136;5352.45;['pressure', 'temperature']
2026-02-14 18:00:00;4064.0382801286523;6210.828;['pressure', 'temperature']
2026-02-14 19:00:00;3237.3528721239263;1903.77525;['pressure', 'temperature']
2026-02-14 20:00:00;2932.6493580582646;2630.102;['pressure', 'temperature']
2026-02-14 21:00:00;2793.9881964596016;4245.20475;['pressure', 'temperature']
2026-02-14 22:00:00;2922.184053995339;3723.198;['pressure', 'temperature']
2026-02-14 23:00:00;2684.1799324798226;3729.623;['pressure', 'temperature']
2026-02-15 00:00:00;3127.330314571134;3933.857;['pressure', 'temperature']
2026-02-15 01:00:00;3090.3964086907067;3709.625;['pressure', 'temperature']
2026-02-15 02:00:00;2725.928019032753;3698.68875;['pressure', 'temperature']
2026-02-15 03:00:00;2475.1078553071497;3668.341;['pressure', 'temperature']
2026-02-15 04:00:00;2699.8545721830897;3783.91125;['pressure', 'temperature']
2026-02-15 05:00:00;3045.614553389168;3444.12875;['pressure', 'temperature']
2026-02-15 06:00:00;2456.2035224935557;4090.44675;['pressure', 'temperature']
2026-02-15 07:00:00;3167.405406690155;4660.0415;['pressure', 'temperature']
2026-02-15 08:00:00;2965.3648610656755;3879.998;['pressure', 'temperature']
2026-02-15 09:00:00;3220.8639203216;4359.39175;['pressure', 'temperature']
2026-02-15 10:00:00;3073.6946840633536;5136.501;['pressure', 'temperature']
2026-02-15 11:00:00;2541.5603973116686;4608.921;['pressure', 'temperature']
2026-02-15 12:00:00;3198.4688411980196;3958.311;['pressure', 'temperature']
2026-02-15 13:00:00;3284.5188464567636;2757.3445;['pressure', 'temperature']
2026-02-15 14:00:00;3169.1870892086845;3371.52475;['pressure', 'temperature']
2026-02-15 15:00:00;3467.7348277617193;3231.48225;['pressure', 'temperature']
2026-02-15 16:00:00;3423.4881614894166;5022.667;['pressure', 'temperature']
2026-02-15 17:00:00;4371.1754363664;3789.986;['pressure', 'temperature']
2026-02-15 18:00:00;4463.591789298832;1972.2715;['pressure', 'temperature']
2026-02-15 19:00:00;2756.9940537797447;1211.72575;['pressure', 'temperature']
2026-02-15 20:00:00;3294.3435525826117;2768.893;['pressure', 'temperature']
2026-02-15 21:00:00;3483.1065947789803;4284.85;['pressure', 'temperature']
2026-02-15 22:00:00;2995.1659141177406;3674.49175;['pressure', 'temperature']
2026-02-15 23:00:00;2685.4896594872957;3857.04075;['pressure', 'temperature']
2026-02-16 00:00:00;2955.4767057061163;4270.74175;['pressure', 'temperature']
2026-02-16 01:00:00;3276.7386478623266;4172.0475;['pressure', 'temperature']
2026-02-16 02:00:00;2957.703059063324;4192.84925;['pressure', 'temperature']
2026-02-16 03:00:00;2894.2153365018644;4297.218;['pressure', 'temperature']
2026-02-16 04:00:00;2885.2604804803605;3792.167;['pressure', 'temperature']
2026-02-16 05:00:00;2657.8788602104046;3905.2105;['pressure', 'temperature']
2026-02-16 06:00:00;2935.898111274292;4322.625;['pressure', 'temperature']
2026-02-16 07:00:00;3054.1230755462775;5897.072;['pressure', 'temperature']
2026-02-16 08:00:00;3348.65107769589;2816.22675;['pressure', 'temperature']
2026-02-16 09:00:00;3780.001580156236;3726.25825;['pressure', 'temperature']
2026-02-16 10:00:00;2948.7790968719282;3709.35825;['pressure', 'temperature']
2026-02-16 11:00:00;3148.137397932207;4097.0225;['pressure', 'temperature']
2026-02-16 12:00:00;3297.4178630668393;4383.431500000001;['pressure', 'temperature']
2026-02-16 13:00:00;3536.240128980548;3789.0565;['pressure', 'temperature']
2026-02-16 14:00:00;3166.1779095559623;4607.666;['pressure', 'temperature']
2026-02-16 15:00:00;3405.512598752212;4367.22325;['pressure', 'temperature']
2026-02-16 16:00:00;2811.225664297149;3437.96925;['pressure', 'temperature']
2026-02-16 17:00:00;3636.9060068056788;5117.6485;['pressure', 'temperature']
2026-02-16 18:00:00;3924.4581144579115;5031.2195;['pressure', 'temperature']
2026-02-16 19:00:00;3591.5044513864923;5013.32925;['pressure', 'temperature']
2026-02-16 20:00:00;3798.1967424294544;3950.84225;['pressure', 'temperature']
2026-02-16 21:00:00;3950.8022622554163;3260.27925;['pressure', 'temperature']
2026-02-16 22:00:00;3048.602369297938;3727.6415;['pressure', 'temperature']
2026-02-16 23:00:00;3056.929151700084;2914.66625;['pressure', 'temperature']
2026-02-17 00:00:00;3470.652351582058;3134.171;['pressure', 'temperature']
2026-02-17 01:00:00;3547.9633709070904;2905.419;['pressure', 'temperature']
2026-02-17 02:00:00;3323.2162153354902;3407.01775;['pressure', 'temperature']
2026-02-17 03:00:00;3235.2209488447998;2895.731;['pressure', 'temperature']
2026-02-17 04:00:00;3268.8354598039396;3551.5375;['pressure', 'temperature']
2026-02-17 05:00:00;3501.000546977889;3038.49075;['pressure', 'temperature']
2026-02-17 06:00:00;3587.2080863865963;2865.9880000000003;['pressure', 'temperature']
2026-02-17 07:00:00;3907.2799935955923;4217.9155;['pressure', 'temperature']
2026-02-17 08:00:00;3673.864046684732;4631.85375;['pressure', 'temperature']
2026-02-17 09:00:00;3799.8803209966713;5666.0205000000005;['pressure', 'temperature']
2026-02-17 10:00:00;3755.002318728988;3033.71925;['pressure', 'temperature']
2026-02-17 11:00:00;4059.610602726094;3668.54275;['pressure', 'temperature']
2026-02-17 12:00:00;3722.149683519119;3205.1977500000003;['pressure', 'temperature']
2026-02-17 13:00:00;3941.406592944547;3569.85825;['pressure', 'temperature']
2026-02-17 14:00:00;3680.691274956559;4546.28325;['pressure', 'temperature']
2026-02-17 15:00:00;3727.873333052125;3355.98275;['pressure', 'temperature']
2026-02-17 16:00:00;4136.967232156123;3155.60275;['pressure', 'temperature']
2026-02-17 17:00:00;4578.651700181659;3948.281;['pressure', 'temperature']
2026-02-17 18:00:00;4863.462474538956;6586.86025;['pressure', 'temperature']
2026-02-17 19:00:00;3765.434959491384;2688.89675;['pressure', 'temperature']
2026-02-17 20:00:00;4521.817306771443;4654.51275;['pressure', 'temperature']
2026-02-17 21:00:00;4294.736244380016;3142.6025;['pressure', 'temperature']
2026-02-17 22:00:00;3972.66080820808;2652.804;['pressure', 'temperature']
2026-02-17 23:00:00;3730.165280036462;2618.7905;['pressure', 'temperature']
2026-02-18 00:00:00;2975.2456321205827;3148.755;['pressure', 'temperature']
2026-02-18 01:00:00;3334.3951652690266;3693.88525;['pressure', 'temperature']
2026-02-18 02:00:00;2687.8993439430487;2656.90925;['pressure', 'temperature']
2026-02-18 03:00:00;3016.9523737374548;2022.2365;['pressure', 'temperature']
2026-02-18 04:00:00;3318.116253123415;2714.6582499999995;['pressure', 'temperature']
2026-02-18 05:00:00;3500.422702733222;3138.4825;['pressure', 'temperature']
2026-02-18 06:00:00;3519.745799979008;3251.8665;['pressure', 'temperature']
2026-02-18 07:00:00;3465.5764397220514;3767.39;['pressure', 'temperature']
2026-02-18 08:00:00;2793.5590834291916;3704.433;['pressure', 'temperature']
2026-02-18 09:00:00;3804.8700839259354;4502.9775;['pressure', 'temperature']
2026-02-18 10:00:00;3890.0916339699816;2839.84175;['pressure', 'temperature']
2026-02-18 11:00:00;3920.703884273583;3027.432;['pressure', 'temperature']
2026-02-18 12:00:00;3808.5843469605893;3523.302;['pressure', 'temperature']
2026-02-18 13:00:00;3762.352617721991;3065.7345000000005;['pressure', 'temperature']
2026-02-18 14:00:00;3703.6270925025387;3746.467;['pressure', 'temperature']
2026-02-18 15:00:00;3747.2278507027722;3357.258;['pressure', 'temperature']
2026-02-18 16:00:00;3526.280508827528;3739.85675;['pressure', 'temperature']
2026-02-18 17:00:00;4874.04094539879;5383.882;['pressure', 'temperature']
2026-02-18 18:00:00;4590.802999915351;5460.044;['pressure', 'temperature']
2026-02-18 19:00:00;3494.986982958067;3423.06;['pressure', 'temperature']
2026-02-18 20:00:00;3620.8701865305356;4988.140666666666;['pressure', 'temperature']
2026-02-18 21:00:00;3595.5510247534585;3943.082;['pressure', 'temperature']
2026-02-18 22:00:00;3617.5846650622047;3280.73875;['pressure', 'temperature']
2026-02-18 23:00:00;4216.838031170469;4189.85225;['pressure', 'temperature']
2026-02-19 00:00:00;3759.85504783391;3798.69625;['pressure', 'temperature']
2026-02-19 01:00:00;3790.1172248032262;3470.1565;['pressure', 'temperature']
2026-02-19 02:00:00;3555.812194416137;3887.978;['pressure', 'temperature']
2026-02-19 03:00:00;3532.5499964780493;3463.55225;['pressure', 'temperature']
2026-02-19 04:00:00;3500.2560800482743;3694.54025;['pressure', 'temperature']
2026-02-19 05:00:00;3494.7384907250653;4024.671;['pressure', 'temperature']
2026-02-19 06:00:00;3765.9333200784945;3976.81075;['pressure', 'temperature']
2026-02-19 07:00:00;3971.5129336893006;4254.63175;['pressure', 'temperature']
2026-02-19 08:00:00;4180.171192673826;5451.65625;['pressure', 'temperature']
2026-02-19 09:00:00;4336.585562943805;4617.72725;['pressure', 'temperature']
2026-02-19 10:00:00;3676.2202612199735;4048.07275;['pressure', 'temperature']
2026-02-19 11:00:00;3773.365515297792;4006.33275;['pressure', 'temperature']
2026-02-19 12:00:00;3599.1504781084004;2886.07425;['pressure', 'temperature']
2026-02-19 13:00:00;3465.9430752362223;3151.84075;['pressure', 'temperature']
2026-02-19 14:00:00;3763.0711803962613;2118.81075;['pressure', 'temperature']
2026-02-19 15:00:00;3655.1852548383986;2872.442;['pressure', 'temperature']
2026-02-19 16:00:00;3757.8806802064346;3774.00675;['pressure', 'temperature']
2026-02-19 17:00:00;4837.636839617506;5136.79725;['pressure', 'temperature']
2026-02-19 18:00:00;5085.614763111671;5757.4375;['pressure', 'temperature']
2026-02-19 19:00:00;4053.2335545935593;2808.28475;['pressure', 'temperature']
2026-02-19 20:00:00;4319.872740675586;4316.30025;['pressure', 'temperature']
2026-02-19 21:00:00;3868.268857727318;4116.61075;['pressure', 'temperature']
2026-02-19 22:00:00;4056.447503961769;3227.96925;['pressure', 'temperature']
2026-02-19 23:00:00;4066.89152136615;3393.52525;['pressure', 'temperature']
2026-02-20 00:00:00;3523.7132672222274;3867.99625;['pressure', 'temperature']
2026-02-20 01:00:00;3715.0417815049236;3100.64225;['pressure', 'temperature']
2026-02-20 02:00:00;3397.595584619071;2828.1715;['pressure', 'temperature']
2026-02-20 03:00:00;3266.174874063947;4158.9235;['pressure', 'temperature']
2026-02-20 04:00:00;3415.812641505945;3933.11075;['pressure', 'temperature']
2026-02-20 05:00:00;3596.2332770196263;3965.08175;['pressure', 'temperature']
2026-02-20 06:00:00;3632.376156583092;3080.9115;['pressure', 'temperature']
2026-02-20 07:00:00;4052.3484938769966;4425.24725;['pressure', 'temperature']
2026-02-20 08:00:00;3586.98668131654;5264.822999999999;['pressure', 'temperature']
2026-02-20 09:00:00;4356.385074982248;3476.0955;['pressure', 'temperature']
2026-02-20 10:00:00;3928.051792570391;3282.589;['pressure', 'temperature']
2026-02-20 11:00:00;3964.9991502104513;3600.80525;['pressure', 'temperature']
2026-02-20 12:00:00;3742.753600245868;4432.64325;['pressure', 'temperature']
2026-02-20 13:00:00;3499.964934179657;2361.1320000000005;['pressure', 'temperature']
2026-02-20 14:00:00;3782.9585260980793;1551.0443333333333;['pressure', 'temperature']
2026-02-20 15:00:00;3612.30565491382;2872.442;['pressure', 'temperature']
2026-02-20 16:00:00;3951.4417815191728;3774.00675;['pressure', 'temperature']
2026-02-20 17:00:00;4414.959152231446;5136.79725;['pressure', 'temperature']
2026-02-20 18:00:00;5270.991168286579;5177.334;['pressure', 'temperature']
2026-02-20 19:00:00;3680.9432281782097;5452.91475;['pressure', 'temperature']
2026-02-20 20:00:00;4391.484797818285;5548.0960000000005;['pressure', 'temperature']
2026-02-20 21:00:00;4081.703824472716;4351.4605;['pressure', 'temperature']
2026-02-20 22:00:00;3554.4534652698967;4562.4445;['pressure', 'temperature']
2026-02-20 23:00:00;3650.651275687195;3240.04275;['pressure', 'temperature']
2026-02-10 00:00:00;2822.774662795123;2312.257;['precipitation', 'temperature']
2026-02-10 01:00:00;2827.825222676709;2445.75475;['precipitation', 'temperature']
2026-02-10 02:00:00;2576.621229103959;2738.38875;['precipitation', 'temperature']
2026-02-10 03:00:00;2378.8700782008245;2507.56425;['precipitation', 'temperature']
2026-02-10 04:00:00;2379.8261539182445;2972.28575;['precipitation', 'temperature']
2026-02-10 05:00:00;2574.0515113324846;2894.95425;['precipitation', 'temperature']
2026-02-10 06:00:00;2475.370985294767;3762.406;['precipitation', 'temperature']
2026-02-10 07:00:00;2719.6001493751655;2580.2795;['precipitation', 'temperature']
2026-02-10 08:00:00;2841.030362402267;4036.3455;['precipitation', 'temperature']
2026-02-10 09:00:00;2768.1890334084383;3671.19375;['precipitation', 'temperature']
2026-02-10 10:00:00;2903.3602805216283;2416.94175;['precipitation', 'temperature']
2026-02-10 11:00:00;2766.287797941447;2677.89175;['precipitation', 'temperature']
2026-02-10 12:00:00;2503.6851545775417;1806.73475;['precipitation', 'temperature']
2026-02-10 13:00:00;2698.381990955624;3154.1665;['precipitation', 'temperature']
2026-02-10 14:00:00;2692.9937321454327;2227.19575;['precipitation', 'temperature']
2026-02-10 15:00:00;2401.93918497479;2543.43525;['precipitation', 'temperature']
2026-02-10 16:00:00;2856.9795474814946;2576.265;['precipitation', 'temperature']
2026-02-10 17:00:00;3998.7366622007885;5342.617;['precipitation', 'temperature']
2026-02-10 18:00:00;4117.924112364347;5926.32475;['precipitation', 'temperature']
2026-02-10 19:00:00;3118.8945501308826;3875.02825;['precipitation', 'temperature']
2026-02-10 20:00:00;3401.119503390528;4273.53175;['precipitation', 'temperature']
2026-02-10 21:00:00;3070.1611391274364;2881.09475;['precipitation', 'temperature']
2026-02-10 22:00:00;2795.4431577810674;2286.139;['precipitation', 'temperature']
2026-02-10 23:00:00;2616.895925990138;3057.192;['precipitation', 'temperature']
2026-02-11 00:00:00;2706.0174758298535;2366.50825;['precipitation', 'temperature']
2026-02-11 01:00:00;2725.6217378181036;2711.8525;['precipitation', 'temperature']
2026-02-11 02:00:00;2608.8539530898493;2083.15775;['precipitation', 'temperature']
2026-02-11 03:00:00;2291.1003498799028;2465.2165000000005;['precipitation', 'temperature']
2026-02-11 04:00:00;2424.35061354341;2897.0037500000003;['precipitation', 'temperature']
2026-02-11 05:00:00;2566.6706245942;2676.7915000000003;['precipitation', 'temperature']
2026-02-11 06:00:00;2735.44793371751;2365.58925;['precipitation', 'temperature']
2026-02-11 07:00:00;2725.5738840157246;3238.81225;['precipitation', 'temperature']
2026-02-11 08:00:00;3168.6355408261325;2706.17225;['precipitation', 'temperature']
2026-02-11 09:00:00;2919.2828244959405;3475.922;['precipitation', 'temperature']
2026-02-11 10:00:00;2713.2660519903957;2244.5915;['precipitation', 'temperature']
2026-02-11 11:00:00;2862.6764044491806;2952.637;['precipitation', 'temperature']
2026-02-11 12:00:00;2798.804001463954;1686.3925;['precipitation', 'temperature']
2026-02-11 13:00:00;3053.386468861557;3154.1665;['precipitation', 'temperature']
2026-02-11 14:00:00;2754.8385255035328;2227.19575;['precipitation', 'temperature']
2026-02-11 15:00:00;2954.698120090531;2543.43525;['precipitation', 'temperature']
2026-02-11 16:00:00;2992.702370945954;2576.265;['precipitation', 'temperature']
2026-02-11 17:00:00;3845.942794044185;1333.5;['precipitation', 'temperature']
2026-02-11 18:00:00;4053.5076596036133;3750.33275;['precipitation', 'temperature']
2026-02-11 19:00:00;2945.8258377751354;3982.69175;['precipitation', 'temperature']
2026-02-11 20:00:00;3236.7631715541575;3578.161;['precipitation', 'temperature']
2026-02-11 21:00:00;2698.379200152349;2482.21025;['precipitation', 'temperature']
2026-02-11 22:00:00;2669.3994010026336;2358.59375;['precipitation', 'temperature']
2026-02-11 23:00:00;2169.1194765043974;2322.409;['precipitation', 'temperature']
2026-02-12 00:00:00;2353.381142077892;2297.366;['precipitation', 'temperature']
2026-02-12 01:00:00;2606.2226224921797;2377.4665;['precipitation', 'temperature']
2026-02-12 02:00:00;2196.4350562706136;1861.1955;['precipitation', 'temperature']
2026-02-12 03:00:00;2216.442671974188;1835.98825;['precipitation', 'temperature']
2026-02-12 04:00:00;2131.987790507099;1987.42975;['precipitation', 'temperature']
2026-02-12 05:00:00;2320.2618534128346;2928.504;['precipitation', 'temperature']
2026-02-12 06:00:00;2350.25539122953;2122.81;['precipitation', 'temperature']
2026-02-12 07:00:00;2635.7303988520084;2338.194;['precipitation', 'temperature']
2026-02-12 08:00:00;2581.7235996552517;1348.37875;['precipitation', 'temperature']
2026-02-12 09:00:00;2620.7070887803393;928.61625;['precipitation', 'temperature']
2026-02-12 10:00:00;2390.7255359072656;2329.8340000000003;['precipitation', 'temperature']
2026-02-12 11:00:00;2653.740200581793;1817.92825;['precipitation', 'temperature']
2026-02-12 12:00:00;2487.127700244917;3735.537;['precipitation', 'temperature']
2026-02-12 13:00:00;2532.9100898473316;2596.203;['precipitation', 'temperature']
2026-02-12 14:00:00;2318.288418928373;2194.61975;['precipitation', 'temperature']
2026-02-12 15:00:00;2592.3452018265766;1834.60225;['precipitation', 'temperature']
2026-02-12 16:00:00;2848.5862591192963;2180.3565;['precipitation', 'temperature']
2026-02-12 17:00:00;3680.0558209328665;3746.30075;['precipitation', 'temperature']
2026-02-12 18:00:00;3744.7835278409602;4982.87875;['precipitation', 'temperature']
2026-02-12 19:00:00;3008.9728752264145;3386.71775;['precipitation', 'temperature']
2026-02-12 20:00:00;3373.0868338215305;3613.59775;['precipitation', 'temperature']
2026-02-12 21:00:00;2762.5061481979233;3065.22725;['precipitation', 'temperature']
2026-02-12 22:00:00;2803.6072496797356;2475.28875;['precipitation', 'temperature']
2026-02-12 23:00:00;2266.836565879099;2045.159;['precipitation', 'temperature']
2026-02-13 00:00:00;2194.4332104478517;2855.48325;['precipitation', 'temperature']
2026-02-13 01:00:00;2302.176051171538;2102.1375;['precipitation', 'temperature']
2026-02-13 02:00:00;2648.159827203655;2721.5535;['precipitation', 'temperature']
2026-02-13 03:00:00;2008.0388229948253;2265.05425;['precipitation', 'temperature']
2026-02-13 04:00:00;2037.6289587367687;2724.386;['precipitation', 'temperature']
2026-02-13 05:00:00;2388.311605239852;1950.27;['precipitation', 'temperature']
2026-02-13 06:00:00;2291.57238339017;2676.27525;['precipitation', 'temperature']
2026-02-13 07:00:00;2448.3582216355016;1876.716;['precipitation', 'temperature']
2026-02-13 08:00:00;2360.865277690585;3155.0185;['precipitation', 'temperature']
2026-02-13 09:00:00;2461.9424453764673;3419.00525;['precipitation', 'temperature']
2026-02-13 10:00:00;2526.483443488899;2633.61775;['precipitation', 'temperature']
2026-02-13 11:00:00;2192.3235008866636;3832.5985;['precipitation', 'temperature']
2026-02-13 12:00:00;2741.2205047433376;2113.4985;['precipitation', 'temperature']
2026-02-13 13:00:00;2563.2818367066634;2406.8145;['precipitation', 'temperature']
2026-02-13 14:00:00;2422.4884795154658;2225.23925;['precipitation', 'temperature']
2026-02-13 15:00:00;2359.1478195894597;2112.819;['precipitation', 'temperature']
2026-02-13 16:00:00;2581.6789431325597;2119.783;['precipitation', 'temperature']
2026-02-13 17:00:00;4101.775833213433;2762.934;['precipitation', 'temperature']
2026-02-13 18:00:00;3319.294587881453;3519.851;['precipitation', 'temperature']
2026-02-13 19:00:00;2933.320177421962;3490.8465;['precipitation', 'temperature']
2026-02-13 20:00:00;3198.496017044657;3538.6712499999994;['precipitation', 'temperature']
2026-02-13 21:00:00;2921.3073562354853;3449.1785;['precipitation', 'temperature']
2026-02-13 22:00:00;2686.723944207352;2324.8065;['precipitation', 'temperature']
2026-02-13 23:00:00;2276.319015653144;3431.5795;['precipitation', 'temperature']
2026-02-14 00:00:00;2700.0463019629246;2411.443;['precipitation', 'temperature']
2026-02-14 01:00:00;2699.035798368673;2943.3845;['precipitation', 'temperature']
2026-02-14 02:00:00;2654.519002643724;2579.4275;['precipitation', 'temperature']
2026-02-14 03:00:00;2495.7518781987283;2204.52425;['precipitation', 'temperature']
2026-02-14 04:00:00;2531.831425947522;2660.8965000000003;['precipitation', 'temperature']
2026-02-14 05:00:00;2471.9020920058542;3597.15675;['precipitation', 'temperature']
2026-02-14 06:00:00;2399.3808413051856;2461.59075;['precipitation', 'temperature']
2026-02-14 07:00:00;2479.690873312508;2936.82475;['precipitation', 'temperature']
2026-02-14 08:00:00;3165.06923724429;2971.81825;['precipitation', 'temperature']
2026-02-14 09:00:00;3047.376897567877;2900.61125;['precipitation', 'temperature']
2026-02-14 10:00:00;2761.4780034995347;2713.67975;['precipitation', 'temperature']
2026-02-14 11:00:00;3416.2669216161325;2756.77525;['precipitation', 'temperature']
2026-02-14 12:00:00;2663.6518892981653;3727.64475;['precipitation', 'temperature']
2026-02-14 13:00:00;2976.2471166200285;2757.3445;['precipitation', 'temperature']
2026-02-14 14:00:00;2400.0156476119714;3371.52475;['precipitation', 'temperature']
2026-02-14 15:00:00;2808.5501268870994;3231.48225;['precipitation', 'temperature']
2026-02-14 16:00:00;2817.1785981949834;4488.084;['precipitation', 'temperature']
2026-02-14 17:00:00;3693.8392908002534;5352.45;['precipitation', 'temperature']
2026-02-14 18:00:00;3593.535045265371;6210.828;['precipitation', 'temperature']
2026-02-14 19:00:00;3096.963589897364;1903.77525;['precipitation', 'temperature']
2026-02-14 20:00:00;3037.4586079361943;2630.102;['precipitation', 'temperature']
2026-02-14 21:00:00;2893.264624682258;4245.20475;['precipitation', 'temperature']
2026-02-14 22:00:00;2841.936953165261;3723.198;['precipitation', 'temperature']
2026-02-14 23:00:00;2678.302582626307;3729.623;['precipitation', 'temperature']
2026-02-15 00:00:00;2813.5147094075596;3933.857;['precipitation', 'temperature']
2026-02-15 01:00:00;2874.321817054049;3709.625;['precipitation', 'temperature']
2026-02-15 02:00:00;2803.267111287392;3698.68875;['precipitation', 'temperature']
2026-02-15 03:00:00;2550.7865528932093;3668.341;['precipitation', 'temperature']
2026-02-15 04:00:00;2483.6211127104334;3783.91125;['precipitation', 'temperature']
2026-02-15 05:00:00;2686.3693827959064;3444.12875;['precipitation', 'temperature']
2026-02-15 06:00:00;2727.262047579005;4090.44675;['precipitation', 'temperature']
2026-02-15 07:00:00;2997.4082448249205;4660.0415;['precipitation', 'temperature']
2026-02-15 08:00:00;3005.44561629944;3879.998;['precipitation', 'temperature']
2026-02-15 09:00:00;3222.0763074065608;4359.39175;['precipitation', 'temperature']
2026-02-15 10:00:00;3288.4870081295157;5136.501;['precipitation', 'temperature']
2026-02-15 11:00:00;2575.3284637179186;4608.921;['precipitation', 'temperature']
2026-02-15 12:00:00;3338.644225719504;3958.311;['precipitation', 'temperature']
2026-02-15 13:00:00;3092.895990316627;2757.3445;['precipitation', 'temperature']
2026-02-15 14:00:00;2972.900605444036;3371.52475;['precipitation', 'temperature']
2026-02-15 15:00:00;3447.520350222657;3231.48225;['precipitation', 'temperature']
2026-02-15 16:00:00;2603.3401512355103;5022.667;['precipitation', 'temperature']
2026-02-15 17:00:00;4335.949423182807;3789.986;['precipitation', 'temperature']
2026-02-15 18:00:00;4460.467704826176;1972.2715;['precipitation', 'temperature']
2026-02-15 19:00:00;2931.381596504354;1211.72575;['precipitation', 'temperature']
2026-02-15 20:00:00;3053.8027505806585;2768.893;['precipitation', 'temperature']
2026-02-15 21:00:00;3324.350773550953;4284.85;['precipitation', 'temperature']
2026-02-15 22:00:00;3075.3094268435707;3674.49175;['precipitation', 'temperature']
2026-02-15 23:00:00;2345.4507648339754;3857.04075;['precipitation', 'temperature']
2026-02-16 00:00:00;2713.0883542656866;4270.74175;['precipitation', 'temperature']
2026-02-16 01:00:00;3272.0954794129248;4172.0475;['precipitation', 'temperature']
2026-02-16 02:00:00;2746.7964371303406;4192.84925;['precipitation', 'temperature']
2026-02-16 03:00:00;2877.3999287488737;4297.218;['precipitation', 'temperature']
2026-02-16 04:00:00;2674.353858547377;3792.167;['precipitation', 'temperature']
2026-02-16 05:00:00;2559.94615147017;3905.2105;['precipitation', 'temperature']
2026-02-16 06:00:00;2934.962955405762;4322.625;['precipitation', 'temperature']
2026-02-16 07:00:00;3033.597547592176;5897.072;['precipitation', 'temperature']
2026-02-16 08:00:00;3334.772919126554;2816.22675;['precipitation', 'temperature']
2026-02-16 09:00:00;3726.8691491259624;3726.25825;['precipitation', 'temperature']
2026-02-16 10:00:00;2978.1266310516157;3709.35825;['precipitation', 'temperature']
2026-02-16 11:00:00;3300.8696977368945;4097.0225;['precipitation', 'temperature']
2026-02-16 12:00:00;3272.247651274847;4383.431500000001;['precipitation', 'temperature']
2026-02-16 13:00:00;3529.2942061289855;3789.0565;['precipitation', 'temperature']
2026-02-16 14:00:00;3029.7223584085013;4607.666;['precipitation', 'temperature']
2026-02-16 15:00:00;3263.5748717777246;4367.22325;['precipitation', 'temperature']
2026-02-16 16:00:00;2937.610521474883;3437.96925;['precipitation', 'temperature']
2026-02-16 17:00:00;3604.34039401271;5117.6485;['precipitation', 'temperature']
2026-02-16 18:00:00;3973.705581498927;5031.2195;['precipitation', 'temperature']
2026-02-16 19:00:00;3436.7015186472345;5013.32925;['precipitation', 'temperature']
2026-02-16 20:00:00;3897.417613401134;3950.84225;['precipitation', 'temperature']
2026-02-16 21:00:00;3991.50874418901;3260.27925;['precipitation', 'temperature']
2026-02-16 22:00:00;3066.352582920985;3727.6415;['precipitation', 'temperature']
2026-02-16 23:00:00;3077.3103086214705;2914.66625;['precipitation', 'temperature']
2026-02-17 00:00:00;3493.8808977246363;3134.171;['precipitation', 'temperature']
2026-02-17 01:00:00;3581.9576927302105;2905.419;['precipitation', 'temperature']
2026-02-17 02:00:00;3387.6675207248945;3407.01775;['precipitation', 'temperature']
2026-02-17 03:00:00;3281.583781867871;2895.731;['precipitation', 'temperature']
2026-02-17 04:00:00;3193.790156459213;3551.5375;['precipitation', 'temperature']
2026-02-17 05:00:00;3461.393977687728;3038.49075;['precipitation', 'temperature']
2026-02-17 06:00:00;3481.347704306518;2865.9880000000003;['precipitation', 'temperature']
2026-02-17 07:00:00;3922.4717355389516;4217.9155;['precipitation', 'temperature']
2026-02-17 08:00:00;3526.706560722818;4631.85375;['precipitation', 'temperature']
2026-02-17 09:00:00;3489.7939257329995;5666.0205000000005;['precipitation', 'temperature']
2026-02-17 10:00:00;3785.7668450961755;3033.71925;['precipitation', 'temperature']
2026-02-17 11:00:00;3919.6359358922164;3668.54275;['precipitation', 'temperature']
2026-02-17 12:00:00;3716.6993051011505;3205.1977500000003;['precipitation', 'temperature']
2026-02-17 13:00:00;3975.7271724733555;3569.85825;['precipitation', 'temperature']
2026-02-17 14:00:00;3661.6829579628456;4546.28325;['precipitation', 'temperature']
2026-02-17 15:00:00;3780.86939914557;3355.98275;['precipitation', 'temperature']
2026-02-17 16:00:00;4065.956947732295;3155.60275;['precipitation', 'temperature']
2026-02-17 17:00:00;4304.423833055194;3948.281;['precipitation', 'temperature']
2026-02-17 18:00:00;4821.811368658218;6586.86025;['precipitation', 'temperature']
2026-02-17 19:00:00;3781.8979492985127;2688.89675;['precipitation', 'temperature']
2026-02-17 20:00:00;4460.455993905232;4654.51275;['precipitation', 'temperature']
2026-02-17 21:00:00;4270.866905390758;3142.6025;['precipitation', 'temperature']
2026-02-17 22:00:00;3869.6347767139396;2652.804;['precipitation', 'temperature']
2026-02-17 23:00:00;3695.12331836654;2618.7905;['precipitation', 'temperature']
2026-02-18 00:00:00;2970.844669290993;3148.755;['precipitation', 'temperature']
2026-02-18 01:00:00;3414.4892700358723;3693.88525;['precipitation', 'temperature']
2026-02-18 02:00:00;2685.807333445002;2656.90925;['precipitation', 'temperature']
2026-02-18 03:00:00;2624.771354908109;2022.2365;['precipitation', 'temperature']
2026-02-18 04:00:00;3224.16093085779;2714.6582499999995;['precipitation', 'temperature']
2026-02-18 05:00:00;3436.99516672248;3138.4825;['precipitation', 'temperature']
2026-02-18 06:00:00;3745.994819601811;3251.8665;['precipitation', 'temperature']
2026-02-18 07:00:00;3444.51754079627;3767.39;['precipitation', 'temperature']
2026-02-18 08:00:00;2756.843629327629;3704.433;['precipitation', 'temperature']
2026-02-18 09:00:00;3583.059310076448;4502.9775;['precipitation', 'temperature']
2026-02-18 10:00:00;3866.466771299083;2839.84175;['precipitation', 'temperature']
2026-02-18 11:00:00;3843.34850326162;3027.432;['precipitation', 'temperature']
2026-02-18 12:00:00;3754.4420740113706;3523.302;['precipitation', 'temperature']
2026-02-18 13:00:00;3608.531322937445;3065.7345000000005;['precipitation', 'temperature']
2026-02-18 14:00:00;3746.9424916724606;3746.467;['precipitation', 'temperature']
2026-02-18 15:00:00;3571.0967605385877;3357.258;['precipitation', 'temperature']
2026-02-18 16:00:00;3607.7749851458875;3739.85675;['precipitation', 'temperature']
2026-02-18 17:00:00;5042.694967615587;5383.882;['precipitation', 'temperature']
2026-02-18 18:00:00;4652.5533508675;5460.044;['precipitation', 'temperature']
2026-02-18 19:00:00;3462.886915819395;3423.06;['precipitation', 'temperature']
2026-02-18 20:00:00;3639.6706931223325;4988.140666666666;['precipitation', 'temperature']
2026-02-18 21:00:00;3616.7228997534585;3943.082;['precipitation', 'temperature']
2026-02-18 22:00:00;3833.1152513048805;3280.73875;['precipitation', 'temperature']
2026-02-18 23:00:00;4192.800189373594;4189.85225;['precipitation', 'temperature']
2026-02-19 00:00:00;3778.5978609442614;3798.69625;['precipitation', 'temperature']
2026-02-19 01:00:00;3762.7957831528356;3470.1565;['precipitation', 'temperature']
2026-02-19 02:00:00;3494.4201961251215;3887.978;['precipitation', 'temperature']
2026-02-19 03:00:00;3499.471352679221;3463.55225;['precipitation', 'temperature']
2026-02-19 04:00:00;2932.5129770209305;3694.54025;['precipitation', 'temperature']
2026-02-19 05:00:00;3029.3024479394207;4024.671;['precipitation', 'temperature']
2026-02-19 06:00:00;3749.3419657083773;3976.81075;['precipitation', 'temperature']
2026-02-19 07:00:00;3298.022851902191;4254.63175;['precipitation', 'temperature']
2026-02-19 08:00:00;3385.6656079570294;5451.65625;['precipitation', 'temperature']
2026-02-19 09:00:00;4272.846732377398;4617.72725;['precipitation', 'temperature']
2026-02-19 10:00:00;3829.6630255022;4048.07275;['precipitation', 'temperature']
2026-02-19 11:00:00;3851.0434289635637;4006.33275;['precipitation', 'temperature']
2026-02-19 12:00:00;3584.9263570146504;2886.07425;['precipitation', 'temperature']
2026-02-19 13:00:00;3453.682027872941;3151.84075;['precipitation', 'temperature']
2026-02-19 14:00:00;3883.696088843527;2118.81075;['precipitation', 'temperature']
2026-02-19 15:00:00;3739.801000382832;2872.442;['precipitation', 'temperature']
2026-02-19 16:00:00;3896.332573059218;3774.00675;['precipitation', 'temperature']
2026-02-19 17:00:00;4893.907683123365;5136.79725;['precipitation', 'temperature']
2026-02-19 18:00:00;4743.104066700538;5757.4375;['precipitation', 'temperature']
2026-02-19 19:00:00;3988.555629483696;2808.28475;['precipitation', 'temperature']
2026-02-19 20:00:00;4016.181464125293;4316.30025;['precipitation', 'temperature']
2026-02-19 21:00:00;3847.7799508669664;4116.61075;['precipitation', 'temperature']
2026-02-19 22:00:00;4082.983636774269;3227.96925;['precipitation', 'temperature']
2026-02-19 23:00:00;4038.1731375770873;3393.52525;['precipitation', 'temperature']
2026-02-20 00:00:00;3538.8977841289657;3867.99625;['precipitation', 'temperature']
2026-02-20 01:00:00;3777.79721363383;3100.64225;['precipitation', 'temperature']
2026-02-20 02:00:00;3337.177987325217;2828.1715;['precipitation', 'temperature']
2026-02-20 03:00:00;3599.009949442365;4158.9235;['precipitation', 'temperature']
2026-02-20 04:00:00;3412.36330450033;3933.11075;['precipitation', 'temperature']
2026-02-20 05:00:00;3612.531227764255;3965.08175;['precipitation', 'temperature']
2026-02-20 06:00:00;3690.72135998275;3080.9115;['precipitation', 'temperature']
2026-02-20 07:00:00;4007.4461196094185;4425.24725;['precipitation', 'temperature']
2026-02-20 08:00:00;3632.843141887829;5264.822999999999;['precipitation', 'temperature']
2026-02-20 09:00:00;4259.6884960027555;3476.0955;['precipitation', 'temperature']
2026-02-20 10:00:00;3812.230400511065;3282.589;['precipitation', 'temperature']
2026-02-20 11:00:00;3755.4598054228536;3600.80525;['precipitation', 'temperature']
2026-02-20 12:00:00;3605.78460991994;4432.64325;['precipitation', 'temperature']
2026-02-20 13:00:00;3569.5449283813173;2361.1320000000005;['precipitation', 'temperature']
2026-02-20 14:00:00;3715.614242040462;1551.0443333333333;['precipitation', 'temperature']
2026-02-20 15:00:00;3489.3864616459978;2872.442;['precipitation', 'temperature']
2026-02-20 16:00:00;3728.9151091558915;3774.00675;['precipitation', 'temperature']
2026-02-20 17:00:00;4242.7308044531255;5136.79725;['precipitation', 'temperature']
2026-02-20 18:00:00;5100.783059384601;5177.334;['precipitation', 'temperature']
2026-02-20 19:00:00;3885.0862526227897;5452.91475;['precipitation', 'temperature']
2026-02-20 20:00:00;4267.637683255297;5548.0960000000005;['precipitation', 'temperature']
2026-02-20 21:00:00;4111.517438364317;4351.4605;['precipitation', 'temperature']
2026-02-20 22:00:00;3636.178063200805;4562.4445;['precipitation', 'temperature']
2026-02-20 23:00:00;3660.868019156433;3240.04275;['precipitation', 'temperature']
2026-02-10 00:00:00;2783.1664932394588;2312.257;['wind_speed', 'pressure', 'precipitation']
2026-02-10 01:00:00;2880.0713183340577;2445.75475;['wind_speed', 'pressure', 'precipitation']
2026-02-10 02:00:00;2591.1235870637065;2738.38875;['wind_speed', 'pressure', 'precipitation']
2026-02-10 03:00:00;2446.6992884821966;2507.56425;['wind_speed', 'pressure', 'precipitation']
2026-02-10 04:00:00;2374.6349164685985;2972.28575;['wind_speed', 'pressure', 'precipitation']
2026-02-10 05:00:00;2621.542611643764;2894.95425;['wind_speed', 'pressure', 'precipitation']
2026-02-10 06:00:00;2524.7344343914465;3762.406;['wind_speed', 'pressure', 'precipitation']
2026-02-10 07:00:00;2720.4520523368965;2580.2795;['wind_speed', 'pressure', 'precipitation']
2026-02-10 08:00:00;2857.276750360794;4036.3455;['wind_speed', 'pressure', 'precipitation']
2026-02-10 09:00:00;2742.4308871224275;3671.19375;['wind_speed', 'pressure', 'precipitation']
2026-02-10 10:00:00;2804.678868778464;2416.94175;['wind_speed', 'pressure', 'precipitation']
2026-02-10 11:00:00;2469.269311918498;2677.89175;['wind_speed', 'pressure', 'precipitation']
2026-02-10 12:00:00;2482.6826826537135;1806.73475;['wind_speed', 'pressure', 'precipitation']
2026-02-10 13:00:00;2629.2727685435148;3154.1665;['wind_speed', 'pressure', 'precipitation']
2026-02-10 14:00:00;2777.8635635882656;2227.19575;['wind_speed', 'pressure', 'precipitation']
2026-02-10 15:00:00;2523.2699754945043;2543.43525;['wind_speed', 'pressure', 'precipitation']
2026-02-10 16:00:00;2953.095590572315;2576.265;['wind_speed', 'pressure', 'precipitation']
2026-02-10 17:00:00;4116.812498382429;5342.617;['wind_speed', 'pressure', 'precipitation']
2026-02-10 18:00:00;4113.07738690048;5926.32475;['wind_speed', 'pressure', 'precipitation']
2026-02-10 19:00:00;2999.2239110927967;3875.02825;['wind_speed', 'pressure', 'precipitation']
2026-02-10 20:00:00;3398.224499118067;4273.53175;['wind_speed', 'pressure', 'precipitation']
2026-02-10 21:00:00;2986.9818826882274;2881.09475;['wind_speed', 'pressure', 'precipitation']
2026-02-10 22:00:00;2829.4093214163213;2286.139;['wind_speed', 'pressure', 'precipitation']
2026-02-10 23:00:00;2546.1161112699842;3057.192;['wind_speed', 'pressure', 'precipitation']
2026-02-11 00:00:00;2674.3579127652783;2366.50825;['wind_speed', 'pressure', 'precipitation']
2026-02-11 01:00:00;2788.7530492347296;2711.8525;['wind_speed', 'pressure', 'precipitation']
2026-02-11 02:00:00;2601.179830041067;2083.15775;['wind_speed', 'pressure', 'precipitation']
2026-02-11 03:00:00;2384.0300602680863;2465.2165000000005;['wind_speed', 'pressure', 'precipitation']
2026-02-11 04:00:00;2429.246027895827;2897.0037500000003;['wind_speed', 'pressure', 'precipitation']
2026-02-11 05:00:00;2462.9055260224227;2676.7915000000003;['wind_speed', 'pressure', 'precipitation']
2026-02-11 06:00:00;2723.646305604717;2365.58925;['wind_speed', 'pressure', 'precipitation']
2026-02-11 07:00:00;2654.182208066628;3238.81225;['wind_speed', 'pressure', 'precipitation']
2026-02-11 08:00:00;2934.2918747494723;2706.17225;['wind_speed', 'pressure', 'precipitation']
2026-02-11 09:00:00;2905.356604555755;3475.922;['wind_speed', 'pressure', 'precipitation']
2026-02-11 10:00:00;2811.5489556616603;2244.5915;['wind_speed', 'pressure', 'precipitation']
2026-02-11 11:00:00;2730.0941290585556;2952.637;['wind_speed', 'pressure', 'precipitation']
2026-02-11 12:00:00;2579.1923185721084;1686.3925;['wind_speed', 'pressure', 'precipitation']
2026-02-11 13:00:00;2683.239923451401;3154.1665;['wind_speed', 'pressure', 'precipitation']
2026-02-11 14:00:00;2552.982171743767;2227.19575;['wind_speed', 'pressure', 'precipitation']
2026-02-11 15:00:00;2711.0569839210975;2543.43525;['wind_speed', 'pressure', 'precipitation']
2026-02-11 16:00:00;3115.0146802110908;2576.265;['wind_speed', 'pressure', 'precipitation']
2026-02-11 17:00:00;4054.831362922359;1333.5;['wind_speed', 'pressure', 'precipitation']
2026-02-11 18:00:00;4325.851508785742;3750.33275;['wind_speed', 'pressure', 'precipitation']
2026-02-11 19:00:00;3013.6528183659557;3982.69175;['wind_speed', 'pressure', 'precipitation']
2026-02-11 20:00:00;3706.239901900837;3578.161;['wind_speed', 'pressure', 'precipitation']
2026-02-11 21:00:00;3092.68436067481;2482.21025;['wind_speed', 'pressure', 'precipitation']
2026-02-11 22:00:00;2717.239511781442;2358.59375;['wind_speed', 'pressure', 'precipitation']
2026-02-11 23:00:00;2937.127197451663;2322.409;['wind_speed', 'pressure', 'precipitation']
2026-02-12 00:00:00;2537.329266486614;2297.366;['wind_speed', 'pressure', 'precipitation']
2026-02-12 01:00:00;2519.933989145622;2377.4665;['wind_speed', 'pressure', 'precipitation']
2026-02-12 02:00:00;2603.7912421836995;1861.1955;['wind_speed', 'pressure', 'precipitation']
2026-02-12 03:00:00;2563.381503303534;1835.98825;['wind_speed', 'pressure', 'precipitation']
2026-02-12 04:00:00;2553.2195715129583;1987.42975;['wind_speed', 'pressure', 'precipitation']
2026-02-12 05:00:00;2662.61544533178;2928.504;['wind_speed', 'pressure', 'precipitation']
2026-02-12 06:00:00;2508.1461421145395;2122.81;['wind_speed', 'pressure', 'precipitation']
2026-02-12 07:00:00;2858.045576769489;2338.194;['wind_speed', 'pressure', 'precipitation']
2026-02-12 08:00:00;2816.53112147532;1348.37875;['wind_speed', 'pressure', 'precipitation']
2026-02-12 09:00:00;2828.0861094712573;928.61625;['wind_speed', 'pressure', 'precipitation']
2026-02-12 10:00:00;2503.2370257754296;2329.8340000000003;['wind_speed', 'pressure', 'precipitation']
2026-02-12 11:00:00;2693.274862828497;1817.92825;['wind_speed', 'pressure', 'precipitation']
2026-02-12 12:00:00;2544.501808559431;3735.537;['wind_speed', 'pressure', 'precipitation']
2026-02-12 13:00:00;2721.753141757732;2596.203;['wind_speed', 'pressure', 'precipitation']
2026-02-12 14:00:00;2476.414578596342;2194.61975;['wind_speed', 'pressure', 'precipitation']
2026-02-12 15:00:00;2622.135491705422;1834.60225;['wind_speed', 'pressure', 'precipitation']
2026-02-12 16:00:00;2939.1175339148285;2180.3565;['wind_speed', 'pressure', 'precipitation']
2026-02-12 17:00:00;3402.961994638921;3746.30075;['wind_speed', 'pressure', 'precipitation']
2026-02-12 18:00:00;3570.310307015765;4982.87875;['wind_speed', 'pressure', 'precipitation']
2026-02-12 19:00:00;2563.882505048192;3386.71775;['wind_speed', 'pressure', 'precipitation']
2026-02-12 20:00:00;3362.4040375816776;3613.59775;['wind_speed', 'pressure', 'precipitation']
2026-02-12 21:00:00;3052.219881871019;3065.22725;['wind_speed', 'pressure', 'precipitation']
2026-02-12 22:00:00;2980.165217819384;2475.28875;['wind_speed', 'pressure', 'precipitation']
2026-02-12 23:00:00;2636.9536770851537;2045.159;['wind_speed', 'pressure', 'precipitation']
2026-02-13 00:00:00;2106.060121611182;2855.48325;['wind_speed', 'pressure', 'precipitation']
2026-02-13 01:00:00;2379.4275808651414;2102.1375;['wind_speed', 'pressure', 'precipitation']
2026-02-13 02:00:00;2116.8861379336354;2721.5535;['wind_speed', 'pressure', 'precipitation']
2026-02-13 03:00:00;1914.8359879118175;2265.05425;['wind_speed', 'pressure', 'precipitation']
2026-02-13 04:00:00;1908.3977880824718;2724.386;['wind_speed', 'pressure', 'precipitation']
2026-02-13 05:00:00;2370.581343675597;1950.27;['wind_speed', 'pressure', 'precipitation']
2026-02-13 06:00:00;2211.312831388217;2676.27525;['wind_speed', 'pressure', 'precipitation']
2026-02-13 07:00:00;2457.3256784531286;1876.716;['wind_speed', 'pressure', 'precipitation']
2026-02-13 08:00:00;2653.224667949374;3155.0185;['wind_speed', 'pressure', 'precipitation']
2026-02-13 09:00:00;2494.968877413821;3419.00525;['wind_speed', 'pressure', 'precipitation']
2026-02-13 10:00:00;2763.5569221876294;2633.61775;['wind_speed', 'pressure', 'precipitation']
2026-02-13 11:00:00;2697.335799470648;3832.5985;['wind_speed', 'pressure', 'precipitation']
2026-02-13 12:00:00;2831.537780744314;2113.4985;['wind_speed', 'pressure', 'precipitation']
2026-02-13 13:00:00;2611.037406164671;2406.8145;['wind_speed', 'pressure', 'precipitation']
2026-02-13 14:00:00;2548.897560020837;2225.23925;['wind_speed', 'pressure', 'precipitation']
2026-02-13 15:00:00;2424.643714975202;2112.819;['wind_speed', 'pressure', 'precipitation']
2026-02-13 16:00:00;2675.7662996999425;2119.783;['wind_speed', 'pressure', 'precipitation']
2026-02-13 17:00:00;4435.677993857964;2762.934;['wind_speed', 'pressure', 'precipitation']
2026-02-13 18:00:00;3883.1918962310624;3519.851;['wind_speed', 'pressure', 'precipitation']
2026-02-13 19:00:00;2625.806635246669;3490.8465;['wind_speed', 'pressure', 'precipitation']
2026-02-13 20:00:00;3196.236136978739;3538.6712499999994;['wind_speed', 'pressure', 'precipitation']
2026-02-13 21:00:00;2927.9418338508417;3449.1785;['wind_speed', 'pressure', 'precipitation']
2026-02-13 22:00:00;2643.865768929642;2324.8065;['wind_speed', 'pressure', 'precipitation']
2026-02-13 23:00:00;2233.67337432624;3431.5795;['wind_speed', 'pressure', 'precipitation']
2026-02-14 00:00:00;2919.772997977329;2411.443;['wind_speed', 'pressure', 'precipitation']
2026-02-14 01:00:00;2708.9811683275507;2943.3845;['wind_speed', 'pressure', 'precipitation']
2026-02-14 02:00:00;2731.5869347726302;2579.4275;['wind_speed', 'pressure', 'precipitation']
2026-02-14 03:00:00;2518.5221571293923;2204.52425;['wind_speed', 'pressure', 'precipitation']
2026-02-14 04:00:00;2502.488881391858;2660.8965000000003;['wind_speed', 'pressure', 'precipitation']
2026-02-14 05:00:00;2389.439215685969;3597.15675;['wind_speed', 'pressure', 'precipitation']
2026-02-14 06:00:00;2760.2704592251075;2461.59075;['wind_speed', 'pressure', 'precipitation']
2026-02-14 07:00:00;2484.4778033967364;2936.82475;['wind_speed', 'pressure', 'precipitation']
2026-02-14 08:00:00;2851.951607239407;2971.81825;['wind_speed', 'pressure', 'precipitation']
2026-02-14 09:00:00;2909.157857650885;2900.61125;['wind_speed', 'pressure', 'precipitation']
2026-02-14 10:00:00;2778.3761510825425;2713.67975;['wind_speed', 'pressure', 'precipitation']
2026-02-14 11:00:00;3575.3498683934763;2756.77525;['wind_speed', 'pressure', 'precipitation']
2026-02-14 12:00:00;2725.1838717200403;3727.64475;['wind_speed', 'pressure', 'precipitation']
2026-02-14 13:00:00;2927.2570958680753;2757.3445;['wind_speed', 'pressure', 'precipitation']
2026-02-14 14:00:00;2487.4352376083093;3371.52475;['wind_speed', 'pressure', 'precipitation']
2026-02-14 15:00:00;2859.525132990615;3231.48225;['wind_speed', 'pressure', 'precipitation']
2026-02-14 16:00:00;3035.6291139420537;4488.084;['wind_speed', 'pressure', 'precipitation']
2026-02-14 17:00:00;3868.468883695761;5352.45;['wind_speed', 'pressure', 'precipitation']
2026-02-14 18:00:00;4145.60358774584;6210.828;['wind_speed', 'pressure', 'precipitation']
2026-02-14 19:00:00;3251.979520073145;1903.77525;['wind_speed', 'pressure', 'precipitation']
2026-02-14 20:00:00;3172.0378544571904;2630.102;['wind_speed', 'pressure', 'precipitation']
2026-02-14 21:00:00;2886.50669774134;4245.20475;['wind_speed', 'pressure', 'precipitation']
2026-02-14 22:00:00;2931.207735635964;3723.198;['wind_speed', 'pressure', 'precipitation']
2026-02-14 23:00:00;2850.5608223724007;3729.623;['wind_speed', 'pressure', 'precipitation']
2026-02-15 00:00:00;3259.7268676106846;3933.857;['wind_speed', 'pressure', 'precipitation']
2026-02-15 01:00:00;3344.754174842135;3709.625;['wind_speed', 'pressure', 'precipitation']
2026-02-15 02:00:00;3053.5873360493547;3698.68875;['wind_speed', 'pressure', 'precipitation']
2026-02-15 03:00:00;2831.857962118673;3668.341;['wind_speed', 'pressure', 'precipitation']
2026-02-15 04:00:00;2857.497569924789;3783.91125;['wind_speed', 'pressure', 'precipitation']
2026-02-15 05:00:00;3002.0005702348712;3444.12875;['wind_speed', 'pressure', 'precipitation']
2026-02-15 06:00:00;2821.634423067286;4090.44675;['wind_speed', 'pressure', 'precipitation']
2026-02-15 07:00:00;3086.008739209686;4660.0415;['wind_speed', 'pressure', 'precipitation']
2026-02-15 08:00:00;2988.081541592409;3879.998;['wind_speed', 'pressure', 'precipitation']
2026-02-15 09:00:00;3100.480550875799;4359.39175;['wind_speed', 'pressure', 'precipitation']
2026-02-15 10:00:00;3078.321587597289;5136.501;['wind_speed', 'pressure', 'precipitation']
2026-02-15 11:00:00;3122.621581241112;4608.921;['wind_speed', 'pressure', 'precipitation']
2026-02-15 12:00:00;2916.578338268332;3958.311;['wind_speed', 'pressure', 'precipitation']
2026-02-15 13:00:00;3193.021577780006;2757.3445;['wind_speed', 'pressure', 'precipitation']
2026-02-15 14:00:00;3183.429398778997;3371.52475;['wind_speed', 'pressure', 'precipitation']
2026-02-15 15:00:00;3263.543879275391;3231.48225;['wind_speed', 'pressure', 'precipitation']
2026-02-15 16:00:00;3340.0313591212525;5022.667;['wind_speed', 'pressure', 'precipitation']
2026-02-15 17:00:00;3768.8748687394477;3789.986;['wind_speed', 'pressure', 'precipitation']
2026-02-15 18:00:00;4323.930023246586;1972.2715;['wind_speed', 'pressure', 'precipitation']
2026-02-15 19:00:00;3566.9163865434166;1211.72575;['wind_speed', 'pressure', 'precipitation']
2026-02-15 20:00:00;3340.276276581635;2768.893;['wind_speed', 'pressure', 'precipitation']
2026-02-15 21:00:00;3423.3584372777595;4284.85;['wind_speed', 'pressure', 'precipitation']
2026-02-15 22:00:00;3067.502385675358;3674.49175;['wind_speed', 'pressure', 'precipitation']
2026-02-15 23:00:00;2732.017728029776;3857.04075;['wind_speed', 'pressure', 'precipitation']
2026-02-16 00:00:00;2836.9350606560674;4270.74175;['wind_speed', 'pressure', 'precipitation']
2026-02-16 01:00:00;3286.0207496127005;4172.0475;['wind_speed', 'pressure', 'precipitation']
2026-02-16 02:00:00;2865.945734844574;4192.84925;['wind_speed', 'pressure', 'precipitation']
2026-02-16 03:00:00;2955.3469321134367;4297.218;['wind_speed', 'pressure', 'precipitation']
2026-02-16 04:00:00;2758.5611778070206;3792.167;['wind_speed', 'pressure', 'precipitation']
2026-02-16 05:00:00;2886.1019437064983;3905.2105;['wind_speed', 'pressure', 'precipitation']
2026-02-16 06:00:00;2994.0106963420412;4322.625;['wind_speed', 'pressure', 'precipitation']
2026-02-16 07:00:00;3143.507848800672;5897.072;['wind_speed', 'pressure', 'precipitation']
2026-02-16 08:00:00;3229.7607235393957;2816.22675;['wind_speed', 'pressure', 'precipitation']
2026-02-16 09:00:00;3587.6249026431133;3726.25825;['wind_speed', 'pressure', 'precipitation']
2026-02-16 10:00:00;3290.0768339935103;3709.35825;['wind_speed', 'pressure', 'precipitation']
2026-02-16 11:00:00;3333.2996293775195;4097.0225;['wind_speed', 'pressure', 'precipitation']
2026-02-16 12:00:00;3148.820405181097;4383.431500000001;['wind_speed', 'pressure', 'precipitation']
2026-02-16 13:00:00;3404.2018904551574;3789.0565;['wind_speed', 'pressure', 'precipitation']
2026-02-16 14:00:00;3146.879249277642;4607.666;['wind_speed', 'pressure', 'precipitation']
2026-02-16 15:00:00;3185.5185954563135;4367.22325;['wind_speed', 'pressure', 'precipitation']
2026-02-16 16:00:00;2509.5949880276175;3437.96925;['wind_speed', 'pressure', 'precipitation']
2026-02-16 17:00:00;4506.790070526382;5117.6485;['wind_speed', 'pressure', 'precipitation']
2026-02-16 18:00:00;4461.056228471583;5031.2195;['wind_speed', 'pressure', 'precipitation']
2026-02-16 19:00:00;3519.2431064768243;5013.32925;['wind_speed', 'pressure', 'precipitation']
2026-02-16 20:00:00;3820.707896604259;3950.84225;['wind_speed', 'pressure', 'precipitation']
2026-02-16 21:00:00;3927.448929735885;3260.27925;['wind_speed', 'pressure', 'precipitation']
2026-02-16 22:00:00;3064.3708019151254;3727.6415;['wind_speed', 'pressure', 'precipitation']
2026-02-16 23:00:00;3027.1527234774276;2914.66625;['wind_speed', 'pressure', 'precipitation']
2026-02-17 00:00:00;3208.5573579907496;3134.171;['wind_speed', 'pressure', 'precipitation']
2026-02-17 01:00:00;3300.7439972040875;2905.419;['wind_speed', 'pressure', 'precipitation']
2026-02-17 02:00:00;3215.6212637058516;3407.01775;['wind_speed', 'pressure', 'precipitation']
2026-02-17 03:00:00;3032.307218223462;2895.731;['wind_speed', 'pressure', 'precipitation']
2026-02-17 04:00:00;3219.1741133683927;3551.5375;['wind_speed', 'pressure', 'precipitation']
2026-02-17 05:00:00;3433.357860134017;3038.49075;['wind_speed', 'pressure', 'precipitation']
2026-02-17 06:00:00;3519.486391440307;2865.9880000000003;['wind_speed', 'pressure', 'precipitation']
2026-02-17 07:00:00;3833.7385354657094;4217.9155;['wind_speed', 'pressure', 'precipitation']
2026-02-17 08:00:00;3527.426348320474;4631.85375;['wind_speed', 'pressure', 'precipitation']
2026-02-17 09:00:00;3533.5373339361245;5666.0205000000005;['wind_speed', 'pressure', 'precipitation']
2026-02-17 10:00:00;4061.9826234470056;3033.71925;['wind_speed', 'pressure', 'precipitation']
2026-02-17 11:00:00;4091.2474566594283;3668.54275;['wind_speed', 'pressure', 'precipitation']
2026-02-17 12:00:00;3668.520288987869;3205.1977500000003;['wind_speed', 'pressure', 'precipitation']
2026-02-17 13:00:00;3914.052558520719;3569.85825;['wind_speed', 'pressure', 'precipitation']
2026-02-17 14:00:00;3702.726805046891;4546.28325;['wind_speed', 'pressure', 'precipitation']
2026-02-17 15:00:00;3674.429061010804;3355.98275;['wind_speed', 'pressure', 'precipitation']
2026-02-17 16:00:00;4181.35155527624;3155.60275;['wind_speed', 'pressure', 'precipitation']
2026-02-17 17:00:00;4615.715939683612;3948.281;['wind_speed', 'pressure', 'precipitation']
2026-02-17 18:00:00;4383.0806595822905;6586.86025;['wind_speed', 'pressure', 'precipitation']
2026-02-17 19:00:00;3353.897636493337;2688.89675;['wind_speed', 'pressure', 'precipitation']
2026-02-17 20:00:00;4447.272903695271;4654.51275;['wind_speed', 'pressure', 'precipitation']
2026-02-17 21:00:00;4377.216850459117;3142.6025;['wind_speed', 'pressure', 'precipitation']
2026-02-17 22:00:00;3794.023474338146;2652.804;['wind_speed', 'pressure', 'precipitation']
2026-02-17 23:00:00;3764.901478461755;2618.7905;['wind_speed', 'pressure', 'precipitation']
2026-02-18 00:00:00;2978.0994605507585;3148.755;['wind_speed', 'pressure', 'precipitation']
2026-02-18 01:00:00;3480.8139923259114;3693.88525;['wind_speed', 'pressure', 'precipitation']
2026-02-18 02:00:00;2839.907492136408;2656.90925;['wind_speed', 'pressure', 'precipitation']
2026-02-18 03:00:00;2985.938377613187;2022.2365;['wind_speed', 'pressure', 'precipitation']
2026-02-18 04:00:00;3251.6531946517352;2714.6582499999995;['wind_speed', 'pressure', 'precipitation']
2026-02-18 05:00:00;3419.858058873359;3138.4825;['wind_speed', 'pressure', 'precipitation']
2026-02-18 06:00:00;3502.899532278813;3251.8665;['wind_speed', 'pressure', 'precipitation']
2026-02-18 07:00:00;3257.4611900882624;3767.39;['wind_speed', 'pressure', 'precipitation']
2026-02-18 08:00:00;3386.6924299868087;3704.433;['wind_speed', 'pressure', 'precipitation']
2026-02-18 09:00:00;3423.4571219660966;4502.9775;['wind_speed', 'pressure', 'precipitation']
2026-02-18 10:00:00;3815.2469226662706;2839.84175;['wind_speed', 'pressure', 'precipitation']
2026-02-18 11:00:00;3780.5553414521755;3027.432;['wind_speed', 'pressure', 'precipitation']
2026-02-18 12:00:00;3772.326015661761;3523.302;['wind_speed', 'pressure', 'precipitation']
2026-02-18 13:00:00;3653.323872070746;3065.7345000000005;['wind_speed', 'pressure', 'precipitation']
2026-02-18 14:00:00;3783.0916310767575;3746.467;['wind_speed', 'pressure', 'precipitation']
2026-02-18 15:00:00;3540.873276499281;3357.258;['wind_speed', 'pressure', 'precipitation']
2026-02-18 16:00:00;3763.472269844374;3739.85675;['wind_speed', 'pressure', 'precipitation']
2026-02-18 17:00:00;4747.309286463244;5383.882;['wind_speed', 'pressure', 'precipitation']
2026-02-18 18:00:00;3961.4275879280467;5460.044;['wind_speed', 'pressure', 'precipitation']
2026-02-18 19:00:00;3497.364943163145;3423.06;['wind_speed', 'pressure', 'precipitation']
2026-02-18 20:00:00;3549.687416755145;4988.140666666666;['wind_speed', 'pressure', 'precipitation']
2026-02-18 21:00:00;3586.5851434058022;3943.082;['wind_speed', 'pressure', 'precipitation']
2026-02-18 22:00:00;3775.058686973826;3280.73875;['wind_speed', 'pressure', 'precipitation']
2026-02-18 23:00:00;3727.149920818906;4189.85225;['wind_speed', 'pressure', 'precipitation']
2026-02-19 00:00:00;3969.8942171454332;3798.69625;['wind_speed', 'pressure', 'precipitation']
2026-02-19 01:00:00;3929.273169627445;3470.1565;['wind_speed', 'pressure', 'precipitation']
2026-02-19 02:00:00;3555.0454707833246;3887.978;['wind_speed', 'pressure', 'precipitation']
2026-02-19 03:00:00;3589.2241602964086;3463.55225;['wind_speed', 'pressure', 'precipitation']
2026-02-19 04:00:00;3444.187774079036;3694.54025;['wind_speed', 'pressure', 'precipitation']
2026-02-19 05:00:00;3408.3358036523114;4024.671;['wind_speed', 'pressure', 'precipitation']
2026-02-19 06:00:00;3795.3876505228304;3976.81075;['wind_speed', 'pressure', 'precipitation']
2026-02-19 07:00:00;3923.319192844574;4254.63175;['wind_speed', 'pressure', 'precipitation']
2026-02-19 08:00:00;4301.546925095701;5451.65625;['wind_speed', 'pressure', 'precipitation']
2026-02-19 09:00:00;3856.3007881635313;4617.72725;['wind_speed', 'pressure', 'precipitation']
2026-02-19 10:00:00;3841.5704046525907;4048.07275;['wind_speed', 'pressure', 'precipitation']
2026-02-19 11:00:00;3992.0154252709367;4006.33275;['wind_speed', 'pressure', 'precipitation']
2026-02-19 12:00:00;3687.4555146532;2886.07425;['wind_speed', 'pressure', 'precipitation']
2026-02-19 13:00:00;3652.8333569134684;3151.84075;['wind_speed', 'pressure', 'precipitation']
2026-02-19 14:00:00;3890.0226879646207;2118.81075;['wind_speed', 'pressure', 'precipitation']
2026-02-19 15:00:00;3686.1143090986525;2872.442;['wind_speed', 'pressure', 'precipitation']
2026-02-19 16:00:00;3598.6640397340225;3774.00675;['wind_speed', 'pressure', 'precipitation']
2026-02-19 17:00:00;4674.953078020826;5136.79725;['wind_speed', 'pressure', 'precipitation']
2026-02-19 18:00:00;5364.514863819679;5757.4375;['wind_speed', 'pressure', 'precipitation']
2026-02-19 19:00:00;4119.169223538872;2808.28475;['wind_speed', 'pressure', 'precipitation']
2026-02-19 20:00:00;3955.1283025041994;4316.30025;['wind_speed', 'pressure', 'precipitation']
2026-02-19 21:00:00;4165.4664285281;4116.61075;['wind_speed', 'pressure', 'precipitation']
2026-02-19 22:00:00;4020.7938174383316;3227.96925;['wind_speed', 'pressure', 'precipitation']
2026-02-19 23:00:00;4039.7474173622436;3393.52525;['wind_speed', 'pressure', 'precipitation']
2026-02-20 00:00:00;3464.7617672832625;3867.99625;['wind_speed', 'pressure', 'precipitation']
2026-02-20 01:00:00;3584.2824469407146;3100.64225;['wind_speed', 'pressure', 'precipitation']
2026-02-20 02:00:00;3391.927963006522;2828.1715;['wind_speed', 'pressure', 'precipitation']
2026-02-20 03:00:00;3288.1749808754703;4158.9235;['wind_speed', 'pressure', 'precipitation']
2026-02-20 04:00:00;3433.2709430501345;3933.11075;['wind_speed', 'pressure', 'precipitation']
2026-02-20 05:00:00;3522.256647762424;3965.08175;['wind_speed', 'pressure', 'precipitation']
2026-02-20 06:00:00;3538.6724784519884;3080.9115;['wind_speed', 'pressure', 'precipitation']
2026-02-20 07:00:00;3959.4695723682075;4425.24725;['wind_speed', 'pressure', 'precipitation']
2026-02-20 08:00:00;3744.3156608087274;5264.822999999999;['wind_speed', 'pressure', 'precipitation']
2026-02-20 09:00:00;3736.9106639715055;3476.0955;['wind_speed', 'pressure', 'precipitation']
2026-02-20 10:00:00;3943.0204052412896;3282.589;['wind_speed', 'pressure', 'precipitation']
2026-02-20 11:00:00;3814.426385813784;3600.80525;['wind_speed', 'pressure', 'precipitation']
2026-02-20 12:00:00;3744.030699855243;4432.64325;['wind_speed', 'pressure', 'precipitation']
2026-02-20 13:00:00;3453.1772297118837;2361.1320000000005;['wind_speed', 'pressure', 'precipitation']
2026-02-20 14:00:00;3506.973632299251;1551.0443333333333;['wind_speed', 'pressure', 'precipitation']
2026-02-20 15:00:00;3405.610689551271;2872.442;['wind_speed', 'pressure', 'precipitation']
2026-02-20 16:00:00;3557.365914819954;3774.00675;['wind_speed', 'pressure', 'precipitation']
2026-02-20 17:00:00;4482.942733774415;5136.79725;['wind_speed', 'pressure', 'precipitation']
2026-02-20 18:00:00;5204.6538651249575;5177.334;['wind_speed', 'pressure', 'precipitation']
2026-02-20 19:00:00;3827.340376310534;5452.91475;['wind_speed', 'pressure', 'precipitation']
2026-02-20 20:00:00;4454.371623379809;5548.0960000000005;['wind_speed', 'pressure', 'precipitation']
2026-02-20 21:00:00;3999.4436811926867;4351.4605;['wind_speed', 'pressure', 'precipitation']
2026-02-20 22:00:00;3395.175476836059;4562.4445;['wind_speed', 'pressure', 'precipitation']
2026-02-20 23:00:00;3608.151149802185;3240.04275;['wind_speed', 'pressure', 'precipitation']
2026-02-10 00:00:00;2910.743937315997;2312.257;['wind_speed', 'pressure', 'temperature']
2026-02-10 01:00:00;2893.4582831320313;2445.75475;['wind_speed', 'pressure', 'temperature']
2026-02-10 02:00:00;2614.839504650987;2738.38875;['wind_speed', 'pressure', 'temperature']
2026-02-10 03:00:00;2412.784060592182;2507.56425;['wind_speed', 'pressure', 'temperature']
2026-02-10 04:00:00;2386.9854022702953;2972.28575;['wind_speed', 'pressure', 'temperature']
2026-02-10 05:00:00;2495.9872451276506;2894.95425;['wind_speed', 'pressure', 'temperature']
2026-02-10 06:00:00;2555.129232670255;3762.406;['wind_speed', 'pressure', 'temperature']
2026-02-10 07:00:00;2767.2412082969795;2580.2795;['wind_speed', 'pressure', 'temperature']
2026-02-10 08:00:00;2884.515810285873;4036.3455;['wind_speed', 'pressure', 'temperature']
2026-02-10 09:00:00;2769.817514319693;3671.19375;['wind_speed', 'pressure', 'temperature']
2026-02-10 10:00:00;3064.523076542136;2416.94175;['wind_speed', 'pressure', 'temperature']
2026-02-10 11:00:00;2900.8970508711345;2677.89175;['wind_speed', 'pressure', 'temperature']
2026-02-10 12:00:00;2451.382755895901;1806.73475;['wind_speed', 'pressure', 'temperature']
2026-02-10 13:00:00;2661.106195972714;3154.1665;['wind_speed', 'pressure', 'temperature']
2026-02-10 14:00:00;2684.6666842013638;2227.19575;['wind_speed', 'pressure', 'temperature']
2026-02-10 15:00:00;2457.952643226743;2543.43525;['wind_speed', 'pressure', 'temperature']
2026-02-10 16:00:00;2905.3551864432866;2576.265;['wind_speed', 'pressure', 'temperature']
2026-02-10 17:00:00;3844.786085418562;5342.617;['wind_speed', 'pressure', 'temperature']
2026-02-10 18:00:00;4009.3893070664953;5926.32475;['wind_speed', 'pressure', 'temperature']
2026-02-10 19:00:00;3114.1066778164295;3875.02825;['wind_speed', 'pressure', 'temperature']
2026-02-10 20:00:00;3379.8851608154546;4273.53175;['wind_speed', 'pressure', 'temperature']
2026-02-10 21:00:00;3076.171629544917;2881.09475;['wind_speed', 'pressure', 'temperature']
2026-02-10 22:00:00;2890.0787550100713;2286.139;['wind_speed', 'pressure', 'temperature']
2026-02-10 23:00:00;2576.0666174803114;3057.192;['wind_speed', 'pressure', 'temperature']
2026-02-11 00:00:00;2770.8979728086133;2366.50825;['wind_speed', 'pressure', 'temperature']
2026-02-11 01:00:00;2763.1767571967657;2711.8525;['wind_speed', 'pressure', 'temperature']
2026-02-11 02:00:00;2681.85003158106;2083.15775;['wind_speed', 'pressure', 'temperature']
2026-02-11 03:00:00;2416.33387801711;2465.2165000000005;['wind_speed', 'pressure', 'temperature']
2026-02-11 04:00:00;2506.5373525113055;2897.0037500000003;['wind_speed', 'pressure', 'temperature']
2026-02-11 05:00:00;2631.971077780235;2676.7915000000003;['wind_speed', 'pressure', 'temperature']
2026-02-11 06:00:00;2765.1927247483936;2365.58925;['wind_speed', 'pressure', 'temperature']
2026-02-11 07:00:00;2765.690850263283;3238.81225;['wind_speed', 'pressure', 'temperature']
2026-02-11 08:00:00;3090.294197900107;2706.17225;['wind_speed', 'pressure', 'temperature']
2026-02-11 09:00:00;2949.0276155268243;3475.922;['wind_speed', 'pressure', 'temperature']
2026-02-11 10:00:00;2830.7429311102687;2244.5915;['wind_speed', 'pressure', 'temperature']
2026-02-11 11:00:00;2882.505139800743;2952.637;['wind_speed', 'pressure', 'temperature']
2026-02-11 12:00:00;2778.944321288173;1686.3925;['wind_speed', 'pressure', 'temperature']
2026-02-11 13:00:00;3083.4202670793306;3154.1665;['wind_speed', 'pressure', 'temperature']
2026-02-11 14:00:00;3021.136064260857;2227.19575;['wind_speed', 'pressure', 'temperature']
2026-02-11 15:00:00;2744.1984863014686;2543.43525;['wind_speed', 'pressure', 'temperature']
2026-02-11 16:00:00;3062.832841221833;2576.265;['wind_speed', 'pressure', 'temperature']
2026-02-11 17:00:00;3716.800215919185;1333.5;['wind_speed', 'pressure', 'temperature']
2026-02-11 18:00:00;4119.592284847754;3750.33275;['wind_speed', 'pressure', 'temperature']
2026-02-11 19:00:00;2952.1264664372447;3982.69175;['wind_speed', 'pressure', 'temperature']
2026-02-11 20:00:00;3167.03673112447;3578.161;['wind_speed', 'pressure', 'temperature']
2026-02-11 21:00:00;2758.7682687558645;2482.21025;['wind_speed', 'pressure', 'temperature']
2026-02-11 22:00:00;2675.77836828779;2358.59375;['wind_speed', 'pressure', 'temperature']
2026-02-11 23:00:00;2231.262146182132;2322.409;['wind_speed', 'pressure', 'temperature']
2026-02-12 00:00:00;2294.069371161907;2297.366;['wind_speed', 'pressure', 'temperature']
2026-02-12 01:00:00;2466.5661817573164;2377.4665;['wind_speed', 'pressure', 'temperature']
2026-02-12 02:00:00;2334.7647243156575;1861.1955;['wind_speed', 'pressure', 'temperature']
2026-02-12 03:00:00;2255.8724834518493;1835.98825;['wind_speed', 'pressure', 'temperature']
2026-02-12 04:00:00;2321.5795892894475;1987.42975;['wind_speed', 'pressure', 'temperature']
2026-02-12 05:00:00;2409.6587116281667;2928.504;['wind_speed', 'pressure', 'temperature']
2026-02-12 06:00:00;2361.40675841703;2122.81;['wind_speed', 'pressure', 'temperature']
2026-02-12 07:00:00;2648.289934832233;2338.194;['wind_speed', 'pressure', 'temperature']
2026-02-12 08:00:00;2638.519314987283;1348.37875;['wind_speed', 'pressure', 'temperature']
2026-02-12 09:00:00;2602.920605015691;928.61625;['wind_speed', 'pressure', 'temperature']
2026-02-12 10:00:00;2555.9152026553124;2329.8340000000003;['wind_speed', 'pressure', 'temperature']
2026-02-12 11:00:00;2573.684267583136;1817.92825;['wind_speed', 'pressure', 'temperature']
2026-02-12 12:00:00;2401.89062157823;3735.537;['wind_speed', 'pressure', 'temperature']
2026-02-12 13:00:00;2659.5287955968433;2596.203;['wind_speed', 'pressure', 'temperature']
2026-02-12 14:00:00;2385.896298567045;2194.61975;['wind_speed', 'pressure', 'temperature']
2026-02-12 15:00:00;2577.178849912171;1834.60225;['wind_speed', 'pressure', 'temperature']
2026-02-12 16:00:00;2888.009492151523;2180.3565;['wind_speed', 'pressure', 'temperature']
2026-02-12 17:00:00;3590.910576334478;3746.30075;['wind_speed', 'pressure', 'temperature']
2026-02-12 18:00:00;3829.2725338834407;4982.87875;['wind_speed', 'pressure', 'temperature']
2026-02-12 19:00:00;2985.61601792661;3386.71775;['wind_speed', 'pressure', 'temperature']
2026-02-12 20:00:00;3403.3695753681613;3613.59775;['wind_speed', 'pressure', 'temperature']
2026-02-12 21:00:00;2863.4979542281967;3065.22725;['wind_speed', 'pressure', 'temperature']
2026-02-12 22:00:00;2854.900439682177;2475.28875;['wind_speed', 'pressure', 'temperature']
2026-02-12 23:00:00;2405.52250185322;2045.159;['wind_speed', 'pressure', 'temperature']
2026-02-13 00:00:00;2146.112985685889;2855.48325;['wind_speed', 'pressure', 'temperature']
2026-02-13 01:00:00;2308.4060545284715;2102.1375;['wind_speed', 'pressure', 'temperature']
2026-02-13 02:00:00;2483.1484441470143;2721.5535;['wind_speed', 'pressure', 'temperature']
2026-02-13 03:00:00;1998.1853149992198;2265.05425;['wind_speed', 'pressure', 'temperature']
2026-02-13 04:00:00;2014.4676504481945;2724.386;['wind_speed', 'pressure', 'temperature']
2026-02-13 05:00:00;2316.3434400806264;1950.27;['wind_speed', 'pressure', 'temperature']
2026-02-13 06:00:00;2309.863238797885;2676.27525;['wind_speed', 'pressure', 'temperature']
2026-02-13 07:00:00;2434.3617387863806;1876.716;['wind_speed', 'pressure', 'temperature']
2026-02-13 08:00:00;2538.819189471896;3155.0185;['wind_speed', 'pressure', 'temperature']
2026-02-13 09:00:00;2400.108598330569;3419.00525;['wind_speed', 'pressure', 'temperature']
2026-02-13 10:00:00;2537.090926399055;2633.61775;['wind_speed', 'pressure', 'temperature']
2026-02-13 11:00:00;2465.1083367020933;3832.5985;['wind_speed', 'pressure', 'temperature']
2026-02-13 12:00:00;3179.586853009939;2113.4985;['wind_speed', 'pressure', 'temperature']
2026-02-13 13:00:00;2556.5918800416243;2406.8145;['wind_speed', 'pressure', 'temperature']
2026-02-13 14:00:00;2370.427863975915;2225.23925;['wind_speed', 'pressure', 'temperature']
2026-02-13 15:00:00;2361.21299750694;2112.819;['wind_speed', 'pressure', 'temperature']
2026-02-13 16:00:00;2607.355487322013;2119.783;['wind_speed', 'pressure', 'temperature']
2026-02-13 17:00:00;4127.282425010308;2762.934;['wind_speed', 'pressure', 'temperature']
2026-02-13 18:00:00;3095.5022294830155;3519.851;['wind_speed', 'pressure', 'temperature']
2026-02-13 19:00:00;2707.4854682544815;3490.8465;['wind_speed', 'pressure', 'temperature']
2026-02-13 20:00:00;3182.2756725012;3538.6712499999994;['wind_speed', 'pressure', 'temperature']
2026-02-13 21:00:00;2884.872309085827;3449.1785;['wind_speed', 'pressure', 'temperature']
2026-02-13 22:00:00;2640.2086529933626;2324.8065;['wind_speed', 'pressure', 'temperature']
2026-02-13 23:00:00;2285.0747376990425;3431.5795;['wind_speed', 'pressure', 'temperature']
2026-02-14 00:00:00;2685.9882689734227;2411.443;['wind_speed', 'pressure', 'temperature']
2026-02-14 01:00:00;2667.2528794386194;2943.3845;['wind_speed', 'pressure', 'temperature']
2026-02-14 02:00:00;2602.024244037767;2579.4275;['wind_speed', 'pressure', 'temperature']
2026-02-14 03:00:00;2557.3012098637673;2204.52425;['wind_speed', 'pressure', 'temperature']
2026-02-14 04:00:00;2550.5783741897094;2660.8965000000003;['wind_speed', 'pressure', 'temperature']
2026-02-14 05:00:00;2523.675399806147;3597.15675;['wind_speed', 'pressure', 'temperature']
2026-02-14 06:00:00;2805.199536373545;2461.59075;['wind_speed', 'pressure', 'temperature']
2026-02-14 07:00:00;2602.161429571663;2936.82475;['wind_speed', 'pressure', 'temperature']
2026-02-14 08:00:00;3026.4035267950712;2971.81825;['wind_speed', 'pressure', 'temperature']
2026-02-14 09:00:00;2825.437841171393;2900.61125;['wind_speed', 'pressure', 'temperature']
2026-02-14 10:00:00;2502.744017598656;2713.67975;['wind_speed', 'pressure', 'temperature']
2026-02-14 11:00:00;3268.633254623945;2756.77525;['wind_speed', 'pressure', 'temperature']
2026-02-14 12:00:00;2712.26216456672;3727.64475;['wind_speed', 'pressure', 'temperature']
2026-02-14 13:00:00;2874.3293614930753;2757.3445;['wind_speed', 'pressure', 'temperature']
2026-02-14 14:00:00;2604.396960935946;3371.52475;['wind_speed', 'pressure', 'temperature']
2026-02-14 15:00:00;2692.4852312572166;3231.48225;['wind_speed', 'pressure', 'temperature']
2026-02-14 16:00:00;2876.909433155921;4488.084;['wind_speed', 'pressure', 'temperature']
2026-02-14 17:00:00;3968.0964471723237;5352.45;['wind_speed', 'pressure', 'temperature']
2026-02-14 18:00:00;4246.189952491934;6210.828;['wind_speed', 'pressure', 'temperature']
2026-02-14 19:00:00;3433.698697319239;1903.77525;['wind_speed', 'pressure', 'temperature']
2026-02-14 20:00:00;3042.675038600257;2630.102;['wind_speed', 'pressure', 'temperature']
2026-02-14 21:00:00;2921.4270583065254;4245.20475;['wind_speed', 'pressure', 'temperature']
2026-02-14 22:00:00;2962.3042932531516;3723.198;['wind_speed', 'pressure', 'temperature']
2026-02-14 23:00:00;2895.960846786463;3729.623;['wind_speed', 'pressure', 'temperature']
2026-02-15 00:00:00;3167.620082790128;3933.857;['wind_speed', 'pressure', 'temperature']
2026-02-15 01:00:00;3155.714051856295;3709.625;['wind_speed', 'pressure', 'temperature']
2026-02-15 02:00:00;2930.4364418843156;3698.68875;['wind_speed', 'pressure', 'temperature']
2026-02-15 03:00:00;2722.1753754487513;3668.341;['wind_speed', 'pressure', 'temperature']
2026-02-15 04:00:00;2720.592311746078;3783.91125;['wind_speed', 'pressure', 'temperature']
2026-02-15 05:00:00;2919.665632185555;3444.12875;['wind_speed', 'pressure', 'temperature']
2026-02-15 06:00:00;2657.9687965414073;4090.44675;['wind_speed', 'pressure', 'temperature']
2026-02-15 07:00:00;3030.722514844452;4660.0415;['wind_speed', 'pressure', 'temperature']
2026-02-15 08:00:00;3127.1996141021746;3879.998;['wind_speed', 'pressure', 'temperature']
2026-02-15 09:00:00;3395.851675143377;4359.39175;['wind_speed', 'pressure', 'temperature']
2026-02-15 10:00:00;3005.9657526363517;5136.501;['wind_speed', 'pressure', 'temperature']
2026-02-15 11:00:00;3074.2906524386217;4608.921;['wind_speed', 'pressure', 'temperature']
2026-02-15 12:00:00;3169.867416027121;3958.311;['wind_speed', 'pressure', 'temperature']
2026-02-15 13:00:00;3343.59019655442;2757.3445;['wind_speed', 'pressure', 'temperature']
2026-02-15 14:00:00;3318.3056499997;3371.52475;['wind_speed', 'pressure', 'temperature']
2026-02-15 15:00:00;3509.094141726563;3231.48225;['wind_speed', 'pressure', 'temperature']
2026-02-15 16:00:00;3574.444307729651;5022.667;['wind_speed', 'pressure', 'temperature']
2026-02-15 17:00:00;4239.66454159101;3789.986;['wind_speed', 'pressure', 'temperature']
2026-02-15 18:00:00;4303.123497062504;1972.2715;['wind_speed', 'pressure', 'temperature']
2026-02-15 19:00:00;3654.641331611776;1211.72575;['wind_speed', 'pressure', 'temperature']
2026-02-15 20:00:00;3104.076737397065;2768.893;['wind_speed', 'pressure', 'temperature']
2026-02-15 21:00:00;3265.5148589391365;4284.85;['wind_speed', 'pressure', 'temperature']
2026-02-15 22:00:00;3311.485024988102;3674.49175;['wind_speed', 'pressure', 'temperature']
2026-02-15 23:00:00;2333.947224794913;3857.04075;['wind_speed', 'pressure', 'temperature']
2026-02-16 00:00:00;2843.9433309197393;4270.74175;['wind_speed', 'pressure', 'temperature']
2026-02-16 01:00:00;3343.77737085427;4172.0475;['wind_speed', 'pressure', 'temperature']
2026-02-16 02:00:00;2907.3142803768005;4192.84925;['wind_speed', 'pressure', 'temperature']
2026-02-16 03:00:00;2946.9443556669034;4297.218;['wind_speed', 'pressure', 'temperature']
2026-02-16 04:00:00;2834.871701793837;3792.167;['wind_speed', 'pressure', 'temperature']
2026-02-16 05:00:00;2868.734176372514;3905.2105;['wind_speed', 'pressure', 'temperature']
2026-02-16 06:00:00;2981.7268456721804;4322.625;['wind_speed', 'pressure', 'temperature']
2026-02-16 07:00:00;2987.551893295301;5897.072;['wind_speed', 'pressure', 'temperature']
2026-02-16 08:00:00;3333.57392925839;2816.22675;['wind_speed', 'pressure', 'temperature']
2026-02-16 09:00:00;3753.87586299315;3726.25825;['wind_speed', 'pressure', 'temperature']
2026-02-16 10:00:00;2927.1722853484907;3709.35825;['wind_speed', 'pressure', 'temperature']
2026-02-16 11:00:00;3219.912025617754;4097.0225;['wind_speed', 'pressure', 'temperature']
2026-02-16 12:00:00;3348.291016753363;4383.431500000001;['wind_speed', 'pressure', 'temperature']
2026-02-16 13:00:00;3534.770143018634;3789.0565;['wind_speed', 'pressure', 'temperature']
2026-02-16 14:00:00;3140.7898327737357;4607.666;['wind_speed', 'pressure', 'temperature']
2026-02-16 15:00:00;3376.5342891208643;4367.22325;['wind_speed', 'pressure', 'temperature']
2026-02-16 16:00:00;2869.2980519924613;3437.96925;['wind_speed', 'pressure', 'temperature']
2026-02-16 17:00:00;3812.9887094423975;5117.6485;['wind_speed', 'pressure', 'temperature']
2026-02-16 18:00:00;4042.079788041896;5031.2195;['wind_speed', 'pressure', 'temperature']
2026-02-16 19:00:00;3572.895534150164;5013.32925;['wind_speed', 'pressure', 'temperature']
2026-02-16 20:00:00;3862.5898393532825;3950.84225;['wind_speed', 'pressure', 'temperature']
2026-02-16 21:00:00;3967.0811624019007;3260.27925;['wind_speed', 'pressure', 'temperature']
2026-02-16 22:00:00;3081.794080723719;3727.6415;['wind_speed', 'pressure', 'temperature']
2026-02-16 23:00:00;3052.306120083873;2914.66625;['wind_speed', 'pressure', 'temperature']
2026-02-17 00:00:00;3458.6197893261988;3134.171;['wind_speed', 'pressure', 'temperature']
2026-02-17 01:00:00;3501.13940392711;2905.419;['wind_speed', 'pressure', 'temperature']
2026-02-17 02:00:00;3292.658827029826;3407.01775;['wind_speed', 'pressure', 'temperature']
2026-02-17 03:00:00;3192.3531395491455;2895.731;['wind_speed', 'pressure', 'temperature']
2026-02-17 04:00:00;3285.3792448991544;3551.5375;['wind_speed', 'pressure', 'temperature']
2026-02-17 05:00:00;3496.498385951888;3038.49075;['wind_speed', 'pressure', 'temperature']
2026-02-17 06:00:00;3679.176115408813;2865.9880000000003;['wind_speed', 'pressure', 'temperature']
2026-02-17 07:00:00;3665.6422906536977;4217.9155;['wind_speed', 'pressure', 'temperature']
2026-02-17 08:00:00;3679.7108179249662;4631.85375;['wind_speed', 'pressure', 'temperature']
2026-02-17 09:00:00;3735.0109362310463;5666.0205000000005;['wind_speed', 'pressure', 'temperature']
2026-02-17 10:00:00;3716.7180627475427;3033.71925;['wind_speed', 'pressure', 'temperature']
2026-02-17 11:00:00;3991.8826476231734;3668.54275;['wind_speed', 'pressure', 'temperature']
2026-02-17 12:00:00;3526.2186379868926;3205.1977500000003;['wind_speed', 'pressure', 'temperature']
2026-02-17 13:00:00;4041.891875842496;3569.85825;['wind_speed', 'pressure', 'temperature']
2026-02-17 14:00:00;3363.7051833427895;4546.28325;['wind_speed', 'pressure', 'temperature']
2026-02-17 15:00:00;3765.216628149476;3355.98275;['wind_speed', 'pressure', 'temperature']
2026-02-17 16:00:00;3979.8356632474315;3155.60275;['wind_speed', 'pressure', 'temperature']
2026-02-17 17:00:00;4495.255437059101;3948.281;['wind_speed', 'pressure', 'temperature']
2026-02-17 18:00:00;4635.1080033322905;6586.86025;['wind_speed', 'pressure', 'temperature']
2026-02-17 19:00:00;3627.3946152531025;2688.89675;['wind_speed', 'pressure', 'temperature']
2026-02-17 20:00:00;4378.025833382771;4654.51275;['wind_speed', 'pressure', 'temperature']
2026-02-17 21:00:00;4289.965965449352;3142.6025;['wind_speed', 'pressure', 'temperature']
2026-02-17 22:00:00;3974.1206318164786;2652.804;['wind_speed', 'pressure', 'temperature']
2026-02-17 23:00:00;3685.5868078990106;2618.7905;['wind_speed', 'pressure', 'temperature']
2026-02-18 00:00:00;2946.090206095192;3148.755;['wind_speed', 'pressure', 'temperature']
2026-02-18 01:00:00;3096.4961670085286;3693.88525;['wind_speed', 'pressure', 'temperature']
2026-02-18 02:00:00;2611.3938812965644;2656.90925;['wind_speed', 'pressure', 'temperature']
2026-02-18 03:00:00;2857.784248584867;2022.2365;['wind_speed', 'pressure', 'temperature']
2026-02-18 04:00:00;3136.8792421676044;2714.6582499999995;['wind_speed', 'pressure', 'temperature']
2026-02-18 05:00:00;3345.4374217426216;3138.4825;['wind_speed', 'pressure', 'temperature']
2026-02-18 06:00:00;3375.310913046635;3251.8665;['wind_speed', 'pressure', 'temperature']
2026-02-18 07:00:00;3311.9830101566217;3767.39;['wind_speed', 'pressure', 'temperature']
2026-02-18 08:00:00;3268.2802138002853;3704.433;['wind_speed', 'pressure', 'temperature']
2026-02-18 09:00:00;3862.2660132624833;4502.9775;['wind_speed', 'pressure', 'temperature']
2026-02-18 10:00:00;3802.710408384044;2839.84175;['wind_speed', 'pressure', 'temperature']
2026-02-18 11:00:00;3744.986847072655;3027.432;['wind_speed', 'pressure', 'temperature']
2026-02-18 12:00:00;3717.5299341187924;3523.302;['wind_speed', 'pressure', 'temperature']
2026-02-18 13:00:00;3624.3526158146424;3065.7345000000005;['wind_speed', 'pressure', 'temperature']
2026-02-18 14:00:00;3764.9673024634762;3746.467;['wind_speed', 'pressure', 'temperature']
2026-02-18 15:00:00;3522.6613071236707;3357.258;['wind_speed', 'pressure', 'temperature']
2026-02-18 16:00:00;3764.134714912733;3739.85675;['wind_speed', 'pressure', 'temperature']
2026-02-18 17:00:00;4780.585043299181;5383.882;['wind_speed', 'pressure', 'temperature']
2026-02-18 18:00:00;4132.404028357734;5460.044;['wind_speed', 'pressure', 'temperature']
2026-02-18 19:00:00;3475.0212236807233;3423.06;['wind_speed', 'pressure', 'temperature']
2026-02-18 20:00:00;3643.7847067942075;4988.140666666666;['wind_speed', 'pressure', 'temperature']
2026-02-18 21:00:00;3516.500609714396;3943.082;['wind_speed', 'pressure', 'temperature']
2026-02-18 22:00:00;3499.280038597361;3280.73875;['wind_speed', 'pressure', 'temperature']
2026-02-18 23:00:00;4201.856646893125;4189.85225;['wind_speed', 'pressure', 'temperature']
2026-02-19 00:00:00;3646.760971438875;3798.69625;['wind_speed', 'pressure', 'temperature']
2026-02-19 01:00:00;3999.4090644028356;3470.1565;['wind_speed', 'pressure', 'temperature']
2026-02-19 02:00:00;3484.20521504602;3887.978;['wind_speed', 'pressure', 'temperature']
2026-02-19 03:00:00;3581.359963519065;3463.55225;['wind_speed', 'pressure', 'temperature']
2026-02-19 04:00:00;3543.3552011420243;3694.54025;['wind_speed', 'pressure', 'temperature']
2026-02-19 05:00:00;3539.410892153288;4024.671;['wind_speed', 'pressure', 'temperature']
2026-02-19 06:00:00;4189.626725229862;3976.81075;['wind_speed', 'pressure', 'temperature']
2026-02-19 07:00:00;3952.805780368988;4254.63175;['wind_speed', 'pressure', 'temperature']
2026-02-19 08:00:00;4198.911182908201;5451.65625;['wind_speed', 'pressure', 'temperature']
2026-02-19 09:00:00;4228.216056107867;4617.72725;['wind_speed', 'pressure', 'temperature']
2026-02-19 10:00:00;3850.24163878345;4048.07275;['wind_speed', 'pressure', 'temperature']
2026-02-19 11:00:00;3945.7840333641984;4006.33275;['wind_speed', 'pressure', 'temperature']
2026-02-19 12:00:00;3630.6290128068867;2886.07425;['wind_speed', 'pressure', 'temperature']
2026-02-19 13:00:00;3458.5915432538004;3151.84075;['wind_speed', 'pressure', 'temperature']
2026-02-19 14:00:00;3750.5847683479215;2118.81075;['wind_speed', 'pressure', 'temperature']
2026-02-19 15:00:00;3891.20256593459;2872.442;['wind_speed', 'pressure', 'temperature']
2026-02-19 16:00:00;3668.0319291383194;3774.00675;['wind_speed', 'pressure', 'temperature']
2026-02-19 17:00:00;4845.781279314771;5136.79725;['wind_speed', 'pressure', 'temperature']
2026-02-19 18:00:00;5176.0648516126475;5757.4375;['wind_speed', 'pressure', 'temperature']
2026-02-19 19:00:00;4074.4913518347703;2808.28475;['wind_speed', 'pressure', 'temperature']
2026-02-19 20:00:00;4265.911314894336;4316.30025;['wind_speed', 'pressure', 'temperature']
2026-02-19 21:00:00;3934.286866913109;4116.61075;['wind_speed', 'pressure', 'temperature']
2026-02-19 22:00:00;4065.833002008644;3227.96925;['wind_speed', 'pressure', 'temperature']
2026-02-19 23:00:00;3764.8706473427123;3393.52525;['wind_speed', 'pressure', 'temperature']
2026-02-20 00:00:00;3534.9050015361922;3867.99625;['wind_speed', 'pressure', 'temperature']
2026-02-20 01:00:00;3824.4418669541424;3100.64225;['wind_speed', 'pressure', 'temperature']
2026-02-20 02:00:00;3303.5962731719274;2828.1715;['wind_speed', 'pressure', 'temperature']
2026-02-20 03:00:00;3235.8783957924625;4158.9235;['wind_speed', 'pressure', 'temperature']
2026-02-20 04:00:00;3348.818600063074;3933.11075;['wind_speed', 'pressure', 'temperature']
2026-02-20 05:00:00;3470.009712871677;3965.08175;['wind_speed', 'pressure', 'temperature']
2026-02-20 06:00:00;3573.0759742405626;3080.9115;['wind_speed', 'pressure', 'temperature']
2026-02-20 07:00:00;3887.343603435102;4425.24725;['wind_speed', 'pressure', 'temperature']
2026-02-20 08:00:00;3749.135122631237;5264.822999999999;['wind_speed', 'pressure', 'temperature']
2026-02-20 09:00:00;4061.874409088693;3476.0955;['wind_speed', 'pressure', 'temperature']
2026-02-20 10:00:00;4334.564884611407;3282.589;['wind_speed', 'pressure', 'temperature']
2026-02-20 11:00:00;3871.3035401640645;3600.80525;['wind_speed', 'pressure', 'temperature']
2026-02-20 12:00:00;3715.5716697038756;4432.64325;['wind_speed', 'pressure', 'temperature']
2026-02-20 13:00:00;3676.9374922012025;2361.1320000000005;['wind_speed', 'pressure', 'temperature']
2026-02-20 14:00:00;3793.884589635677;1551.0443333333333;['wind_speed', 'pressure', 'temperature']
2026-02-20 15:00:00;3568.0405763692033;2872.442;['wind_speed', 'pressure', 'temperature']
2026-02-20 16:00:00;4008.3772368414384;3774.00675;['wind_speed', 'pressure', 'temperature']
2026-02-20 17:00:00;4572.995519647828;5136.79725;['wind_speed', 'pressure', 'temperature']
2026-02-20 18:00:00;5339.358386304157;5177.334;['wind_speed', 'pressure', 'temperature']
2026-02-20 19:00:00;3769.679159574694;5452.91475;['wind_speed', 'pressure', 'temperature']
2026-02-20 20:00:00;4276.990962369066;5548.0960000000005;['wind_speed', 'pressure', 'temperature']
2026-02-20 21:00:00;3879.0479559424425;4351.4605;['wind_speed', 'pressure', 'temperature']
2026-02-20 22:00:00;3502.0952384937736;4562.4445;['wind_speed', 'pressure', 'temperature']
2026-02-20 23:00:00;3646.4444962072143;3240.04275;['wind_speed', 'pressure', 'temperature']
2026-02-10 00:00:00;2876.9331901693904;2312.257;['wind_speed', 'precipitation', 'temperature']
2026-02-10 01:00:00;2875.08989781709;2445.75475;['wind_speed', 'precipitation', 'temperature']
2026-02-10 02:00:00;2624.531357220567;2738.38875;['wind_speed', 'precipitation', 'temperature']
2026-02-10 03:00:00;2440.787499541767;2507.56425;['wind_speed', 'precipitation', 'temperature']
2026-02-10 04:00:00;2352.6232282361766;2972.28575;['wind_speed', 'precipitation', 'temperature']
2026-02-10 05:00:00;2619.5626216382707;2894.95425;['wind_speed', 'precipitation', 'temperature']
2026-02-10 06:00:00;2592.9884665264562;3762.406;['wind_speed', 'precipitation', 'temperature']
2026-02-10 07:00:00;2778.2552082359443;2580.2795;['wind_speed', 'precipitation', 'temperature']
2026-02-10 08:00:00;2909.303633009262;4036.3455;['wind_speed', 'precipitation', 'temperature']
2026-02-10 09:00:00;2726.318658728873;3671.19375;['wind_speed', 'precipitation', 'temperature']
2026-02-10 10:00:00;2952.423177250144;2416.94175;['wind_speed', 'precipitation', 'temperature']
2026-02-10 11:00:00;2759.997209562541;2677.89175;['wind_speed', 'precipitation', 'temperature']
2026-02-10 12:00:00;2461.052174230862;1806.73475;['wind_speed', 'precipitation', 'temperature']
2026-02-10 13:00:00;2696.901636646542;3154.1665;['wind_speed', 'precipitation', 'temperature']
2026-02-10 14:00:00;2668.6754360705654;2227.19575;['wind_speed', 'precipitation', 'temperature']
2026-02-10 15:00:00;2461.7774418107274;2543.43525;['wind_speed', 'precipitation', 'temperature']
2026-02-10 16:00:00;2939.664119701343;2576.265;['wind_speed', 'precipitation', 'temperature']
2026-02-10 17:00:00;4129.786802581648;5342.617;['wind_speed', 'precipitation', 'temperature']
2026-02-10 18:00:00;4289.488168760831;5926.32475;['wind_speed', 'precipitation', 'temperature']
2026-02-10 19:00:00;3119.5515859585194;3875.02825;['wind_speed', 'precipitation', 'temperature']
2026-02-10 20:00:00;3352.147989642359;4273.53175;['wind_speed', 'precipitation', 'temperature']
2026-02-10 21:00:00;3196.5755335060985;2881.09475;['wind_speed', 'precipitation', 'temperature']
2026-02-10 22:00:00;2916.8482538351445;2286.139;['wind_speed', 'precipitation', 'temperature']
2026-02-10 23:00:00;2583.1600565824842;3057.192;['wind_speed', 'precipitation', 'temperature']
2026-02-11 00:00:00;2747.4210669858594;2366.50825;['wind_speed', 'precipitation', 'temperature']
2026-02-11 01:00:00;2757.526822428089;2711.8525;['wind_speed', 'precipitation', 'temperature']
2026-02-11 02:00:00;2645.2249514724176;2083.15775;['wind_speed', 'precipitation', 'temperature']
2026-02-11 03:00:00;2358.8188662296952;2465.2165000000005;['wind_speed', 'precipitation', 'temperature']
2026-02-11 04:00:00;2433.2838444203326;2897.0037500000003;['wind_speed', 'precipitation', 'temperature']
2026-02-11 05:00:00;2619.81267247628;2676.7915000000003;['wind_speed', 'precipitation', 'temperature']
2026-02-11 06:00:00;2767.353018327495;2365.58925;['wind_speed', 'precipitation', 'temperature']
2026-02-11 07:00:00;2760.0409154946065;3238.81225;['wind_speed', 'precipitation', 'temperature']
2026-02-11 08:00:00;3049.599706275275;2706.17225;['wind_speed', 'precipitation', 'temperature']
2026-02-11 09:00:00;2951.187909105926;3475.922;['wind_speed', 'precipitation', 'temperature']
2026-02-11 10:00:00;2717.951072437173;2244.5915;['wind_speed', 'precipitation', 'temperature']
2026-02-11 11:00:00;2877.8004278866806;2952.637;['wind_speed', 'precipitation', 'temperature']
2026-02-11 12:00:00;2970.6324621573135;1686.3925;['wind_speed', 'precipitation', 'temperature']
2026-02-11 13:00:00;3217.945947621323;3154.1665;['wind_speed', 'precipitation', 'temperature']
2026-02-11 14:00:00;3107.0417649444507;2227.19575;['wind_speed', 'precipitation', 'temperature']
2026-02-11 15:00:00;2801.47125241475;2543.43525;['wind_speed', 'precipitation', 'temperature']
2026-02-11 16:00:00;3046.059678380036;2576.265;['wind_speed', 'precipitation', 'temperature']
2026-02-11 17:00:00;3867.63639755981;1333.5;['wind_speed', 'precipitation', 'temperature']
2026-02-11 18:00:00;3821.568359066504;3750.33275;['wind_speed', 'precipitation', 'temperature']
2026-02-11 19:00:00;2926.6977249821666;3982.69175;['wind_speed', 'precipitation', 'temperature']
2026-02-11 20:00:00;3201.6926454311106;3578.161;['wind_speed', 'precipitation', 'temperature']
2026-02-11 21:00:00;2700.8387643613332;2482.21025;['wind_speed', 'precipitation', 'temperature']
2026-02-11 22:00:00;2691.80522375654;2358.59375;['wind_speed', 'precipitation', 'temperature']
2026-02-11 23:00:00;2187.408966250491;2322.409;['wind_speed', 'precipitation', 'temperature']
2026-02-12 00:00:00;2332.199576316326;2297.366;['wind_speed', 'precipitation', 'temperature']
2026-02-12 01:00:00;2472.0628782294843;2377.4665;['wind_speed', 'precipitation', 'temperature']
2026-02-12 02:00:00;2173.437406124129;1861.1955;['wind_speed', 'precipitation', 'temperature']
2026-02-12 03:00:00;2179.0362693862976;1835.98825;['wind_speed', 'precipitation', 'temperature']
2026-02-12 04:00:00;2273.881526392719;1987.42975;['wind_speed', 'precipitation', 'temperature']
2026-02-12 05:00:00;2389.1957866708913;2928.504;['wind_speed', 'precipitation', 'temperature']
2026-02-12 06:00:00;2384.287236322303;2122.81;['wind_speed', 'precipitation', 'temperature']
2026-02-12 07:00:00;2483.1407458368717;2338.194;['wind_speed', 'precipitation', 'temperature']
2026-02-12 08:00:00;2547.824200851541;1348.37875;['wind_speed', 'precipitation', 'temperature']
2026-02-12 09:00:00;2626.306881260808;928.61625;['wind_speed', 'precipitation', 'temperature']
2026-02-12 10:00:00;2243.3682971377343;2329.8340000000003;['wind_speed', 'precipitation', 'temperature']
2026-02-12 11:00:00;2679.4218158152144;1817.92825;['wind_speed', 'precipitation', 'temperature']
2026-02-12 12:00:00;2381.4524578209057;3735.537;['wind_speed', 'precipitation', 'temperature']
2026-02-12 13:00:00;2571.3187049596363;2596.203;['wind_speed', 'precipitation', 'temperature']
2026-02-12 14:00:00;2189.2314120924357;2194.61975;['wind_speed', 'precipitation', 'temperature']
2026-02-12 15:00:00;2539.935254431252;1834.60225;['wind_speed', 'precipitation', 'temperature']
2026-02-12 16:00:00;2804.5795471594574;2180.3565;['wind_speed', 'precipitation', 'temperature']
2026-02-12 17:00:00;3546.335167875768;3746.30075;['wind_speed', 'precipitation', 'temperature']
2026-02-12 18:00:00;3683.142872323382;4982.87875;['wind_speed', 'precipitation', 'temperature']
2026-02-12 19:00:00;2984.356237042821;3386.71775;['wind_speed', 'precipitation', 'temperature']
2026-02-12 20:00:00;3402.513423787351;3613.59775;['wind_speed', 'precipitation', 'temperature']
2026-02-12 21:00:00;2755.124510624681;3065.22725;['wind_speed', 'precipitation', 'temperature']
2026-02-12 22:00:00;2805.724456253222;2475.28875;['wind_speed', 'precipitation', 'temperature']
2026-02-12 23:00:00;2351.9523495705052;2045.159;['wind_speed', 'precipitation', 'temperature']
2026-02-13 00:00:00;2166.1356449876466;2855.48325;['wind_speed', 'precipitation', 'temperature']
2026-02-13 01:00:00;2316.531222375151;2102.1375;['wind_speed', 'precipitation', 'temperature']
2026-02-13 02:00:00;2399.876135797405;2721.5535;['wind_speed', 'precipitation', 'temperature']
2026-02-13 03:00:00;2032.1308792692394;2265.05425;['wind_speed', 'precipitation', 'temperature']
2026-02-13 04:00:00;1882.0439062465343;2724.386;['wind_speed', 'precipitation', 'temperature']
2026-02-13 05:00:00;2345.9095640430287;1950.27;['wind_speed', 'precipitation', 'temperature']
2026-02-13 06:00:00;2228.395350919467;2676.27525;['wind_speed', 'precipitation', 'temperature']
2026-02-13 07:00:00;2409.671705827396;1876.716;['wind_speed', 'precipitation', 'temperature']
2026-02-13 08:00:00;2566.847246570285;3155.0185;['wind_speed', 'precipitation', 'temperature']
2026-02-13 09:00:00;2428.4046798735376;3419.00525;['wind_speed', 'precipitation', 'temperature']
2026-02-13 10:00:00;2492.249587287727;2633.61775;['wind_speed', 'precipitation', 'temperature']
2026-02-13 11:00:00;2184.7245323808042;3832.5985;['wind_speed', 'precipitation', 'temperature']
2026-02-13 12:00:00;3199.456390363455;2113.4985;['wind_speed', 'precipitation', 'temperature']
2026-02-13 13:00:00;2572.6593620362532;2406.8145;['wind_speed', 'precipitation', 'temperature']
2026-02-13 14:00:00;2409.9425810779658;2225.23925;['wind_speed', 'precipitation', 'temperature']
2026-02-13 15:00:00;2389.9301987398503;2112.819;['wind_speed', 'precipitation', 'temperature']
2026-02-13 16:00:00;2541.599978899161;2119.783;['wind_speed', 'precipitation', 'temperature']
2026-02-13 17:00:00;4331.291458213433;2762.934;['wind_speed', 'precipitation', 'temperature']
2026-02-13 18:00:00;3386.362886221297;3519.851;['wind_speed', 'precipitation', 'temperature']
2026-02-13 19:00:00;2863.253153191005;3490.8465;['wind_speed', 'precipitation', 'temperature']
2026-02-13 20:00:00;3252.6630559621985;3538.6712499999994;['wind_speed', 'precipitation', 'temperature']
2026-02-13 21:00:00;2902.871046421032;3449.1785;['wind_speed', 'precipitation', 'temperature']
2026-02-13 22:00:00;2722.774065514725;2324.8065;['wind_speed', 'precipitation', 'temperature']
2026-02-13 23:00:00;2302.2612401557076;3431.5795;['wind_speed', 'precipitation', 'temperature']
2026-02-14 00:00:00;2757.404968144489;2411.443;['wind_speed', 'precipitation', 'temperature']
2026-02-14 01:00:00;2659.7616150953577;2943.3845;['wind_speed', 'precipitation', 'temperature']
2026-02-14 02:00:00;2678.681615558763;2579.4275;['wind_speed', 'precipitation', 'temperature']
2026-02-14 03:00:00;2529.668794092283;2204.52425;['wind_speed', 'precipitation', 'temperature']
2026-02-14 04:00:00;2533.173985761975;2660.8965000000003;['wind_speed', 'precipitation', 'temperature']
2026-02-14 05:00:00;2451.825958277827;3597.15675;['wind_speed', 'precipitation', 'temperature']
2026-02-14 06:00:00;2486.3653574489845;2461.59075;['wind_speed', 'precipitation', 'temperature']
2026-02-14 07:00:00;2503.2519675965655;2936.82475;['wind_speed', 'precipitation', 'temperature']
2026-02-14 08:00:00;3049.879021179837;2971.81825;['wind_speed', 'precipitation', 'temperature']
2026-02-14 09:00:00;2828.746953720221;2900.61125;['wind_speed', 'precipitation', 'temperature']
2026-02-14 10:00:00;2734.1346998191148;2713.67975;['wind_speed', 'precipitation', 'temperature']
2026-02-14 11:00:00;3205.7905727391794;2756.77525;['wind_speed', 'precipitation', 'temperature']
2026-02-14 12:00:00;2582.5699660517816;3727.64475;['wind_speed', 'precipitation', 'temperature']
2026-02-14 13:00:00;2851.7076268739347;2757.3445;['wind_speed', 'precipitation', 'temperature']
2026-02-14 14:00:00;2483.4702431777673;3371.52475;['wind_speed', 'precipitation', 'temperature']
2026-02-14 15:00:00;2754.9849718578025;3231.48225;['wind_speed', 'precipitation', 'temperature']
2026-02-14 16:00:00;2684.180688649085;4488.084;['wind_speed', 'precipitation', 'temperature']
2026-02-14 17:00:00;3565.2654611493745;5352.45;['wind_speed', 'precipitation', 'temperature']
2026-02-14 18:00:00;3893.781955360586;6210.828;['wind_speed', 'precipitation', 'temperature']
2026-02-14 19:00:00;3190.4052250291998;1903.77525;['wind_speed', 'precipitation', 'temperature']
2026-02-14 20:00:00;3062.155766749671;2630.102;['wind_speed', 'precipitation', 'temperature']
2026-02-14 21:00:00;2838.1629858883125;4245.20475;['wind_speed', 'precipitation', 'temperature']
2026-02-14 22:00:00;2851.1157861730735;3723.198;['wind_speed', 'precipitation', 'temperature']
2026-02-14 23:00:00;2758.124390487635;3729.623;['wind_speed', 'precipitation', 'temperature']
2026-02-15 00:00:00;3238.454696590177;3933.857;['wind_speed', 'precipitation', 'temperature']
2026-02-15 01:00:00;3195.6537567513146;3709.625;['wind_speed', 'precipitation', 'temperature']
2026-02-15 02:00:00;3024.398233876503;3698.68875;['wind_speed', 'precipitation', 'temperature']
2026-02-15 03:00:00;2789.1214356294154;3668.341;['wind_speed', 'precipitation', 'temperature']
2026-02-15 04:00:00;2765.199062234359;3783.91125;['wind_speed', 'precipitation', 'temperature']
2026-02-15 05:00:00;2886.4948329301837;3444.12875;['wind_speed', 'precipitation', 'temperature']
2026-02-15 06:00:00;2928.0081031820323;4090.44675;['wind_speed', 'precipitation', 'temperature']
2026-02-15 07:00:00;2999.2368581061705;4660.0415;['wind_speed', 'precipitation', 'temperature']
2026-02-15 08:00:00;3158.6802812164324;3879.998;['wind_speed', 'precipitation', 'temperature']
2026-02-15 09:00:00;3410.248556246893;4359.39175;['wind_speed', 'precipitation', 'temperature']
2026-02-15 10:00:00;3230.685830151;5136.501;['wind_speed', 'precipitation', 'temperature']
2026-02-15 11:00:00;2985.289782687645;4608.921;['wind_speed', 'precipitation', 'temperature']
2026-02-15 12:00:00;3310.938872936301;3958.311;['wind_speed', 'precipitation', 'temperature']
2026-02-15 13:00:00;3358.7976550505136;2757.3445;['wind_speed', 'precipitation', 'temperature']
2026-02-15 14:00:00;3302.004105810247;3371.52475;['wind_speed', 'precipitation', 'temperature']
2026-02-15 15:00:00;3499.596766238282;3231.48225;['wind_speed', 'precipitation', 'temperature']
2026-02-15 16:00:00;3283.781267568518;5022.667;['wind_speed', 'precipitation', 'temperature']
2026-02-15 17:00:00;3958.8653157838203;3789.986;['wind_speed', 'precipitation', 'temperature']
2026-02-15 18:00:00;4380.685905509769;1972.2715;['wind_speed', 'precipitation', 'temperature']
2026-02-15 19:00:00;3662.0865525590416;1211.72575;['wind_speed', 'precipitation', 'temperature']
2026-02-15 20:00:00;3517.910050385346;2768.893;['wind_speed', 'precipitation', 'temperature']
2026-02-15 21:00:00;3379.574802138294;4284.85;['wind_speed', 'precipitation', 'temperature']
2026-02-15 22:00:00;3277.322183191227;3674.49175;['wind_speed', 'precipitation', 'temperature']
2026-02-15 23:00:00;2837.172684847403;3857.04075;['wind_speed', 'precipitation', 'temperature']
2026-02-16 00:00:00;2810.8959743142095;4270.74175;['wind_speed', 'precipitation', 'temperature']
2026-02-16 01:00:00;3287.8873016675825;4172.0475;['wind_speed', 'precipitation', 'temperature']
2026-02-16 02:00:00;2905.0588482478943;4192.84925;['wind_speed', 'precipitation', 'temperature']
2026-02-16 03:00:00;2952.439320266513;4297.218;['wind_speed', 'precipitation', 'temperature']
2026-02-16 04:00:00;2832.6162696649308;3792.167;['wind_speed', 'precipitation', 'temperature']
2026-02-16 05:00:00;2839.944442485795;3905.2105;['wind_speed', 'precipitation', 'temperature']
2026-02-16 06:00:00;3028.15331833606;4322.625;['wind_speed', 'precipitation', 'temperature']
2026-02-16 07:00:00;2804.253034652723;5897.072;['wind_speed', 'precipitation', 'temperature']
2026-02-16 08:00:00;3284.781723447843;2816.22675;['wind_speed', 'precipitation', 'temperature']
2026-02-16 09:00:00;3755.5070733202983;3726.25825;['wind_speed', 'precipitation', 'temperature']
2026-02-16 10:00:00;3137.7496016326704;3709.35825;['wind_speed', 'precipitation', 'temperature']
2026-02-16 11:00:00;3251.857643293535;4097.0225;['wind_speed', 'precipitation', 'temperature']
2026-02-16 12:00:00;3311.4543697196714;4383.431500000001;['wind_speed', 'precipitation', 'temperature']
2026-02-16 13:00:00;3529.8393416270324;3789.0565;['wind_speed', 'precipitation', 'temperature']
2026-02-16 14:00:00;3045.144190493157;4607.666;['wind_speed', 'precipitation', 'temperature']
2026-02-16 15:00:00;3279.1543529026026;4367.22325;['wind_speed', 'precipitation', 'temperature']
2026-02-16 16:00:00;2697.7240773830863;3437.96925;['wind_speed', 'precipitation', 'temperature']
2026-02-16 17:00:00;3722.3236093447413;5117.6485;['wind_speed', 'precipitation', 'temperature']
2026-02-16 18:00:00;4051.6694792040053;5031.2195;['wind_speed', 'precipitation', 'temperature']
2026-02-16 19:00:00;3411.386913888018;5013.32925;['wind_speed', 'precipitation', 'temperature']
2026-02-16 20:00:00;3925.9079240700794;3950.84225;['wind_speed', 'precipitation', 'temperature']
2026-02-16 21:00:00;4017.5100564448694;3260.27925;['wind_speed', 'precipitation', 'temperature']
2026-02-16 22:00:00;3085.3988628282113;3727.6415;['wind_speed', 'precipitation', 'temperature']
2026-02-16 23:00:00;3037.4642316561385;2914.66625;['wind_speed', 'precipitation', 'temperature']
2026-02-17 00:00:00;3457.4705431103785;3134.171;['wind_speed', 'precipitation', 'temperature']
2026-02-17 01:00:00;3493.3728214380963;2905.419;['wind_speed', 'precipitation', 'temperature']
2026-02-17 02:00:00;3326.209530078532;3407.01775;['wind_speed', 'precipitation', 'temperature']
2026-02-17 03:00:00;3221.686757713208;2895.731;['wind_speed', 'precipitation', 'temperature']
2026-02-17 04:00:00;3285.2244788163907;3551.5375;['wind_speed', 'precipitation', 'temperature']
2026-02-17 05:00:00;3436.177989528548;3038.49075;['wind_speed', 'precipitation', 'temperature']
2026-02-17 06:00:00;3556.5710548314205;2865.9880000000003;['wind_speed', 'precipitation', 'temperature']
2026-02-17 07:00:00;3577.437357487194;4217.9155;['wind_speed', 'precipitation', 'temperature']
2026-02-17 08:00:00;3645.020296684732;4631.85375;['wind_speed', 'precipitation', 'temperature']
2026-02-17 09:00:00;3617.1162218755776;5666.0205000000005;['wind_speed', 'precipitation', 'temperature']
2026-02-17 10:00:00;3662.593856204574;3033.71925;['wind_speed', 'precipitation', 'temperature']
2026-02-17 11:00:00;3953.470774759404;3668.54275;['wind_speed', 'precipitation', 'temperature']
2026-02-17 12:00:00;3451.7024331529083;3205.1977500000003;['wind_speed', 'precipitation', 'temperature']
2026-02-17 13:00:00;3943.8490673097813;3569.85825;['wind_speed', 'precipitation', 'temperature']
2026-02-17 14:00:00;3608.6997435844887;4546.28325;['wind_speed', 'precipitation', 'temperature']
2026-02-17 15:00:00;3686.141230658021;3355.98275;['wind_speed', 'precipitation', 'temperature']
2026-02-17 16:00:00;3966.109291482295;3155.60275;['wind_speed', 'precipitation', 'temperature']
2026-02-17 17:00:00;4554.641331834491;3948.281;['wind_speed', 'precipitation', 'temperature']
2026-02-17 18:00:00;4624.7137009641265;6586.86025;['wind_speed', 'precipitation', 'temperature']
2026-02-17 19:00:00;3638.7173081241963;2688.89675;['wind_speed', 'precipitation', 'temperature']
2026-02-17 20:00:00;4274.142181649373;4654.51275;['wind_speed', 'precipitation', 'temperature']
2026-02-17 21:00:00;4295.465156733531;3142.6025;['wind_speed', 'precipitation', 'temperature']
2026-02-17 22:00:00;3918.560435893627;2652.804;['wind_speed', 'precipitation', 'temperature']
2026-02-17 23:00:00;3636.6770674510126;2618.7905;['wind_speed', 'precipitation', 'temperature']
2026-02-18 00:00:00;3022.7907371010515;3148.755;['wind_speed', 'precipitation', 'temperature']
2026-02-18 01:00:00;3259.6074188395833;3693.88525;['wind_speed', 'precipitation', 'temperature']
2026-02-18 02:00:00;2657.2064423317206;2656.90925;['wind_speed', 'precipitation', 'temperature']
2026-02-18 03:00:00;2909.5748674813512;2022.2365;['wind_speed', 'precipitation', 'temperature']
2026-02-18 04:00:00;3136.907854304445;2714.6582499999995;['wind_speed', 'precipitation', 'temperature']
2026-02-18 05:00:00;3306.40416521186;3138.4825;['wind_speed', 'precipitation', 'temperature']
2026-02-18 06:00:00;3590.234657248295;3251.8665;['wind_speed', 'precipitation', 'temperature']
2026-02-18 07:00:00;3267.7815025882624;3767.39;['wind_speed', 'precipitation', 'temperature']
2026-02-18 08:00:00;3256.6708998354416;3704.433;['wind_speed', 'precipitation', 'temperature']
2026-02-18 09:00:00;3684.3697348811356;4502.9775;['wind_speed', 'precipitation', 'temperature']
2026-02-18 10:00:00;3850.4987613503527;2839.84175;['wind_speed', 'precipitation', 'temperature']
2026-02-18 11:00:00;3765.3999969063343;3027.432;['wind_speed', 'precipitation', 'temperature']
2026-02-18 12:00:00;3738.8827173219174;3523.302;['wind_speed', 'precipitation', 'temperature']
2026-02-18 13:00:00;3657.3389382175965;3065.7345000000005;['wind_speed', 'precipitation', 'temperature']
2026-02-18 14:00:00;3837.6814748267575;3746.467;['wind_speed', 'precipitation', 'temperature']
2026-02-18 15:00:00;3487.618513849745;3357.258;['wind_speed', 'precipitation', 'temperature']
2026-02-18 16:00:00;3762.763201546034;3739.85675;['wind_speed', 'precipitation', 'temperature']
2026-02-18 17:00:00;5034.402853357775;5383.882;['wind_speed', 'precipitation', 'temperature']
2026-02-18 18:00:00;4157.804907263984;5460.044;['wind_speed', 'precipitation', 'temperature']
2026-02-18 19:00:00;3592.393934862364;3423.06;['wind_speed', 'precipitation', 'temperature']
2026-02-18 20:00:00;3626.433449469989;4988.140666666666;['wind_speed', 'precipitation', 'temperature']
2026-02-18 21:00:00;3647.7719720190835;3943.082;['wind_speed', 'precipitation', 'temperature']
2026-02-18 22:00:00;3826.531144859568;3280.73875;['wind_speed', 'precipitation', 'temperature']
2026-02-18 23:00:00;4190.173053143125;4189.85225;['wind_speed', 'precipitation', 'temperature']
2026-02-19 00:00:00;3807.145331037035;3798.69625;['wind_speed', 'precipitation', 'temperature']
2026-02-19 01:00:00;4108.170935740726;3470.1565;['wind_speed', 'precipitation', 'temperature']
2026-02-19 02:00:00;3605.42982442102;3887.978;['wind_speed', 'precipitation', 'temperature']
2026-02-19 03:00:00;3695.846566302268;3463.55225;['wind_speed', 'precipitation', 'temperature']
2026-02-19 04:00:00;3134.574378388118;3694.54025;['wind_speed', 'precipitation', 'temperature']
2026-02-19 05:00:00;3363.4352299218426;4024.671;['wind_speed', 'precipitation', 'temperature']
2026-02-19 06:00:00;4196.048295054081;3976.81075;['wind_speed', 'precipitation', 'temperature']
2026-02-19 07:00:00;3616.650949436371;4254.63175;['wind_speed', 'precipitation', 'temperature']
2026-02-19 08:00:00;3717.789492158079;5451.65625;['wind_speed', 'precipitation', 'temperature']
2026-02-19 09:00:00;4423.68459248482;4617.72725;['wind_speed', 'precipitation', 'temperature']
2026-02-19 10:00:00;3940.673149708743;4048.07275;['wind_speed', 'precipitation', 'temperature']
2026-02-19 11:00:00;3873.171229905031;4006.33275;['wind_speed', 'precipitation', 'temperature']
2026-02-19 12:00:00;3571.274913533205;2886.07425;['wind_speed', 'precipitation', 'temperature']
2026-02-19 13:00:00;3446.253042277238;3151.84075;['wind_speed', 'precipitation', 'temperature']
2026-02-19 14:00:00;3769.125577979269;2118.81075;['wind_speed', 'precipitation', 'temperature']
2026-02-19 15:00:00;3763.485555436543;2872.442;['wind_speed', 'precipitation', 'temperature']
2026-02-19 16:00:00;3755.9155255586074;3774.00675;['wind_speed', 'precipitation', 'temperature']
2026-02-19 17:00:00;4822.265410174146;5136.79725;['wind_speed', 'precipitation', 'temperature']
2026-02-19 18:00:00;5103.048921436866;5757.4375;['wind_speed', 'precipitation', 'temperature']
2026-02-19 19:00:00;4099.4861485877;2808.28475;['wind_speed', 'precipitation', 'temperature']
2026-02-19 20:00:00;4090.272368361133;4316.30025;['wind_speed', 'precipitation', 'temperature']
2026-02-19 21:00:00;3978.8954854109575;4116.61075;['wind_speed', 'precipitation', 'temperature']
2026-02-19 22:00:00;4013.890375055519;3227.96925;['wind_speed', 'precipitation', 'temperature']
2026-02-19 23:00:00;3755.957713993103;3393.52525;['wind_speed', 'precipitation', 'temperature']
2026-02-20 00:00:00;3516.4344586284774;3867.99625;['wind_speed', 'precipitation', 'temperature']
2026-02-20 01:00:00;3719.207415660197;3100.64225;['wind_speed', 'precipitation', 'temperature']
2026-02-20 02:00:00;3376.484889733817;2828.1715;['wind_speed', 'precipitation', 'temperature']
2026-02-20 03:00:00;3299.2699668373843;4158.9235;['wind_speed', 'precipitation', 'temperature']
2026-02-20 04:00:00;3404.759060268152;3933.11075;['wind_speed', 'precipitation', 'temperature']
2026-02-20 05:00:00;3539.713326152927;3965.08175;['wind_speed', 'precipitation', 'temperature']
2026-02-20 06:00:00;3590.572256818077;3080.9115;['wind_speed', 'precipitation', 'temperature']
2026-02-20 07:00:00;3920.904997172895;4425.24725;['wind_speed', 'precipitation', 'temperature']
2026-02-20 08:00:00;3667.4582770807;5264.822999999999;['wind_speed', 'precipitation', 'temperature']
2026-02-20 09:00:00;3788.4785655828337;3476.0955;['wind_speed', 'precipitation', 'temperature']
2026-02-20 10:00:00;4245.0114788496885;3282.589;['wind_speed', 'precipitation', 'temperature']
2026-02-20 11:00:00;3773.6780671416036;3600.80525;['wind_speed', 'precipitation', 'temperature']
2026-02-20 12:00:00;3601.864848262225;4432.64325;['wind_speed', 'precipitation', 'temperature']
2026-02-20 13:00:00;3612.454695532196;2361.1320000000005;['wind_speed', 'precipitation', 'temperature']
2026-02-20 14:00:00;3736.975249730892;1551.0443333333333;['wind_speed', 'precipitation', 'temperature']
2026-02-20 15:00:00;3561.7124542302263;2872.442;['wind_speed', 'precipitation', 'temperature']
2026-02-20 16:00:00;3825.537991998909;3774.00675;['wind_speed', 'precipitation', 'temperature']
2026-02-20 17:00:00;4525.615150461426;5136.79725;['wind_speed', 'precipitation', 'temperature']
2026-02-20 18:00:00;5228.035723950641;5177.334;['wind_speed', 'precipitation', 'temperature']
2026-02-20 19:00:00;3912.0024265577263;5452.91475;['wind_speed', 'precipitation', 'temperature']
2026-02-20 20:00:00;4400.885554654223;5548.0960000000005;['wind_speed', 'precipitation', 'temperature']
2026-02-20 21:00:00;4038.4998850348497;4351.4605;['wind_speed', 'precipitation', 'temperature']
2026-02-20 22:00:00;3642.6902206409904;4562.4445;['wind_speed', 'precipitation', 'temperature']
2026-02-20 23:00:00;3716.6646576452026;3240.04275;['wind_speed', 'precipitation', 'temperature']
2026-02-10 00:00:00;2906.587666335162;2312.257;['pressure', 'precipitation', 'temperature']
2026-02-10 01:00:00;2886.4690710958985;2445.75475;['pressure', 'precipitation', 'temperature']
2026-02-10 02:00:00;2599.2970890320903;2738.38875;['pressure', 'precipitation', 'temperature']
2026-02-10 03:00:00;2408.6417094416693;2507.56425;['pressure', 'precipitation', 'temperature']
2026-02-10 04:00:00;2381.6112682065746;2972.28575;['pressure', 'precipitation', 'temperature']
2026-02-10 05:00:00;2510.0278182477678;2894.95425;['pressure', 'precipitation', 'temperature']
2026-02-10 06:00:00;2555.39607837338;3762.406;['pressure', 'precipitation', 'temperature']
2026-02-10 07:00:00;2776.792126876081;2580.2795;['pressure', 'precipitation', 'temperature']
2026-02-10 08:00:00;2919.398531233139;4036.3455;['pressure', 'precipitation', 'temperature']
2026-02-10 09:00:00;2789.771026451861;3671.19375;['pressure', 'precipitation', 'temperature']
2026-02-10 10:00:00;3025.6454825479955;2416.94175;['pressure', 'precipitation', 'temperature']
2026-02-10 11:00:00;2792.5847950117595;2677.89175;['pressure', 'precipitation', 'temperature']
2026-02-10 12:00:00;2545.1905409300807;1806.73475;['pressure', 'precipitation', 'temperature']
2026-02-10 13:00:00;2804.5807404978605;3154.1665;['pressure', 'precipitation', 'temperature']
2026-02-10 14:00:00;2798.9041443377773;2227.19575;['pressure', 'precipitation', 'temperature']
2026-02-10 15:00:00;2519.9382980576756;2543.43525;['pressure', 'precipitation', 'temperature']
2026-02-10 16:00:00;2856.1596050071294;2576.265;['pressure', 'precipitation', 'temperature']
2026-02-10 17:00:00;3780.57846384416;5342.617;['pressure', 'precipitation', 'temperature']
2026-02-10 18:00:00;4188.500040098722;5926.32475;['pressure', 'precipitation', 'temperature']
2026-02-10 19:00:00;3097.1930196743397;3875.02825;['pressure', 'precipitation', 'temperature']
2026-02-10 20:00:00;3476.936174761988;4273.53175;['pressure', 'precipitation', 'temperature']
2026-02-10 21:00:00;3064.9809328286083;2881.09475;['pressure', 'precipitation', 'temperature']
2026-02-10 22:00:00;2856.0490995535283;2286.139;['pressure', 'precipitation', 'temperature']
2026-02-10 23:00:00;2644.683120242152;3057.192;['pressure', 'precipitation', 'temperature']
2026-02-11 00:00:00;2722.9259650571485;2366.50825;['pressure', 'precipitation', 'temperature']
2026-02-11 01:00:00;2726.4318622153814;2711.8525;['pressure', 'precipitation', 'temperature']
2026-02-11 02:00:00;2621.7876040603082;2083.15775;['pressure', 'precipitation', 'temperature']
2026-02-11 03:00:00;2400.534389949483;2465.2165000000005;['pressure', 'precipitation', 'temperature']
2026-02-11 04:00:00;2476.123084017653;2897.0037500000003;['pressure', 'precipitation', 'temperature']
2026-02-11 05:00:00;2584.2633999390487;2676.7915000000003;['pressure', 'precipitation', 'temperature']
2026-02-11 06:00:00;2736.185408159038;2365.58925;['pressure', 'precipitation', 'temperature']
2026-02-11 07:00:00;2735.0538368279194;3238.81225;['pressure', 'precipitation', 'temperature']
2026-02-11 08:00:00;3145.852444512656;2706.17225;['pressure', 'precipitation', 'temperature']
2026-02-11 09:00:00;2920.020298937469;3475.922;['pressure', 'precipitation', 'temperature']
2026-02-11 10:00:00;2828.641372424966;2244.5915;['pressure', 'precipitation', 'temperature']
2026-02-11 11:00:00;2816.851315948204;2952.637;['pressure', 'precipitation', 'temperature']
2026-02-11 12:00:00;2661.0298506155655;1686.3925;['pressure', 'precipitation', 'temperature']
2026-02-11 13:00:00;2938.463327382065;3154.1665;['pressure', 'precipitation', 'temperature']
2026-02-11 14:00:00;2732.699712484734;2227.19575;['pressure', 'precipitation', 'temperature']
2026-02-11 15:00:00;2950.239074680375;2543.43525;['pressure', 'precipitation', 'temperature']
2026-02-11 16:00:00;3022.5608151598212;2576.265;['pressure', 'precipitation', 'temperature']
2026-02-11 17:00:00;3746.0813743664507;1333.5;['pressure', 'precipitation', 'temperature']
2026-02-11 18:00:00;3953.646239925879;3750.33275;['pressure', 'precipitation', 'temperature']
2026-02-11 19:00:00;2898.637788458729;3982.69175;['pressure', 'precipitation', 'temperature']
2026-02-11 20:00:00;3153.3134340053293;3578.161;['pressure', 'precipitation', 'temperature']
2026-02-11 21:00:00;2809.4211618222707;2482.21025;['pressure', 'precipitation', 'temperature']
2026-02-11 22:00:00;2709.926653199899;2358.59375;['pressure', 'precipitation', 'temperature']
2026-02-11 23:00:00;2312.243408389163;2322.409;['pressure', 'precipitation', 'temperature']
2026-02-12 00:00:00;2240.617756782024;2297.366;['pressure', 'precipitation', 'temperature']
2026-02-12 01:00:00;2474.902474024162;2377.4665;['pressure', 'precipitation', 'temperature']
2026-02-12 02:00:00;2221.9594092979573;1861.1955;['pressure', 'precipitation', 'temperature']
2026-02-12 03:00:00;2162.0763504104675;1835.98825;['pressure', 'precipitation', 'temperature']
2026-02-12 04:00:00;2183.29295102956;1987.42975;['pressure', 'precipitation', 'temperature']
2026-02-12 05:00:00;2312.3756076852956;2928.504;['pressure', 'precipitation', 'temperature']
2026-02-12 06:00:00;2383.9889727724985;2122.81;['pressure', 'precipitation', 'temperature']
2026-02-12 07:00:00;2606.3834063593326;2338.194;['pressure', 'precipitation', 'temperature']
2026-02-12 08:00:00;2613.3167698212674;1348.37875;['pressure', 'precipitation', 'temperature']
2026-02-12 09:00:00;2698.9971736192065;928.61625;['pressure', 'precipitation', 'temperature']
2026-02-12 10:00:00;2486.396571673867;2329.8340000000003;['pressure', 'precipitation', 'temperature']
2026-02-12 11:00:00;2644.350790562872;1817.92825;['pressure', 'precipitation', 'temperature']
2026-02-12 12:00:00;2337.3096508140698;3735.537;['pressure', 'precipitation', 'temperature']
2026-02-12 13:00:00;2572.5560249059254;2596.203;['pressure', 'precipitation', 'temperature']
2026-02-12 14:00:00;2321.881131330717;2194.61975;['pressure', 'precipitation', 'temperature']
2026-02-12 15:00:00;2588.1567948823017;1834.60225;['pressure', 'precipitation', 'temperature']
2026-02-12 16:00:00;2891.718350641513;2180.3565;['pressure', 'precipitation', 'temperature']
2026-02-12 17:00:00;3713.9213604836477;3746.30075;['pressure', 'precipitation', 'temperature']
2026-02-12 18:00:00;3829.277004708636;4982.87875;['pressure', 'precipitation', 'temperature']
2026-02-12 19:00:00;3036.092897046483;3386.71775;['pressure', 'precipitation', 'temperature']
2026-02-12 20:00:00;3410.0081022846653;3613.59775;['pressure', 'precipitation', 'temperature']
2026-02-12 21:00:00;2803.0062702682358;3065.22725;['pressure', 'precipitation', 'temperature']
2026-02-12 22:00:00;2841.049464645556;2475.28875;['pressure', 'precipitation', 'temperature']
2026-02-12 23:00:00;2351.49093141865;2045.159;['pressure', 'precipitation', 'temperature']
2026-02-13 00:00:00;2142.38566787583;2855.48325;['pressure', 'precipitation', 'temperature']
2026-02-13 01:00:00;2323.3732939083543;2102.1375;['pressure', 'precipitation', 'temperature']
2026-02-13 02:00:00;2722.098578424358;2721.5535;['pressure', 'precipitation', 'temperature']
2026-02-13 03:00:00;1974.301686154005;2265.05425;['pressure', 'precipitation', 'temperature']
2026-02-13 04:00:00;1991.977652584425;2724.386;['pressure', 'precipitation', 'temperature']
2026-02-13 05:00:00;2340.063906694396;1950.27;['pressure', 'precipitation', 'temperature']
2026-02-13 06:00:00;2297.964412198764;2676.27525;['pressure', 'precipitation', 'temperature']
2026-02-13 07:00:00;2400.772085771244;1876.716;['pressure', 'precipitation', 'temperature']
2026-02-13 08:00:00;2557.414213580783;3155.0185;['pressure', 'precipitation', 'temperature']
2026-02-13 09:00:00;2381.843019106936;3419.00525;['pressure', 'precipitation', 'temperature']
2026-02-13 10:00:00;2474.0576088331372;2633.61775;['pressure', 'precipitation', 'temperature']
2026-02-13 11:00:00;2320.1152641923277;3832.5985;['pressure', 'precipitation', 'temperature']
2026-02-13 12:00:00;2630.9759635751248;2113.4985;['pressure', 'precipitation', 'temperature']
2026-02-13 13:00:00;2526.890387732054;2406.8145;['pressure', 'precipitation', 'temperature']
2026-02-13 14:00:00;2343.7195052112666;2225.23925;['pressure', 'precipitation', 'temperature']
2026-02-13 15:00:00;2309.7879944551823;2112.819;['pressure', 'precipitation', 'temperature']
2026-02-13 16:00:00;2572.1550020925206;2119.783;['pressure', 'precipitation', 'temperature']
2026-02-13 17:00:00;3904.438552939995;2762.934;['pressure', 'precipitation', 'temperature']
2026-02-13 18:00:00;3333.131501943953;3519.851;['pressure', 'precipitation', 'temperature']
2026-02-13 19:00:00;2669.2965034107315;3490.8465;['pressure', 'precipitation', 'temperature']
2026-02-13 20:00:00;3171.686141556376;3538.6712499999994;['pressure', 'precipitation', 'temperature']
2026-02-13 21:00:00;2929.8435929984857;3449.1785;['pressure', 'precipitation', 'temperature']
2026-02-13 22:00:00;2652.126779099625;2324.8065;['pressure', 'precipitation', 'temperature']
2026-02-13 23:00:00;2188.7049218726265;3431.5795;['pressure', 'precipitation', 'temperature']
2026-02-14 00:00:00;2679.3646956702;2411.443;['pressure', 'precipitation', 'temperature']
2026-02-14 01:00:00;2669.9708092787073;2943.3845;['pressure', 'precipitation', 'temperature']
2026-02-14 02:00:00;2579.734121051927;2579.4275;['pressure', 'precipitation', 'temperature']
2026-02-14 03:00:00;2602.5946668950173;2204.52425;['pressure', 'precipitation', 'temperature']
2026-02-14 04:00:00;2602.760930342053;2660.8965000000003;['pressure', 'precipitation', 'temperature']
2026-02-14 05:00:00;2509.8705444594675;3597.15675;['pressure', 'precipitation', 'temperature']
2026-02-14 06:00:00;2856.9694033169044;2461.59075;['pressure', 'precipitation', 'temperature']
2026-02-14 07:00:00;2566.8412086243975;2936.82475;['pressure', 'precipitation', 'temperature']
2026-02-14 08:00:00;3026.567528259915;2971.81825;['pressure', 'precipitation', 'temperature']
2026-02-14 09:00:00;2809.5791375581116;2900.61125;['pressure', 'precipitation', 'temperature']
2026-02-14 10:00:00;2396.179915425804;2713.67975;['pressure', 'precipitation', 'temperature']
2026-02-14 11:00:00;3331.296767807539;2756.77525;['pressure', 'precipitation', 'temperature']
2026-02-14 12:00:00;2866.6783022620325;3727.64475;['pressure', 'precipitation', 'temperature']
2026-02-14 13:00:00;2947.551712567294;2757.3445;['pressure', 'precipitation', 'temperature']
2026-02-14 14:00:00;2456.7255398849206;3371.52475;['pressure', 'precipitation', 'temperature']
2026-02-14 15:00:00;2699.417268610732;3231.48225;['pressure', 'precipitation', 'temperature']
2026-02-14 16:00:00;2979.8595063981084;4488.084;['pressure', 'precipitation', 'temperature']
2026-02-14 17:00:00;3867.283245268027;5352.45;['pressure', 'precipitation', 'temperature']
2026-02-14 18:00:00;4102.687175392324;6210.828;['pressure', 'precipitation', 'temperature']
2026-02-14 19:00:00;3276.6979038622076;1903.77525;['pressure', 'precipitation', 'temperature']
2026-02-14 20:00:00;3028.517155909827;2630.102;['pressure', 'precipitation', 'temperature']
2026-02-14 21:00:00;2910.3891211422188;4245.20475;['pressure', 'precipitation', 'temperature']
2026-02-14 22:00:00;2912.8030725500266;3723.198;['pressure', 'precipitation', 'temperature']
2026-02-14 23:00:00;2754.4155281829476;3729.623;['pressure', 'precipitation', 'temperature']
2026-02-15 00:00:00;3086.5214690511143;3933.857;['pressure', 'precipitation', 'temperature']
2026-02-15 01:00:00;3045.6615120308556;3709.625;['pressure', 'precipitation', 'temperature']
2026-02-15 02:00:00;2761.9843773701555;3698.68875;['pressure', 'precipitation', 'temperature']
2026-02-15 03:00:00;2491.34108589797;3668.341;['pressure', 'precipitation', 'temperature']
2026-02-15 04:00:00;2696.8417013945154;3783.91125;['pressure', 'precipitation', 'temperature']
2026-02-15 05:00:00;2978.225088057137;3444.12875;['pressure', 'precipitation', 'temperature']
2026-02-15 06:00:00;2460.3924568197276;4090.44675;['pressure', 'precipitation', 'temperature']
2026-02-15 07:00:00;3165.331157422577;4660.0415;['pressure', 'precipitation', 'temperature']
2026-02-15 08:00:00;2924.415249401857;3879.998;['pressure', 'precipitation', 'temperature']
2026-02-15 09:00:00;3234.4095822478694;4359.39175;['pressure', 'precipitation', 'temperature']
2026-02-15 10:00:00;3110.688416515746;5136.501;['pressure', 'precipitation', 'temperature']
2026-02-15 11:00:00;2553.8301727022936;4608.921;['pressure', 'precipitation', 'temperature']
2026-02-15 12:00:00;3178.594863536887;3958.311;['pressure', 'precipitation', 'temperature']
2026-02-15 13:00:00;3299.1633471891855;2757.3445;['pressure', 'precipitation', 'temperature']
2026-02-15 14:00:00;3198.2498333493095;3371.52475;['pressure', 'precipitation', 'temperature']
2026-02-15 15:00:00;3473.824793582032;3231.48225;['pressure', 'precipitation', 'temperature']
2026-02-15 16:00:00;3417.612551137854;5022.667;['pressure', 'precipitation', 'temperature']
2026-02-15 17:00:00;4318.062460292182;3789.986;['pressure', 'precipitation', 'temperature']
2026-02-15 18:00:00;4420.299873405277;1972.2715;['pressure', 'precipitation', 'temperature']
2026-02-15 19:00:00;2672.1080674516197;1211.72575;['pressure', 'precipitation', 'temperature']
2026-02-15 20:00:00;3320.973969452729;2768.893;['pressure', 'precipitation', 'temperature']
2026-02-15 21:00:00;3518.5809600133553;4284.85;['pressure', 'precipitation', 'temperature']
2026-02-15 22:00:00;3009.4291487330665;3674.49175;['pressure', 'precipitation', 'temperature']
2026-02-15 23:00:00;2642.1177265038973;3857.04075;['pressure', 'precipitation', 'temperature']
2026-02-16 00:00:00;2818.773607408997;4270.74175;['pressure', 'precipitation', 'temperature']
2026-02-16 01:00:00;3281.8888572892065;4172.0475;['pressure', 'precipitation', 'temperature']
2026-02-16 02:00:00;2856.531931743988;4192.84925;['pressure', 'precipitation', 'temperature']
2026-02-16 03:00:00;2894.9763299825468;4297.218;['pressure', 'precipitation', 'temperature']
2026-02-16 04:00:00;2784.0893531610245;3792.167;['pressure', 'precipitation', 'temperature']
2026-02-16 05:00:00;2666.509780620561;3905.2105;['pressure', 'precipitation', 'temperature']
2026-02-16 06:00:00;2908.034925391724;4322.625;['pressure', 'precipitation', 'temperature']
2026-02-16 07:00:00;3054.1230755462775;5897.072;['pressure', 'precipitation', 'temperature']
2026-02-16 08:00:00;3343.9221653423742;2816.22675;['pressure', 'precipitation', 'temperature']
2026-02-16 09:00:00;3731.309685624986;3726.25825;['pressure', 'precipitation', 'temperature']
2026-02-16 10:00:00;2948.7790968719282;3709.35825;['pressure', 'precipitation', 'temperature']
2026-02-16 11:00:00;3148.137397932207;4097.0225;['pressure', 'precipitation', 'temperature']
2026-02-16 12:00:00;3247.939141448187;4383.431500000001;['pressure', 'precipitation', 'temperature']
2026-02-16 13:00:00;3529.9657912119933;3789.0565;['pressure', 'precipitation', 'temperature']
2026-02-16 14:00:00;3135.073745432427;4607.666;['pressure', 'precipitation', 'temperature']
2026-02-16 15:00:00;3374.408434628677;4367.22325;['pressure', 'precipitation', 'temperature']
2026-02-16 16:00:00;2811.225664297149;3437.96925;['pressure', 'precipitation', 'temperature']
2026-02-16 17:00:00;3745.766907684585;5117.6485;['pressure', 'precipitation', 'temperature']
2026-02-16 18:00:00;3957.474838090724;5031.2195;['pressure', 'precipitation', 'temperature']
2026-02-16 19:00:00;3575.059840790789;5013.32925;['pressure', 'precipitation', 'temperature']
2026-02-16 20:00:00;3833.1714128396106;3950.84225;['pressure', 'precipitation', 'temperature']
2026-02-16 21:00:00;3927.1704568354944;3260.27925;['pressure', 'precipitation', 'temperature']
2026-02-16 22:00:00;3094.3381481065317;3727.6415;['pressure', 'precipitation', 'temperature']
2026-02-16 23:00:00;3031.3285505037948;2914.66625;['pressure', 'precipitation', 'temperature']
2026-02-17 00:00:00;3438.9437639355738;3134.171;['pressure', 'precipitation', 'temperature']
2026-02-17 01:00:00;3581.644868480943;2905.419;['pressure', 'precipitation', 'temperature']
2026-02-17 02:00:00;3359.9843716255446;3407.01775;['pressure', 'precipitation', 'temperature']
2026-02-17 03:00:00;3266.010543018231;2895.731;['pressure', 'precipitation', 'temperature']
2026-02-17 04:00:00;3237.1449309343107;3551.5375;['pressure', 'precipitation', 'temperature']
2026-02-17 05:00:00;3489.3696170309895;3038.49075;['pressure', 'precipitation', 'temperature']
2026-02-17 06:00:00;3541.9796775731197;2865.9880000000003;['pressure', 'precipitation', 'temperature']
2026-02-17 07:00:00;3955.8864999432485;4217.9155;['pressure', 'precipitation', 'temperature']
2026-02-17 08:00:00;3521.4267145314116;4631.85375;['pressure', 'precipitation', 'temperature']
2026-02-17 09:00:00;3524.2367968267495;5666.0205000000005;['pressure', 'precipitation', 'temperature']
2026-02-17 10:00:00;3843.7277825961755;3033.71925;['pressure', 'precipitation', 'temperature']
2026-02-17 11:00:00;3987.6008711949507;3668.54275;['pressure', 'precipitation', 'temperature']
2026-02-17 12:00:00;3724.595911546463;3205.1977500000003;['pressure', 'precipitation', 'temperature']
2026-02-17 13:00:00;4005.402602771207;3569.85825;['pressure', 'precipitation', 'temperature']
2026-02-17 14:00:00;3856.2845137871254;4546.28325;['pressure', 'precipitation', 'temperature']
2026-02-17 15:00:00;3852.4135428223276;3355.98275;['pressure', 'precipitation', 'temperature']
2026-02-17 16:00:00;4130.315727639521;3155.60275;['pressure', 'precipitation', 'temperature']
2026-02-17 17:00:00;4436.604069871601;3948.281;['pressure', 'precipitation', 'temperature']
2026-02-17 18:00:00;4927.799081518326;6586.86025;['pressure', 'precipitation', 'temperature']
2026-02-17 19:00:00;3824.2385407291767;2688.89675;['pressure', 'precipitation', 'temperature']
2026-02-17 20:00:00;4445.902694955037;4654.51275;['pressure', 'precipitation', 'temperature']
2026-02-17 21:00:00;4305.816047846813;3142.6025;['pressure', 'precipitation', 'temperature']
2026-02-17 22:00:00;3955.369243266674;2652.804;['pressure', 'precipitation', 'temperature']
2026-02-17 23:00:00;3801.0669447703485;2618.7905;['pressure', 'precipitation', 'temperature']
2026-02-18 00:00:00;2949.6551398720476;3148.755;['pressure', 'precipitation', 'temperature']
2026-02-18 01:00:00;3429.1057708903645;3693.88525;['pressure', 'precipitation', 'temperature']
2026-02-18 02:00:00;2732.3218903297675;2656.90925;['pressure', 'precipitation', 'temperature']
2026-02-18 03:00:00;2699.228843921781;2022.2365;['pressure', 'precipitation', 'temperature']
2026-02-18 04:00:00;3234.102306590212;2714.6582499999995;['pressure', 'precipitation', 'temperature']
2026-02-18 05:00:00;3421.8434180652534;3138.4825;['pressure', 'precipitation', 'temperature']
2026-02-18 06:00:00;3707.816383322514;3251.8665;['pressure', 'precipitation', 'temperature']
2026-02-18 07:00:00;3493.9772804813288;3767.39;['pressure', 'precipitation', 'temperature']
2026-02-18 08:00:00;2798.8298353823166;3704.433;['pressure', 'precipitation', 'temperature']
2026-02-18 09:00:00;3643.5391532160966;4502.9775;['pressure', 'precipitation', 'temperature']
2026-02-18 10:00:00;3868.0752155129503;2839.84175;['pressure', 'precipitation', 'temperature']
2026-02-18 11:00:00;3988.3805963097157;3027.432;['pressure', 'precipitation', 'temperature']
2026-02-18 12:00:00;3832.0792505250424;3523.302;['pressure', 'precipitation', 'temperature']
2026-02-18 13:00:00;3826.115869980292;3065.7345000000005;['pressure', 'precipitation', 'temperature']
2026-02-18 14:00:00;3694.403490207617;3746.467;['pressure', 'precipitation', 'temperature']
2026-02-18 15:00:00;3791.120383051405;3357.258;['pressure', 'precipitation', 'temperature']
2026-02-18 16:00:00;3522.551749061903;3739.85675;['pressure', 'precipitation', 'temperature']
2026-02-18 17:00:00;4767.263876306994;5383.882;['pressure', 'precipitation', 'temperature']
2026-02-18 18:00:00;4685.1060451881785;5460.044;['pressure', 'precipitation', 'temperature']
2026-02-18 19:00:00;3567.59760917877;3423.06;['pressure', 'precipitation', 'temperature']
2026-02-18 20:00:00;3683.877571784442;4988.140666666666;['pressure', 'precipitation', 'temperature']
2026-02-18 21:00:00;3604.8442681616616;3943.082;['pressure', 'precipitation', 'temperature']
2026-02-18 22:00:00;3650.5329301378883;3280.73875;['pressure', 'precipitation', 'temperature']
2026-02-18 23:00:00;4206.490924236875;4189.85225;['pressure', 'precipitation', 'temperature']
2026-02-19 00:00:00;3728.558851850023;3798.69625;['pressure', 'precipitation', 'temperature']
2026-02-19 01:00:00;3894.4087592270544;3470.1565;['pressure', 'precipitation', 'temperature']
2026-02-19 02:00:00;3510.243590900512;3887.978;['pressure', 'precipitation', 'temperature']
2026-02-19 03:00:00;3537.036049944846;3463.55225;['pressure', 'precipitation', 'temperature']
2026-02-19 04:00:00;3503.1070321967118;3694.54025;['pressure', 'precipitation', 'temperature']
2026-02-19 05:00:00;3418.44158806851;4024.671;['pressure', 'precipitation', 'temperature']
2026-02-19 06:00:00;3775.3832712503695;3976.81075;['pressure', 'precipitation', 'temperature']
2026-02-19 07:00:00;3972.035989719574;4254.63175;['pressure', 'precipitation', 'temperature']
2026-02-19 08:00:00;4068.888660935545;5451.65625;['pressure', 'precipitation', 'temperature']
2026-02-19 09:00:00;4341.092948197711;4617.72725;['pressure', 'precipitation', 'temperature']
2026-02-19 10:00:00;3621.719780568118;4048.07275;['pressure', 'precipitation', 'temperature']
2026-02-19 11:00:00;3906.7983079613664;4006.33275;['pressure', 'precipitation', 'temperature']
2026-02-19 12:00:00;3594.3737828569356;2886.07425;['pressure', 'precipitation', 'temperature']
2026-02-19 13:00:00;3397.9431057538004;3151.84075;['pressure', 'precipitation', 'temperature']
2026-02-19 14:00:00;3783.264753394308;2118.81075;['pressure', 'precipitation', 'temperature']
2026-02-19 15:00:00;3810.0855615400587;2872.442;['pressure', 'precipitation', 'temperature']
2026-02-19 16:00:00;3840.715202453749;3774.00675;['pressure', 'precipitation', 'temperature']
2026-02-19 17:00:00;4751.651060808912;5136.79725;['pressure', 'precipitation', 'temperature']
2026-02-19 18:00:00;4939.216420979103;5757.4375;['pressure', 'precipitation', 'temperature']
2026-02-19 19:00:00;4137.802081815239;2808.28475;['pressure', 'precipitation', 'temperature']
2026-02-19 20:00:00;4228.441054274219;4316.30025;['pressure', 'precipitation', 'temperature']
2026-02-19 21:00:00;3716.1015145876695;4116.61075;['pressure', 'precipitation', 'temperature']
2026-02-19 22:00:00;4095.380060114113;3227.96925;['pressure', 'precipitation', 'temperature']
2026-02-19 23:00:00;3925.8295096474;3393.52525;['pressure', 'precipitation', 'temperature']
2026-02-20 00:00:00;3591.4443081768172;3867.99625;['pressure', 'precipitation', 'temperature']
2026-02-20 01:00:00;3680.0644102891033;3100.64225;['pressure', 'precipitation', 'temperature']
2026-02-20 02:00:00;3318.414281594779;2828.1715;['pressure', 'precipitation', 'temperature']
2026-02-20 03:00:00;3209.1808040108463;4158.9235;['pressure', 'precipitation', 'temperature']
2026-02-20 04:00:00;3354.477918987024;3933.11075;['pressure', 'precipitation', 'temperature']
2026-02-20 05:00:00;3469.1286131707493;3965.08175;['pressure', 'precipitation', 'temperature']
2026-02-20 06:00:00;3555.6349837925645;3080.9115;['pressure', 'precipitation', 'temperature']
2026-02-20 07:00:00;3864.2260344653755;4425.24725;['pressure', 'precipitation', 'temperature']
2026-02-20 08:00:00;3475.4191306573603;5264.822999999999;['pressure', 'precipitation', 'temperature']
2026-02-20 09:00:00;4268.396351227365;3476.0955;['pressure', 'precipitation', 'temperature']
2026-02-20 10:00:00;3931.6842236006646;3282.589;['pressure', 'precipitation', 'temperature']
2026-02-20 11:00:00;3928.530941897463;3600.80525;['pressure', 'precipitation', 'temperature']
2026-02-20 12:00:00;3805.1807967485533;4432.64325;['pressure', 'precipitation', 'temperature']
2026-02-20 13:00:00;3476.2249897216493;2361.1320000000005;['pressure', 'precipitation', 'temperature']
2026-02-20 14:00:00;3790.700736486263;1551.0443333333333;['pressure', 'precipitation', 'temperature']
2026-02-20 15:00:00;3559.6922487324846;2872.442;['pressure', 'precipitation', 'temperature']
2026-02-20 16:00:00;3879.8249907476884;3774.00675;['pressure', 'precipitation', 'temperature']
2026-02-20 17:00:00;4517.239486704102;5136.79725;['pressure', 'precipitation', 'temperature']
2026-02-20 18:00:00;5458.325656201618;5177.334;['pressure', 'precipitation', 'temperature']
2026-02-20 19:00:00;3729.103506498522;5452.91475;['pressure', 'precipitation', 'temperature']
2026-02-20 20:00:00;4179.894374234301;5548.0960000000005;['pressure', 'precipitation', 'temperature']
2026-02-20 21:00:00;3926.9283957007433;4351.4605;['pressure', 'precipitation', 'temperature']
2026-02-20 22:00:00;3443.496613310668;4562.4445;['pressure', 'precipitation', 'temperature']
2026-02-20 23:00:00;3587.6142328309784;3240.04275;['pressure', 'precipitation', 'temperature']
2026-02-10 00:00:00;2895.0630376959407;2312.257;['wind_speed', 'pressure', 'precipitation', 'temperature']
2026-02-10 01:00:00;2897.6083495077637;2445.75475;['wind_speed', 'pressure', 'precipitation', 'temperature']
2026-02-10 02:00:00;2638.568939618028;2738.38875;['wind_speed', 'pressure', 'precipitation', 'temperature']
2026-02-10 03:00:00;2427.16472732497;2507.56425;['wind_speed', 'pressure', 'precipitation', 'temperature']
2026-02-10 04:00:00;2379.5243818006297;2972.28575;['wind_speed', 'pressure', 'precipitation', 'temperature']
2026-02-10 05:00:00;2543.1300940961564;2894.95425;['wind_speed', 'pressure', 'precipitation', 'temperature']
2026-02-10 06:00:00;2557.3758604778723;3762.406;['wind_speed', 'pressure', 'precipitation', 'temperature']
2026-02-10 07:00:00;2761.4811680137764;2580.2795;['wind_speed', 'pressure', 'precipitation', 'temperature']
2026-02-10 08:00:00;2880.003391538925;4036.3455;['wind_speed', 'pressure', 'precipitation', 'temperature']
2026-02-10 09:00:00;2772.8179186776033;3671.19375;['wind_speed', 'pressure', 'precipitation', 'temperature']
2026-02-10 10:00:00;3026.155644901511;2416.94175;['wind_speed', 'pressure', 'precipitation', 'temperature']
2026-02-10 11:00:00;2861.820238126994;2677.89175;['wind_speed', 'pressure', 'precipitation', 'temperature']
2026-02-10 12:00:00;2442.1101118529323;1806.73475;['wind_speed', 'pressure', 'precipitation', 'temperature']
2026-02-10 13:00:00;2662.1977563364835;3154.1665;['wind_speed', 'pressure', 'precipitation', 'temperature']
2026-02-10 14:00:00;2710.6319485217373;2227.19575;['wind_speed', 'pressure', 'precipitation', 'temperature']
2026-02-10 15:00:00;2469.2182338944676;2543.43525;['wind_speed', 'pressure', 'precipitation', 'temperature']
2026-02-10 16:00:00;2920.9363436507756;2576.265;['wind_speed', 'pressure', 'precipitation', 'temperature']
2026-02-10 17:00:00;3875.614599517683;5342.617;['wind_speed', 'pressure', 'precipitation', 'temperature']
2026-02-10 18:00:00;4033.560030027921;5926.32475;['wind_speed', 'pressure', 'precipitation', 'temperature']
2026-02-10 19:00:00;3120.3067739468006;3875.02825;['wind_speed', 'pressure', 'precipitation', 'temperature']
2026-02-10 20:00:00;3378.7134994385015;4273.53175;['wind_speed', 'pressure', 'precipitation', 'temperature']
2026-02-10 21:00:00;3031.4862619606884;2881.09475;['wind_speed', 'pressure', 'precipitation', 'temperature']
2026-02-10 22:00:00;2879.455242742005;2286.139;['wind_speed', 'pressure', 'precipitation', 'temperature']
2026-02-10 23:00:00;2578.4222044859266;3057.192;['wind_speed', 'pressure', 'precipitation', 'temperature']
2026-02-11 00:00:00;2771.009125457539;2366.50825;['wind_speed', 'pressure', 'precipitation', 'temperature']
2026-02-11 01:00:00;2767.557500223499;2711.8525;['wind_speed', 'pressure', 'precipitation', 'temperature']
2026-02-11 02:00:00;2682.5465571547907;2083.15775;['wind_speed', 'pressure', 'precipitation', 'temperature']
2026-02-11 03:00:00;2411.770790553731;2465.2165000000005;['wind_speed', 'pressure', 'precipitation', 'temperature']
2026-02-11 04:00:00;2502.4568738430926;2897.0037500000003;['wind_speed', 'pressure', 'precipitation', 'temperature']
2026-02-11 05:00:00;2632.0856560273055;2676.7915000000003;['wind_speed', 'pressure', 'precipitation', 'temperature']
2026-02-11 06:00:00;2769.6427064378468;2365.58925;['wind_speed', 'pressure', 'precipitation', 'temperature']
2026-02-11 07:00:00;2770.0715932900166;3238.81225;['wind_speed', 'pressure', 'precipitation', 'temperature']
2026-02-11 08:00:00;3089.601395470908;2706.17225;['wind_speed', 'pressure', 'precipitation', 'temperature']
2026-02-11 09:00:00;2953.4775972162774;3475.922;['wind_speed', 'pressure', 'precipitation', 'temperature']
2026-02-11 10:00:00;2846.4376370734035;2244.5915;['wind_speed', 'pressure', 'precipitation', 'temperature']
2026-02-11 11:00:00;2873.679883453087;2952.637;['wind_speed', 'pressure', 'precipitation', 'temperature']
2026-02-11 12:00:00;2850.8866278067276;1686.3925;['wind_speed', 'pressure', 'precipitation', 'temperature']
2026-02-11 13:00:00;3127.216272328354;3154.1665;['wind_speed', 'pressure', 'precipitation', 'temperature']
2026-02-11 14:00:00;3050.413621633904;2227.19575;['wind_speed', 'pressure', 'precipitation', 'temperature']
2026-02-11 15:00:00;2737.6496276588905;2543.43525;['wind_speed', 'pressure', 'precipitation', 'temperature']
2026-02-11 16:00:00;3072.387872044587;2576.265;['wind_speed', 'pressure', 'precipitation', 'temperature']
2026-02-11 17:00:00;3718.154921729732;1333.5;['wind_speed', 'pressure', 'precipitation', 'temperature']
2026-02-11 18:00:00;4106.101867367285;3750.33275;['wind_speed', 'pressure', 'precipitation', 'temperature']
2026-02-11 19:00:00;2943.536729498768;3982.69175;['wind_speed', 'pressure', 'precipitation', 'temperature']
2026-02-11 20:00:00;3182.7951539760325;3578.161;['wind_speed', 'pressure', 'precipitation', 'temperature']
2026-02-11 21:00:00;2820.3607980527395;2482.21025;['wind_speed', 'pressure', 'precipitation', 'temperature']
2026-02-11 22:00:00;2672.672716432321;2358.59375;['wind_speed', 'pressure', 'precipitation', 'temperature']
2026-02-11 23:00:00;2278.972442812991;2322.409;['wind_speed', 'pressure', 'precipitation', 'temperature']
2026-02-12 00:00:00;2256.2382249216726;2297.366;['wind_speed', 'pressure', 'precipitation', 'temperature']
2026-02-12 01:00:00;2456.981716730461;2377.4665;['wind_speed', 'pressure', 'precipitation', 'temperature']
2026-02-12 02:00:00;2296.053544582381;1861.1955;['wind_speed', 'pressure', 'precipitation', 'temperature']
2026-02-12 03:00:00;2219.3695785598816;1835.98825;['wind_speed', 'pressure', 'precipitation', 'temperature']
2026-02-12 04:00:00;2212.3814367473333;1987.42975;['wind_speed', 'pressure', 'precipitation', 'temperature']
2026-02-12 05:00:00;2370.8438541452565;2928.504;['wind_speed', 'pressure', 'precipitation', 'temperature']
2026-02-12 06:00:00;2327.3261614932017;2122.81;['wind_speed', 'pressure', 'precipitation', 'temperature']
2026-02-12 07:00:00;2595.3934161249576;2338.194;['wind_speed', 'pressure', 'precipitation', 'temperature']
2026-02-12 08:00:00;2596.9650547333767;1348.37875;['wind_speed', 'pressure', 'precipitation', 'temperature']
2026-02-12 09:00:00;2582.9458430528002;928.61625;['wind_speed', 'pressure', 'precipitation', 'temperature']
2026-02-12 10:00:00;2510.761012591836;2329.8340000000003;['wind_speed', 'pressure', 'precipitation', 'temperature']
2026-02-12 11:00:00;2570.732996526007;1817.92825;['wind_speed', 'pressure', 'precipitation', 'temperature']
2026-02-12 12:00:00;2361.436878597273;3735.537;['wind_speed', 'pressure', 'precipitation', 'temperature']
2026-02-12 13:00:00;2616.698252078777;2596.203;['wind_speed', 'pressure', 'precipitation', 'temperature']
2026-02-12 14:00:00;2339.329373518217;2194.61975;['wind_speed', 'pressure', 'precipitation', 'temperature']
2026-02-12 15:00:00;2565.944179869179;1834.60225;['wind_speed', 'pressure', 'precipitation', 'temperature']
2026-02-12 16:00:00;2879.2317373678925;2180.3565;['wind_speed', 'pressure', 'precipitation', 'temperature']
2026-02-12 17:00:00;3593.7981648354544;3746.30075;['wind_speed', 'pressure', 'precipitation', 'temperature']
2026-02-12 18:00:00;3835.1455044644954;4982.87875;['wind_speed', 'pressure', 'precipitation', 'temperature']
2026-02-12 19:00:00;2985.61601792661;3386.71775;['wind_speed', 'pressure', 'precipitation', 'temperature']
2026-02-12 20:00:00;3400.8970793354465;3613.59775;['wind_speed', 'pressure', 'precipitation', 'temperature']
2026-02-12 21:00:00;2820.891844609056;3065.22725;['wind_speed', 'pressure', 'precipitation', 'temperature']
2026-02-12 22:00:00;2799.573337021044;2475.28875;['wind_speed', 'pressure', 'precipitation', 'temperature']
2026-02-12 23:00:00;2363.0179013283177;2045.159;['wind_speed', 'pressure', 'precipitation', 'temperature']
2026-02-13 00:00:00;2146.134042814795;2855.48325;['wind_speed', 'pressure', 'precipitation', 'temperature']
2026-02-13 01:00:00;2300.320582421538;2102.1375;['wind_speed', 'pressure', 'precipitation', 'temperature']
2026-02-13 02:00:00;2483.092017145061;2721.5535;['wind_speed', 'pressure', 'precipitation', 'temperature']
2026-02-13 03:00:00;1998.1679504972667;2265.05425;['wind_speed', 'pressure', 'precipitation', 'temperature']
2026-02-13 04:00:00;2014.4875021327648;2724.386;['wind_speed', 'pressure', 'precipitation', 'temperature']
2026-02-13 05:00:00;2322.095576311095;1950.27;['wind_speed', 'pressure', 'precipitation', 'temperature']
2026-02-13 06:00:00;2309.8830904824554;2676.27525;['wind_speed', 'pressure', 'precipitation', 'temperature']
2026-02-13 07:00:00;2440.1118112656286;1876.716;['wind_speed', 'pressure', 'precipitation', 'temperature']
2026-02-13 08:00:00;2538.7816051670866;3155.0185;['wind_speed', 'pressure', 'precipitation', 'temperature']
2026-02-13 09:00:00;2401.91652069385;3419.00525;['wind_speed', 'pressure', 'precipitation', 'temperature']
2026-02-13 10:00:00;2537.1042549513013;2633.61775;['wind_speed', 'pressure', 'precipitation', 'temperature']
2026-02-13 11:00:00;2465.090064302191;3832.5985;['wind_speed', 'pressure', 'precipitation', 'temperature']
2026-02-13 12:00:00;3184.760101300955;2113.4985;['wind_speed', 'pressure', 'precipitation', 'temperature']
2026-02-13 13:00:00;2558.441283422972;2406.8145;['wind_speed', 'pressure', 'precipitation', 'temperature']
2026-02-13 14:00:00;2372.263915916833;2225.23925;['wind_speed', 'pressure', 'precipitation', 'temperature']
2026-02-13 15:00:00;2363.049064706647;2112.819;['wind_speed', 'pressure', 'precipitation', 'temperature']
2026-02-13 16:00:00;2609.1915392629307;2119.783;['wind_speed', 'pressure', 'precipitation', 'temperature']
2026-02-13 17:00:00;4127.240280234917;2762.934;['wind_speed', 'pressure', 'precipitation', 'temperature']
2026-02-13 18:00:00;3095.4591996978593;3519.851;['wind_speed', 'pressure', 'precipitation', 'temperature']
2026-02-13 19:00:00;2704.988001213466;3490.8465;['wind_speed', 'pressure', 'precipitation', 'temperature']
2026-02-13 20:00:00;3184.1464152990516;3538.6712499999994;['wind_speed', 'pressure', 'precipitation', 'temperature']
2026-02-13 21:00:00;2886.721529361706;3449.1785;['wind_speed', 'pressure', 'precipitation', 'temperature']
2026-02-13 22:00:00;2640.208422204178;2324.8065;['wind_speed', 'pressure', 'precipitation', 'temperature']
2026-02-13 23:00:00;2285.0812837195504;3431.5795;['wind_speed', 'pressure', 'precipitation', 'temperature']
2026-02-14 00:00:00;2707.3095999975926;2411.443;['wind_speed', 'pressure', 'precipitation', 'temperature']
2026-02-14 01:00:00;2671.8371804334924;2943.3845;['wind_speed', 'pressure', 'precipitation', 'temperature']
2026-02-14 02:00:00;2648.7498528634505;2579.4275;['wind_speed', 'pressure', 'precipitation', 'temperature']
2026-02-14 03:00:00;2483.7201704350564;2204.52425;['wind_speed', 'pressure', 'precipitation', 'temperature']
2026-02-14 04:00:00;2483.886433882092;2660.8965000000003;['wind_speed', 'pressure', 'precipitation', 'temperature']
2026-02-14 05:00:00;2489.6392975112253;3597.15675;['wind_speed', 'pressure', 'precipitation', 'temperature']
2026-02-14 06:00:00;2745.4141970180763;2461.59075;['wind_speed', 'pressure', 'precipitation', 'temperature']
2026-02-14 07:00:00;2630.6725379701006;2936.82475;['wind_speed', 'pressure', 'precipitation', 'temperature']
2026-02-14 08:00:00;2935.4026723028837;2971.81825;['wind_speed', 'pressure', 'precipitation', 'temperature']
2026-02-14 09:00:00;2799.1349122468323;2900.61125;['wind_speed', 'pressure', 'precipitation', 'temperature']
2026-02-14 10:00:00;2680.4338531470567;2713.67975;['wind_speed', 'pressure', 'precipitation', 'temperature']
2026-02-14 11:00:00;3420.763137436445;2756.77525;['wind_speed', 'pressure', 'precipitation', 'temperature']
2026-02-14 12:00:00;2737.010409805978;3727.64475;['wind_speed', 'pressure', 'precipitation', 'temperature']
2026-02-14 13:00:00;2882.1282506532316;2757.3445;['wind_speed', 'pressure', 'precipitation', 'temperature']
2026-02-14 14:00:00;2536.043933592196;3371.52475;['wind_speed', 'pressure', 'precipitation', 'temperature']
2026-02-14 15:00:00;2660.9405687816306;3231.48225;['wind_speed', 'pressure', 'precipitation', 'temperature']
2026-02-14 16:00:00;2802.639848500159;4488.084;['wind_speed', 'pressure', 'precipitation', 'temperature']
2026-02-14 17:00:00;3994.690715971152;5352.45;['wind_speed', 'pressure', 'precipitation', 'temperature']
2026-02-14 18:00:00;4220.040202736074;6210.828;['wind_speed', 'pressure', 'precipitation', 'temperature']
2026-02-14 19:00:00;3370.039517631739;1903.77525;['wind_speed', 'pressure', 'precipitation', 'temperature']
2026-02-14 20:00:00;3046.965657496741;2630.102;['wind_speed', 'pressure', 'precipitation', 'temperature']
2026-02-14 21:00:00;2958.199120608161;4245.20475;['wind_speed', 'pressure', 'precipitation', 'temperature']
2026-02-14 22:00:00;2908.508761026589;3723.198;['wind_speed', 'pressure', 'precipitation', 'temperature']
2026-02-14 23:00:00;2883.3093270110726;3729.623;['wind_speed', 'pressure', 'precipitation', 'temperature']
2026-02-15 00:00:00;3235.4801940267002;3933.857;['wind_speed', 'pressure', 'precipitation', 'temperature']
2026-02-15 01:00:00;3181.857904090182;3709.625;['wind_speed', 'pressure', 'precipitation', 'temperature']
2026-02-15 02:00:00;3008.8399910786516;3698.68875;['wind_speed', 'pressure', 'precipitation', 'temperature']
2026-02-15 03:00:00;2791.780523764181;3668.341;['wind_speed', 'pressure', 'precipitation', 'temperature']
2026-02-15 04:00:00;2791.064525491195;3783.91125;['wind_speed', 'pressure', 'precipitation', 'temperature']
2026-02-15 05:00:00;2849.5825480791095;3444.12875;['wind_speed', 'pressure', 'precipitation', 'temperature']
2026-02-15 06:00:00;2641.80680923672;4090.44675;['wind_speed', 'pressure', 'precipitation', 'temperature']
2026-02-15 07:00:00;3004.991557813202;4660.0415;['wind_speed', 'pressure', 'precipitation', 'temperature']
2026-02-15 08:00:00;3140.0934281890886;3879.998;['wind_speed', 'pressure', 'precipitation', 'temperature']
2026-02-15 09:00:00;3385.135793795721;4359.39175;['wind_speed', 'pressure', 'precipitation', 'temperature']
2026-02-15 10:00:00;3036.508493815818;5136.501;['wind_speed', 'pressure', 'precipitation', 'temperature']
2026-02-15 11:00:00;2976.1318999972154;4608.921;['wind_speed', 'pressure', 'precipitation', 'temperature']
2026-02-15 12:00:00;3103.0935665398165;3958.311;['wind_speed', 'pressure', 'precipitation', 'temperature']
2026-02-15 13:00:00;3380.1033191130136;2757.3445;['wind_speed', 'pressure', 'precipitation', 'temperature']
2026-02-15 14:00:00;3338.1680157223564;3371.52475;['wind_speed', 'pressure', 'precipitation', 'temperature']
2026-02-15 15:00:00;3506.909083132813;3231.48225;['wind_speed', 'pressure', 'precipitation', 'temperature']
2026-02-15 16:00:00;3609.789034292151;5022.667;['wind_speed', 'pressure', 'precipitation', 'temperature']
2026-02-15 17:00:00;4234.717611659369;3789.986;['wind_speed', 'pressure', 'precipitation', 'temperature']
2026-02-15 18:00:00;4366.860649162113;1972.2715;['wind_speed', 'pressure', 'precipitation', 'temperature']
2026-02-15 19:00:00;3630.8436631547447;1211.72575;['wind_speed', 'pressure', 'precipitation', 'temperature']
2026-02-15 20:00:00;3100.63655185019;2768.893;['wind_speed', 'pressure', 'precipitation', 'temperature']
2026-02-15 21:00:00;3244.4829604406013;4284.85;['wind_speed', 'pressure', 'precipitation', 'temperature']
2026-02-15 22:00:00;3329.478158533024;3674.49175;['wind_speed', 'pressure', 'precipitation', 'temperature']
2026-02-15 23:00:00;2395.9124347558504;3857.04075;['wind_speed', 'pressure', 'precipitation', 'temperature']
2026-02-16 00:00:00;2867.7806760430303;4270.74175;['wind_speed', 'pressure', 'precipitation', 'temperature']
2026-02-16 01:00:00;3347.396854802024;4172.0475;['wind_speed', 'pressure', 'precipitation', 'temperature']
2026-02-16 02:00:00;2930.470148907074;4192.84925;['wind_speed', 'pressure', 'precipitation', 'temperature']
2026-02-16 03:00:00;2943.8029257657804;4297.218;['wind_speed', 'pressure', 'precipitation', 'temperature']
2026-02-16 04:00:00;2858.0275703241105;3792.167;['wind_speed', 'pressure', 'precipitation', 'temperature']
2026-02-16 05:00:00;2870.16099522017;3905.2105;['wind_speed', 'pressure', 'precipitation', 'temperature']
2026-02-16 06:00:00;3001.188192298462;4322.625;['wind_speed', 'pressure', 'precipitation', 'temperature']
2026-02-16 07:00:00;3034.6148358001838;5897.072;['wind_speed', 'pressure', 'precipitation', 'temperature']
2026-02-16 08:00:00;3330.213623472257;2816.22675;['wind_speed', 'pressure', 'precipitation', 'temperature']
2026-02-16 09:00:00;3755.9029015673686;3726.25825;['wind_speed', 'pressure', 'precipitation', 'temperature']
2026-02-16 10:00:00;2879.2991469207564;3709.35825;['wind_speed', 'pressure', 'precipitation', 'temperature']
2026-02-16 11:00:00;3209.8533403150195;4097.0225;['wind_speed', 'pressure', 'precipitation', 'temperature']
2026-02-16 12:00:00;3358.146241362738;4383.431500000001;['wind_speed', 'pressure', 'precipitation', 'temperature']
2026-02-16 13:00:00;3515.1514296397277;3789.0565;['wind_speed', 'pressure', 'precipitation', 'temperature']
2026-02-16 14:00:00;3139.827506723931;4607.666;['wind_speed', 'pressure', 'precipitation', 'temperature']
2026-02-16 15:00:00;3375.581217526626;4367.22325;['wind_speed', 'pressure', 'precipitation', 'temperature']
2026-02-16 16:00:00;2855.9306508694144;3437.96925;['wind_speed', 'pressure', 'precipitation', 'temperature']
2026-02-16 17:00:00;3875.4471445009913;5117.6485;['wind_speed', 'pressure', 'precipitation', 'temperature']
2026-02-16 18:00:00;4130.320571733302;5031.2195;['wind_speed', 'pressure', 'precipitation', 'temperature']
2026-02-16 19:00:00;3541.1076999826837;5013.32925;['wind_speed', 'pressure', 'precipitation', 'temperature']
2026-02-16 20:00:00;3885.4294999978138;3950.84225;['wind_speed', 'pressure', 'precipitation', 'temperature']
2026-02-16 21:00:00;3974.185440966354;3260.27925;['wind_speed', 'pressure', 'precipitation', 'temperature']
2026-02-16 22:00:00;3075.9982890977426;3727.6415;['wind_speed', 'pressure', 'precipitation', 'temperature']
2026-02-16 23:00:00;3064.415769742076;2914.66625;['wind_speed', 'pressure', 'precipitation', 'temperature']
2026-02-17 00:00:00;3446.3397295117456;3134.171;['wind_speed', 'pressure', 'precipitation', 'temperature']
2026-02-17 01:00:00;3484.92726670482;2905.419;['wind_speed', 'pressure', 'precipitation', 'temperature']
2026-02-17 02:00:00;3298.1049520603437;3407.01775;['wind_speed', 'pressure', 'precipitation', 'temperature']
2026-02-17 03:00:00;3188.5151344832275;2895.731;['wind_speed', 'pressure', 'precipitation', 'temperature']
2026-02-17 04:00:00;3246.0425749772794;3551.5375;['wind_speed', 'pressure', 'precipitation', 'temperature']
2026-02-17 05:00:00;3483.36358980931;3038.49075;['wind_speed', 'pressure', 'precipitation', 'temperature']
2026-02-17 06:00:00;3620.873152151977;2865.9880000000003;['wind_speed', 'pressure', 'precipitation', 'temperature']
2026-02-17 07:00:00;3726.8376508374135;4217.9155;['wind_speed', 'pressure', 'precipitation', 'temperature']
2026-02-17 08:00:00;3578.741991631021;4631.85375;['wind_speed', 'pressure', 'precipitation', 'temperature']
2026-02-17 09:00:00;3648.5446581548745;5666.0205000000005;['wind_speed', 'pressure', 'precipitation', 'temperature']
2026-02-17 10:00:00;3776.232085574691;3033.71925;['wind_speed', 'pressure', 'precipitation', 'temperature']
2026-02-17 11:00:00;4010.7666846409957;3668.54275;['wind_speed', 'pressure', 'precipitation', 'temperature']
2026-02-17 12:00:00;3524.3717141587676;3205.1977500000003;['wind_speed', 'pressure', 'precipitation', 'temperature']
2026-02-17 13:00:00;4038.25297508566;3569.85825;['wind_speed', 'pressure', 'precipitation', 'temperature']
2026-02-17 14:00:00;3522.6638625420082;4546.28325;['wind_speed', 'pressure', 'precipitation', 'temperature']
2026-02-17 15:00:00;3783.617590979066;3355.98275;['wind_speed', 'pressure', 'precipitation', 'temperature']
2026-02-17 16:00:00;3977.5535625699413;3155.60275;['wind_speed', 'pressure', 'precipitation', 'temperature']
2026-02-17 17:00:00;4484.203969163593;3948.281;['wind_speed', 'pressure', 'precipitation', 'temperature']
2026-02-17 18:00:00;4752.74968881813;6586.86025;['wind_speed', 'pressure', 'precipitation', 'temperature']
2026-02-17 19:00:00;3686.953819354665;2688.89675;['wind_speed', 'pressure', 'precipitation', 'temperature']
2026-02-17 20:00:00;4412.031738534139;4654.51275;['wind_speed', 'pressure', 'precipitation', 'temperature']
2026-02-17 21:00:00;4302.111412226695;3142.6025;['wind_speed', 'pressure', 'precipitation', 'temperature']
2026-02-17 22:00:00;3981.4529072071036;2652.804;['wind_speed', 'pressure', 'precipitation', 'temperature']
2026-02-17 23:00:00;3703.1477553172235;2618.7905;['wind_speed', 'pressure', 'precipitation', 'temperature']
2026-02-18 00:00:00;2934.106258341286;3148.755;['wind_speed', 'pressure', 'precipitation', 'temperature']
2026-02-18 01:00:00;3245.9306381388997;3693.88525;['wind_speed', 'pressure', 'precipitation', 'temperature']
2026-02-18 02:00:00;2872.445089792658;2656.90925;['wind_speed', 'pressure', 'precipitation', 'temperature']
2026-02-18 03:00:00;2970.781479114652;2022.2365;['wind_speed', 'pressure', 'precipitation', 'temperature']
2026-02-18 04:00:00;3132.7828695632343;2714.6582499999995;['wind_speed', 'pressure', 'precipitation', 'temperature']
2026-02-18 05:00:00;3342.023076955024;3138.4825;['wind_speed', 'pressure', 'precipitation', 'temperature']
2026-02-18 06:00:00;3501.267278631962;3251.8665;['wind_speed', 'pressure', 'precipitation', 'temperature']
2026-02-18 07:00:00;3338.426384790411;3767.39;['wind_speed', 'pressure', 'precipitation', 'temperature']
2026-02-18 08:00:00;3284.0910353334884;3704.433;['wind_speed', 'pressure', 'precipitation', 'temperature']
2026-02-18 09:00:00;3863.3672171809403;4502.9775;['wind_speed', 'pressure', 'precipitation', 'temperature']
2026-02-18 10:00:00;3860.346608335216;2839.84175;['wind_speed', 'pressure', 'precipitation', 'temperature']
2026-02-18 11:00:00;3829.078659206444;3027.432;['wind_speed', 'pressure', 'precipitation', 'temperature']
2026-02-18 12:00:00;3750.649471472308;3523.302;['wind_speed', 'pressure', 'precipitation', 'temperature']
2026-02-18 13:00:00;3651.8032851032776;3065.7345000000005;['wind_speed', 'pressure', 'precipitation', 'temperature']
2026-02-18 14:00:00;3809.4961720923825;3746.467;['wind_speed', 'pressure', 'precipitation', 'temperature']
2026-02-18 15:00:00;3540.8351466927625;3357.258;['wind_speed', 'pressure', 'precipitation', 'temperature']
2026-02-18 16:00:00;3781.9561794513074;3739.85675;['wind_speed', 'pressure', 'precipitation', 'temperature']
2026-02-18 17:00:00;4892.597036707384;5383.882;['wind_speed', 'pressure', 'precipitation', 'temperature']
2026-02-18 18:00:00;4040.463537635078;5460.044;['wind_speed', 'pressure', 'precipitation', 'temperature']
2026-02-18 19:00:00;3405.2651812002546;3423.06;['wind_speed', 'pressure', 'precipitation', 'temperature']
2026-02-18 20:00:00;3623.5097739328794;4988.140666666666;['wind_speed', 'pressure', 'precipitation', 'temperature']
2026-02-18 21:00:00;3535.783843356974;3943.082;['wind_speed', 'pressure', 'precipitation', 'temperature']
2026-02-18 22:00:00;3711.474359276072;3280.73875;['wind_speed', 'pressure', 'precipitation', 'temperature']
2026-02-18 23:00:00;4187.893695232969;4189.85225;['wind_speed', 'pressure', 'precipitation', 'temperature']
2026-02-19 00:00:00;3666.927124631395;3798.69625;['wind_speed', 'pressure', 'precipitation', 'temperature']
2026-02-19 01:00:00;4093.414282908695;3470.1565;['wind_speed', 'pressure', 'precipitation', 'temperature']
2026-02-19 02:00:00;3487.2389598580316;3887.978;['wind_speed', 'pressure', 'precipitation', 'temperature']
2026-02-19 03:00:00;3630.3671656675024;3463.55225;['wind_speed', 'pressure', 'precipitation', 'temperature']
2026-02-19 04:00:00;3613.374396698665;3694.54025;['wind_speed', 'pressure', 'precipitation', 'temperature']
2026-02-19 05:00:00;3525.501552248503;4024.671;['wind_speed', 'pressure', 'precipitation', 'temperature']
2026-02-19 06:00:00;4167.4132242533;3976.81075;['wind_speed', 'pressure', 'precipitation', 'temperature']
2026-02-19 07:00:00;4133.723321872894;4254.63175;['wind_speed', 'pressure', 'precipitation', 'temperature']
2026-02-19 08:00:00;4204.712910203123;5451.65625;['wind_speed', 'pressure', 'precipitation', 'temperature']
2026-02-19 09:00:00;4382.273246049273;4617.72725;['wind_speed', 'pressure', 'precipitation', 'temperature']
2026-02-19 10:00:00;3806.47619498157;4048.07275;['wind_speed', 'pressure', 'precipitation', 'temperature']
2026-02-19 11:00:00;4047.8523393334367;4006.33275;['wind_speed', 'pressure', 'precipitation', 'temperature']
2026-02-19 12:00:00;3589.8048055009785;2886.07425;['wind_speed', 'pressure', 'precipitation', 'temperature']
2026-02-19 13:00:00;3441.9921475018473;3151.84075;['wind_speed', 'pressure', 'precipitation', 'temperature']
2026-02-19 14:00:00;3901.502759986105;2118.81075;['wind_speed', 'pressure', 'precipitation', 'temperature']
2026-02-19 15:00:00;3884.8961084150587;2872.442;['wind_speed', 'pressure', 'precipitation', 'temperature']
2026-02-19 16:00:00;3629.171341064589;3774.00675;['wind_speed', 'pressure', 'precipitation', 'temperature']
2026-02-19 17:00:00;4793.074827898756;5136.79725;['wind_speed', 'pressure', 'precipitation', 'temperature']
2026-02-19 18:00:00;5197.508897633155;5757.4375;['wind_speed', 'pressure', 'precipitation', 'temperature']
2026-02-19 19:00:00;4142.95262502813;2808.28475;['wind_speed', 'pressure', 'precipitation', 'temperature']
2026-02-19 20:00:00;4177.863127638477;4316.30025;['wind_speed', 'pressure', 'precipitation', 'temperature']
2026-02-19 21:00:00;3980.55887795475;4116.61075;['wind_speed', 'pressure', 'precipitation', 'temperature']
2026-02-19 22:00:00;4121.566400446144;3227.96925;['wind_speed', 'pressure', 'precipitation', 'temperature']
2026-02-19 23:00:00;3810.8477591591186;3393.52525;['wind_speed', 'pressure', 'precipitation', 'temperature']
2026-02-20 00:00:00;3532.9957531841414;3867.99625;['wind_speed', 'pressure', 'precipitation', 'temperature']
2026-02-20 01:00:00;3771.2472563584392;3100.64225;['wind_speed', 'pressure', 'precipitation', 'temperature']
2026-02-20 02:00:00;3318.4817921996373;2828.1715;['wind_speed', 'pressure', 'precipitation', 'temperature']
2026-02-20 03:00:00;3218.1448562111636;4158.9235;['wind_speed', 'pressure', 'precipitation', 'temperature']
2026-02-20 04:00:00;3354.5454295918826;3933.11075;['wind_speed', 'pressure', 'precipitation', 'temperature']
2026-02-20 05:00:00;3496.9181607333485;3965.08175;['wind_speed', 'pressure', 'precipitation', 'temperature']
2026-02-20 06:00:00;3584.0665366795274;3080.9115;['wind_speed', 'pressure', 'precipitation', 'temperature']
2026-02-20 07:00:00;3914.8238509326607;4425.24725;['wind_speed', 'pressure', 'precipitation', 'temperature']
2026-02-20 08:00:00;3851.3953269464228;5264.822999999999;['wind_speed', 'pressure', 'precipitation', 'temperature']
2026-02-20 09:00:00;3932.247440704904;3476.0955;['wind_speed', 'pressure', 'precipitation', 'temperature']
2026-02-20 10:00:00;4285.077274748126;3282.589;['wind_speed', 'pressure', 'precipitation', 'temperature']
2026-02-20 11:00:00;3868.6149453459493;3600.80525;['wind_speed', 'pressure', 'precipitation', 'temperature']
2026-02-20 12:00:00;3700.058394080554;4432.64325;['wind_speed', 'pressure', 'precipitation', 'temperature']
2026-02-20 13:00:00;3692.3356402610475;2361.1320000000005;['wind_speed', 'pressure', 'precipitation', 'temperature']
2026-02-20 14:00:00;3742.617545568294;1551.0443333333333;['wind_speed', 'pressure', 'precipitation', 'temperature']
2026-02-20 15:00:00;3572.5866531438005;2872.442;['wind_speed', 'pressure', 'precipitation', 'temperature']
2026-02-20 16:00:00;3982.9032073004228;3774.00675;['wind_speed', 'pressure', 'precipitation', 'temperature']
2026-02-20 17:00:00;4633.22788239502;5136.79725;['wind_speed', 'pressure', 'precipitation', 'temperature']
2026-02-20 18:00:00;5348.74440314986;5177.334;['wind_speed', 'pressure', 'precipitation', 'temperature']
2026-02-20 19:00:00;3798.2168487836784;5452.91475;['wind_speed', 'pressure', 'precipitation', 'temperature']
2026-02-20 20:00:00;4316.625361783129;5548.0960000000005;['wind_speed', 'pressure', 'precipitation', 'temperature']
2026-02-20 21:00:00;3918.5276770117785;4351.4605;['wind_speed', 'pressure', 'precipitation', 'temperature']
2026-02-20 22:00:00;3553.5055816639397;4562.4445;['wind_speed', 'pressure', 'precipitation', 'temperature']
2026-02-20 23:00:00;3678.2086563634643;3240.04275;['wind_speed', 'pressure', 'precipitation', 'temperature']
